247
PLLG_Bole_tick_virus_4_strain_NE-DH2_E_885-1353_ESMFold 0.0000 2.4124 3.3993 2.5336 2.6641 2.8156 2.6048 0.2603 2.2035 3.0724 3.1558 0.2406 2.9711 3.0724 2.6468 3.2951 0.2050 2.6907 2.4258 2.7089 2.8363 2.4818 3.0332 2.8575 2.0602 2.6382 0.1804 3.0724 2.6729 2.8683 3.1852 2.8156 0.2642 2.7368 2.7853 3.3993 2.6048 2.7274 2.7368 0.1470 2.3540 0.0321 2.6729 2.9126 2.6998 3.0332 2.9955 2.5725 2.5336 2.5725 2.5805 0.1002 2.8469 0.0233 2.8054 2.7853 2.3292 2.7089 2.6907 3.2154 2.0602 2.6214 3.0332 2.9591 2.3292 3.0859 2.9356 2.5805 3.4944 2.8054 2.3231 3.3812 0.1553 3.0995 2.9711 2.6554 2.9126 2.7368 2.7089 2.4258 2.9711 2.5567 2.5966 2.8902 3.0859 2.9014 2.4604 2.9014 2.6818 2.6818 2.7274 2.2252 0.0243 2.5567 2.5260 2.7853 2.6382 2.9014 2.5885 2.2473 2.8902 0.2113 2.5646 3.0724 2.8683 2.8054 2.6382 2.8683 2.5725 3.1414 2.6048 2.9473 2.5646 2.5260 2.8469 3.0205 2.6729 0.1890 2.7559 0.0326 3.3287 3.1558 2.6998 2.9711 0.0295 2.6998 2.6214 0.1222 2.6214 2.6641 2.4327 0.0295 3.3287 2.6298 2.7656 0.1964 2.5966 3.0079 3.0461 2.6214 0.2642 2.9832 2.4258 0.1780 3.8639 2.6130 2.6998 3.2002 2.1168 2.6048 2.6554 2.9832 3.0461 2.8156 2.5725 2.4124 3.3118 0.1829 2.6468 0.0243 3.0724 2.4604 3.0724 0.0274 2.6048 2.6298 2.9014 2.8054 0.0213 2.3991 2.7853 2.5260 2.3478 2.6130 2.5805 2.8469 3.4363 2.9711 2.6907 2.8902 2.4818 2.8054 2.7368 2.7463 2.6214 2.8683 2.5646 2.5413 3.0205 2.6382 3.3993 2.7559 2.2643 2.9014 0.1890 3.0332 2.1516 3.2466 2.5885 3.0592 2.8156 2.7181 0.0254 4.2322 3.0079 2.6048 2.7181 2.7181 0.0254 2.8469 2.7463 0.1804 2.7463 2.8054 3.1852 3.2002 2.5490 2.6214 3.2002 2.8363 3.1414 3.2309 2.4464 3.5766 2.8054 2.5336 2.9591 3.1558 3.1704 2.5885 3.3634 2.9955 0.0233 2.7853 1.8408 2.3603 2.7089 2.4327 2.5336 2.9014 2.4604 2.1365 2.7089 2.6554 2.9832 0.2669 0.0284
FJJI_Jingmen_tick_virus_isolate_TTP-Pool-19_segment_2_orfVP1_E_325-499_AlphaFold 2.4124 0.0000 0.6731 2.6641 2.9955 2.2529 2.4818 2.3171 2.4464 3.5981 2.1168 2.5413 2.6641 2.5885 13.1459 2.4604 2.4258 2.2815 2.6468 2.9241 2.3925 2.8575 2.6554 3.9472 3.2951 3.5144 2.5885 2.7754 2.4604 2.4191 2.8363 3.4553 2.3171 2.2643 2.3478 2.9356 2.5805 2.4963 2.3171 2.4534 2.3540 2.1668 2.2306 2.0556 2.5966 2.1415 2.6298 2.7368 0.1696 2.5336 2.7656 2.4258 2.1824 2.4534 2.5567 2.7274 2.5725 2.3603 0.1696 3.7119 2.8469 2.3416 2.2815 2.7656 2.3860 2.1365 2.4057 2.9711 2.8792 2.5805 3.7119 2.5036 2.3231 2.4604 2.7953 1.2107 2.6818 2.7274 2.9473 3.5555 2.5413 2.2473 2.3795 2.6298 2.5260 2.2586 2.0881 2.0510 2.2700 2.5036 2.1824 2.4395 2.5336 0.2510 3.2787 2.2252 2.5185 2.1617 2.8683 2.6130 2.8363 2.5185 2.3171 3.6200 2.7368 2.8363 2.2306 0.0357 2.4675 4.8661 2.4963 2.1465 0.1494 1.8815 2.3795 2.4124 1.9562 2.4890 2.2815 2.4464 2.8469 4.0985 3.5766 1.9481 2.4395 2.2874 3.5555 2.2932 2.6554 2.3795 2.1516 2.4124 2.9356 2.4191 1.9769 2.4464 2.3478 5.7354 2.1168 2.4818 2.3171 2.7274 2.4534 2.4604 2.2874 2.6298 2.4057 0.9062 2.1720 2.3111 2.0787 2.4818 2.6729 2.2643 3.3118 2.4818 2.3925 2.4057 3.0461 2.5336 2.6214 2.2362 2.3478 2.4395 0.1696 2.2815 2.2700 2.3354 2.4395 2.2586 2.3231 3.1704 0.0837 2.8792 2.3354 2.5490 3.0859 2.3171 2.9126 2.3925 0.1696 2.2874 2.4464 2.5413 3.2951 2.8156 3.3118 1.8777 2.6729 2.6641 2.4963 0.1829 2.6729 2.4746 2.3925 1.9481 2.0834 2.7754 2.3231 2.7089 2.4890 2.7368 2.4395 3.5766 5.1383 0.1624 2.3731 2.4604 2.4818 2.3540 2.8792 2.3292 2.2874 3.1558 2.5966 2.6298 3.0592 2.8575 2.2757 0.1829 2.2757 3.3812 2.1120 2.1617 2.8363 2.7559 2.7559 3.1273 2.3860 1.0806 2.7953 3.2309 2.5413 2.9955 2.1772 2.4746 2.6298 0.1829 2.5966 2.6298 2.3416 2.0556 2.5336 2.0602 2.8156 2.3171 2.4963
FJJI_Alongshan_virus_strain_Miass519_segment_2_orfVP1a_E_110-399_AlphaFold 3.3993 0.6731 0.0000 2.7274 3.2625 2.9014 4.4988 3.8112 3.1704 2.7463 3.1558 3.4177 3.1852 2.8683 2.8363 3.1133 2.8054 3.6883 3.0859 2.4890 2.9126 2.4124 3.3287 2.6907 2.9014 2.5805 3.6423 2.8792 2.8259 2.8054 3.1273 5.8907 3.8112 3.4747 2.9126 3.1558 3.2309 2.9241 2.9955 2.9356 2.9356 3.7856 2.6998 3.3812 3.3118 2.9356 2.4464 3.9761 0.7437 3.0859 2.8683 3.2951 3.0592 3.0332 3.0995 3.0995 2.8683 2.8156 0.7174 3.4747 3.0995 3.3812 3.3118 3.5981 3.5347 3.0724 2.5490 2.5413 2.9014 3.2002 2.7953 2.4963 3.3634 2.9126 3.0724 0.6992 2.9955 3.4363 2.5725 2.6130 3.4177 3.0592 2.9711 2.7754 2.5036 2.9711 3.1133 2.9241 2.6298 2.8683 2.8683 2.8469 3.4553 0.9345 3.4747 3.1414 2.9126 2.7754 2.7754 2.9955 2.6214 2.9241 3.1133 2.7181 3.0859 2.7754 2.6907 0.6731 2.9473 3.4363 3.6200 2.7463 0.9908 3.4944 2.6729 2.8792 3.0995 3.0332 2.9832 3.3118 3.6883 3.3459 3.1852 2.5413 3.0461 2.8792 2.8054 2.7559 2.6554 3.6651 3.2625 2.9591 2.9356 2.8792 2.7274 3.2951 3.5766 2.7754 3.1558 3.2154 3.8112 0.9036 2.5885 3.5347 3.2154 2.8469 2.8792 0.5151 3.3993 2.7463 2.9473 3.1704 3.3459 3.4747 2.8683 2.4604 3.5144 3.5555 2.9955 3.3634 3.1133 3.4363 3.3118 3.7605 0.8011 2.6998 2.7463 3.0079 3.5347 2.5646 2.9955 2.7559 0.6731 2.7368 2.6998 3.9472 3.0592 2.9832 2.8792 2.7181 0.7800 3.1133 3.0461 2.9356 3.7856 3.1704 2.7754 2.8575 2.6214 2.8054 3.1852 0.8398 2.9473 4.0669 3.0079 2.8902 2.8156 2.7656 3.0205 3.3287 3.5347 3.3459 3.4177 2.6130 4.4180 0.8202 2.8902 3.1273 3.1852 3.8639 3.3459 3.6200 2.9356 2.8156 2.8156 2.8469 2.9711 2.3354 2.8363 0.7800 4.2322 3.3634 3.0079 3.1273 3.0079 2.5490 2.9126 3.7605 2.7274 1.0522 3.1273 3.3459 3.0859 3.2625 3.1414 3.6423 3.0724 0.8724 2.9356 2.8902 2.9711 3.5981 2.7368 2.9126 2.9711 3.8112 3.0332
FJMB_Sokoluk_virus_strain_LEIV-400K_E_295-777_AlphaFold 2.5336 2.6641 2.7274 0.0000 2.6382 2.6641 2.5725 2.6729 2.6641 1.2540 2.4534 2.4890 1.1098 2.9356 3.1273 2.6641 2.5110 1.1332 2.4963 1.0886 1.0491 2.3051 1.0353 2.6382 2.8575 2.5413 2.3667 1.1399 0.9678 1.0128 1.3136 2.9591 2.8156 1.0663 0.9331 1.2349 1.0647 2.4258 1.0918 2.5185 1.0158 2.3416 0.9441 2.4395 1.1298 2.2815 2.1929 1.1147 2.6382 1.2734 2.4963 2.5885 2.6641 2.4057 2.3540 1.6054 2.2035 0.7437 3.0079 1.1925 3.0724 2.8156 0.9951 0.9707 2.5110 1.0369 2.6818 2.2143 1.1606 1.3136 2.9014 2.0420 2.4746 1.2444 2.8363 2.9473 1.1641 3.3118 2.7953 2.4746 1.0694 0.8547 0.9937 1.0918 2.4191 1.0202 0.8035 0.9580 0.7239 0.9636 1.2274 2.3416 2.4963 3.0592 3.2951 2.2757 1.0293 0.9482 1.6815 2.1876 1.2199 2.3925 1.2330 3.0724 1.2034 1.2330 1.1332 2.7463 2.1071 3.1414 1.2199 1.1747 3.3812 1.2406 0.9749 2.3795 2.5490 2.4191 0.9966 2.3603 3.2951 1.1571 1.0323 2.5725 2.4746 0.9304 2.8363 2.5885 1.0384 0.2038 0.8547 2.3731 1.1889 2.3051 1.0293 2.3667 2.0198 2.3991 1.2520 0.8673 2.8156 3.1558 1.3386 2.5490 2.7656 2.3292 0.9036 2.9591 2.4675 1.0158 2.7463 1.2368 2.2473 1.0143 2.1415 1.9769 1.1979 2.3292 1.5915 2.3292 2.0375 1.0838 1.2636 2.4464 2.6214 2.3603 1.0600 1.1231 2.3603 1.9083 0.9864 2.4327 2.6907 1.2675 0.7437 1.0600 3.0724 1.2425 0.4060 0.9427 2.5036 1.2636 3.5766 2.2417 1.0024 2.0510 1.1729 1.7949 2.9126 1.0308 1.1417 2.9955 2.5413 1.1997 2.6298 1.9811 7.6844 1.3344 2.3795 2.5885 1.3578 2.6382 2.3540 5.6611 3.3118 2.9955 1.3198 2.3731 2.3603 1.1281 1.3157 2.3603 1.0083 3.8639 2.6130 1.2349 2.7853 1.5299 2.4395 2.6468 3.0724 3.4363 0.8724 3.0205 2.4534 1.3428 2.7656 2.8902 1.3116 3.0724 2.2473 3.0724 2.4746 2.9014 2.6048 0.7527 0.7239 2.7559 2.0602 2.1720 2.9241 2.7853 2.3231 0.8118 3.0592 2.8259 2.3795
PLLG_Hangzhou_frankliniella_intonsa_flavivirus_2_isolate_JM1FY91827_E_552-790_AlphaFold 2.6641 2.9955 3.2625 2.6382 0.0000 3.8373 2.6048 2.1168 2.3667 2.6998 2.9591 2.1824 2.9955 3.2625 2.6048 3.0995 2.6468 2.7853 3.4363 2.3731 3.1558 2.1120 3.3287 2.5336 1.9854 2.6641 2.3354 3.3812 2.6382 3.0461 2.5805 2.6907 2.4963 3.2466 2.8259 2.5646 2.9591 4.3791 2.6468 2.5185 3.1704 2.5725 3.0859 2.5110 3.2787 3.1852 3.3993 3.0995 3.2002 3.1558 2.5966 2.3171 3.5555 2.3667 2.8902 2.5646 2.9591 2.5966 3.4944 3.1558 2.6641 2.3171 2.8902 3.3287 2.8156 2.9473 2.0198 6.5149 2.5036 2.9711 2.3925 3.5555 2.6130 2.4675 2.7656 2.6130 4.9177 3.1414 1.9769 1.4018 3.1414 2.8902 2.5725 3.1704 3.5766 3.2309 3.1273 2.9126 2.5336 3.0592 2.5260 2.6998 2.4675 2.1876 3.2309 2.4395 3.2951 3.1558 3.7605 2.4746 2.9711 2.1217 3.6651 2.2529 3.2154 2.8054 3.3287 2.7559 2.4604 2.9126 2.7953 3.5766 2.4464 2.8469 3.3459 3.6883 3.3118 2.2874 2.9711 2.4124 3.5347 2.4890 3.5555 2.5725 2.4191 2.7368 2.0787 2.4963 3.4363 2.5646 2.7853 2.3231 2.9711 3.1133 2.3860 2.1415 3.1273 2.4124 3.1133 2.9014 2.4963 3.0461 2.8259 2.1516 4.3410 3.6423 2.9473 2.9591 3.3118 3.5555 2.9356 2.5490 2.6998 2.7559 2.9832 2.4258 3.7605 2.2306 3.9188 2.4191 3.2625 3.0332 3.1704 2.3354 3.1704 2.9473 3.6883 2.4395 2.4963 3.1273 3.1558 2.6729 3.4177 3.9188 3.0205 3.1414 3.2625 3.5981 2.6729 2.7559 3.1852 3.6883 3.5981 3.8373 3.0592 2.8054 2.6298 3.2625 3.2787 3.3287 2.6468 2.8902 3.1414 2.9014 2.7368 2.5185 2.6468 2.7559 3.7856 5.0809 2.4604 3.5981 2.5260 2.5336 1.9521 2.9241 2.7181 2.5725 2.4191 4.2322 2.9356 2.3925 4.7671 2.6818 3.2951 3.2951 3.3634 3.4363 2.2700 3.2002 2.6907 2.8363 3.2154 1.8967 1.9981 3.2951 3.4553 2.2197 2.6729 3.2951 2.4191 2.7853 2.4746 2.8054 3.9472 2.7656 3.3812 2.8156 3.0592 3.4747 2.7463 3.4747 2.1720 3.2787 1.7157 2.4818 2.4191
FJIS_Cell_fusing_agent_virus_E_286-670_AlphaFold 2.8156 2.2529 2.9014 2.6641 3.8373 0.0000 2.7274 2.8259 2.1316 3.0205 0.7685 2.4327 2.7368 2.9955 4.0057 2.4890 3.0859 2.5725 0.2517 2.3354 2.6554 2.7953 3.0461 2.5646 2.7953 0.3578 2.6729 2.4534 2.2306 2.6729 3.2154 2.6130 2.7754 2.3925 2.3416 3.2002 2.3667 0.2622 2.5567 2.7559 2.3991 2.6468 2.4963 2.6382 2.6130 2.5966 1.6634 3.1133 2.6298 2.6298 3.4363 3.0592 1.3344 2.6468 1.6724 3.2002 1.1332 2.9241 2.5490 3.1704 3.3459 2.7089 2.7953 2.7274 1.2368 2.4057 3.0724 1.6054 2.9955 2.5885 2.4604 3.2951 2.6907 2.5805 3.2002 3.0079 2.9356 2.6214 3.1133 2.3925 2.3925 2.7274 2.4464 2.5885 1.4968 2.6554 2.4191 2.3795 2.6818 2.2197 2.6907 3.1704 2.9241 3.0205 1.6634 1.0999 2.6382 2.5036 2.6907 0.9102 2.8259 2.9832 2.6130 4.4988 2.5966 3.1704 2.8902 2.3603 1.2598 3.4747 2.9832 2.8363 3.4944 2.8575 2.6130 1.0726 1.3239 2.6729 2.6382 2.7853 2.5885 2.8054 2.3795 1.7677 2.6818 2.5185 2.7853 2.8902 2.4675 2.7853 2.5567 2.6468 3.0859 2.3795 3.0995 2.9126 3.0205 2.7754 2.8469 2.6214 2.7754 3.8373 2.5260 2.7274 1.8229 0.3869 2.3925 3.0995 3.3118 2.5490 1.3929 2.6907 1.4577 2.4963 0.8775 2.2473 2.7656 2.6641 2.4963 2.7853 2.5567 2.7754 2.8469 2.8363 2.6907 2.5966 2.4327 2.5413 2.8156 2.4124 2.0740 0.6377 2.3731 2.7274 2.5567 2.4890 2.4818 3.0079 2.6130 2.6907 2.9473 2.7559 3.2466 0.3756 2.3051 2.5490 3.0592 2.4818 3.2787 2.5725 2.5725 2.7559 0.3498 2.7754 3.0592 3.0332 2.5646 3.4747 2.3667 1.6311 2.5567 0.2484 2.7463 3.1852 3.3118 2.9241 2.6998 0.3771 2.8902 2.9591 2.9014 2.8054 2.5185 2.7853 2.4963 3.2787 0.5912 2.3111 2.6298 2.9591 2.6729 3.5555 2.6048 2.4604 3.8639 2.2362 0.0336 2.7853 3.0332 3.0332 1.0098 3.7605 2.8259 2.6907 3.9188 2.4534 3.2154 3.1133 0.9317 1.6876 3.2309 3.9761 2.7953 2.3795 2.8792 2.7754 2.8054
PLLG_Gecarcinus_lateralis_associated_flavi-like_virus_E_2040-2483_AlphaFold 2.6048 2.4818 4.4988 2.5725 2.6048 2.7274 0.0000 2.3731 1.9122 3.4747 2.6130 2.3540 3.0079 2.3540 3.1852 3.2002 2.2417 3.0592 2.6641 2.7754 2.5805 2.8259 2.5110 2.7853 2.5336 3.3118 2.4464 3.2625 2.5413 3.0592 4.5837 2.4464 2.3731 2.8363 2.6048 2.9955 2.6048 2.7953 2.7181 2.5336 2.8156 2.5725 2.4963 2.2700 2.4818 2.6468 2.7463 3.0332 3.2309 2.8156 1.9811 2.3667 2.8156 2.4191 2.3603 3.0332 2.4534 2.9955 2.6554 3.5981 3.1414 2.5413 2.8683 2.4191 2.7089 3.0332 2.5185 2.8575 3.1852 2.5966 2.6998 3.2787 2.6214 3.0461 2.1415 2.9241 2.7656 2.2643 2.4327 2.2252 2.8363 2.8683 2.8054 3.0724 2.9241 2.8259 2.6554 2.5036 2.9473 2.7754 2.5805 2.0198 2.7274 3.2625 2.9955 2.6998 2.5490 2.8054 3.0592 2.6641 3.0724 2.4124 3.0079 2.8792 2.7953 2.9241 2.7368 2.7274 2.5805 2.3667 3.4177 3.5144 2.8792 3.0592 2.4395 2.5185 2.2932 2.4395 2.6468 2.5966 2.2473 3.0724 2.6130 2.4746 2.4057 2.5413 2.8054 2.3795 2.5413 3.0859 2.6818 2.6048 3.2309 3.1558 2.8683 2.3667 2.7368 2.7953 4.8160 2.5413 2.3731 3.1273 3.1414 2.4191 2.7274 3.0995 2.4818 4.0057 3.5144 3.0592 2.7656 2.9591 2.8469 2.7274 2.7853 2.5966 3.1273 2.3731 2.6818 2.6468 3.0332 3.2309 3.3287 2.5805 3.0592 2.6048 2.9711 3.0592 2.5185 3.2309 3.1852 2.5110 2.5725 2.6048 2.9832 3.1133 3.0461 2.6130 2.6907 2.5725 2.9832 2.9473 3.2466 2.5490 2.7274 2.8156 2.6554 2.6130 2.4963 2.2417 2.7274 2.9014 2.7089 3.0592 2.7368 2.6998 3.6651 3.9761 2.8469 3.0079 3.2154 2.8792 2.6468 3.1414 1.9769 3.1133 2.9356 2.6298 2.5885 2.9356 3.3812 2.4191 2.9473 2.6298 2.8902 2.8792 2.6214 3.0724 2.2252 2.7368 0.2151 3.0592 2.5260 2.0602 2.1516 2.8259 2.6998 2.5966 3.2309 2.7656 2.2932 2.1316 2.6214 3.2002 2.4604 2.6382 3.0859 2.8156 2.7089 2.5805 2.3795 3.0724 2.4191 2.5036 2.2757 2.3991 2.8363
PLLG_Flaviviridae_sp._isolate_TIGMIC_38_E_866-1337_ESMFold 0.2603 2.3171 3.8112 2.6729 2.1168 2.8259 2.3731 0.0000 2.1120 3.5144 2.6907 0.2138 2.6641 2.8902 2.7181 3.0592 0.1964 2.8156 2.8469 3.0332 2.9014 3.0724 3.2002 3.6200 2.6554 2.6382 0.2201 3.0461 2.5966 3.0592 3.4944 2.4464 0.0035 2.7754 2.6818 4.1638 3.0461 3.7119 2.9356 0.2335 2.7853 0.2361 2.8683 2.7463 2.9955 3.3118 3.2154 3.0592 2.7656 2.7656 2.6298 0.2393 3.0461 0.2310 2.5567 3.0332 2.1120 2.5110 2.3731 3.3634 2.0928 2.7754 2.6818 3.1133 2.6554 3.6883 2.9241 2.5110 3.9188 2.8469 2.9014 3.3993 0.2107 3.3287 2.8259 2.8156 2.7368 4.1308 3.2002 2.5646 2.8792 2.5567 2.9241 2.8683 3.2951 2.7463 2.9473 3.0859 3.0205 2.5036 2.8902 2.4746 0.2367 2.8792 2.5805 2.4258 3.0461 2.9241 2.7953 2.4258 2.7559 0.1951 2.4464 2.4604 2.6641 3.6423 2.8792 2.9126 2.1982 2.7559 2.6729 2.4534 2.6641 3.9188 2.8156 2.8792 2.4534 0.2201 2.6554 0.2419 3.2309 3.9761 3.4363 2.9591 0.2284 2.7559 2.6818 0.2478 2.6214 2.9126 2.6298 0.2361 3.8373 3.0592 3.5981 0.2176 2.6729 2.5336 3.4553 2.4746 0.0035 3.1558 2.5805 0.1988 2.9356 2.9473 2.8054 3.0592 2.1929 2.9241 2.7463 3.1414 2.7656 2.8902 2.8683 2.3478 3.2787 0.2144 2.5725 0.2348 2.8259 2.5567 2.7181 0.2297 2.4464 2.2035 3.2787 3.3459 0.2284 2.7181 2.8469 3.3812 2.4675 3.2625 2.7181 2.7089 3.2002 2.6641 3.2309 2.6214 2.6641 2.5185 4.0360 2.7274 2.4534 2.7853 2.6729 2.4057 2.9014 2.9711 3.4553 2.7089 2.7656 2.5260 0.2413 2.9955 2.1824 3.7360 2.6382 3.4944 2.9241 3.0332 0.2310 6.7197 2.7274 2.5336 3.1704 3.1852 0.2452 2.8575 3.2002 0.2144 3.0995 2.5185 2.8902 2.5966 2.3111 2.5966 2.8363 2.5490 2.7089 2.8902 2.4534 2.8792 2.9473 2.6298 2.8156 2.9473 2.9955 3.0332 3.0205 3.2625 0.2284 3.4747 1.8372 2.5885 2.7559 2.4124 2.9832 2.6554 2.2089 2.1415 2.9591 2.9955 2.6468 0.0080 0.2393
PLLG_Fushun_acrida_cinerea_flavivirus_1_isolate_ZHJJHFS91_E_1892-2098_ESMFold 2.2035 2.4464 3.1704 2.6641 2.3667 2.1316 1.9122 2.1120 0.0000 3.8112 2.2417 2.0556 2.7754 2.8469 3.6651 2.9014 2.1772 2.4604 2.2197 2.5725 2.2757 4.5407 2.6998 3.0205 2.8683 2.4327 2.0928 2.5336 2.3603 2.2089 3.4944 1.9896 2.1120 2.3292 2.2417 2.7656 2.3925 1.9440 2.3795 2.0740 2.2197 2.2362 2.2700 2.1415 2.4327 2.2815 2.6998 1.8967 2.5490 2.6048 2.2252 2.3795 2.5966 2.1668 3.0592 2.1566 2.1168 2.0111 2.9356 2.4534 2.5185 2.0648 2.3795 2.3540 1.7677 2.1720 2.2815 2.4890 4.0669 2.9832 5.7354 2.8259 2.2757 3.3634 2.3231 2.5646 2.6818 2.1929 2.6468 3.5144 2.2306 2.4191 2.2586 2.8469 2.5110 2.2643 2.6998 2.1365 2.2143 2.2586 2.4534 2.1566 2.1365 2.7274 2.4963 2.3731 2.4191 2.2306 2.9126 2.1720 2.5885 2.0242 2.4191 2.6907 2.9832 2.6818 2.4395 2.5567 2.3354 2.3667 2.7559 2.7754 2.4675 2.5885 2.2473 2.4327 2.1982 2.1668 2.3991 2.1266 7.0524 2.5885 2.4395 2.8259 2.1668 2.0787 3.4553 2.3051 2.4890 2.1772 2.5260 2.0881 2.8683 2.0834 2.2586 2.0881 2.1876 2.7463 3.2466 2.3354 2.1120 2.0510 2.2700 2.1120 2.9832 2.7656 2.2089 2.7754 2.1982 2.1071 2.3540 3.1852 2.1617 2.3925 2.1824 2.2932 2.4124 2.0198 2.8054 2.1668 2.2197 2.3416 2.2362 2.1668 2.8683 2.3795 2.2473 2.6382 2.1668 2.6907 2.3354 2.4890 2.4327 3.0995 2.1566 2.2252 2.3991 2.2757 2.5260 2.3540 2.9955 2.1982 2.8054 2.3416 2.5646 2.1929 2.1929 3.1852 2.3231 2.8469 2.7368 2.7754 2.2932 2.5185 2.6641 2.7274 2.7181 4.2677 2.7559 2.6468 2.7181 1.9201 2.1772 3.2787 3.2466 2.5805 3.3993 2.6130 2.0556 2.3667 4.2322 2.0154 2.2089 3.2466 2.9591 2.8259 2.6468 3.3287 2.5336 2.5336 2.0976 3.4747 2.4191 2.4746 2.9014 2.1566 2.0510 2.4464 3.5555 2.6729 2.6554 2.5805 2.1772 2.8363 2.6998 2.4604 2.3540 2.7754 2.2586 5.5190 2.6130 2.6729 2.4057 2.2306 2.2473 2.2143 2.1772
FJNV_Bukalasa_bat_virus_isolate_BP111_E_267-656_AlphaFold 3.0724 3.5981 2.7463 1.2540 2.6998 3.0205 3.4747 3.5144 3.8112 0.0000 2.5885 3.1558 1.8444 2.7274 2.7181 2.5413 3.5144 1.3323 2.9014 1.5642 1.3471 2.9955 1.2973 2.4963 2.6382 2.7274 3.7119 1.7157 1.3075 1.5562 1.0918 2.4057 3.4177 1.3492 1.2598 0.7218 1.4086 2.8259 1.4247 3.3287 1.2107 3.0995 1.2754 3.0859 1.2833 2.3603 2.4124 1.3708 2.9014 1.7511 3.1704 3.2625 2.4395 3.1852 2.4604 1.9122 2.4746 1.5120 2.9126 0.9290 2.9014 4.1976 1.3116 1.4018 2.7181 1.2833 3.2309 2.9955 1.1048 0.6347 3.0995 2.7181 3.0724 0.9413 3.4177 2.8156 1.3664 2.9356 3.1273 3.0592 1.2181 1.3951 1.3973 1.1349 3.4363 1.2520 1.3302 1.4625 1.4018 1.3034 0.5978 2.9014 3.3993 2.9591 2.8259 2.4746 1.2933 1.4601 2.0976 2.5413 0.2543 3.0995 0.9966 2.4746 1.4224 0.8879 1.0308 3.9188 2.5646 2.8469 0.7239 1.1382 3.3993 1.0710 1.1451 2.5413 2.6048 4.0669 1.1537 3.0461 2.7181 1.1711 1.3239 2.6382 3.1133 1.2695 3.0724 2.9711 1.3599 1.2598 1.3535 3.1133 0.9317 2.4890 1.4993 3.2625 1.9201 2.4395 1.1641 1.2774 3.4177 3.1273 1.7711 3.3287 2.5185 2.4534 1.3708 2.8792 3.9188 1.2793 2.4395 1.0430 3.2002 1.2933 2.4327 1.9896 1.5351 3.2309 1.7189 3.0079 2.1465 1.4894 1.6311 3.1414 2.3925 2.4124 1.3365 1.2636 3.2309 1.9896 1.3535 2.5966 3.2625 0.6866 1.5069 1.2406 2.5490 1.4109 1.2873 1.4317 3.1558 1.5832 2.9955 2.7656 1.3344 2.1566 1.5120 1.8665 3.8112 1.3535 0.9980 2.7089 3.3993 1.5943 3.4944 2.2362 4.3039 1.1711 2.5490 2.9591 0.5651 2.6298 3.2154 3.1414 2.9241 3.2625 1.5273 2.8259 3.2787 1.4458 0.5615 3.4553 1.3599 2.8683 3.0079 1.7381 2.6818 1.6456 3.4363 2.5885 3.2951 2.9591 1.3177 2.6818 2.5725 1.4529 2.6641 3.2951 1.1485 3.5981 2.8469 3.2625 3.4177 2.7089 2.8792 1.2463 1.4064 3.3812 2.5725 2.6468 2.6729 3.2466 3.0332 1.3708 2.9832 3.4177 4.0985
FJIS_Nakiwogo_virus_strain_Uganda08_E_343-670_AlphaFold 3.1558 2.1168 3.1558 2.4534 2.9591 0.7685 2.6130 2.6907 2.2417 2.5885 0.0000 2.4327 2.6818 3.2154 3.1852 3.1273 2.7559 2.9241 0.7789 2.3795 2.4258 2.4258 2.7089 2.6214 2.9014 0.7360 2.6130 2.6382 2.5110 2.4675 2.5725 2.8156 2.6907 2.4258 2.5646 2.4604 2.3051 0.6618 2.3416 2.6998 2.4395 2.7274 2.3051 2.8054 2.6298 2.6729 1.8123 2.5110 2.6298 2.5805 2.9832 2.9241 1.1451 2.7559 1.8517 2.9473 1.0870 2.4675 2.4395 2.8469 2.7953 2.8469 2.9473 2.7089 1.2144 2.7181 2.6729 1.7062 2.2417 2.6729 3.0724 2.1566 2.6214 2.8575 2.6048 2.7853 2.3991 2.9356 4.0360 2.9832 2.6382 2.4963 2.4963 2.5567 1.8193 2.3991 2.2700 2.4395 2.3731 2.3292 2.7559 2.8469 2.8259 2.5725 1.5094 1.2034 2.1720 2.6130 2.7754 0.9372 2.4534 2.7853 3.1852 2.7953 2.6998 3.0079 2.7463 2.0420 1.3996 2.7463 2.3478 2.9126 2.6382 2.7368 2.4534 1.0476 1.1853 2.5036 2.5805 2.8683 2.8575 2.7181 2.4258 1.5860 2.7181 2.6641 2.4395 3.4747 2.5490 2.4464 2.4327 2.6907 2.4534 2.6998 2.7953 2.6048 2.8683 3.2466 2.7656 2.3991 2.6907 2.8902 2.5966 2.7559 1.6545 0.6960 2.6554 3.2951 3.2625 2.4258 1.1519 3.3118 1.3862 2.2991 0.8648 2.6641 2.4124 2.5413 3.0995 2.8683 2.3354 2.5966 2.9711 2.8683 2.4258 2.5260 2.9832 2.4890 2.7656 2.2757 2.2991 0.7153 2.2035 2.2089 2.3731 2.3925 2.6048 2.6298 2.5885 2.2197 2.5185 2.4395 2.7181 0.7685 2.5646 2.2643 2.6998 2.3292 2.7368 2.4818 2.2529 2.4327 0.7382 3.0332 2.6729 2.8259 2.0694 2.5725 2.0602 1.8444 2.4890 0.6855 2.8792 3.5555 3.2466 2.5413 2.4963 0.7606 2.9356 2.5336 2.4395 2.6998 2.4675 3.1133 2.5336 2.5185 0.6210 2.1566 2.6998 2.5646 2.4124 3.0079 2.4191 3.6651 3.1704 2.6998 0.8275 3.1704 2.6298 4.0360 1.1399 2.6998 2.6729 2.9711 3.1852 3.1273 2.6998 2.3171 0.9115 1.7446 2.3667 3.1414 2.5260 2.5185 2.9241 2.6907 2.7559
PLLG_Bole_tick_virus_4_isolate_Thailand_tick_flavivirus_E_854-1324_ESMFold 0.2406 2.5413 3.4177 2.4890 2.1824 2.4327 2.3540 0.2138 2.0556 3.1558 2.4327 0.0000 2.7274 2.4675 2.8683 3.0079 0.0750 2.5805 2.6554 2.7089 2.7463 3.2466 2.9591 2.6048 2.4534 3.1414 0.0556 2.7853 2.5336 3.1704 3.4944 2.3731 0.2176 2.6130 2.6468 3.5347 2.5567 2.5567 2.7368 0.2284 2.7181 0.1908 2.5725 3.1704 2.8054 2.8054 2.6998 2.7559 2.5966 2.5567 2.7656 0.1994 2.7853 0.1859 2.7656 3.1273 2.3111 2.3416 2.4963 3.0332 2.0648 2.6554 2.7274 2.7853 2.5490 2.8156 2.7559 3.1414 3.6423 2.6907 2.6382 2.7953 0.2163 3.1558 2.6554 2.5567 2.6048 3.3459 3.2154 2.9711 2.6729 2.5260 2.5646 2.6048 2.8683 2.5966 2.3860 2.5805 2.5036 2.5725 2.7368 2.4395 0.1823 3.0461 2.7463 3.4553 2.8054 2.6468 2.5805 2.8469 2.7368 0.0556 2.4890 2.5805 2.4464 3.0332 2.7559 2.7089 2.3991 3.0205 2.6468 2.8792 2.8156 2.9832 2.4604 3.3459 2.6907 0.0578 2.5885 0.1951 3.4553 4.0360 2.5260 2.8683 0.2107 2.7274 3.3459 0.2044 2.6641 2.5110 2.4464 0.1823 3.1558 3.3118 2.9473 0.0717 2.5185 2.9241 3.3287 2.4327 0.2176 2.3795 2.7274 0.0859 2.7368 3.1414 2.7368 3.0079 2.2362 2.5110 2.6382 3.7856 2.9126 2.6130 2.5036 2.1566 3.2154 0.0440 2.6298 0.1877 3.1133 2.5185 3.2466 0.2082 2.7368 2.3051 2.6468 2.6468 0.2182 2.9473 2.7274 2.5805 2.7463 3.6200 2.5036 2.6729 2.8902 2.7463 2.5490 2.6729 2.7181 2.5646 2.7089 3.2154 2.2643 2.2643 2.6818 2.6641 2.9126 2.7463 3.3118 2.5966 2.5885 2.4818 0.1829 2.6468 2.2932 3.7856 2.6298 3.4553 2.9014 2.9591 0.1884 3.2625 2.7181 2.5413 2.5725 2.8792 0.2013 2.7463 3.3993 0.0815 2.8259 2.7089 2.5885 2.6048 2.4327 2.7656 2.6641 2.8363 2.6468 3.5766 2.4464 2.4890 2.4963 2.4124 2.6048 2.9473 2.6818 2.8363 3.2951 3.3118 0.2132 3.5347 1.7413 2.6998 2.5805 2.3603 2.7656 2.5885 2.1668 2.1824 2.9711 2.9832 2.4890 0.2151 0.1988
FJMB_Panmunjeom_flavivirus_strain_A12.3025ROK2012_E_299-795_AlphaFold 2.9711 2.6641 3.1852 1.1098 2.9955 2.7368 3.0079 2.6641 2.7754 1.8444 2.6818 2.7274 0.0000 2.6729 2.9955 2.7559 2.5805 1.0854 2.6818 0.9468 0.8788 2.6382 0.9893 2.5490 4.3410 2.9241 2.5036 0.6132 0.8348 0.5090 1.7125 2.4057 2.6382 0.9879 0.7882 1.4041 0.9721 2.9711 1.0491 2.8259 0.9196 2.7089 0.8559 2.6554 1.1485 2.2473 2.3292 0.6278 2.8054 1.0726 2.7181 2.9591 2.5185 2.7368 2.3540 1.7062 2.1982 1.2070 2.8469 1.6604 2.8259 2.9711 1.0010 1.1164 2.3292 0.8788 2.6468 2.9832 1.4968 1.6815 3.2154 2.5490 2.7463 1.6456 2.7853 2.9014 1.2237 2.6641 2.6130 3.0461 1.0414 1.2463 1.0308 1.3302 2.7368 0.9277 1.2973 0.8698 1.1131 0.8610 1.4819 2.7181 2.8469 3.1133 2.3416 2.3051 0.9089 0.8931 1.8591 2.2932 1.6369 2.5110 1.4770 2.7368 1.0232 1.5998 1.3407 3.1273 2.2874 2.6641 1.6369 1.3708 3.0724 1.3708 0.8459 2.1566 2.4395 2.7181 0.8698 2.6298 2.4395 1.3157 0.9995 2.8054 2.6382 0.8239 2.7754 2.8902 0.9290 1.1624 1.2387 2.7656 1.5403 2.9473 1.0476 2.6554 1.9896 2.6818 1.3281 1.2893 2.6382 3.2309 1.5222 2.5725 2.3731 2.7559 0.8435 3.0205 2.6554 0.9622 2.4327 1.3862 2.8683 0.9835 2.3860 1.9811 1.0507 2.6298 1.7189 2.7953 2.2035 0.9622 0.5398 2.6298 3.1273 2.1566 0.4784 1.0854 2.6554 2.1617 0.9169 2.5567 2.9591 1.5750 1.1764 1.0308 2.5725 0.9566 1.1197 0.8762 2.9955 1.1818 2.7853 2.5110 0.9594 2.1566 1.0838 1.8444 2.6554 1.0384 1.3177 2.8469 2.5567 0.9692 2.8792 2.5725 3.1852 1.7031 2.3540 2.9014 1.5351 2.8259 2.8902 2.8575 3.2787 3.0592 1.6340 2.4963 2.9591 0.9455 1.5299 2.5885 0.9023 2.9014 2.4534 0.1780 2.4890 1.5562 2.5885 2.9955 3.5144 5.0809 1.2070 2.5966 3.5981 1.4673 2.5110 3.0995 1.5247 3.0332 2.9591 4.0669 2.7559 3.1852 2.4604 1.1298 1.2016 2.6048 2.1617 2.2035 2.5185 2.8792 3.1133 1.2034 2.5036 2.6998 2.7463
PLLG_Xiangshan_flavi-like_virus_2_E_513-992_AlphaFold 3.0724 2.5885 2.8683 2.9356 3.2625 2.9955 2.3540 2.8902 2.8469 2.7274 3.2154 2.4675 2.6729 0.0000 3.2951 3.5144 2.5110 3.1414 2.5567 2.8902 2.8683 2.9955 3.0205 3.4363 2.5725 2.8259 2.9955 2.8902 2.7656 2.7463 3.4177 2.6214 2.8469 2.9356 2.8792 3.2154 2.7754 2.9473 3.1273 2.7181 2.4124 2.8575 2.7656 1.8554 2.6048 3.6200 3.0332 2.5336 2.8575 2.4746 2.5805 2.7181 2.8259 3.0079 3.0859 3.0332 2.7754 2.7853 4.2322 4.0360 3.0592 2.2874 2.8363 2.5490 2.8363 2.8683 2.6048 3.1852 3.1704 3.3287 3.3118 2.2035 2.6048 3.0592 1.3642 2.7656 3.4177 2.6907 2.8575 2.7656 2.5725 2.8469 2.8156 3.2154 2.6298 2.8054 2.6729 2.8156 2.8469 2.8259 2.5885 1.8088 2.9014 3.6883 2.6729 2.8363 2.6818 2.7089 3.2951 2.9014 3.1704 2.7463 3.5347 2.8054 2.6729 3.6423 3.4363 2.6998 2.9591 1.7316 3.7605 3.2951 3.1852 3.6883 3.0332 2.8054 2.5885 2.8902 3.1273 3.1133 3.5766 3.4363 2.6818 3.4363 3.0079 2.7463 3.8911 2.7754 2.6382 2.7953 2.6048 2.8156 3.6883 3.3993 2.9591 2.6729 2.7853 3.1558 3.8639 2.6641 2.8469 2.5966 2.7089 2.8156 2.8054 2.9832 3.5766 2.5413 3.1852 2.5646 2.8054 3.5144 3.2002 2.7368 2.6641 2.6468 2.6998 2.8902 2.9591 2.8259 2.7463 2.9832 3.0724 2.9473 2.7089 2.5336 3.0205 2.8156 2.8469 2.9126 2.9014 2.9591 2.9241 3.4363 2.8156 2.8363 3.1558 3.0995 3.1273 2.9126 2.9241 2.7853 2.9591 2.4534 2.7853 2.9014 2.8902 2.7368 2.5490 3.0461 3.1704 3.6651 2.6382 2.9832 3.0995 2.8683 2.5260 3.2466 3.0724 4.4988 2.8902 3.1704 2.9241 3.2625 2.5805 3.0724 2.8792 2.8792 2.9711 2.6998 3.0724 3.2002 2.9832 2.2089 3.0332 2.5966 2.4675 2.9832 2.9356 3.3993 2.4327 2.9473 2.5646 1.8158 2.4746 2.8902 2.4746 2.5260 2.5110 3.0724 2.9955 1.7000 2.8792 1.9161 2.4746 3.2309 3.1133 3.0079 2.5885 2.9832 2.0286 2.9591 2.1566 2.8259 2.4191 2.8363 2.9126
PLLG_Hangzhou_ochthera_mantis_flavivirus_1_isolate_SYFY8_E_392-793_ESMFold 2.6468 13.1459 2.8363 3.1273 2.6048 4.0057 3.1852 2.7181 3.6651 2.7181 3.1852 2.8683 2.9955 3.2951 0.0000 2.9356 3.0724 2.8575 3.5555 3.1704 2.9241 2.7559 3.1852 3.2951 2.5966 4.1308 3.1558 3.0205 3.4177 2.7853 3.4944 3.0995 2.7274 2.9126 4.3039 2.9711 2.9126 3.0995 2.9014 2.9832 3.2466 2.7754 6.2309 3.8112 3.8911 2.9955 3.3287 3.0332 3.9472 4.5407 3.4944 2.5567 3.1133 3.3118 3.1273 3.7605 3.5347 2.8259 9.7162 3.4944 2.2473 4.1638 3.1704 2.8575 2.7559 3.0592 3.8639 3.5555 3.5766 2.4818 3.4177 3.2466 2.9126 3.5766 3.9188 2.6729 2.8469 2.9832 2.9832 4.3791 3.6883 2.6554 2.5185 4.6278 3.5347 4.3410 3.3459 4.4579 3.0859 3.5766 3.5555 2.9356 2.9126 3.3812 3.4944 3.1133 3.3287 3.9472 3.0205 3.4944 2.8156 2.9955 3.5555 3.7856 3.2466 3.8639 3.6200 7.5496 3.4177 3.9188 2.4124 2.9356 4.5407 3.3993 3.6883 3.2002 2.5260 3.2309 3.8112 3.1704 2.2815 2.9591 3.2951 3.2466 2.7953 3.9188 2.9014 2.5966 3.1704 3.5766 2.9241 3.0592 4.1638 3.2787 3.1133 2.9711 3.6200 4.7671 4.3791 3.7360 2.7274 3.0592 2.7754 3.2154 4.0057 3.5347 3.6651 3.2466 3.0332 4.4988 3.0859 3.4177 3.5144 2.9955 4.1976 4.4988 4.5407 3.2309 3.2625 3.1133 2.5725 3.9472 2.7754 2.7656 9.9269 6.5149 2.7656 3.6423 3.1133 3.6883 2.8363 3.6651 10.6058 2.5885 2.5885 3.1133 3.6423 3.0592 3.5555 3.2002 4.8160 2.9955 2.9241 3.5347 3.0205 2.5036 5.5890 3.2625 3.2466 3.0079 3.2154 13.4836 3.7605 3.2787 3.5347 2.9711 3.5555 3.1852 3.3993 4.9177 3.2466 2.4464 3.2625 3.9472 4.0985 6.4173 2.4746 3.0079 3.1273 4.4579 3.3993 3.0724 3.1558 2.8792 3.8112 3.3118 2.7953 3.8639 3.9472 4.4988 3.1273 3.3459 3.2787 3.3287 3.0592 3.3993 3.8911 3.2002 3.3634 3.2154 3.2787 3.0079 2.9832 3.0461 2.3231 3.0205 4.1638 7.6844 3.6200 4.1638 2.5413 2.4191 2.5646 3.7605 2.9711 2.7274 2.8575
FJUN_Fluviflavili_virus_isolate_PF1_segment_2_orfhypothetical_E_409-698_ESMFold 3.2951 2.4604 3.1133 2.6641 3.0995 2.4890 3.2002 3.0592 2.9014 2.5413 3.1273 3.0079 2.7559 3.5144 2.9356 0.0000 3.5555 3.2625 2.6729 3.2154 2.8683 2.4534 2.9241 2.1982 2.6907 2.8792 3.0859 2.6468 4.6278 3.3812 2.5490 4.0985 2.9356 3.8639 2.9832 3.2466 2.9832 2.7853 2.9126 2.9473 2.7953 3.7605 3.5555 3.0724 3.5555 2.7953 3.8639 2.9356 3.5766 2.9356 5.5890 3.0995 2.2757 3.2951 3.5981 3.2787 2.2932 3.3118 2.5567 2.8575 2.5966 2.8054 3.4747 3.2309 2.3731 3.0205 3.2002 2.8156 2.5036 2.5490 2.7559 1.5860 2.8469 2.6298 3.2002 2.5260 3.3287 2.3478 2.6382 2.8363 3.4944 3.1133 2.7754 2.9711 2.8054 3.5144 2.6298 3.2154 2.9591 3.4363 3.0461 2.6298 4.8661 2.7853 3.1414 2.6998 3.2466 3.3118 3.5766 2.3354 3.3459 3.3812 2.9473 2.6641 3.3459 2.4464 3.4553 2.8259 2.4604 2.6048 2.7274 2.5567 2.6818 2.9241 2.8469 2.6641 2.1824 2.9356 2.7463 3.5144 2.0420 2.6554 3.0079 3.6423 2.5110 3.1558 2.9832 3.9761 2.0928 2.7754 2.4675 3.2309 2.5885 2.9241 3.4177 3.3459 2.3540 3.0079 2.3171 3.3634 2.9356 2.4057 3.2466 3.1414 2.7463 2.4818 5.5190 2.2815 2.5413 3.2625 2.3540 2.5413 2.6468 3.7605 2.8683 3.2309 2.9711 3.2002 2.8469 2.9241 3.3812 4.0669 2.8683 3.0079 2.6130 2.4191 3.5981 3.3634 3.7605 1.9896 3.7360 3.0995 2.4327 2.6998 3.7360 4.1638 2.3991 3.9188 2.7368 3.7360 3.0995 2.4675 2.7853 2.6130 3.0332 3.7605 2.9955 2.9014 3.2951 3.0592 2.6818 2.7754 2.4963 3.0079 3.1133 2.7656 3.4747 2.2417 2.9356 3.5144 3.2002 2.9473 3.4177 3.7360 3.6651 2.9832 2.4124 3.4177 3.3634 2.7463 2.8575 3.1133 3.7605 2.6214 2.9126 3.2309 2.8363 2.4746 2.5725 3.5766 3.7605 2.6298 2.6130 2.9955 3.2625 2.7953 2.6468 2.8902 3.3993 2.3354 2.4675 2.7953 3.5981 3.4177 3.0079 3.2466 3.4177 3.2309 2.2089 3.1558 3.0592 3.0724 3.0724 2.5567 2.6214 2.9356 3.0859
PLLG_Bole_tick_virus_4_strain_BangaliH.truncatum2018_E_879-1349_ESMFold 0.2050 2.4258 2.8054 2.5110 2.6468 3.0859 2.2417 0.1964 2.1772 3.5144 2.7559 0.0750 2.5805 2.5110 3.0724 3.5555 0.0000 2.6729 2.9014 2.4890 2.8259 2.9711 2.9014 3.5555 2.5567 2.9473 0.0493 2.6729 2.4963 2.9711 3.4553 2.2700 0.2001 2.4890 2.4818 3.5766 2.5567 3.0461 2.5185 0.1933 2.5490 0.1847 2.2700 3.0859 2.8156 2.8156 2.8575 2.7463 2.5567 2.4675 2.4675 0.1964 2.8363 0.1792 2.6998 3.3287 2.1266 2.4746 2.5185 3.5555 2.0881 2.7853 2.6729 2.6998 2.6818 2.6468 2.5885 2.9241 3.6423 3.1133 2.5805 2.6468 0.1816 3.7119 2.4464 2.9241 2.6048 2.7656 3.2002 2.8259 2.5567 2.2932 2.5185 2.5805 2.5805 2.4963 2.4327 2.4604 2.5646 2.5725 2.6729 2.5567 0.1780 2.9356 2.6048 3.2154 2.5885 2.3354 2.4191 2.6214 2.7089 0.0177 2.5966 2.7953 2.6907 2.8469 2.8156 2.6382 2.4464 3.0592 2.8469 2.5490 2.9711 2.8054 2.4057 3.1133 2.9126 0.0493 2.6382 0.1884 3.1133 3.3812 2.6998 2.7274 0.1792 2.5567 3.3993 0.1988 2.6907 2.4124 2.3051 0.1865 3.4944 2.5336 3.3459 0.0482 2.2874 2.8902 3.1704 2.6214 0.2001 2.4818 2.4675 0.0399 2.5490 3.4177 2.4963 3.0859 2.0834 2.6554 2.8575 4.0669 2.6468 2.4464 2.3051 2.1668 3.0859 0.0446 2.5567 0.1804 2.8683 2.4890 2.7656 0.1792 2.4534 2.2035 2.8683 2.6214 0.1865 3.0461 2.5646 2.8156 2.4395 3.3287 2.4534 2.4327 3.2951 2.8054 2.6048 2.3667 2.6554 2.5413 3.3459 3.2154 2.4057 2.6382 2.6554 2.3991 3.3118 2.7463 3.2466 2.7089 2.5036 2.4464 0.1853 2.3795 2.4124 3.4747 2.5260 3.8112 2.7754 3.3287 0.1823 3.0592 2.9126 2.5646 2.7368 3.1414 0.1970 2.9126 3.0079 0.0562 2.8902 2.6554 2.9126 2.6214 2.3292 3.1704 2.5966 2.7274 2.6048 3.2625 2.4534 2.5966 3.0592 2.5185 3.5347 2.9356 2.9711 2.8575 3.0859 3.1273 0.1823 3.3459 1.6545 2.5885 2.7559 2.2417 2.6641 2.4534 2.0881 2.1365 2.7656 2.8259 2.4395 0.1976 0.1902
FJMB_Kedougou_virus_strain_DakAar_D1470_E_283-781_AlphaFold 2.6907 2.2815 3.6883 1.1332 2.7853 2.5725 3.0592 2.8156 2.4604 1.3323 2.9241 2.5805 1.0854 3.1414 2.8575 3.2625 2.6729 0.0000 2.6298 1.0918 0.8142 3.0859 0.8070 2.5413 2.5885 2.6130 2.6641 0.9223 0.7493 0.9594 1.5696 2.6641 2.7853 0.8130 0.7674 1.4968 0.8047 2.4604 0.5497 2.6907 0.7305 2.4746 0.7382 3.2309 0.7964 2.4818 3.0205 1.0507 2.3292 1.2218 2.8469 2.7181 2.7656 2.7754 2.3231 1.6694 2.2815 0.9937 2.3667 1.4041 2.9955 2.8156 0.9372 0.7629 2.7754 0.7516 3.1273 2.7463 1.5403 1.5120 2.9711 2.2757 2.8683 1.5915 2.5966 3.0592 1.0507 3.0332 3.1133 2.7754 0.8361 1.0967 0.5940 1.3621 2.5260 0.7283 1.0553 0.7940 0.9980 0.7218 1.4434 2.9014 2.6554 3.1273 2.8363 2.3051 1.0726 0.6960 1.8929 2.1617 1.4201 2.6907 1.4155 2.4534 0.9692 1.3708 1.4132 2.2874 2.5413 2.9832 1.5351 1.4086 2.9832 1.3642 0.6897 2.1120 2.5805 2.8363 0.7651 2.7274 2.0881 1.4247 1.0338 2.7853 2.8363 0.7976 3.0859 2.8363 0.9427 1.2125 1.0806 2.6641 1.5696 2.5885 1.1048 2.9832 1.8018 2.4191 1.5273 1.0616 2.7853 4.2677 1.6876 2.7274 2.7368 2.6907 0.7777 2.2473 2.8156 0.7731 2.6729 1.7094 2.6214 0.8348 2.2643 2.3171 0.7929 2.6907 1.7284 2.7463 2.2700 0.7606 1.0585 2.7463 2.5885 3.0332 0.9413 0.8118 2.6907 2.1071 0.7940 2.9473 2.5805 1.6082 1.0414 0.7940 2.4395 1.0098 1.2636 0.7549 2.3731 0.9182 3.0332 2.7559 0.8398 2.5413 1.2107 2.1824 3.2625 0.7404 1.3906 3.0461 2.7089 1.1853 2.9473 2.7368 2.6554 1.4795 2.7754 3.0859 1.4041 2.5490 2.7274 4.0360 2.5036 2.5336 1.5943 2.4818 2.7853 0.7460 1.4132 2.7853 0.7437 3.1852 2.9356 1.1081 2.0787 1.5170 2.7953 2.5646 3.3287 4.1976 1.0010 2.7181 2.9955 1.7677 2.8575 3.8911 1.5723 3.3459 2.6214 3.7605 2.7953 4.0057 2.6641 1.1016 1.0679 2.2757 2.3991 2.8156 3.1133 3.0205 2.3540 1.0430 2.6818 2.8259 2.6641
FJIS_Tafomo_virus_strain_TVB22-CI-2004_E_332-672_AlphaFold 2.4258 2.6468 3.0859 2.4963 3.4363 0.2517 2.6641 2.8469 2.2197 2.9014 0.7789 2.6554 2.6818 2.5567 3.5555 2.6729 2.9014 2.6298 0.0000 2.0648 2.4818 2.5413 2.7181 2.4604 4.4988 0.2616 3.0079 2.5966 2.3051 2.8054 2.6729 2.3603 2.8683 2.6554 2.3231 2.5490 2.4890 0.2227 2.7853 2.6048 2.3416 2.8363 2.5036 2.8902 2.5725 2.6729 1.6724 2.8683 2.6048 2.5036 3.0332 3.4363 1.3621 2.8363 1.7349 2.7274 0.9608 2.5036 2.8054 3.0205 3.2466 3.0995 2.7274 2.3603 1.1081 2.3925 2.9126 1.5170 3.1414 2.2991 2.6130 2.7274 2.9356 3.3118 2.7368 2.8156 2.6298 2.8902 3.5555 2.9241 2.5567 2.3860 2.4963 2.3603 1.5325 2.9014 2.2643 2.2473 2.5110 2.4057 2.2700 2.5646 2.7953 2.8902 1.3708 1.0616 2.2991 2.7656 2.6468 0.8673 2.7274 2.5185 2.5646 2.7274 2.7463 2.7953 2.8902 2.6130 1.3621 2.4124 2.4258 2.8902 2.9832 2.5805 2.5413 0.9317 1.2734 2.5966 2.5490 2.9473 3.2466 2.6214 2.2643 1.8193 2.5336 2.6298 3.1133 3.2951 2.2143 2.7463 2.4258 2.7463 3.0724 2.6130 2.6998 2.7754 3.0859 2.8902 2.5725 2.2700 2.8683 3.2787 2.5036 2.6554 1.5642 0.2763 2.4327 2.9473 3.0079 2.3540 1.3157 2.5567 1.4317 2.5490 0.8106 2.4395 2.5805 2.5490 2.6130 2.8683 2.7853 2.8902 2.6729 2.6818 2.9711 2.1824 2.6130 2.6641 2.9356 2.2529 2.3478 0.6268 2.9356 2.7853 2.4675 2.5966 2.9014 2.6641 2.5966 2.8683 2.6818 3.0724 2.9356 0.2885 2.5185 2.4746 2.4746 2.2529 3.4747 2.3731 2.5725 2.6907 0.2729 2.5490 2.7559 4.0057 2.5110 2.6048 2.0740 1.7413 2.6468 0.2057 2.8683 4.9706 3.3287 2.9591 2.6554 0.3447 2.7853 2.6130 2.7559 2.3860 2.5805 3.1704 2.2874 2.9591 0.6036 2.1772 2.5185 2.6130 2.5646 3.6423 2.5260 2.7368 3.7360 2.2815 0.2523 2.9356 2.9014 3.3812 1.0934 3.5555 2.8259 3.2466 3.7856 2.3603 2.9473 2.8054 0.9036 1.5325 2.7089 3.1414 2.8792 2.5036 2.7463 2.7953 2.7559
FJMB_Chinese_soft-shelled_turtle_flavivirus_isolate_HZ-2017_E_339-826_AlphaFold 2.7089 2.9241 2.4890 1.0886 2.3731 2.3354 2.7754 3.0332 2.5725 1.5642 2.3795 2.7089 0.9468 2.8902 3.1704 3.2154 2.4890 1.0918 2.0648 0.0000 1.0098 2.6130 1.0308 2.3292 3.7605 2.4890 2.4890 1.0278 0.9331 0.9807 1.5222 2.6382 2.9473 1.0098 0.8879 1.5325 1.1164 2.2757 0.9922 2.6048 0.9304 2.4963 0.8459 2.7089 1.0202 2.2529 2.2362 1.1231 2.8054 1.3095 2.5336 2.7089 2.1617 2.4124 2.1217 1.5887 2.1120 0.9937 2.9014 1.4293 2.6998 2.8054 0.9345 1.0384 2.3860 0.9966 2.8683 2.7853 1.5860 1.4387 3.1852 2.9955 2.5490 1.3884 2.5646 2.9356 1.1835 3.1273 3.2951 3.2309 1.0158 1.1485 0.9580 1.3116 2.6729 0.9196 1.0507 0.8866 1.0538 0.8622 1.3471 2.7853 2.7559 2.7559 2.1023 1.9521 1.0934 0.9277 1.8967 2.4124 1.3621 2.6818 1.4697 2.6048 1.1782 1.4722 1.3621 2.7368 2.1217 2.9955 1.4155 1.3449 2.9955 1.3075 0.8737 2.0648 2.2643 2.7656 0.9937 2.5336 2.9711 1.5970 0.5606 2.3731 2.6382 0.8788 2.5567 2.8156 1.0010 1.1349 1.0838 2.5885 1.5222 2.5336 1.4317 2.6907 1.7349 2.1824 1.4109 1.1315 2.9473 2.9356 1.3884 2.7463 2.3603 2.2252 0.8459 2.8575 2.4464 0.9372 2.1668 1.2501 2.3795 1.0353 1.9400 1.8408 1.2617 2.7089 1.9521 2.6554 2.1824 1.0217 1.1417 2.6641 3.0079 2.2473 0.9650 1.0742 2.5490 2.2586 1.0476 2.3991 3.1852 1.5377 1.0399 1.0369 2.6214 1.2675 1.0822 0.8853 2.7368 1.3599 3.0859 2.1824 1.0522 2.2035 1.0870 1.8665 2.6214 0.9608 1.3075 2.8902 2.3925 1.2368 2.5490 2.4675 3.2309 1.4968 2.6214 2.9014 1.3929 2.2529 2.5260 3.6651 2.9126 2.9591 1.4918 2.3292 2.5336 1.0616 1.3075 2.8054 0.9455 3.3459 2.7368 1.1519 2.2586 1.5430 2.9241 3.1852 3.1133 4.6730 1.1065 2.7656 3.5981 1.6253 2.0556 2.7559 1.3513 3.4553 2.4818 3.3118 2.6468 3.8112 2.7463 1.0616 1.1485 2.4746 1.9201 2.1668 2.6554 3.1273 3.0205 1.0616 2.7953 2.8902 2.5567
FJMB_Rocio_virus_strain_SPH_34675_E_286-781_AlphaFold 2.8363 2.3925 2.9126 1.0491 3.1558 2.6554 2.5805 2.9014 2.2757 1.3471 2.4258 2.7463 0.8788 2.8683 2.9241 2.8683 2.8259 0.8142 2.4818 1.0098 0.0000 2.5490 0.8373 3.0079 2.2143 2.7754 2.7559 0.8373 0.5021 0.8459 1.4155 2.7089 2.9014 0.5142 0.4784 1.2463 0.6327 2.8054 0.7917 2.5725 0.2563 2.5885 0.4768 2.8792 0.8635 2.1465 2.5490 0.8853 2.9832 1.1871 2.7853 2.7754 2.4818 2.7754 2.0420 1.4505 2.1316 1.0553 2.3540 1.3642 2.7463 2.6382 0.9524 0.8202 2.3292 0.6337 2.5260 2.8902 1.2199 1.3795 2.4327 2.4604 2.7463 1.4625 3.1133 2.8156 1.0806 3.0995 2.8469 2.8902 0.5633 1.0758 0.6939 1.2311 2.6214 0.5021 1.0538 0.4970 1.0338 0.4919 1.3929 2.5966 2.5567 2.9955 2.4746 2.3540 0.8827 0.5230 1.9083 2.2035 1.3471 2.8469 1.3751 3.2951 0.8840 1.3116 1.3664 2.3795 2.3478 2.8469 1.2636 1.1747 2.9473 1.2734 0.5407 2.2089 2.4124 2.8363 0.5679 2.7089 3.7119 1.1537 0.8918 2.2643 2.5966 0.4868 2.6130 2.7656 0.9089 1.0263 1.1131 2.7953 1.2793 2.2362 1.0476 3.1414 1.7846 2.7754 1.3281 1.0083 2.9014 3.3812 1.3862 2.9473 2.4534 2.5260 0.5282 2.6641 2.8259 0.3930 2.3731 1.1231 2.3795 0.5160 2.1720 1.7446 0.8263 2.8259 1.4410 2.6382 2.5336 0.7088 0.8275 2.7754 2.6048 2.1266 0.7917 0.5606 2.8683 2.3416 0.7999 2.3051 2.7559 1.3862 1.0631 0.5452 2.8469 1.0039 0.9937 0.5697 2.7953 0.8082 3.2951 2.5036 0.7393 2.3991 1.0054 1.9440 2.9591 0.8410 1.3260 2.8363 2.5567 1.0647 2.5966 2.6641 3.5981 1.4819 2.2991 2.7656 1.5044 2.7368 2.8363 3.6883 3.8373 2.6818 1.4505 2.7754 2.7559 0.6679 1.2734 2.8902 0.6064 3.7360 2.4675 0.9331 2.3171 1.5222 2.4675 2.8259 2.9241 4.3791 1.0158 2.6382 3.0332 1.5044 2.7089 2.6298 1.3054 3.2002 2.6214 4.2677 2.8156 3.1704 2.7368 0.9358 1.0338 2.5413 2.2473 2.4534 3.7119 2.8575 2.5260 1.0585 3.0592 2.9591 2.7089
PLLG_Atrato_Flavi-like_virus_1_strain_Cx_1773-1_E_1557-1694_ESMFold 2.4818 2.8575 2.4124 2.3051 2.1120 2.7953 2.8259 3.0724 4.5407 2.9955 2.4258 3.2466 2.6382 2.9955 2.7559 2.4534 2.9711 3.0859 2.5413 2.6130 2.5490 0.0000 2.9711 2.3603 1.8891 2.6729 2.7559 2.1668 3.1133 2.6298 2.7953 3.6200 3.0724 2.8054 2.9241 2.5646 2.6382 1.7880 2.1266 2.0602 2.9126 2.8054 2.8054 3.6883 2.8469 2.5805 2.3991 2.2815 2.4057 2.6818 2.6554 1.9769 2.8902 2.7089 2.7181 2.0740 2.6729 2.7656 2.9241 2.4746 3.0205 2.5725 2.0154 3.0461 2.1876 2.3991 2.6298 2.3795 2.7754 2.6468 2.0787 2.2252 2.0465 2.5725 2.6998 2.4124 2.7559 2.2757 1.7778 2.2757 2.9241 3.0995 2.5336 2.4890 2.3171 2.7463 2.4191 2.8792 2.3925 3.1133 2.4675 2.1876 2.6998 2.3925 2.4464 2.6818 2.4395 2.5490 2.3925 2.5725 2.5413 2.7559 2.3231 2.3667 2.8792 2.8054 2.7181 2.6818 2.2362 2.5567 2.3478 2.7853 2.6818 2.2643 2.6998 2.8054 2.8575 2.4890 2.2252 2.5490 2.3231 2.8156 2.6214 2.1217 2.2643 2.6130 1.6456 2.0331 2.2197 2.1566 2.4675 2.5805 2.7368 2.9832 2.4818 2.7368 3.2466 2.6048 2.5885 2.6048 3.0724 3.0724 2.8575 2.4327 2.3667 1.8891 2.6048 2.9126 2.8792 2.2362 3.0859 2.5260 2.2417 2.7274 2.1929 2.8792 2.2529 2.5567 2.9955 2.5646 3.0724 2.5646 2.3354 2.8054 2.8575 3.5766 2.6214 3.2002 2.5805 2.3795 2.8902 2.5646 2.2417 2.4818 2.2815 2.5260 2.6907 4.3039 2.4818 2.3478 2.3603 2.4464 3.2787 2.7368 2.5413 3.3459 2.3860 2.1876 2.1266 2.1168 2.5260 3.2154 3.4944 2.2586 2.3795 2.1120 2.8363 2.6641 3.0995 2.0740 2.9955 2.8259 2.6729 2.4464 2.6907 2.6818 2.9014 3.3287 2.5805 2.2417 2.3231 2.8363 2.9014 3.2154 2.8792 2.8259 2.5260 2.3795 2.8575 2.3603 3.0592 2.3478 2.6554 2.7853 1.5915 3.6423 2.4675 2.4534 2.3991 2.7559 2.6907 2.9241 2.4963 3.0995 2.6468 2.5885 2.4890 2.6298 2.1365 2.6641 2.6214 2.2586 2.1415 2.3731 2.4746 3.0724 2.7368
FJMB_Dengue_virus_4_E_280-774_AlphaFold 3.0332 2.6554 3.3287 1.0353 3.3287 3.0461 2.5110 3.2002 2.6998 1.2973 2.7089 2.9591 0.9893 3.0205 3.1852 2.9241 2.9014 0.8070 2.7181 1.0308 0.8373 2.9711 0.0000 2.9711 1.7677 2.5413 2.9014 0.9441 0.7261 0.8931 1.3751 2.0154 3.1273 0.9468 0.8082 1.3929 0.9908 2.4746 0.7800 2.8469 0.8226 3.2002 0.7697 2.5725 0.5407 2.1023 2.9591 1.0113 2.5490 1.2598 2.7953 3.1273 2.5110 3.1704 2.2197 1.7316 2.1617 0.9735 2.3991 1.2406 3.0461 2.8363 0.8788 0.4569 2.4124 0.8299 3.0592 2.7368 1.3075 1.3578 2.7853 4.0057 3.0724 1.3116 3.1273 2.7368 1.1016 2.8683 2.5185 2.7853 0.8660 1.0616 0.6210 1.3116 2.7368 0.8094 1.1197 0.8011 0.9966 0.7493 1.3198 3.0724 2.9591 2.9832 2.8469 2.4675 0.9169 0.8263 1.8300 2.2362 1.3751 2.9832 1.2973 2.7559 0.9922 1.2520 1.1907 2.3231 2.5185 3.3118 1.3386 1.2636 2.5805 1.1729 0.8226 2.1465 2.6298 2.7953 0.8023 2.7953 3.7119 1.2520 1.0293 2.4746 3.0995 0.8226 3.0079 3.0592 0.9182 1.0491 1.0247 3.1558 1.2107 2.4890 1.0726 2.6382 1.8891 2.6214 1.2540 1.0553 3.1273 3.5981 1.4943 3.0461 3.2002 2.5185 0.7964 2.9356 3.4177 0.8957 2.5725 1.3664 2.4395 0.8905 2.0881 1.9044 0.8660 2.6382 1.7577 3.2309 2.2306 0.8522 1.0967 2.9126 2.9241 2.0787 0.8737 0.9331 2.9591 2.0154 0.8622 2.5646 2.4464 1.4625 1.0083 0.8686 2.7463 1.0187 1.0232 0.8398 2.5413 0.9075 2.9955 2.4890 0.8166 2.3051 1.1016 1.9006 3.5555 0.5238 1.2578 2.5725 2.6468 1.2255 2.9832 2.6729 3.5981 1.6724 2.8902 3.2002 1.4943 2.4963 2.9711 4.5407 3.5347 2.6818 1.5069 2.4534 2.9832 0.8348 1.3075 2.8363 0.7847 3.0859 2.4464 1.0491 2.4534 1.6815 2.4675 2.3925 2.8363 3.6423 1.0491 2.7089 2.9126 1.5377 2.6729 3.0205 1.4109 3.0995 2.6907 3.4553 2.9473 3.3634 2.6729 1.0934 1.0039 2.3925 1.9603 3.4177 2.6907 3.1852 2.6818 1.0647 2.9014 3.0332 3.0079
FJUN_flavi_wastewater_ORF139_SRR8857871_orf_1_E_312-599_AlphaFold 2.8575 3.9472 2.6907 2.6382 2.5336 2.5646 2.7853 3.6200 3.0205 2.4963 2.6214 2.6048 2.5490 3.4363 3.2951 2.1982 3.5555 2.5413 2.4604 2.3292 3.0079 2.3603 2.9711 0.0000 2.1982 2.7274 2.4534 2.4258 2.5885 2.7559 2.3051 2.8469 3.2466 2.5413 2.6468 2.5490 2.2529 2.1982 2.1617 2.6382 2.7089 2.7559 2.5185 2.8259 2.8902 2.1071 2.4675 3.1704 3.0592 2.6998 2.8259 3.0995 2.3231 2.7368 2.4675 2.2143 2.2643 2.8054 2.7463 2.2991 3.7119 2.6048 2.5966 2.8259 2.2815 2.5885 2.6468 2.4124 2.1772 3.1704 2.8792 1.4529 2.6998 2.6048 2.5966 2.3925 2.9473 2.8792 2.5413 2.7274 2.3731 2.8575 2.3111 2.7368 2.4604 3.3459 2.3292 3.0859 3.8639 2.7853 2.6382 3.1133 2.6641 2.7853 2.5567 2.0510 2.3860 2.7754 2.2417 2.2757 2.6468 3.2309 2.9591 2.2252 2.2815 2.4818 3.3812 3.0461 2.7754 2.9241 2.7656 4.1308 3.1852 2.6554 2.6468 2.6048 2.3354 2.9014 2.2306 2.7559 2.5490 2.6214 2.5336 2.3991 2.8259 3.2951 2.9832 3.3118 2.3171 4.3410 2.3667 2.6998 2.2932 2.3667 2.5805 3.0079 2.3731 1.7220 2.8259 2.5336 3.2466 2.4464 2.5336 2.5646 2.4464 2.5185 3.5347 2.7181 2.9832 2.3540 2.2643 2.4124 2.3925 2.4327 2.2035 2.6641 2.2362 2.7559 2.6382 3.6651 2.3416 2.1982 3.0724 2.9356 2.4963 3.6423 2.7953 2.2874 2.9591 2.0024 2.9955 2.3795 2.6130 2.6641 3.3459 2.4534 2.6214 2.5805 2.7181 2.6554 2.5036 2.3478 2.8054 2.2932 2.9955 2.5336 2.6130 2.3231 2.3991 3.4944 2.3540 2.4963 2.6298 3.0205 3.0461 2.5185 2.2757 2.4464 2.3478 4.0985 2.9356 2.2643 2.8575 2.5805 2.9356 2.4057 2.5567 2.1465 2.9241 2.3231 2.3667 2.6382 2.1266 2.9711 2.1465 3.3634 2.1929 2.1168 2.8259 3.0332 2.9955 2.7089 2.3540 2.4604 3.0724 2.2417 2.3478 2.7953 3.0079 2.6729 1.9603 3.3287 2.8156 2.6998 3.0461 2.5336 3.5555 3.1704 1.9981 2.3795 2.7274 3.5144 3.7856 2.4464 2.6298 3.2466 2.9955
PLLG_Diaphorina_citri_flavi-like_virus_E_601-887_AlphaFold 2.0602 3.2951 2.9014 2.8575 1.9854 2.7953 2.5336 2.6554 2.8683 2.6382 2.9014 2.4534 4.3410 2.5725 2.5966 2.6907 2.5567 2.5885 4.4988 3.7605 2.2143 1.8891 1.7677 2.1982 0.0000 2.9832 2.5260 2.7368 2.3540 2.4124 2.9711 3.0461 2.6554 2.2586 2.5885 2.5260 2.6729 3.2154 2.3667 2.3051 2.8054 2.2700 2.6729 2.2417 2.9473 2.4675 3.0332 2.9832 2.6641 2.7754 2.1668 2.4818 2.5490 2.3231 2.3111 2.5185 2.1929 2.4534 4.5837 2.4534 2.4746 2.3540 2.6130 2.7853 2.3925 2.0928 1.7252 2.5413 2.4746 2.1365 1.9562 2.2815 2.3603 2.9014 2.3171 2.3667 2.9711 2.2143 2.3540 2.1316 3.1852 2.4057 3.0205 2.8683 2.3860 2.3603 2.3795 2.5885 2.7181 2.4124 2.8683 2.0420 2.0510 2.6130 2.5490 2.8259 2.3731 2.8156 2.3925 2.7181 2.4818 2.2874 2.8469 1.6604 2.5336 2.2197 3.1852 3.5144 2.0510 2.3540 2.7089 2.6641 2.7656 2.5413 2.4818 2.6468 2.1120 2.4464 2.3795 2.2473 2.1365 3.4553 2.5110 2.2874 2.2197 2.6818 1.9044 2.4057 2.5805 2.8259 3.0995 2.0648 2.4327 2.4746 2.8469 2.4818 2.2529 2.3795 3.0995 2.5036 2.6554 2.9832 3.0079 2.5725 2.4191 2.9014 2.3991 2.4675 2.6729 2.5567 2.7368 2.5885 2.2417 2.2089 2.4534 2.5725 2.4124 2.4395 2.4464 2.1772 2.4890 2.4534 2.3051 2.0648 2.7181 1.9320 3.1414 2.7656 2.0928 2.4963 3.4177 2.8259 3.7360 2.7368 2.5413 3.2466 2.5646 2.2757 3.1414 2.3991 2.9473 2.4327 2.6729 2.7953 2.0198 2.9711 3.1133 2.7754 2.2757 2.6382 2.8469 2.7656 2.9356 2.5646 2.4604 3.4363 4.5407 2.7368 2.8363 2.5036 2.7463 2.4818 2.0881 2.5567 2.8259 2.8259 2.2306 2.4675 2.2197 2.5805 3.2154 2.3667 3.0859 2.6214 2.8575 2.2643 2.5567 2.7089 2.2874 2.9126 2.5260 2.8259 2.6298 2.1266 2.1023 2.9241 3.2951 2.1566 2.6998 2.0928 2.9014 2.8054 2.0928 2.1071 2.7754 2.4818 2.5336 4.0360 2.5646 2.5336 2.4258 2.5805 2.3478 3.1273 2.0602 2.6554 2.2700
FJIS_Quang_Binh_virus_isolate_JM17156China2017_E_331-663_AlphaFold 2.6382 3.5144 2.5805 2.5413 2.6641 0.3578 3.3118 2.6382 2.4327 2.7274 0.7360 3.1414 2.9241 2.8259 4.1308 2.8792 2.9473 2.6130 0.2616 2.4890 2.7754 2.6729 2.5413 2.7274 2.9832 0.0000 2.6998 2.8054 2.7368 2.9014 3.5766 2.7274 2.6214 2.7754 2.5413 2.7853 2.2815 0.2629 2.9591 2.9126 2.3478 2.4057 3.0995 2.9591 2.7559 2.9711 2.0556 2.9014 3.0592 3.0205 3.7605 2.6214 1.2813 2.3171 1.7677 2.1266 1.0553 2.5185 3.6651 2.4057 3.0859 2.9591 2.9955 2.6468 1.3449 2.3667 2.7368 1.8815 2.8575 2.7181 2.6818 2.7089 2.8902 2.9955 3.0995 2.9832 2.6130 3.1133 3.3459 3.4177 2.8054 2.9955 2.9473 3.0205 1.8408 2.7274 2.7089 3.0079 2.7754 2.8156 3.2951 2.4675 2.3292 3.0724 1.6785 1.2695 2.4746 2.9591 2.8156 0.9908 2.2417 2.9473 2.5725 3.7360 2.5336 2.4604 2.9014 3.0724 1.4844 2.7656 2.4746 3.0592 3.0592 2.8469 2.8054 1.1065 1.2656 2.7656 3.0592 2.2757 2.4258 2.4675 2.5567 1.9400 2.6130 2.7089 2.9014 2.7368 2.7181 2.5725 3.0205 2.4327 2.9832 2.6818 3.6883 2.8469 3.5981 3.0079 3.3287 2.7754 2.6214 2.8054 2.3860 2.5646 1.8702 0.0435 2.8683 3.0079 3.7605 2.3991 1.2695 2.9126 2.1120 2.6818 1.0445 2.3860 2.6818 3.0079 2.5036 2.3354 2.2757 2.5490 2.6382 2.6729 3.0859 2.6298 2.7953 2.6468 2.3540 2.3795 2.6998 0.6397 2.9591 2.7559 2.6214 2.7368 2.6554 2.9591 2.6554 2.7089 2.7853 2.9955 2.3731 0.1726 3.3993 2.3925 2.8054 2.3540 3.3993 2.5646 2.3051 3.5347 0.0378 2.9591 2.8683 2.6130 2.5567 2.8259 2.4327 1.8088 2.3416 0.2400 2.2815 2.8363 3.7119 3.2951 2.9014 0.3239 2.2473 2.3478 2.9955 3.5555 2.6048 3.0995 2.4057 3.2309 0.6608 2.5336 2.6130 3.0332 3.2154 3.0079 2.7463 2.6818 2.7853 2.3478 0.3534 2.8575 2.6048 3.4944 1.2311 3.6423 2.5110 2.8469 3.1852 2.9356 3.0724 3.0592 1.0679 2.0331 2.6382 4.0985 2.5413 3.1704 3.0079 2.6214 2.2815
PLLG_Bole_tick_virus_4_isolate_TIGMIC_2_E_878-1348_ESMFold 0.1804 2.5885 3.6423 2.3667 2.3354 2.6729 2.4464 0.2201 2.0928 3.7119 2.6130 0.0556 2.5036 2.9955 3.1558 3.0859 0.0493 2.6641 3.0079 2.4890 2.7559 2.7559 2.9014 2.4534 2.5260 2.6998 0.0000 2.5490 2.5490 3.0205 3.5981 2.0740 0.2246 2.4818 2.5336 2.8792 2.6998 2.9241 2.6214 0.1732 2.5805 0.1588 2.6468 3.1852 2.8156 2.5490 2.6641 2.6382 2.8575 2.5567 2.7559 0.1732 2.7181 0.1541 2.6468 3.0859 2.2252 2.4464 2.4818 3.0724 2.0787 2.7754 3.1273 2.9014 2.6468 2.7953 2.6382 3.6883 3.6423 2.7656 2.5260 2.3731 0.1660 2.9711 2.5036 2.7463 2.6130 3.0592 2.9473 2.9014 2.7463 2.4124 2.5805 2.6641 2.8363 2.4890 2.3292 2.4604 2.5260 2.6729 2.6998 2.2143 0.1529 2.9591 2.9711 2.3731 2.6048 2.5885 2.5885 2.5725 2.8156 0.0461 2.5413 3.0724 2.5966 2.5260 2.7559 2.6554 2.4604 2.9014 2.6130 2.6468 2.5646 2.9014 2.7274 3.0332 2.6998 0.0461 2.7953 0.1624 3.2625 3.5555 2.5805 2.6298 0.1541 2.6048 3.1273 0.1756 2.8469 2.5260 2.2473 0.1559 3.0995 2.9126 3.0461 0.0461 2.5805 2.8259 3.0205 2.3603 0.2246 2.4395 2.6641 0.0264 2.7953 2.7853 2.3991 3.6200 1.9981 2.9591 2.6554 3.2154 3.2154 2.5036 2.4890 2.0976 2.9126 0.0440 2.7754 0.1553 2.7368 2.5185 2.9473 0.1541 2.5336 2.0067 2.7463 2.8469 0.1612 2.9126 2.7559 2.6298 2.4746 3.0461 2.5885 2.5185 2.7089 2.8054 2.6907 2.3354 2.7656 2.4890 2.8469 2.8683 2.5725 2.6468 2.6729 2.5413 3.1133 2.6818 3.2787 2.5336 2.3991 2.5336 0.1624 2.8054 2.6818 3.5981 2.5490 3.3812 2.7953 2.5567 0.1565 3.6651 2.6298 2.6130 2.7274 3.0592 0.1612 2.7754 2.9126 0.0305 2.7853 2.7368 2.6382 2.7559 2.1566 2.8683 2.8792 2.5567 2.7368 3.4944 2.2306 2.5413 3.1414 2.3231 2.6907 2.9126 2.8792 2.7368 3.3287 2.9356 0.1565 2.8792 1.6664 2.4746 2.5490 2.3478 2.6382 2.5567 2.4327 2.0242 2.7656 2.7754 2.6729 0.2214 0.1553
FJMB_Lammi_virus_E_292-786_AlphaFold 3.0724 2.7754 2.8792 1.1399 3.3812 2.4534 3.2625 3.0461 2.5336 1.7157 2.6382 2.7853 0.6132 2.8902 3.0205 2.6468 2.6729 0.9223 2.5966 1.0278 0.8373 2.1668 0.9441 2.4258 2.7368 2.8054 2.5490 0.0000 0.7800 0.6055 1.4770 2.5490 2.8792 0.8251 0.7640 1.3471 0.9049 2.7656 0.8622 2.6998 0.8035 2.5490 0.8202 3.0592 1.1264 2.1365 2.3795 0.6731 2.7463 0.9468 2.5646 2.9356 2.5413 2.5725 2.4327 1.4387 2.3416 1.0999 3.0461 1.5642 2.9473 2.8469 0.9196 1.0308 2.3416 0.8698 3.0079 2.3667 1.3840 1.4697 2.7853 3.2309 2.8469 1.3664 2.9014 3.2625 1.0384 3.2466 2.9591 2.6298 0.8635 1.1853 0.8214 1.3862 2.4818 0.8534 1.2237 0.7964 1.1417 0.7847 1.4795 2.7181 2.6298 3.2002 2.5036 2.4258 0.9372 0.7731 1.8628 2.2035 1.4018 2.4890 1.4505 4.2322 0.9290 1.4132 1.3840 2.6818 2.4327 2.7559 1.3095 1.3198 2.7274 1.4410 0.8584 2.0648 2.3795 2.9591 0.8275 2.5413 3.6651 1.2598 0.9089 2.1876 2.6468 0.7835 2.7656 3.0079 0.8905 1.0790 1.1943 2.6641 1.3884 2.4258 1.0054 2.6468 1.8929 3.2625 1.4481 1.1298 2.8792 3.3118 1.5069 2.8259 2.4057 3.0079 0.8023 2.8156 2.6907 0.7617 2.5260 1.2734 2.3603 0.8299 2.1772 1.9645 0.8931 2.3540 1.4869 2.6214 2.3111 0.8788 0.2898 2.6298 2.6818 2.3540 0.5353 0.8711 2.5725 2.2035 0.9062 2.3051 2.9014 1.5778 1.1571 0.8178 2.7853 0.7077 1.0538 0.8944 2.6998 0.9023 2.9711 2.4963 0.9036 2.1876 1.0647 2.1929 2.9955 0.9372 1.3795 2.8156 2.7559 0.7917 2.8902 2.8902 2.7463 1.6574 2.5966 2.7656 1.4041 2.7181 2.5646 3.2787 3.0205 2.6382 1.5403 2.5646 2.6641 0.8788 1.3471 2.5646 0.8202 2.7953 2.7274 0.6288 2.5490 1.4918 2.7953 2.7656 3.5144 3.5347 1.1889 2.3603 3.0724 1.4064 2.5336 3.0995 1.4064 3.0592 2.4890 3.3634 2.5646 2.7853 2.4327 1.1231 1.1554 2.7463 2.1516 2.7368 2.7754 2.7368 2.3051 1.1264 2.5567 2.8902 2.6907
FJMB_West_Nile_virus_lineage_1_E_291-787_AlphaFold 2.6729 2.4604 2.8259 0.9678 2.6382 2.2306 2.5413 2.5966 2.3603 1.3075 2.5110 2.5336 0.8348 2.7656 3.4177 4.6278 2.4963 0.7493 2.3051 0.9331 0.5021 3.1133 0.7261 2.5885 2.3540 2.7368 2.5490 0.7800 0.0000 0.7976 1.3795 2.6214 2.6130 0.4456 0.3161 1.3365 0.5809 2.3171 0.7088 2.5260 0.4635 2.4890 0.3022 2.5413 0.8892 2.0465 2.4890 0.8686 2.8792 1.0679 2.3731 2.5885 2.6130 2.5646 2.1071 1.4968 2.0242 0.9721 2.5966 1.3513 3.0332 2.5725 0.8801 0.8324 2.3354 0.5828 2.5966 2.5725 1.3621 1.3136 2.9955 3.1558 2.5490 1.3386 2.7559 2.8575 1.0983 3.1704 2.5885 2.5567 0.4185 0.9735 0.6710 1.2444 2.3416 0.2603 0.9608 0.2817 0.9749 0.0315 1.3751 2.5646 2.6048 2.4395 2.2197 2.3051 0.8597 0.2465 1.8018 2.1217 1.2540 2.5805 1.3239 2.8469 0.9331 1.2675 1.2199 2.6382 2.0648 2.7754 1.4018 1.3136 2.7274 1.3621 0.1036 2.2035 2.2815 2.4395 0.1308 2.6048 3.6200 1.1997 0.8154 2.2035 2.7656 0.3389 3.6651 2.2991 0.8584 1.0039 0.9821 2.5036 1.3973 2.3354 0.9735 2.4963 1.7744 3.0724 1.2617 1.0585 2.6130 3.0859 1.4317 2.5885 2.2529 2.5336 0.2885 2.8792 3.4177 0.4375 2.4327 1.3302 2.4395 0.4343 2.0602 1.8372 0.7088 2.3478 1.4577 2.5490 2.1120 0.5988 0.8673 2.5110 2.5490 2.5336 0.7964 0.4651 2.4890 1.8967 0.6772 2.2815 2.9356 1.2734 0.9922 0.4280 2.4675 0.9538 1.0010 0.2851 2.5646 0.7338 3.4747 2.3540 0.6210 2.1772 0.9664 1.9161 2.6298 0.7824 1.2559 2.6468 2.5567 1.0217 2.4191 2.7274 2.8363 1.4746 2.7181 2.4327 1.4387 2.3171 2.5036 2.9711 3.1852 2.8683 1.5170 2.3051 2.5036 0.6219 1.2873 2.5413 0.5856 3.7360 2.5336 0.9263 2.1668 1.5535 2.7463 2.7463 2.9241 3.4177 0.9455 2.6907 3.2154 1.4109 2.2757 2.9591 1.3407 3.5555 2.6214 4.0057 2.4534 3.2002 2.8575 0.9510 1.0173 2.4124 1.9811 2.2417 3.2154 3.4553 2.2143 1.0278 2.6729 2.6048 2.6907
FJMB_Marisma_mosquito_virus_strain_HU452807_E_299-793_AlphaFold 2.8683 2.4191 2.8054 1.0128 3.0461 2.6729 3.0592 3.0592 2.2089 1.5562 2.4675 3.1704 0.5090 2.7463 2.7853 3.3812 2.9711 0.9594 2.8054 0.9807 0.8459 2.6298 0.8931 2.7559 2.4124 2.9014 3.0205 0.6055 0.7976 0.0000 1.4553 3.2951 3.0332 0.9223 0.8762 1.2893 0.8410 2.5490 0.9250 2.6048 0.8905 2.8469 0.8559 2.9711 1.0507 2.4327 2.6382 0.4885 2.7754 0.9223 2.8469 3.1558 2.7181 2.7953 2.0834 1.6785 2.2143 0.9937 2.3667 1.3729 3.0724 2.9591 0.9441 1.0173 2.3051 0.8957 2.6729 2.7559 1.2387 1.5509 4.0669 3.3812 2.6214 1.3386 3.2154 3.3634 1.0854 2.8792 2.6729 2.9014 0.9155 1.1502 0.8931 1.3428 2.6048 0.8622 1.0430 0.8622 0.9778 0.8214 1.4722 2.6729 2.5885 2.9473 2.7953 2.3171 0.9236 0.8698 1.9562 2.2473 1.4943 2.9955 1.2953 3.0859 0.9538 1.5094 1.3014 2.4818 2.4124 2.7853 1.3034 1.2559 2.8575 1.4064 0.8336 2.0928 2.5966 3.0859 0.8348 2.5966 2.8469 1.2734 0.9879 2.3731 2.7463 0.9413 2.9356 2.9126 0.9089 1.0951 1.0726 2.7559 1.3729 2.3231 1.0694 2.9955 1.7611 3.0461 1.3386 1.1641 3.0332 3.6651 1.4819 3.1704 2.4327 2.6468 0.8275 2.8902 2.7089 0.8484 2.6048 1.3095 2.4534 0.9009 2.0331 1.8300 0.9277 3.0079 1.6139 2.8683 2.0510 0.9552 0.6762 2.6998 2.7368 2.2473 0.2290 0.9721 2.7274 1.9854 0.9049 2.3111 2.3540 1.3884 0.9922 0.9263 2.5413 0.7777 1.0902 0.9236 2.8575 0.9129 4.2677 2.5260 0.9345 2.0694 1.0278 1.8891 2.9711 1.0024 1.3014 2.6818 2.4746 0.9277 2.8902 3.3459 3.2154 1.4317 2.3231 2.5646 1.3513 2.4124 2.7754 3.0332 2.3231 2.6998 1.6427 2.3354 2.7274 0.9835 1.2387 3.0592 0.9142 3.2951 2.3925 0.5597 2.6998 1.7778 3.7119 2.8259 3.1558 3.8112 1.0491 2.9955 3.3634 1.4458 2.5260 2.9126 1.3795 3.2154 2.5260 3.8112 2.6998 3.0592 3.3459 1.0232 1.0967 2.5110 2.0976 2.7181 3.2309 3.0592 2.8054 1.0491 2.7368 2.9955 2.9126
FJTB_Kyasanur_forest_disease_virus_strain_P9605_E_281-676_AlphaFold 3.1852 2.8363 3.1273 1.3136 2.5805 3.2154 4.5837 3.4944 3.4944 1.0918 2.5725 3.4944 1.7125 3.4177 3.4944 2.5490 3.4553 1.5696 2.6729 1.5222 1.4155 2.7953 1.3751 2.3051 2.9711 3.5766 3.5981 1.4770 1.3795 1.4553 0.0000 2.9955 3.2951 1.6664 1.2754 1.0679 1.2793 2.6554 1.7413 3.6423 1.3239 3.5347 1.2913 3.1414 1.3817 1.9521 2.8156 1.6634 4.1638 1.6224 3.1558 3.0205 2.3540 3.1273 2.6048 1.7846 2.8156 1.2893 2.3416 0.3022 2.9473 2.9014 1.2387 1.3075 3.0724 1.6026 3.5981 2.7089 0.2297 1.1016 3.3459 2.3991 3.2154 0.3289 2.9241 2.7181 1.8018 2.4890 2.6554 2.7368 1.4819 1.0951 1.3535 0.6337 2.3731 1.4317 1.2181 1.5222 1.2274 1.3729 1.0293 3.0995 2.8792 3.1704 2.8792 2.5725 1.2425 1.3578 2.2643 2.3991 1.0822 3.0724 0.7929 3.4747 1.4201 0.3411 0.7207 2.5260 3.3634 3.9188 1.0414 0.6357 3.1133 0.3461 1.2444 2.5885 2.4890 3.4177 1.3428 3.0332 3.2466 0.2445 1.5696 2.1876 3.0592 1.3095 3.2466 2.9955 1.4132 1.3535 1.1764 3.1704 0.3289 2.3667 1.3260 3.3459 2.3991 4.7194 0.3267 1.1659 3.2951 3.2625 1.8891 3.3812 2.8683 3.2154 1.5145 2.8156 2.9241 1.5456 2.5490 0.3726 2.5567 1.5915 2.6382 2.0242 1.5430 3.8112 1.7611 3.1852 3.5766 1.5456 1.3578 3.0332 3.0592 2.2932 1.3599 1.4918 3.2309 2.4963 1.6574 2.6641 2.6729 1.1181 1.1889 1.4993 2.8902 1.4968 1.2052 1.6369 3.6200 1.5222 2.6729 3.2002 1.2993 2.3478 1.5069 2.2643 3.4747 1.5044 0.2151 3.0205 2.9711 1.6456 3.8911 2.8683 4.0985 0.0161 2.5490 2.4675 1.1519 2.4604 3.4553 3.2951 3.0332 2.6729 1.5860 3.2951 3.0592 1.7949 0.9850 4.3410 1.5562 3.0461 2.7656 1.4722 2.7656 1.8372 3.1704 3.7856 4.0985 3.7360 1.3034 3.2002 2.8054 1.7062 3.0332 3.7119 1.1537 2.6554 2.7853 3.3287 3.0461 3.3287 3.4747 1.4270 1.3034 2.4191 2.8363 3.9472 3.0724 2.4890 2.9832 1.1606 3.8639 3.2625 3.1133
PLLG_flavi_soil_ORF358_SRR7976360_E_2301-2482_ESMFold 2.8156 3.4553 5.8907 2.9591 2.6907 2.6130 2.4464 2.4464 1.9896 2.4057 2.8156 2.3731 2.4057 2.6214 3.0995 4.0985 2.2700 2.6641 2.3603 2.6382 2.7089 3.6200 2.0154 2.8469 3.0461 2.7274 2.0740 2.5490 2.6214 3.2951 2.9955 0.0000 2.4464 2.6298 3.1704 2.7656 3.4944 2.3171 2.7274 2.6468 2.9126 2.6130 2.8792 2.2362 2.4191 2.5490 3.0995 2.5966 2.4395 2.8363 2.2586 2.4604 2.7181 2.6818 3.4363 2.5646 2.4395 2.6468 2.7274 3.8639 2.2991 2.8469 2.6130 3.2002 2.6998 2.9955 2.0198 2.2757 6.2309 2.6554 4.0057 2.3416 2.5646 2.8902 3.0859 3.2154 2.9014 11.9135 1.9161 2.5036 2.6907 3.0461 2.8259 2.6998 2.4191 2.4464 2.9473 2.5336 2.9241 2.7463 2.6641 2.5490 2.5805 2.6298 2.2586 2.3478 3.0859 2.5646 3.4363 2.6048 2.2932 2.3540 3.8373 1.9896 2.9591 4.0669 2.2932 2.8469 2.4327 2.4057 3.6423 4.0669 2.8469 2.5036 2.7463 2.6298 3.2002 2.3991 2.4890 2.9126 7.4191 3.8373 2.6818 2.2143 2.6818 3.0724 4.3791 2.4818 2.4604 3.1273 2.6468 2.9591 3.3287 2.8469 2.6554 2.3292 2.6729 3.3812 4.3039 3.4177 2.4464 2.6554 3.1558 2.2473 2.5725 2.6554 2.2815 2.6130 2.6554 2.8363 3.0592 2.9955 2.1617 2.6998 2.1415 2.4818 2.8156 2.4395 2.9126 2.4818 3.0859 2.5336 2.8575 2.4818 3.2002 1.9645 3.0592 2.8156 2.6214 2.8902 2.6907 2.9955 3.2787 2.9955 2.6818 2.5567 2.1824 2.7754 3.7605 2.6298 2.9591 2.6729 2.1876 2.5885 3.5347 2.9241 2.7368 2.5185 2.2089 2.8259 3.3287 3.0205 2.3231 2.8156 2.6382 2.4604 3.2625 3.3812 2.9126 2.5966 2.9832 2.1824 2.6818 2.8259 2.7559 2.7463 2.9014 2.1929 2.9126 3.5555 3.1273 2.1668 3.1704 3.3812 2.4675 2.8054 2.5805 3.0205 2.0067 2.7656 2.0602 2.9241 2.7463 1.9811 2.8259 2.9241 2.9711 2.0648 4.4988 3.5144 2.4675 2.5725 2.6048 2.4963 3.1273 3.1133 3.1414 2.6468 2.2035 2.8902 3.0724 3.3993 10.6058 3.2002 1.8891 2.5036 2.4818
PLLG_Zhangjiakou_Flavi_tick_virus_1_E_865-1337_ESMFold 0.2642 2.3171 3.8112 2.8156 2.4963 2.7754 2.3731 0.0035 2.1120 3.4177 2.6907 0.2176 2.6382 2.8469 2.7274 2.9356 0.2001 2.7853 2.8683 2.9473 2.9014 3.0724 3.1273 3.2466 2.6554 2.6214 0.2246 2.8792 2.6130 3.0332 3.2951 2.4464 0.0000 2.8469 2.8792 4.1976 3.0461 3.4747 3.0461 0.2374 2.8054 0.2316 2.8259 2.7463 2.8902 3.3118 3.0995 3.0724 2.7656 2.7853 2.6298 0.2439 2.8575 0.2265 2.5567 3.0461 2.2035 2.5036 2.3731 3.2309 2.0510 2.6998 2.6907 3.1704 2.5885 3.3634 2.9241 2.5413 3.3118 2.8054 2.8575 3.3993 0.2151 3.1558 2.8469 2.8792 2.7368 4.1308 3.2625 2.5413 2.9241 2.6214 2.9473 2.9014 3.2625 2.7754 3.0205 3.0859 2.9955 2.5110 2.8259 2.4746 0.2413 2.7656 2.5805 2.4124 3.0724 2.7368 2.7559 2.3603 2.8575 0.1994 2.4675 2.4604 2.5567 3.6423 2.7089 2.9126 2.1929 2.6998 2.7463 2.5336 2.6641 3.4553 2.7853 2.7754 2.4395 0.2246 2.7559 0.2367 3.1133 3.5144 3.3634 3.0859 0.2239 2.8054 2.6818 0.2517 2.6214 2.8683 2.8054 0.2316 3.7605 3.0724 3.3812 0.2182 2.7463 3.0332 3.5766 2.4327 0.0000 3.1558 2.5966 0.1994 2.8902 3.0205 2.7368 3.0592 2.1929 2.8469 2.5805 3.0724 2.8363 3.0079 2.6729 2.3860 3.1704 0.2189 2.5966 0.2393 2.8156 2.6298 2.8259 0.2252 2.4464 2.2035 3.1704 3.4944 0.2239 2.7181 2.7754 3.3993 2.4675 3.2951 2.7181 2.7089 3.2002 2.6641 3.1414 2.6214 2.6641 2.5036 4.1638 2.8156 2.4124 2.7559 2.6468 2.4057 2.8792 2.8792 3.4747 2.7089 2.8683 2.5413 0.2458 2.9955 2.1824 3.6423 2.6998 3.1704 2.9241 3.1414 0.2265 6.7197 2.7274 2.5336 3.1852 2.9014 0.2406 2.8902 3.1704 0.2157 3.0332 2.5185 2.9356 2.5567 2.3354 2.5966 2.8363 2.5490 2.5805 2.8156 2.5036 2.8792 2.9711 2.5966 2.7656 2.8792 2.9241 3.1558 3.0859 3.2154 0.2239 3.5555 1.8336 2.5336 2.6468 2.4124 2.9832 2.4890 2.3478 2.2643 2.8469 3.0859 2.6298 0.0050 0.2432
FJMB_Israel_turkey_meningoencephalomyelitis_virus_E_291-784_AlphaFold 2.7368 2.2643 3.4747 1.0663 3.2466 2.3925 2.8363 2.7754 2.3292 1.3492 2.4258 2.6130 0.9879 2.9356 2.9126 3.8639 2.4890 0.8130 2.6554 1.0098 0.5142 2.8054 0.9468 2.5413 2.2586 2.7754 2.4818 0.8251 0.4456 0.9223 1.6664 2.6298 2.8469 0.0000 0.4627 1.2675 0.5903 2.6214 0.6588 2.4818 0.4520 2.6214 0.4987 2.6554 0.9580 2.2035 2.5490 0.9049 2.4057 1.2330 2.8902 2.5185 2.3231 2.6048 1.9728 1.6340 2.2586 1.0414 2.3111 1.3492 2.8054 2.7559 0.8827 0.8970 2.5260 0.5884 2.7953 4.0985 1.3471 1.6026 3.0724 2.9014 2.5646 1.2463 2.9955 3.2309 0.9622 4.4180 2.8363 4.9177 0.1988 1.1711 0.6731 1.3513 2.9241 0.4343 1.0951 0.5030 1.0476 0.4359 1.4317 2.6641 2.6729 2.9241 3.4747 2.5110 0.8801 0.4594 1.9728 2.3416 1.4943 2.4963 1.1264 3.2154 0.9142 1.2913 1.1247 2.1720 2.8575 3.5981 1.3840 1.3621 2.9955 1.2444 0.4537 2.4124 2.3860 2.5185 0.4718 2.6048 4.6730 1.1676 0.9317 2.5336 2.6048 0.4885 2.8259 2.5805 0.8814 1.1048 1.2656 2.4963 1.3260 2.6214 0.9821 2.5413 1.6486 2.6998 1.3449 1.1298 2.8469 3.0079 1.4577 2.5646 2.5336 2.6998 0.5177 3.0995 2.9711 0.4456 2.2362 1.4317 2.8575 0.0264 2.3731 2.0154 0.7858 2.3860 1.5377 2.5646 2.4124 0.6249 0.9524 2.6554 2.6382 2.3667 0.9223 0.1273 2.4464 2.0242 0.7754 2.4890 2.5185 1.4819 1.0983 0.2013 2.1929 0.9664 1.1048 0.5195 2.2529 0.7720 2.9356 2.8156 0.7131 2.1929 1.0158 1.7677 2.8575 0.9089 1.1782 2.7089 2.6554 1.0430 2.6729 2.6554 4.9706 1.6427 2.8054 3.4177 1.3136 2.3731 2.5336 3.6651 2.7853 2.5646 1.5860 2.7181 2.6048 0.6151 1.3840 2.4818 0.5865 2.9014 2.6298 1.0616 2.3051 1.6604 3.4553 2.4464 3.0205 2.9711 1.1554 2.9241 2.9014 1.5456 2.3925 2.7559 1.2695 3.0205 2.6998 3.5766 2.5646 3.3287 2.6214 1.0293 1.1835 2.0420 2.1824 2.4746 3.0592 2.6382 2.4818 1.1835 2.7274 2.8575 2.5646
FJMB_Saint_Louis_encephalitis_virus_E_289-788_AlphaFold 2.7853 2.3478 2.9126 0.9331 2.8259 2.3416 2.6048 2.6818 2.2417 1.2598 2.5646 2.6468 0.7882 2.8792 4.3039 2.9832 2.4818 0.7674 2.3231 0.8879 0.4784 2.9241 0.8082 2.6468 2.5885 2.5413 2.5336 0.7640 0.3161 0.8762 1.2754 3.1704 2.8792 0.4627 0.0000 1.4529 0.6308 2.3171 0.6608 2.4675 0.4169 2.4534 0.3861 2.9126 0.8698 2.0648 2.3795 0.8944 2.9473 1.0263 2.3925 2.5885 2.4258 2.4327 2.1217 1.5170 2.2815 1.1181 2.3925 1.3219 2.9014 3.1558 0.8788 0.7940 2.4963 0.6814 2.4963 2.3171 1.2406 1.4481 3.1273 2.5413 2.6048 1.2237 2.8469 3.2309 0.9922 3.3993 2.6554 3.2002 0.4768 1.1131 0.6887 1.2675 2.2874 0.3091 1.0098 0.3771 1.1181 0.3190 1.3492 2.8683 2.5646 2.8156 2.4124 2.3540 0.8610 0.3637 1.8372 2.2252 1.3198 2.6298 1.3578 2.7656 1.0338 1.2540 1.2349 2.3991 2.3231 3.2154 1.5018 1.3795 3.0205 1.2559 0.3447 2.4124 2.1365 2.5490 0.4319 2.4327 3.6883 1.1997 0.8361 2.4191 2.5885 0.0213 3.0592 2.5036 0.8398 1.0054 1.0951 2.5567 1.3407 2.6998 1.0476 2.6818 1.8193 3.6200 1.2973 1.1081 2.8792 3.2002 1.3817 2.4395 2.4057 2.2586 0.3175 3.3459 2.8469 0.4635 2.2417 1.2034 3.7360 0.4496 2.1982 2.1415 0.7561 2.5260 1.5915 2.5036 2.2815 0.6249 0.8312 2.4534 2.8683 2.7181 0.8312 0.4751 2.5490 2.1824 0.6659 2.4124 2.2089 1.4993 1.0616 0.5039 2.7953 0.9879 1.0790 0.3937 3.1852 0.7110 2.8575 2.3731 0.6824 2.1316 0.9142 1.9603 2.7274 0.8214 1.2349 2.6641 2.7181 1.0278 2.5036 2.9711 2.8259 1.3177 2.6214 2.3925 1.4918 2.5110 2.5036 3.4363 3.0461 3.0995 1.6054 2.7368 2.4890 0.6845 1.3323 2.5805 0.6113 2.8792 2.7181 0.9552 2.4395 1.7062 2.6907 3.0859 2.6907 3.0592 1.0293 2.9473 2.9955 1.4697 2.3795 2.9473 1.2813 2.7656 2.4890 3.0859 2.5725 3.7360 2.9014 0.9821 1.0918 2.4464 2.3051 2.3925 2.9356 3.0332 2.4395 1.0278 2.8259 2.9356 2.5036
FJNV_Batu_Cave_virus_strain_P70-1459_E_274-662_AlphaFold 3.3993 2.9356 3.1558 1.2349 2.5646 3.2002 2.9955 4.1638 2.7656 0.7218 2.4604 3.5347 1.4041 3.2154 2.9711 3.2466 3.5766 1.4968 2.5490 1.5325 1.2463 2.5646 1.3929 2.5490 2.5260 2.7853 2.8792 1.3471 1.3365 1.2893 1.0679 2.7656 4.1976 1.2675 1.4529 0.0000 1.3686 2.5413 1.4387 3.3287 1.2853 2.8902 1.3239 2.9356 1.2520 2.2643 2.1071 1.4458 2.4534 1.6082 2.9014 3.0461 2.2306 2.9014 2.1668 1.6754 2.0556 1.2540 3.4944 1.0806 2.6214 2.9955 1.4625 1.3884 2.6130 1.4270 2.5646 2.3540 1.0585 0.7239 2.6907 2.5336 3.1133 1.1315 3.2466 3.1852 1.4894 2.3795 3.2466 2.8575 1.3751 1.3198 1.3260 1.0553 2.2700 1.1979 1.2559 1.3840 1.1417 1.2330 0.7583 2.8054 2.8259 2.6998 2.5805 2.4818 1.2734 1.2540 1.8815 2.1465 0.6417 3.0592 1.1231 2.9711 1.3773 1.0679 1.0217 3.1133 2.2586 3.0724 0.7720 0.9538 2.9473 0.9821 1.3075 2.7089 2.2991 3.2787 1.2016 3.0859 2.4124 1.0369 1.4410 2.4818 2.9014 1.4247 2.5413 2.8469 1.2893 1.2636 1.4132 2.8054 1.0616 2.3111 1.3884 3.4177 1.9400 2.5490 1.1298 1.2793 4.1976 2.8683 1.5018 2.7181 2.1566 2.5885 1.4458 3.5144 3.1558 1.4577 2.2197 0.9951 2.5805 1.3136 2.3925 1.7544 1.4553 3.3993 1.6026 3.0592 2.3111 1.5044 1.2873 2.9711 2.3111 2.1120 1.2913 1.3386 2.9473 2.0242 1.4363 2.4534 3.1133 0.0367 1.2107 1.3664 2.6214 1.4410 1.2125 1.3906 2.5805 1.5589 2.7754 2.3795 1.2973 2.0928 1.4993 1.8628 3.7119 1.2255 0.9636 2.4191 2.8259 1.5094 2.9241 2.1071 4.2677 1.1231 2.1071 2.4890 0.7196 2.7559 3.2466 3.2787 3.4177 2.3860 1.5509 2.6641 3.3459 1.4918 0.7067 3.3287 1.4601 2.7953 2.6641 1.4553 2.3731 1.4109 2.6907 2.4675 2.8575 3.2787 1.3708 2.5646 3.1273 1.4577 2.7089 2.8792 1.1818 2.9126 2.8792 3.0995 2.9241 2.7853 3.1273 1.1818 1.2813 3.7360 2.3795 2.2473 2.8259 2.5413 2.2197 1.2973 3.1273 4.2322 3.1704
FJMB_New_Mapoon_virus_E_287-787_AlphaFold 2.6048 2.5805 3.2309 1.0647 2.9591 2.3667 2.6048 3.0461 2.3925 1.4086 2.3051 2.5567 0.9721 2.7754 2.9126 2.9832 2.5567 0.8047 2.4890 1.1164 0.6327 2.6382 0.9908 2.2529 2.6729 2.2815 2.6998 0.9049 0.5809 0.8410 1.2793 3.4944 3.0461 0.5903 0.6308 1.3686 0.0000 2.5805 0.6690 2.7368 0.5606 2.6998 0.6507 2.4057 0.9594 2.3051 2.0694 1.0217 3.8112 1.0217 2.5110 3.2309 2.4327 2.6907 2.2197 1.5482 2.0154 1.0308 2.6214 1.1332 2.8902 2.6641 0.7835 0.8648 2.1876 0.4130 3.3634 2.6130 1.2311 1.4086 3.1273 2.2417 2.8259 1.1925 2.8683 3.0079 0.9608 2.3991 2.8054 2.5336 0.6007 1.0263 0.7056 1.4224 2.4604 0.5443 1.0323 0.6887 0.9580 0.5697 1.4317 2.8469 2.5725 2.8902 2.4258 2.0375 0.8422 0.5874 1.9122 2.1668 1.3929 2.5185 1.1782 2.6818 0.8827 1.1417 1.2034 2.7853 2.2815 3.0724 1.3075 1.2520 3.2154 1.2237 0.5344 2.1982 2.2586 2.6130 0.5670 2.6641 2.3667 1.1694 0.9223 2.3354 2.5966 0.6762 2.9711 3.1852 0.7905 1.1365 1.0742 2.6382 1.2406 2.6382 1.0098 2.5260 1.8628 2.3731 1.2754 1.1214 3.0461 3.2309 1.4577 2.7656 2.3667 2.1824 0.7493 2.7089 2.5567 0.5425 2.2362 1.2774 2.1617 0.6055 2.1720 1.9083 0.6219 2.5185 1.4410 2.7953 2.2417 0.4472 0.9089 2.4963 3.2466 2.4395 0.9223 0.6436 2.8259 1.9769 0.6122 2.3051 2.7754 1.4387 1.0143 0.5959 2.2815 0.9236 1.0445 0.7583 3.7856 0.6446 3.3459 2.3231 0.6567 2.2197 0.9966 1.8264 3.1852 0.8918 1.1925 2.8469 2.2306 0.8918 2.5185 2.4327 2.7853 1.3198 2.5725 2.5413 1.3054 2.4675 2.8363 2.9955 3.0205 2.7089 1.5430 2.4818 2.6554 0.4216 1.3535 2.8683 0.3726 2.3991 2.5966 1.1164 2.3416 1.4553 2.5805 3.0995 3.2787 2.8363 1.0663 2.9955 2.7368 1.4247 2.5490 3.3459 1.2107 2.5336 2.6048 3.1558 2.6468 2.7754 2.7656 1.0553 1.0569 2.6468 2.3051 2.1668 2.6729 2.5413 2.2362 0.9951 2.9241 3.1704 2.9014
FJIS_Culex_theileri_flavivirus_E_230-615_AlphaFold 2.7274 2.4963 2.9241 2.4258 4.3791 0.2622 2.7953 3.7119 1.9440 2.8259 0.6618 2.5567 2.9711 2.9473 3.0995 2.7853 3.0461 2.4604 0.2227 2.2757 2.8054 1.7880 2.4746 2.1982 3.2154 0.2629 2.9241 2.7656 2.3171 2.5490 2.6554 2.3171 3.4747 2.6214 2.3171 2.5413 2.5805 0.0000 3.0859 2.8469 2.8683 2.8469 2.6382 2.8156 2.7754 2.5110 2.2143 2.7181 2.6130 2.8792 3.4553 2.6998 1.3973 2.7559 1.8929 2.6998 1.0399 2.5885 2.6641 3.1273 2.6641 3.1133 2.7368 2.5885 1.3428 2.3731 3.0995 1.7611 2.9955 2.4963 3.6423 2.5260 2.6818 2.9832 2.7754 2.8902 2.7181 3.1558 3.0724 2.6907 2.5110 2.4963 2.7656 2.7754 1.5615 2.5646 2.3171 2.4258 2.9014 2.2529 2.7559 2.6818 2.8683 3.0461 1.6427 1.1164 2.2815 2.5413 2.7559 1.0039 2.4124 2.7559 2.4818 2.9955 2.6554 2.6214 2.6468 2.6048 1.3449 2.7656 2.4675 2.9126 2.7853 2.8575 2.6382 1.0967 1.3817 2.7559 2.4890 2.7656 3.0332 2.5260 2.4534 1.6224 2.6468 2.3354 3.0461 2.6468 2.1316 2.9955 2.7953 2.7181 3.1558 2.7853 2.7953 2.7181 3.1704 4.0985 2.6468 2.6214 3.4747 4.7194 2.5567 3.2002 1.8480 0.2776 2.6130 2.9591 3.3118 2.7089 1.4018 2.8156 1.4943 2.4395 0.9594 2.4464 2.2417 2.8363 2.7853 2.7656 2.3171 2.4890 2.5725 2.8363 2.8363 2.3292 2.6382 2.5413 2.7656 2.6048 2.1617 0.7640 3.0332 2.7274 2.6298 2.4464 2.8792 2.3860 2.6729 2.7089 2.6554 2.6554 3.3287 0.3168 2.3354 2.1415 2.9356 2.2529 2.6907 2.4604 2.6468 3.0079 0.2994 2.6468 3.1852 3.0592 2.3860 2.5490 2.4534 1.9360 2.3540 0.0367 2.7754 4.7671 3.5347 2.9014 2.4675 0.3432 2.8363 2.4746 2.5725 3.3812 2.4675 3.0995 2.5966 2.9711 0.6055 2.3171 2.1465 2.8259 3.1558 3.4363 2.5490 2.7274 2.9591 2.3478 0.2722 3.9188 3.5144 2.8259 1.1349 3.4944 2.7463 3.2466 3.0724 2.8683 2.8792 2.4534 0.9792 1.9896 3.0205 3.2466 2.2197 2.6818 2.9014 3.5347 2.5185
FJMB_Spondweni_virus_E_290-793_AlphaFold 2.7368 2.3171 2.9955 1.0918 2.6468 2.5567 2.7181 2.9356 2.3795 1.4247 2.3416 2.7368 1.0491 3.1273 2.9014 2.9126 2.5185 0.5497 2.7853 0.9922 0.7917 2.1266 0.7800 2.1617 2.3667 2.9591 2.6214 0.8622 0.7088 0.9250 1.7413 2.7274 3.0461 0.6588 0.6608 1.4387 0.6690 3.0859 0.0000 3.0724 0.6700 2.9241 0.7426 3.2625 0.7674 2.0787 2.7953 0.9864 2.5260 1.1365 3.0205 2.9711 2.5725 2.8259 2.1415 1.5273 2.1929 1.0369 2.2932 1.3344 2.8156 2.8683 1.0158 0.7393 2.4057 0.7196 2.8363 2.8469 1.3884 1.4746 2.4746 3.2951 3.0079 1.3428 2.6048 2.7368 1.0158 2.7754 2.7754 3.9188 0.6982 1.1764 0.3461 1.3642 2.7754 0.7663 1.0742 0.6982 1.0010 0.6567 1.4201 2.7368 2.7953 2.9014 2.2874 2.3478 0.9441 0.6741 1.8264 2.2306 1.4894 2.6729 1.2793 4.1308 0.9468 1.3034 1.1032 2.3991 2.8469 3.6200 1.4132 1.3219 2.8683 1.2181 0.6897 2.1516 2.3354 2.5260 0.6887 2.8575 3.4747 1.4697 0.8944 2.4258 2.8259 0.6679 2.9356 3.0205 1.0083 1.1164 1.1197 2.8259 1.4943 2.8363 0.9524 2.6382 1.6026 3.0205 1.5915 1.1147 3.0461 3.8639 1.4918 2.4890 2.3731 2.7089 0.7527 2.9014 3.1852 0.7294 2.5646 1.5018 2.5805 0.6803 2.2197 1.9981 0.7527 2.6554 1.5170 3.1273 2.3416 0.7077 1.0069 2.8902 2.4395 2.1266 0.9182 0.7720 2.8792 1.9603 0.7824 2.5185 2.6048 1.4458 1.0445 0.6577 2.5110 1.0054 1.1434 0.7754 2.6298 0.8312 2.8575 2.7559 0.8648 2.5110 1.0538 2.1023 3.3993 0.7283 1.3513 2.5725 2.7656 1.1098 2.9591 2.4890 3.3459 1.6311 2.6130 2.9473 1.3428 2.7853 2.8575 2.4746 2.3731 2.6382 1.5750 2.5036 2.8156 0.7777 1.4601 2.6048 0.6950 3.0859 2.5490 1.2089 2.4746 1.5832 3.0079 2.6641 3.0859 3.7605 1.0694 2.6907 3.3993 1.5562 2.7368 3.1558 1.3386 3.1704 2.3795 3.3812 2.8363 3.8373 2.9126 1.0083 1.1835 2.2089 2.2815 2.7754 2.9014 3.0332 2.4124 1.0918 2.7463 3.1133 3.1273
PLLG_Haseki_tick_virus_strain_Novosibirsk-2020_E_849-1319_ESMFold 0.1470 2.4534 2.9356 2.5185 2.5185 2.7559 2.5336 0.2335 2.0740 3.3287 2.6998 0.2284 2.8259 2.7181 2.9832 2.9473 0.1933 2.6907 2.6048 2.6048 2.5725 2.0602 2.8469 2.6382 2.3051 2.9126 0.1732 2.6998 2.5260 2.6048 3.6423 2.6468 0.2374 2.4818 2.4675 3.3287 2.7368 2.8469 3.0724 0.0000 2.5725 0.1308 2.5966 2.7181 2.7953 2.9473 2.6818 2.5725 2.5885 2.4191 2.6729 0.1325 3.0724 0.1194 2.7953 3.0724 2.4604 2.6130 2.6729 3.4553 2.2197 2.5646 2.8156 3.1133 2.3991 2.7089 2.6998 2.7656 3.5144 2.5336 2.4464 2.3795 0.0578 3.0332 2.7853 2.6298 2.8054 2.6907 2.6130 2.7853 2.6818 2.4057 2.5413 2.6818 2.6641 2.8156 2.2932 2.6468 2.5036 2.9126 2.7181 2.4191 0.1273 3.0592 2.3991 2.6382 2.7368 2.7754 2.6130 2.4327 2.8575 0.1853 2.8683 2.8363 2.5036 3.2002 2.8156 2.4746 2.9955 2.7181 2.4057 4.1308 2.6214 3.1852 2.6382 2.8902 2.9241 0.1865 2.6729 0.1205 3.1852 4.1976 2.6818 2.9126 0.1216 2.6298 3.0724 0.1331 2.5646 2.6907 2.3111 0.1194 3.2466 2.8902 2.9832 0.1877 2.7953 3.0724 3.4553 2.5885 0.2374 3.0079 2.3667 0.1600 2.9955 2.8683 2.7656 2.6641 2.2874 2.6641 3.0592 3.4944 2.8683 2.5336 2.6382 2.3795 3.3812 0.1780 2.7853 0.1182 2.8156 2.5885 3.0461 0.1239 2.6048 2.2473 2.6130 2.5185 0.1171 2.9014 2.6130 2.4395 2.2586 3.2154 2.5966 2.6468 2.8469 2.8469 2.5805 2.5185 2.5260 2.5110 2.6298 2.8363 2.5036 2.5336 2.7181 2.6907 2.8575 3.0592 3.6883 2.6641 2.6818 2.6048 0.1829 2.7089 2.2700 3.6423 2.7181 2.8792 2.5725 2.8683 0.1216 3.3634 2.5260 2.5805 2.5805 2.7089 0.1239 2.9832 2.9832 0.1648 2.7089 3.2154 2.9126 3.0332 2.3925 2.7953 3.2951 2.6130 2.7754 2.8259 2.4327 2.4395 2.5966 2.3991 2.6998 2.9955 2.9356 2.4675 3.4944 3.0461 0.1239 3.0079 1.7914 2.5646 2.5966 2.3051 2.9832 2.6468 3.1558 2.4124 3.0995 2.6298 2.4604 0.2400 0.1182
FJMB_Ilheus_virus_strain_BrMS-MQ10_E_289-785_AlphaFold 2.3540 2.3540 2.9356 1.0158 3.1704 2.3991 2.8156 2.7853 2.2197 1.2107 2.4395 2.7181 0.9196 2.4124 3.2466 2.7953 2.5490 0.7305 2.3416 0.9304 0.2563 2.9126 0.8226 2.7089 2.8054 2.3478 2.5805 0.8035 0.4635 0.8905 1.3239 2.9126 2.8054 0.4520 0.4169 1.2853 0.5606 2.8683 0.6700 2.5725 0.0000 2.5885 0.4734 3.3812 0.8190 2.1465 2.3231 0.8853 2.6641 1.1114 2.6907 2.5336 2.2643 2.5805 2.0465 1.5325 2.0928 0.9182 2.3051 1.3449 2.7274 2.7656 0.8801 0.7674 2.5885 0.5725 2.6298 3.0079 1.3014 1.3054 2.7368 3.5555 2.4258 1.3239 3.1558 2.8575 1.0202 3.0332 2.5567 2.3292 0.4668 1.0278 0.6649 1.2293 2.2757 0.4504 0.9893 0.4701 0.9304 0.4456 1.3386 2.8363 2.4890 2.8363 2.5567 2.3171 0.9049 0.4610 1.8193 2.1772 1.3136 2.5413 1.3492 3.5555 0.8635 1.3034 1.2368 2.4057 2.4191 3.0079 1.2695 1.3260 2.7368 1.2293 0.4718 2.0648 2.1720 2.6641 0.4970 2.7463 3.4553 1.2406 0.8202 2.3231 2.4464 0.4232 3.3993 2.5805 0.8559 0.9807 1.0113 2.5646 1.3708 2.3925 0.9864 2.6998 1.7446 2.6641 1.3556 0.9721 2.8054 3.5981 1.3773 2.7953 2.3231 2.3667 0.5134 2.5185 2.5413 0.3937 2.1720 1.3323 2.8469 0.4504 2.1415 1.8372 0.7640 2.5336 1.5887 2.4191 2.3171 0.6288 0.8827 2.4890 2.6641 2.0928 0.8094 0.5569 2.4963 1.9240 0.6278 2.3171 2.3051 1.2793 0.9821 0.4635 2.7368 0.9608 0.9893 0.5004 2.5805 0.7404 2.7181 2.3991 0.6700 2.2252 0.9608 1.8193 2.6554 0.8118 1.2853 2.6998 2.3991 1.1729 2.6468 2.4746 3.0995 1.3034 2.5490 3.3287 1.4270 2.3354 2.5036 2.8259 2.7754 2.5885 1.4649 2.6641 2.6130 0.6074 1.2853 2.6641 0.5344 3.1273 2.5966 1.0232 2.4327 1.4770 2.5646 2.6554 2.8792 3.6423 0.9636 2.6554 2.9126 1.4625 2.7368 2.8575 1.2144 3.0724 2.7953 3.0205 2.4327 3.4553 3.1133 0.9129 0.9908 2.1617 2.3795 2.2700 3.7119 2.7089 3.1273 1.0710 2.8156 2.8054 2.5336
PLLG_Flaviviridae_sp._isolate_TIGMIC_8_E_884-1354_ESMFold 0.0321 2.1668 3.7856 2.3416 2.5725 2.6468 2.5725 0.2361 2.2362 3.0995 2.7274 0.1908 2.7089 2.8575 2.7754 3.7605 0.1847 2.4746 2.8363 2.4963 2.5885 2.8054 3.2002 2.7559 2.2700 2.4057 0.1588 2.5490 2.4890 2.8469 3.5347 2.6130 0.2316 2.6214 2.4534 2.8902 2.6998 2.8469 2.9241 0.1308 2.5885 0.0000 2.7656 2.7274 2.5646 2.6641 2.7559 2.5336 2.3991 2.5567 2.7754 0.0936 2.6298 0.0172 2.5036 3.1133 2.2089 2.5336 2.4124 2.9711 2.0648 2.6298 2.7274 2.7274 2.4464 2.4963 2.6048 2.6907 3.3993 2.7089 2.5966 3.0205 0.1273 3.6423 2.8259 2.7368 3.0592 3.0724 3.3812 2.6130 2.7754 2.5490 2.5885 2.5110 3.2787 2.6554 2.4258 2.6048 2.6298 2.5336 2.5336 2.2362 0.0213 2.6382 2.5413 3.1133 2.6468 2.7089 2.5036 2.1617 2.4963 0.1908 2.3860 2.1982 2.6298 3.3812 2.5185 2.7754 2.5725 2.8054 2.5805 2.6998 2.4963 2.8469 2.6468 2.7754 2.6998 0.1636 2.7953 0.0264 3.4553 3.6200 2.4890 2.8156 0.0223 2.5260 2.9241 0.0958 2.5805 2.6048 2.4258 0.0243 3.5347 2.5490 3.2309 0.1684 2.5036 2.6641 3.3812 2.4327 0.2316 2.6130 2.5336 0.1529 2.9241 2.7754 2.6214 2.9832 2.0286 2.5805 2.4124 3.0995 2.5805 2.6729 2.7656 2.3111 2.9955 0.1612 2.9014 0.0274 3.0079 2.2643 2.8259 0.0223 2.3051 2.1023 2.7089 2.6641 0.0151 2.5805 2.5646 2.5260 2.2874 3.2625 2.4124 2.6998 2.5490 2.8363 2.5110 2.5336 2.3416 2.6907 3.6651 2.6641 2.2991 2.9591 2.7368 2.6382 2.6468 2.6818 3.6423 2.5646 2.4124 2.4963 0.1920 2.6729 2.2586 3.8112 2.5490 2.8363 2.6641 2.6818 0.0202 2.8792 2.6214 2.4963 2.9955 2.6998 0.0264 2.5413 3.3634 0.1553 2.5185 2.7953 2.9832 2.5725 2.5260 2.7274 2.7463 2.5805 2.5260 3.2309 2.4124 2.6382 2.7559 2.4963 2.6130 2.7953 2.6048 2.8683 3.1704 3.2625 0.0223 3.4553 1.7031 2.4258 2.4057 2.4818 2.8363 2.6907 2.5036 2.1415 2.7656 2.7953 2.6298 0.2342 0.0295
FJMB_Cacipacore_virus_E_289-787_AlphaFold 2.6729 2.2306 2.6998 0.9441 3.0859 2.4963 2.4963 2.8683 2.2700 1.2754 2.3051 2.5725 0.8559 2.7656 6.2309 3.5555 2.2700 0.7382 2.5036 0.8459 0.4768 2.8054 0.7697 2.5185 2.6729 3.0995 2.6468 0.8202 0.3022 0.8559 1.2913 2.8792 2.8259 0.4987 0.3861 1.3239 0.6507 2.6382 0.7426 2.5966 0.4734 2.7656 0.0000 2.6998 0.8361 1.9161 2.3540 0.9277 2.6998 1.0838 2.5260 2.8156 2.2874 2.5567 2.2035 1.5351 2.1720 0.9893 2.4124 1.2463 2.8156 2.4818 0.9427 0.8047 2.3540 0.6466 2.5110 3.0592 1.2636 1.3906 4.0669 3.2154 2.5260 1.2107 3.2154 2.7953 1.0742 3.8639 2.5646 3.2154 0.4936 1.0742 0.6731 1.2993 2.4746 0.3346 0.9594 0.3119 0.9250 0.2953 1.3428 2.9356 2.4963 2.7656 2.4464 2.1982 0.8711 0.3232 1.7446 1.9854 1.3578 2.5805 1.1943 3.2625 0.9879 1.2181 1.1925 2.3171 2.1168 2.7754 1.2330 1.1853 3.2002 1.3365 0.3175 2.0602 2.2035 2.5646 0.3403 2.4890 3.1273 1.2052 0.8422 2.1668 2.5260 0.3968 3.3993 2.6729 0.8788 0.9455 1.0278 2.5260 1.2833 2.4395 1.0522 2.5110 1.7220 2.8469 1.4601 0.9413 2.8259 3.4177 1.3449 2.6130 2.2197 2.8363 0.3375 2.8683 2.8792 0.5056 2.2932 1.2656 2.3795 0.4953 1.9603 1.9161 0.8142 2.4464 1.6664 2.6298 2.2815 0.6527 0.8422 2.3991 2.4057 3.0332 0.7987 0.5344 2.5185 2.0740 0.6608 2.3795 2.6468 1.4132 0.9399 0.5134 2.7754 0.9980 1.0069 0.3403 2.7181 0.7976 2.7274 2.5490 0.6887 2.1316 1.0024 1.7577 2.6298 0.7812 1.1537 2.6468 2.5725 1.0600 2.6048 2.8363 2.9711 1.3365 2.6468 2.6729 1.4795 2.2362 2.5805 4.0985 3.2951 2.5725 1.4844 2.4890 2.6818 0.6618 1.3219 2.4890 0.6142 3.0205 2.3540 0.9386 2.6382 1.5723 2.7656 2.6554 2.9241 3.2309 0.9922 2.7853 2.5567 1.3729 2.4395 3.0461 1.3136 2.9832 3.0592 3.3634 2.5413 2.6298 2.7953 1.0338 1.1016 2.4818 2.0510 2.1465 2.8792 3.1414 2.2417 1.0323 2.7853 2.7953 2.6214
PLLG_Brachymeria_lasus_associated_flavi-like_virus_E_533-982_AlphaFold 2.9126 2.0556 3.3812 2.4395 2.5110 2.6382 2.2700 2.7463 2.1415 3.0859 2.8054 3.1704 2.6554 1.8554 3.8112 3.0724 3.0859 3.2309 2.8902 2.7089 2.8792 3.6883 2.5725 2.8259 2.2417 2.9591 3.1852 3.0592 2.5413 2.9711 3.1414 2.2362 2.7463 2.6554 2.9126 2.9356 2.4057 2.8156 3.2625 2.7181 3.3812 2.7274 2.6998 0.0000 2.9711 2.9711 2.7463 3.1558 2.6641 2.3231 2.3731 2.9832 2.6048 3.0205 2.9473 2.8575 2.8054 2.8683 2.3171 2.9711 2.7853 2.6130 2.7463 2.8902 3.4747 2.9014 3.2002 4.2322 3.0995 2.5966 2.8259 3.3287 3.0079 2.6554 1.6282 3.3118 2.6130 2.8683 3.2002 2.9591 2.6382 2.6382 2.6907 3.2466 3.1133 2.6998 2.5185 3.0332 3.0724 2.5567 2.8363 2.1415 2.8259 2.8575 2.8054 2.7853 2.4963 2.4327 2.8683 2.4746 2.5413 2.9591 3.1558 2.9014 2.5567 3.0724 2.9241 2.0556 2.7463 2.2586 3.3287 3.0859 2.5185 3.1133 2.7089 2.6998 3.3118 2.9014 2.5260 2.8902 3.0995 3.5347 2.6998 2.7089 2.5725 2.9356 2.6729 3.1558 2.8575 2.7953 2.9473 2.8363 2.6130 3.0205 2.5725 2.8792 2.8363 2.8902 3.2951 2.8792 2.7463 3.5555 3.0461 2.8156 2.9473 2.7853 2.7953 3.0332 3.6883 2.8902 3.1414 2.5567 2.5567 2.6729 2.6214 2.6554 2.5036 2.6818 2.9473 2.6729 2.8363 3.1133 2.4604 2.6818 2.4327 2.2089 2.7953 2.9591 2.8156 2.8054 2.9711 2.9241 2.2529 2.9473 2.9473 2.7274 3.0724 2.8469 2.7089 2.7754 2.6214 2.6729 2.3991 2.8054 2.5885 2.9356 2.9356 2.6298 2.9832 3.0995 3.1273 2.4395 2.9126 2.6729 3.0724 3.0859 2.9711 3.0332 3.3634 3.9188 2.5966 2.6298 2.7754 2.9711 3.1273 2.7559 3.2625 3.0995 2.8683 3.5766 2.7953 3.1558 2.9711 2.6214 3.2309 2.7953 2.7181 3.2309 2.4191 2.6641 2.1516 3.1414 2.6298 1.9981 2.7089 2.9591 2.6130 2.8156 3.0205 3.0724 2.5646 2.0024 2.6214 2.2874 3.3993 2.7656 2.7754 2.2874 2.4675 2.5110 2.4057 3.1704 2.1876 2.9591 2.5646 2.7089 2.9126
FJMB_Dengue_virus_3_E_281-773_AlphaFold 2.6998 2.5966 3.3118 1.1298 3.2787 2.6130 2.4818 2.9955 2.4327 1.2833 2.6298 2.8054 1.1485 2.6048 3.8911 3.5555 2.8156 0.7964 2.5725 1.0202 0.8635 2.8469 0.5407 2.8902 2.9473 2.7559 2.8156 1.1264 0.8892 1.0507 1.3817 2.4191 2.8902 0.9580 0.8698 1.2520 0.9594 2.7754 0.7674 2.7953 0.8190 2.5646 0.8361 2.9711 0.0000 2.0602 2.4534 1.1081 3.1133 1.0983 2.8363 2.5567 2.6130 2.4890 2.0648 1.5094 2.1071 1.0247 2.5567 1.3884 2.7754 3.3812 0.9496 0.4359 2.4675 1.0308 2.5567 2.6382 1.4041 1.3492 2.6729 2.9126 2.9955 1.3642 2.7559 2.9473 1.1147 2.4464 2.5966 2.8575 0.9250 1.0694 0.6507 1.3034 2.5036 0.8299 1.0616 0.8686 1.0323 0.8931 1.2501 3.2466 2.4963 2.8683 1.9896 2.2089 0.9850 0.8648 1.8853 2.4124 1.4819 2.6214 1.3840 3.2309 1.0838 1.3795 1.2255 2.7656 2.4818 3.2951 1.2617 1.3795 2.8259 1.1365 0.8287 2.3292 2.5185 3.1414 0.8398 2.7274 2.9711 1.3054 1.1349 2.4395 2.3991 0.8673 2.9356 2.6641 1.0010 1.1247 1.0647 2.6214 1.3075 2.7559 1.1065 2.9955 1.9044 3.2951 1.3773 1.1032 2.8902 3.3287 1.4601 2.9473 2.2473 2.8469 0.8905 2.5885 3.1133 0.9468 2.4890 1.2715 2.3416 0.9236 2.2757 2.2529 0.9075 2.5646 1.4918 2.4675 2.1168 1.0983 1.1264 2.5336 2.9241 2.1516 1.0902 0.9455 2.7559 1.8777 0.9735 2.3991 3.2466 1.2598 1.0616 0.9496 2.5966 1.0600 1.1468 0.8472 2.6907 0.9893 2.9014 2.6818 1.0173 2.3051 1.0999 1.9240 2.8902 0.2709 1.4819 2.5260 2.7089 1.0999 2.8902 3.0332 3.0079 1.5170 2.6641 2.6468 1.3642 2.4963 2.6298 2.9473 2.8575 2.7274 1.5562 2.7853 2.5567 0.9807 1.2181 2.9473 0.9792 2.7853 2.4124 1.2913 2.8902 1.4410 3.2154 2.7953 2.7181 3.1133 1.0710 2.9014 2.4963 1.6196 2.7953 2.9241 1.2734 3.2625 2.6554 3.2466 2.6048 2.9241 3.0079 1.0663 1.0323 2.3292 2.1824 2.4124 3.1558 3.0332 2.5185 1.0187 2.9955 2.9711 2.5805
FJFL_Tamana_bat_virus_isolate_P3_Vero_E_347-780_ESMFold 3.0332 2.1415 2.9356 2.2815 3.1852 2.5966 2.6468 3.3118 2.2815 2.3603 2.6729 2.8054 2.2473 3.6200 2.9955 2.7953 2.8156 2.4818 2.6729 2.2529 2.1465 2.5805 2.1023 2.1071 2.4675 2.9711 2.5490 2.1365 2.0465 2.4327 1.9521 2.5490 3.3118 2.2035 2.0648 2.2643 2.3051 2.5110 2.0787 2.9473 2.1465 2.6641 1.9161 2.9711 2.0602 0.0000 2.6641 2.2306 2.5885 2.1023 3.1133 2.8792 2.4890 2.6130 2.7089 2.2089 2.6641 2.4057 2.3051 2.0602 2.6641 2.7559 2.2815 2.0834 2.5185 2.4124 2.6818 2.4604 2.0787 2.1982 2.6298 2.7089 2.8575 2.0976 2.7853 3.0332 2.4124 3.2787 2.9126 2.7656 2.0648 2.2035 2.0375 2.2643 2.5646 2.0648 2.0556 1.8777 2.1982 2.0198 2.1982 2.5413 2.4258 3.2951 2.6130 2.6818 2.3540 1.9854 2.2197 2.3478 2.5110 2.8054 2.1982 2.2700 2.3231 2.2306 2.7463 2.4327 2.0286 2.9591 1.9360 2.1617 2.5336 2.0928 2.0198 2.4604 2.6998 3.1414 2.0286 2.4464 2.7368 1.8702 2.1772 2.5260 2.8259 2.0510 3.6423 2.6998 2.3051 2.1876 2.2473 2.6641 2.1566 2.4258 2.2932 3.0995 1.8628 4.7194 2.2417 1.9562 3.3118 3.0859 2.0602 2.8683 3.1704 2.8363 1.8853 2.8575 3.5144 2.1720 2.7754 2.0787 2.3051 2.1465 2.4675 2.1023 2.2643 2.7368 1.9939 2.6729 2.3540 2.4963 2.4534 2.9241 2.5966 2.2932 2.2874 2.3925 2.5110 2.3925 2.2586 2.3603 2.6214 2.3795 2.3795 2.0154 2.7853 2.2700 2.0928 2.0602 2.6554 2.3111 2.5567 2.6998 2.3051 1.9201 2.8469 2.1415 2.8363 2.1415 2.1365 2.5725 2.6998 2.1217 2.7463 2.9711 2.8259 2.0198 2.4963 2.4746 2.6048 2.9356 2.6641 4.0985 6.1419 2.5725 2.0286 2.6214 2.7274 2.5646 2.3540 2.6998 2.2991 3.6200 2.7656 2.7656 2.7463 2.2815 2.8902 2.8156 3.2309 3.0205 2.1023 2.8363 2.8054 1.9122 2.6818 3.6883 2.5336 2.6907 2.6214 2.8363 2.7559 3.2625 3.5766 2.2991 2.3731 2.7089 2.5336 3.1704 2.4890 2.9356 2.9832 2.3540 2.7656 3.2002 2.6818
FJIS_Anopheles_flavivirus_variant_1_E_277-612_AlphaFold 2.9955 2.6298 2.4464 2.1929 3.3993 1.6634 2.7463 3.2154 2.6998 2.4124 1.8123 2.6998 2.3292 3.0332 3.3287 3.8639 2.8575 3.0205 1.6724 2.2362 2.5490 2.3991 2.9591 2.4675 3.0332 2.0556 2.6641 2.3795 2.4890 2.6382 2.8156 3.0995 3.0995 2.5490 2.3795 2.1071 2.0694 2.2143 2.7953 2.6818 2.3231 2.7559 2.3540 2.7463 2.4534 2.6641 0.0000 3.0205 2.4746 2.4057 3.0461 2.9711 1.5750 2.9241 1.8229 2.2529 1.4673 2.6818 2.6468 3.3812 2.7953 2.9241 2.7274 2.2362 1.5509 2.3925 2.9241 1.5696 2.7368 2.3667 2.4818 1.8554 2.5805 3.2002 2.4534 2.8259 2.3860 3.0859 3.3287 2.4890 2.4258 2.2529 2.3171 2.2757 1.6545 2.3731 2.3540 2.1617 2.5725 2.4191 2.1415 2.7463 2.8363 2.8259 1.3599 1.5456 2.2197 2.2417 2.4395 1.5120 2.2417 3.1414 2.2874 2.6214 2.3731 2.8902 1.9521 2.6298 1.2695 2.4818 2.4057 2.2089 3.2466 2.2815 2.0556 1.4481 1.4993 2.7754 2.2874 2.6130 2.9126 2.8363 2.2932 1.4577 2.8683 2.5966 3.4363 2.7089 2.4675 2.6382 2.5260 2.7559 2.7953 2.2473 2.6641 3.2466 2.3991 2.6298 2.4534 2.4534 3.0995 3.4553 2.1929 2.6818 0.1976 1.9044 2.3051 2.6641 3.3118 2.3925 1.7220 2.7274 1.4746 2.6214 1.4247 2.4327 2.5885 2.9126 2.6298 2.9591 2.2991 2.8054 2.5036 2.8469 2.6998 2.0694 2.5185 3.2466 2.6048 2.5110 2.3231 1.7252 2.6641 2.1772 2.5490 2.5725 2.6554 2.5725 2.5185 2.2417 2.7274 2.4746 2.8902 1.7677 2.1720 3.3287 2.4327 2.3292 2.7368 2.4746 2.4890 2.7559 1.9481 2.3292 2.8683 2.1876 2.1120 3.0205 2.4818 1.5196 2.2417 2.0602 2.9014 2.8683 3.2625 2.4464 2.5646 1.7744 3.0079 2.6554 2.6641 3.4177 2.3795 3.1852 2.3795 2.7953 1.3996 2.4395 3.0461 2.5885 2.5567 3.8639 2.3478 2.6298 3.0592 2.0787 1.6634 3.0205 2.4258 2.9711 1.6515 2.9711 2.5336 3.6651 2.8902 2.3111 2.4057 2.6298 1.5069 0.1939 2.5966 2.6130 2.8469 2.1929 2.4464 3.0995 2.7368
FJMB_Long_Pine_Key_virus_strain_Sabal-12019_E_309-798_AlphaFold 2.5725 2.7368 3.9761 1.1147 3.0995 3.1133 3.0332 3.0592 1.8967 1.3708 2.5110 2.7559 0.6278 2.5336 3.0332 2.9356 2.7463 1.0507 2.8683 1.1231 0.8853 2.2815 1.0113 3.1704 2.9832 2.9014 2.6382 0.6731 0.8686 0.4885 1.6634 2.5966 3.0724 0.9049 0.8944 1.4458 1.0217 2.7181 0.9864 2.5725 0.8853 2.5336 0.9277 3.1558 1.1081 2.2306 3.0205 0.0000 2.7089 1.0934 2.8792 2.7181 2.3416 2.6468 2.5567 1.7381 2.2874 1.1214 2.8469 1.3323 2.5805 2.5490 0.9358 1.0187 2.5413 0.9223 3.1558 2.8259 1.4770 1.6398 3.0724 3.0461 2.8792 1.4064 2.4746 2.7089 1.1537 3.6883 2.9473 2.6818 0.9317 1.1889 0.9721 1.6846 2.7368 0.9850 1.1164 0.9835 1.1098 0.8801 1.5535 2.4464 2.5885 2.8792 3.6883 2.4327 0.8711 0.8348 2.1772 2.1415 1.4247 2.8156 1.4340 2.9241 1.0024 1.2993 1.3386 2.6554 2.4963 2.6907 1.6754 1.3817 2.8902 1.4434 1.0010 2.4890 2.4464 2.5413 0.9062 2.6998 2.6298 1.4064 1.0143 2.4890 2.6214 0.9331 2.8792 2.8683 0.9749 1.1782 1.3260 2.4395 1.3708 2.7953 1.1382 2.8259 1.9006 2.8156 1.6398 1.1332 3.0724 3.5347 1.5562 2.9014 2.6554 2.8683 0.9893 2.5413 3.0995 0.9413 2.3171 1.4869 2.4890 0.9304 2.2362 2.2197 1.1332 2.5885 1.7914 2.5567 2.0375 0.9482 0.7207 2.5725 2.6382 2.2417 0.5108 1.0217 2.4746 2.0740 0.9441 2.3051 2.8363 1.5696 1.1231 0.9223 2.2035 0.8214 1.1818 0.9707 2.6382 1.0902 2.5260 3.0859 0.9386 2.0198 1.0083 1.9320 3.0995 1.0507 1.3407 2.7368 2.9356 0.9650 3.0205 2.4395 3.3812 1.9320 2.5805 3.2154 1.4247 2.7368 2.6554 4.6278 2.9591 2.6554 1.5943 2.2815 2.6998 0.9792 1.5145 2.9832 0.9250 2.8792 2.8575 0.5837 2.5646 1.6282 2.5725 2.7559 3.3812 3.0079 1.1853 2.6298 2.8156 1.5145 3.1558 2.9591 1.5044 2.9356 2.5036 3.5766 2.5336 2.5805 2.9591 1.1231 1.1606 2.5336 2.2035 2.6468 2.8054 2.9591 2.5567 1.1961 3.0724 3.1133 2.5490
FJJI_Jingmen_tick_virus_isolate_JTMV_1_segment_2_orfVP1_E_203-544_AlphaFold 2.5336 0.1696 0.7437 2.6382 3.2002 2.6298 3.2309 2.7656 2.5490 2.9014 2.6298 2.5966 2.8054 2.8575 3.9472 3.5766 2.5567 2.3292 2.6048 2.8054 2.9832 2.4057 2.5490 3.0592 2.6641 3.0592 2.8575 2.7463 2.8792 2.7754 4.1638 2.4395 2.7656 2.4057 2.9473 2.4534 3.8112 2.6130 2.5260 2.5885 2.6641 2.3991 2.6998 2.6641 3.1133 2.5885 2.4746 2.7089 0.0000 2.9591 2.5336 2.5646 2.6382 2.6554 2.2143 3.0332 2.9241 2.9711 0.0652 4.2677 3.0995 2.5805 2.6130 2.7181 2.7463 2.7754 2.9955 2.8469 3.3812 2.8575 3.3118 2.4746 2.5110 3.5347 3.5144 1.0461 3.1704 2.6554 3.2002 3.3287 3.0461 2.7089 2.7463 2.7853 2.5260 2.5185 3.1273 2.9014 2.8054 2.8469 2.8054 3.3634 2.6468 0.1654 2.8575 2.8363 2.4258 2.8259 2.5036 3.0859 2.9711 2.5260 2.4327 2.5185 3.1558 3.5144 2.9711 0.1624 2.7656 3.2625 2.8259 2.9126 0.0891 2.6130 3.0859 2.9473 2.4327 2.5725 2.7559 2.6382 3.4553 2.9832 3.5144 2.7463 2.9591 3.0724 2.7463 2.4675 2.7463 2.0881 2.3416 2.6907 4.2322 3.1704 2.4963 2.5490 2.7181 2.8902 2.3925 2.5567 2.7656 1.0217 2.9591 2.8469 2.6641 2.7463 2.6130 0.7743 2.7274 3.1133 2.6048 3.2466 2.5646 2.6818 3.1133 2.5805 2.7463 2.4464 2.6907 2.4464 2.6130 2.8469 2.6818 2.9473 0.0826 2.3231 2.5110 2.5646 2.7368 2.6382 2.7181 3.0995 0.1853 2.4057 3.0332 3.3993 2.9832 3.2154 2.5805 2.8156 0.0336 2.8792 2.6998 2.7274 2.9591 2.6554 3.5144 2.6818 2.8259 3.0332 3.4553 0.0771 2.7089 3.3459 2.7089 2.7559 2.2306 3.2787 2.4818 2.6298 3.1273 2.6382 2.7559 3.2154 3.3634 0.0837 2.5567 2.5725 2.5336 2.6382 2.7656 2.8054 3.2002 2.6382 2.6729 2.6048 3.1414 3.0205 2.9473 0.0264 2.9014 3.9472 2.8575 2.6907 3.0205 2.7754 2.9711 3.2309 2.4746 1.0616 2.6818 2.8902 2.6998 3.5144 2.4258 2.7368 2.8902 0.0652 3.1558 2.7274 3.2951 2.6998 2.2932 2.7368 3.4944 2.7274 2.5805
FJMB_Aripo_virus_isolate_TR9096_E_294-791_AlphaFold 2.5725 2.5336 3.0859 1.2734 3.1558 2.6298 2.8156 2.7656 2.6048 1.7511 2.5805 2.5567 1.0726 2.4746 4.5407 2.9356 2.4675 1.2218 2.5036 1.3095 1.1871 2.6818 1.2598 2.6998 2.7754 3.0205 2.5567 0.9468 1.0679 0.9223 1.6224 2.8363 2.7853 1.2330 1.0263 1.6082 1.0217 2.8792 1.1365 2.4191 1.1114 2.5567 1.0838 2.3231 1.0983 2.1023 2.4057 1.0934 2.9591 0.0000 2.4890 2.6907 2.4604 2.6907 2.2757 1.6634 2.2197 1.3344 2.7853 1.5669 2.5260 3.4177 1.1164 1.1589 2.2473 1.2237 2.5885 3.0332 1.6456 1.6574 3.1273 3.3634 2.7953 1.5325 2.8259 2.8156 1.2501 2.4327 2.8156 3.0995 1.1624 1.2617 1.1016 1.6196 2.9126 0.9864 1.2715 1.0886 1.3621 1.0902 1.6311 3.2002 2.5413 3.0859 2.2757 2.3478 1.1147 1.1264 2.2089 2.2586 1.6026 2.3860 1.5351 2.6468 1.3664 1.5805 1.5535 2.6998 2.4258 3.0859 1.8665 1.7284 2.5110 1.5196 1.0742 2.4395 2.6818 2.5646 0.9908 2.5805 2.6818 1.6515 1.1147 2.3860 2.6998 1.0143 2.7463 2.8683 1.1016 1.4363 1.3281 2.6641 1.5222 2.7089 1.4844 2.6998 1.9728 2.7368 2.0834 1.4201 2.7853 3.2002 1.7812 2.7274 2.4604 2.7953 1.0838 2.7559 2.6554 0.9850 2.4746 1.7000 2.1120 1.2274 2.2815 2.2991 1.0822 2.3416 1.6545 2.7181 2.2700 1.0967 0.9413 2.5885 3.2309 1.9811 0.9223 1.2070 2.6907 2.4124 1.1961 2.6641 2.7656 1.5723 1.2933 1.2034 2.6554 0.9209 1.3556 1.1399 2.8902 1.2973 2.8156 2.8054 1.2089 2.1824 1.1835 2.1516 2.6130 1.2125 1.5170 3.2309 2.7274 0.0880 2.7559 2.2643 2.8259 1.6369 2.8259 3.0592 1.7000 2.8469 2.6998 3.0724 4.0360 3.1558 1.7284 2.4464 2.6907 1.1729 1.7000 2.6298 1.2034 3.1133 2.7853 1.1032 2.2874 1.6604 3.0724 2.8363 3.2002 3.8911 1.1997 2.5336 3.3459 1.5642 2.4890 3.3459 1.4041 3.1133 2.5725 3.6200 2.6818 2.8575 2.6641 1.2873 1.4201 2.5646 2.4057 2.5490 3.0592 2.5413 2.8363 1.3599 3.1273 2.8156 2.6818
PLLG_Tacheng_tick_virus_8_strain_TCP-2_E_1414-1898_AlphaFold 2.5805 2.7656 2.8683 2.4963 2.5966 3.4363 1.9811 2.6298 2.2252 3.1704 2.9832 2.7656 2.7181 2.5805 3.4944 5.5890 2.4675 2.8469 3.0332 2.5336 2.7853 2.6554 2.7953 2.8259 2.1668 3.7605 2.7559 2.5646 2.3731 2.8469 3.1558 2.2586 2.6298 2.8902 2.3925 2.9014 2.5110 3.4553 3.0205 2.6729 2.6907 2.7754 2.5260 2.3731 2.8363 3.1133 3.0461 2.8792 2.5336 2.4890 0.0000 2.5490 2.7274 2.6214 3.1273 3.0592 2.6130 2.4057 2.9126 2.9473 2.6048 2.9356 2.9126 2.5490 2.7368 2.5805 2.3795 3.0461 2.5805 2.9126 2.2700 2.7953 2.5490 2.6298 2.5036 3.1704 2.6729 2.8363 2.3354 2.8054 2.3991 2.5413 2.5185 2.6298 2.5885 2.6729 2.9591 2.5260 2.4675 2.4057 2.9832 2.5490 2.5885 2.9473 3.4177 2.7754 2.9832 2.5885 2.6382 2.4746 2.5966 2.4746 2.9241 2.2473 2.8156 3.0859 2.8792 2.5725 2.7089 2.8259 2.8469 2.8575 2.6382 2.5185 2.6554 2.6048 2.8469 2.7274 2.6907 2.6907 3.5347 2.3171 2.8054 2.7559 2.4890 2.2700 2.6641 2.5646 2.7089 2.7274 2.6048 2.6130 3.3812 2.6554 2.6468 2.6214 2.7089 2.6641 2.6214 2.4395 2.6298 3.4747 2.7853 2.6468 2.8902 3.0859 2.4746 2.7368 2.8363 2.6998 2.7656 2.3231 3.2002 2.5413 2.2586 2.7181 3.2466 2.4124 2.3991 2.5413 2.9832 2.8575 3.1414 2.4890 2.6298 2.7089 2.8902 2.7853 2.5646 2.5885 2.8575 2.8259 2.7368 3.1273 2.3416 2.4818 2.7656 2.5805 2.4534 2.6214 2.5413 2.9126 3.4177 3.3287 2.8156 2.9473 3.0461 2.6641 2.9356 2.6048 2.5646 2.8902 3.0592 2.4818 2.8469 2.3860 2.6468 2.9955 3.9761 2.9241 2.5805 3.2951 2.6729 3.2625 2.8792 2.9711 2.6048 3.3634 2.7953 3.1558 3.0205 2.5885 2.6130 2.8054 3.3634 2.9241 2.5490 2.8156 2.0694 2.4963 2.0834 2.9711 2.3540 2.3540 2.6641 2.8575 3.5766 2.3111 3.2951 2.9356 2.8683 2.6729 2.5413 3.1558 3.0724 2.4963 2.7656 2.5725 2.2874 2.6554 2.6298 3.1704 2.5110 2.8259 2.4464 2.5966 2.6298
PLLG_Flaviviridae_sp._isolate_TIGMIC_32_E_888-1358_ESMFold 0.1002 2.4258 3.2951 2.5885 2.3171 3.0592 2.3667 0.2393 2.3795 3.2625 2.9241 0.1994 2.9591 2.7181 2.5567 3.0995 0.1964 2.7181 3.4363 2.7089 2.7754 1.9769 3.1273 3.0995 2.4818 2.6214 0.1732 2.9356 2.5885 3.1558 3.0205 2.4604 0.2439 2.5185 2.5885 3.0461 3.2309 2.6998 2.9711 0.1325 2.5336 0.0936 2.8156 2.9832 2.5567 2.8792 2.9711 2.7181 2.5646 2.6907 2.5490 0.0000 2.9711 0.0914 2.8054 3.0332 2.3231 2.3991 2.4124 3.3459 2.1617 2.8259 3.1852 3.0859 2.3667 2.8469 2.6641 2.8363 3.3812 2.8259 2.8156 4.3039 0.1114 3.2002 3.1558 2.7754 2.7754 2.6298 2.9473 3.3993 2.7463 2.4057 2.8469 2.9832 3.1704 2.8054 2.4057 2.6729 2.6048 2.6382 2.8156 2.5885 0.0875 2.8259 2.6130 2.5805 2.9955 2.7181 2.5646 2.3540 2.4675 0.1964 2.8469 3.3118 3.0724 2.9356 2.7953 2.2932 2.5805 2.7274 2.8054 3.7119 2.6907 3.0461 2.8683 2.7089 2.5490 0.1756 2.7559 0.1013 2.6641 4.1638 2.7089 3.1852 0.0958 2.6641 2.8054 0.0070 3.1852 2.6382 2.4963 0.0958 3.2625 2.9591 3.7360 0.1853 2.6818 3.0205 3.2154 2.4464 0.2439 2.2757 2.8575 0.1702 2.9126 3.2951 2.5036 3.1133 2.1516 2.7559 2.9356 3.5144 2.8363 2.5413 2.3667 2.1720 3.2625 0.1756 3.1273 0.0925 2.8792 2.5490 3.7856 0.0958 2.6554 2.3795 2.8792 2.6998 0.0958 2.9473 2.5490 2.4818 2.3231 3.0205 2.5036 2.6468 3.2154 2.6729 3.1414 2.6130 2.6468 2.5336 2.9356 2.8469 2.4890 2.9356 2.6641 2.7274 2.6130 3.0332 3.5347 2.7559 2.4963 2.7953 0.1600 3.2951 2.1415 3.0461 2.4327 3.2625 2.9241 2.6818 0.0936 2.4963 2.7089 2.5885 2.8469 2.8363 0.0980 2.6554 2.8575 0.1732 2.6907 2.7559 2.6998 3.1414 2.5885 2.7181 3.0079 2.7559 2.3667 3.6200 2.5413 2.8902 2.5110 2.7656 3.2466 3.2787 3.0995 2.6048 3.0859 3.5555 0.0914 3.0332 1.7284 2.5966 2.4124 2.3795 2.3540 2.4818 2.4890 2.4464 2.9832 2.8683 2.6468 0.2478 0.0925
FJIS_Aedes_flavivirus_AEFVMQ29Bogor2017_E_326-705_AlphaFold 2.8469 2.1824 3.0592 2.6641 3.5555 1.3344 2.8156 3.0461 2.5966 2.4395 1.1451 2.7853 2.5185 2.8259 3.1133 2.2757 2.8363 2.7656 1.3621 2.1617 2.4818 2.8902 2.5110 2.3231 2.5490 1.2813 2.7181 2.5413 2.6130 2.7181 2.3540 2.7181 2.8575 2.3231 2.4258 2.2306 2.4327 1.3973 2.5725 3.0724 2.2643 2.6298 2.2874 2.6048 2.6130 2.4890 1.5750 2.3416 2.6382 2.4604 2.7274 2.9711 0.0000 2.6907 1.7189 2.1365 1.2368 2.4818 2.3231 2.8259 2.8469 2.5490 2.4818 2.2643 0.4709 2.4604 2.5336 1.7846 2.4191 2.4258 3.5555 2.6382 3.0724 3.0995 2.8683 2.6214 2.8259 2.6382 2.9711 2.7368 2.5413 2.6214 2.6130 2.6214 1.7983 2.2643 2.5110 2.2991 2.4327 2.4124 2.5725 2.7181 2.7181 2.5185 1.5998 1.2016 2.4604 2.4191 2.7181 1.1624 2.3231 2.9711 3.4553 3.8911 2.4395 2.9356 2.6998 2.2757 1.6456 2.8363 2.2143 2.4124 2.4258 2.3925 2.3731 1.3075 0.0578 3.3459 2.3416 2.7559 3.0461 2.5805 2.2035 1.5750 2.7463 2.5336 3.0592 2.9014 2.4191 2.6382 2.6554 2.9241 2.7953 2.9126 2.4818 2.7754 2.6729 2.6998 2.7368 2.4464 2.8575 3.0724 2.3925 2.6998 1.7125 1.4132 2.4604 2.5646 2.7089 2.4464 0.0357 3.0592 1.6969 2.3603 1.2330 2.1668 2.5260 2.6468 2.4963 2.9014 2.0928 2.4395 2.5490 2.7754 2.3416 2.1120 2.7463 2.5567 2.9356 2.2362 2.3991 1.4317 2.8575 2.1023 2.3795 2.3860 2.8363 2.6214 2.6298 2.4464 2.3795 2.5725 2.4675 1.2559 2.6907 2.8575 2.4395 2.2874 2.5805 2.3416 2.5490 2.4124 1.4270 2.4818 2.6998 2.7181 2.5110 2.3925 2.1876 1.7880 2.5885 1.3664 2.9711 2.6907 3.5555 2.5185 2.4327 1.3513 2.6641 2.3925 2.4327 2.7463 2.4124 2.9591 2.0242 2.5110 1.1315 2.1168 2.6468 2.4395 3.1558 4.1638 2.4818 2.6818 3.0995 2.1365 1.3054 2.8156 2.5490 2.9711 1.1081 2.5885 3.0079 2.7853 2.5805 2.8259 2.4191 2.3603 1.2540 1.7744 2.0154 3.4944 2.9126 2.6130 2.4534 2.7754 3.0332
PLLG_Flaviviridae_sp._isolate_TIGMIC_27_E_884-1354_ESMFold 0.0233 2.4534 3.0332 2.4057 2.3667 2.6468 2.4191 0.2310 2.1668 3.1852 2.7559 0.1859 2.7368 3.0079 3.3118 3.2951 0.1792 2.7754 2.8363 2.4124 2.7754 2.7089 3.1704 2.7368 2.3231 2.3171 0.1541 2.5725 2.5646 2.7953 3.1273 2.6818 0.2265 2.6048 2.4327 2.9014 2.6907 2.7559 2.8259 0.1194 2.5805 0.0172 2.5567 3.0205 2.4890 2.6130 2.9241 2.6468 2.6554 2.6907 2.6214 0.0914 2.6907 0.0000 2.6130 3.5981 2.1516 2.5567 2.5966 3.6651 2.0648 2.9591 3.1414 2.6818 2.3991 2.6554 2.6554 2.6907 3.5981 2.6130 2.4464 3.0205 0.1273 3.3287 2.7463 2.4818 2.7559 3.0205 3.2625 3.0332 2.6729 2.4464 2.5966 3.0592 3.3459 2.6554 2.3292 2.6818 2.7274 2.6048 2.3731 2.4191 0.0167 2.6818 2.4191 2.9832 2.5966 2.6641 2.5490 2.2815 2.7754 0.1859 2.5805 2.6298 2.6382 3.2002 2.5805 2.9126 2.5260 2.8902 2.5567 2.7089 2.4395 2.6729 2.7181 2.8259 2.4327 0.1588 2.7853 0.0177 3.4747 3.4177 2.5336 2.9126 0.0111 2.5260 2.8259 0.0936 2.5490 2.7368 2.3540 0.0131 3.7119 2.4818 3.2951 0.1624 2.4258 2.7368 3.3634 2.3860 0.2265 2.7181 2.7754 0.1482 2.8156 2.6818 2.5725 3.0461 2.0198 2.6729 2.6729 3.0592 2.5725 2.7181 2.7181 2.4124 3.2154 0.1565 2.9356 0.0187 2.9711 2.4057 2.8469 0.0091 2.3354 2.3991 2.8902 2.8469 0.0030 2.7368 2.8363 2.5413 2.3354 3.0724 2.5805 2.6641 2.7274 2.6729 2.6048 2.4464 2.5413 2.7274 3.4747 2.7656 2.4258 2.8575 2.7181 2.4258 2.8792 2.7181 3.7119 2.5490 2.3231 2.5725 0.1816 2.7559 2.0375 3.4553 2.6382 3.1852 2.6641 2.4464 0.0070 3.3634 2.6298 2.5490 3.1273 3.2002 0.0177 2.6130 2.9473 0.1482 2.5490 2.7754 2.6298 2.8792 2.7274 3.0079 3.0461 2.7089 2.6382 3.0461 2.3667 2.5413 2.9241 2.3603 2.4258 2.8469 2.6298 2.4963 3.5347 3.1558 0.0091 3.4747 1.7677 2.3603 2.5966 2.3292 3.0461 2.6818 2.4191 2.1824 2.8054 2.8469 2.5567 0.2290 0.0213
FJIS_Tabanus_rufidens_flavivirus_18HF18_E_287-668_AlphaFold 2.8054 2.5567 3.0995 2.3540 2.8902 1.6724 2.3603 2.5567 3.0592 2.4604 1.8517 2.7656 2.3540 3.0859 3.1273 3.5981 2.6998 2.3231 1.7349 2.1217 2.0420 2.7181 2.2197 2.4675 2.3111 1.7677 2.6468 2.4327 2.1071 2.0834 2.6048 3.4363 2.5567 1.9728 2.1217 2.1668 2.2197 1.8929 2.1415 2.7953 2.0465 2.5036 2.2035 2.9473 2.0648 2.7089 1.8229 2.5567 2.2143 2.2757 3.1273 2.8054 1.7189 2.6130 0.0000 2.3991 1.7157 2.1316 2.2143 2.9832 3.5347 3.2309 2.3354 2.1316 1.7644 2.0740 2.4675 2.3731 2.4191 2.6468 2.3667 2.4464 2.6998 2.2362 2.5966 2.6382 2.2473 3.0332 2.8259 2.5567 2.1071 2.4963 1.8517 2.2143 2.2757 2.0375 2.3231 1.9981 1.9280 2.0834 2.0510 2.5336 2.6554 2.9955 2.1266 1.8053 2.2529 2.0928 2.8792 1.5535 2.4675 2.8259 2.7368 3.4944 2.6468 2.5036 2.4395 2.5110 1.9811 2.7656 2.3795 2.9014 3.1133 2.4395 2.1023 1.9201 1.7316 2.6554 1.9645 2.6729 3.3812 2.0928 2.4675 1.9481 2.7463 2.0787 2.5260 2.9832 2.3051 2.1266 2.2815 2.5885 2.9711 2.9014 2.5260 2.6998 2.7089 2.1929 3.1558 2.1929 2.5567 2.9955 2.2643 2.7754 1.7031 1.9240 2.1071 2.9126 2.7754 2.1266 1.7220 2.7274 2.5110 2.1023 1.7677 2.2529 2.0242 2.6998 2.5490 2.6382 2.5567 2.2197 2.2757 2.6382 2.3795 2.4746 2.2815 2.1266 2.6048 2.4963 2.0420 1.6545 2.3731 2.1876 2.1929 2.0694 3.4553 2.3603 2.2586 2.3991 2.9126 2.3231 3.3118 1.9854 2.3111 2.2529 2.3051 2.2417 2.8156 2.2417 2.4818 2.3667 1.8408 2.3603 2.7089 2.4124 2.4124 2.6818 2.0154 2.4604 2.0976 1.8372 2.5490 2.7559 3.0995 2.4890 2.2586 1.9320 2.7274 2.2089 2.2362 2.6729 2.2089 2.9955 2.5567 2.6214 1.8665 2.0602 2.7274 2.4604 2.4191 2.8683 2.1516 2.8054 3.1558 2.0694 1.7446 2.6468 2.5725 2.8792 1.9044 2.8469 2.6641 3.3287 3.2625 2.1266 2.3354 2.4818 1.9562 1.9240 2.4534 3.2154 2.1415 2.1168 2.9955 2.5805 2.6554
FJAF_Photeros_flavivirus_orf_1_E_386-864_AlphaFold 2.7853 2.7274 3.0995 1.6054 2.5646 3.2002 3.0332 3.0332 2.1566 1.9122 2.9473 3.1273 1.7062 3.0332 3.7605 3.2787 3.3287 1.6694 2.7274 1.5887 1.4505 2.0740 1.7316 2.2143 2.5185 2.1266 3.0859 1.4387 1.4968 1.6785 1.7846 2.5646 3.0461 1.6340 1.5170 1.6754 1.5482 2.6998 1.5273 3.0724 1.5325 3.1133 1.5351 2.8575 1.5094 2.2089 2.2529 1.7381 3.0332 1.6634 3.0592 3.0332 2.1365 3.5981 2.3991 0.0000 2.3991 1.5377 2.5885 1.6456 2.4746 3.0724 1.6196 1.5887 2.4890 1.8554 2.3111 2.7953 1.6054 1.8123 2.5966 2.3231 3.0205 1.6111 3.3812 3.2625 1.9083 2.8902 2.6382 2.7656 1.5351 1.6456 1.4746 1.6082 2.3603 1.5998 1.4918 1.6340 1.5299 1.4041 1.6369 2.4464 2.7089 2.8792 2.0198 2.5805 1.6604 1.5723 2.0556 2.3051 1.8018 3.1558 1.8372 3.8373 1.6427 1.6785 1.6604 2.8259 2.7559 2.9014 1.4293 1.7189 2.6907 1.7711 1.5750 2.4057 2.1668 3.0332 1.4601 3.4553 3.5981 1.6754 1.5535 2.4534 2.9241 1.6167 2.8902 3.2309 1.5642 1.7511 1.7094 3.3118 1.6969 3.7605 1.6026 2.9014 1.9562 2.4675 1.7644 1.6398 3.0461 3.2309 1.4410 3.4177 2.4604 2.2932 1.4553 2.7463 2.6554 1.5696 2.0111 1.8300 2.4604 1.4697 2.5885 2.1720 1.6724 3.2951 1.3751 3.8112 2.1316 1.6167 1.6282 3.0205 2.9711 2.2473 1.6907 1.4894 3.3993 1.9521 1.6604 2.4890 2.7754 1.8967 1.5222 1.8158 3.1414 1.7413 1.5562 1.5723 2.8156 1.6026 3.4553 2.4534 1.8053 2.1929 1.7094 1.9240 3.1704 1.6111 1.6664 2.8363 2.3731 1.6456 3.1704 2.3171 3.5144 1.7544 2.7656 2.6729 1.8702 2.4675 3.7360 4.3039 3.3287 2.5336 1.5696 2.5885 4.1308 1.5998 1.7094 3.1558 1.6846 3.4944 2.7656 1.7983 2.7181 1.2853 3.5981 3.0859 2.8469 3.6200 1.6311 3.4944 3.0995 0.6908 2.9241 3.5555 1.7062 2.7463 2.4258 3.1704 3.1704 3.0592 2.5413 1.5750 1.6196 2.2417 2.7274 2.3478 3.2309 3.3634 2.2197 1.5723 3.2466 3.0461 3.6651
FJIS_Menghai_flavivirus_isolate_MHAedFV1_E_338-720_AlphaFold 2.3292 2.5725 2.8683 2.2035 2.9591 1.1332 2.4534 2.1120 2.1168 2.4746 1.0870 2.3111 2.1982 2.7754 3.5347 2.2932 2.1266 2.2815 0.9608 2.1120 2.1316 2.6729 2.1617 2.2643 2.1929 1.0553 2.2252 2.3416 2.0242 2.2143 2.8156 2.4395 2.2035 2.2586 2.2815 2.0556 2.0154 1.0399 2.1929 2.4604 2.0928 2.2089 2.1720 2.8054 2.1071 2.6641 1.4673 2.2874 2.9241 2.2197 2.6130 2.3231 1.2368 2.1516 1.7157 2.3991 0.0000 2.2089 2.7754 2.5413 2.4327 3.0332 2.1772 2.2757 1.1298 2.1772 2.6818 1.7062 2.4124 2.4395 3.2625 1.6938 2.4395 2.3667 2.5336 2.7953 2.2529 3.2951 2.5413 2.4963 2.2197 2.2197 2.0375 2.2197 1.8088 2.0834 2.0024 2.0834 2.0787 2.0694 2.0928 2.7089 2.1465 3.2466 1.5642 0.5922 1.8591 2.2306 2.2306 0.3211 2.1266 2.1668 2.4746 2.2197 2.1465 2.4675 2.3171 2.4534 1.4673 2.4534 2.0510 2.6818 3.2154 2.4534 2.1668 1.0369 1.2387 2.1365 2.0740 2.2529 3.1558 2.4675 2.2529 1.6664 2.1566 2.2252 3.2309 2.3231 1.9939 2.3292 2.1465 2.2991 2.3292 2.3667 2.3478 2.2089 2.3292 3.8112 2.4395 2.3860 2.2035 3.2951 2.3540 2.2089 1.4505 1.0553 1.9769 3.0079 2.8792 2.2306 1.1694 2.2529 1.3884 2.2529 0.9331 2.1071 2.2643 2.1876 2.1566 2.2874 2.2417 2.2473 2.3603 2.1415 2.8363 2.1023 2.2932 2.3051 2.2035 2.1929 2.1465 1.1519 2.5036 2.1365 2.1465 2.1516 2.5490 2.0648 2.2586 2.0694 3.3459 2.1516 2.5966 0.9510 2.1876 2.1465 2.3925 1.9440 2.8792 1.9686 2.2874 2.6298 1.0414 2.2473 2.4057 2.7656 2.5185 2.8156 2.1668 1.8193 2.6729 1.0098 2.2362 10.6058 3.3287 2.6382 2.1876 0.9908 2.3478 2.2757 3.0995 2.2306 2.0198 2.6554 2.0602 2.4890 0.9441 1.8372 2.5185 3.2625 2.6214 3.7605 2.0154 2.7656 2.5885 2.1824 1.0263 2.7181 2.3991 3.0995 0.5846 3.2787 2.1824 2.5567 2.5646 2.4191 2.4464 2.7559 0.9345 1.3428 2.7656 2.8792 2.4191 2.2417 2.3171 2.1071 2.2874
FJMB_Wesselsbron_virus_strain_SAH177_E_282-770_AlphaFold 2.7089 2.3603 2.8156 0.7437 2.5966 2.9241 2.9955 2.5110 2.0111 1.5120 2.4675 2.3416 1.2070 2.7853 2.8259 3.3118 2.4746 0.9937 2.5036 0.9937 1.0553 2.7656 0.9735 2.8054 2.4534 2.5185 2.4464 1.0999 0.9721 0.9937 1.2893 2.6468 2.5036 1.0414 1.1181 1.2540 1.0308 2.5885 1.0369 2.6130 0.9182 2.5336 0.9893 2.8683 1.0247 2.4057 2.6818 1.1214 2.9711 1.3344 2.4057 2.3991 2.4818 2.5567 2.1316 1.5377 2.2089 0.0000 2.6214 1.3198 2.8902 2.5885 1.0461 0.9468 3.2154 1.1782 2.9356 3.1414 1.3365 1.3708 3.7605 2.2362 2.5966 1.4109 2.8683 2.6907 1.2715 2.9014 2.9473 2.4604 1.0694 0.6537 0.9864 1.1197 2.8156 1.0902 0.5846 1.0024 0.0936 0.9692 1.3773 3.4944 2.6554 3.0205 2.7089 2.2586 1.0710 0.9413 1.7744 2.2529 1.3198 2.3991 1.3621 4.7194 1.2578 1.4968 1.2368 2.5036 2.5490 2.8792 1.0742 1.2873 3.1558 1.3075 0.9538 2.2700 2.4675 2.3860 0.9496 2.5336 2.4191 1.2656 1.1315 2.4057 2.5646 1.1332 2.4534 2.6214 1.0631 0.7800 0.5407 2.6130 1.3513 2.4818 0.9966 2.5885 1.8158 3.1558 1.4224 0.7131 2.5036 3.1852 1.3034 2.4395 2.4057 2.7181 0.9223 2.9711 2.5413 1.0414 2.5966 1.3281 2.6554 1.0128 2.1824 1.8372 1.2387 2.4534 1.7094 2.4395 2.3860 1.2425 1.0726 2.6298 2.7181 2.4675 0.9980 1.1764 2.5110 1.9854 1.0113 2.5490 2.8683 1.2444 0.0760 1.0822 2.9126 1.1961 0.7987 0.9413 2.8156 1.2349 3.2951 2.6048 1.0758 2.2362 1.2199 1.7812 2.9126 1.0278 1.2520 3.1558 2.8683 1.4109 2.4746 3.1414 2.7656 1.4178 2.6048 3.4363 1.4505 2.7463 2.5036 1.9400 2.6130 2.8054 1.4086 2.7953 2.4604 1.2107 1.1164 2.5725 1.1298 3.0332 2.5725 1.2387 2.4124 1.5642 2.9591 3.1273 3.4177 3.6651 0.5597 2.9711 2.8575 1.3773 3.0205 2.7274 1.3386 3.1273 2.5567 3.7360 2.6048 3.2625 2.7853 0.6939 0.4618 2.4818 2.2932 2.7274 2.8792 2.6641 2.3292 0.5407 2.6468 2.4675 2.4963
FJJI_Jingmen_Tick_Virus_isolate_SY84_segment_2_orfVP1_E_335-511_AlphaFold 2.6907 0.1696 0.7174 3.0079 3.4944 2.5490 2.6554 2.3731 2.9356 2.9126 2.4395 2.4963 2.8469 4.2322 9.7162 2.5567 2.5185 2.3667 2.8054 2.9014 2.3540 2.9241 2.3991 2.7463 4.5837 3.6651 2.4818 3.0461 2.5966 2.3667 2.3416 2.7274 2.3731 2.3111 2.3925 3.4944 2.6214 2.6641 2.2932 2.6729 2.3051 2.4124 2.4124 2.3171 2.5567 2.3051 2.6468 2.8469 0.0652 2.7853 2.9126 2.4124 2.3231 2.5966 2.2143 2.5885 2.7754 2.6214 0.0000 2.9241 3.2787 2.2035 2.3416 3.0724 2.3667 2.2143 2.8683 2.3925 3.0995 2.6130 3.1558 2.2586 2.0928 2.5110 3.5144 1.1871 2.6641 3.2787 2.5966 3.3118 2.9832 2.8575 2.3667 3.0724 2.1876 2.7559 2.3051 2.3478 2.4124 2.4464 2.1929 2.7181 2.6998 0.0848 4.7194 2.6214 2.2143 2.5336 3.2309 3.2002 2.6130 2.6382 2.2089 5.2581 2.9014 2.6468 2.3667 0.1624 2.5185 3.5766 2.6641 2.5336 0.0357 2.2643 2.5336 2.7368 2.1415 2.7656 2.2815 2.6818 3.6651 3.2309 2.7463 2.5110 2.5966 2.4327 2.9356 2.4327 2.5646 2.2417 2.2143 2.5567 3.1852 2.5966 2.1217 2.5036 2.3416 3.3287 2.4818 2.5260 2.3731 1.8628 2.6130 2.6818 2.4327 3.1414 2.2417 0.9062 2.1120 2.4057 2.1415 2.9711 2.4057 2.3667 2.7754 2.7368 2.5185 2.4395 3.2002 2.6998 2.7559 2.0834 2.5110 2.5966 0.0409 2.3731 2.4534 2.3925 2.5966 2.0928 2.3051 3.1133 0.1412 3.2787 2.4464 2.6554 3.7605 2.7953 2.6214 2.3416 0.0472 2.5110 3.5347 3.3993 3.0205 2.5966 3.7605 2.2643 2.6468 2.7953 2.8575 0.0182 2.6214 2.8363 2.5805 1.8929 1.9939 2.3416 2.3478 2.5036 2.8259 2.9473 2.5966 1.7544 3.7360 0.0172 2.3795 2.6048 2.6554 2.6641 2.8792 2.6130 2.7754 2.5110 2.4534 2.9473 3.2154 2.7754 2.8259 0.0535 2.7656 3.8911 2.5185 2.6214 2.9955 2.6468 2.5413 2.6729 2.4327 0.9893 2.2643 2.9832 2.4191 3.1852 2.4395 2.5185 2.8683 0.0837 3.0592 2.2991 2.2700 2.0465 2.4675 2.3667 2.7953 2.3416 2.6554
FJTB_Louping_ill_virus_isolate_IRE_IRE2_1971_E_280-675_AlphaFold 3.2154 3.7119 3.4747 1.1925 3.1558 3.1704 3.5981 3.3634 2.4534 0.9290 2.8469 3.0332 1.6604 4.0360 3.4944 2.8575 3.5555 1.4041 3.0205 1.4293 1.3642 2.4746 1.2406 2.2991 2.4534 2.4057 3.0724 1.5642 1.3513 1.3729 0.3022 3.8639 3.2309 1.3492 1.3219 1.0806 1.1332 3.1273 1.3344 3.4553 1.3449 2.9711 1.2463 2.9711 1.3884 2.0602 3.3812 1.3323 4.2677 1.5669 2.9473 3.3459 2.8259 3.6651 2.9832 1.6456 2.5413 1.3198 2.9241 0.0000 2.8259 2.9832 1.1853 1.2559 3.4747 1.3492 2.9955 2.8156 0.2113 1.1554 3.1852 2.5036 2.9473 0.0493 3.5144 2.7853 1.4387 2.3925 3.0724 3.7360 1.3095 1.1264 1.3492 0.8472 3.1273 1.3996 1.1853 1.4968 1.3177 1.3578 1.0353 3.1704 2.8054 2.6048 2.7089 2.3171 1.2715 1.3239 2.4464 2.6641 1.2387 3.6423 0.7003 2.4395 1.3157 0.0556 0.7595 2.8054 3.1273 3.4363 1.1214 0.6950 2.8156 0.3869 1.2406 2.4258 3.0332 3.2154 1.3014 3.3459 2.7463 0.3161 1.3281 2.5725 3.0724 1.3862 3.2787 3.3634 1.2833 1.3136 1.1382 2.9356 0.0315 2.5185 1.1943 3.0332 2.2473 2.8575 0.4335 1.3116 3.2309 3.1133 1.9161 3.0332 3.2002 3.5347 1.5170 2.7274 3.0592 1.3034 3.0079 0.3945 2.4746 1.3344 2.5336 2.2089 1.4770 2.9241 1.8018 3.2309 2.7368 1.2406 1.4317 2.9473 3.0995 2.2643 1.3929 1.2520 3.2154 1.8193 1.1624 2.8156 2.8363 1.0854 1.2813 1.2578 2.8054 1.3973 1.3219 1.4529 3.1273 1.3344 3.2002 3.6651 1.1468 2.8363 1.2578 2.1168 4.1976 1.3075 0.1624 3.3459 2.9473 1.4270 3.3812 2.4534 7.2928 0.3077 3.0079 3.4177 1.0967 2.5646 3.2625 6.4173 3.4553 3.3993 1.4410 3.3287 3.2002 1.3260 1.0854 3.2951 1.3449 3.0079 2.9711 1.6907 3.4177 1.6456 4.0057 3.3459 3.3459 4.0057 1.2034 3.4177 2.8156 1.6486 2.8363 3.6200 1.1365 3.1558 2.8469 2.6818 3.2309 2.9241 3.0859 1.2734 1.2482 3.7119 2.4327 3.6200 2.6554 2.4675 2.9955 1.1889 3.2951 3.1852 3.3287
PLLG_Bemisia_tabaci_flavi-like_virus_2_E_1148-1586_ESMFold 2.0602 2.8469 3.0995 3.0724 2.6641 3.3459 3.1414 2.0928 2.5185 2.9014 2.7953 2.0648 2.8259 3.0592 2.2473 2.5966 2.0881 2.9955 3.2466 2.6998 2.7463 3.0205 3.0461 3.7119 2.4746 3.0859 2.0787 2.9473 3.0332 3.0724 2.9473 2.2991 2.0510 2.8054 2.9014 2.6214 2.8902 2.6641 2.8156 2.2197 2.7274 2.0648 2.8156 2.7853 2.7754 2.6641 2.7953 2.5805 3.0995 2.5260 2.6048 2.1617 2.8469 2.0648 3.5347 2.4746 2.4327 2.8902 3.2787 2.8259 0.0000 3.0079 2.6382 3.2002 3.0724 3.1558 2.5490 2.9473 2.5725 2.9832 2.8363 3.6651 2.2362 2.6382 2.4604 2.7656 2.6907 2.5966 2.4675 2.8792 2.8683 2.7559 2.6468 2.9711 2.8683 2.7953 2.5110 2.7656 2.8792 2.9591 3.0724 2.7181 2.0694 2.8683 2.6048 2.5413 2.5885 2.7368 2.4124 2.7181 2.8575 2.0556 3.4177 2.3667 2.9473 2.5805 2.6998 3.4944 2.7953 3.0724 3.1414 3.2787 3.1273 2.9711 2.7181 2.6048 3.0332 1.9811 2.5885 2.0740 2.5185 3.3287 2.8363 3.0995 2.0154 2.8792 2.4464 2.1266 2.8054 2.5646 3.1704 2.0286 2.7274 3.4747 3.9188 2.0510 3.1133 2.6641 2.6818 2.8792 2.0510 3.7605 2.9955 1.9769 3.5981 2.9832 2.8902 3.3118 2.7274 2.8054 2.8575 2.3603 2.9126 2.6468 2.8156 2.5185 2.5185 1.9728 2.7559 2.0111 2.6468 3.0995 2.6382 1.9686 3.0995 0.3593 3.0995 2.7656 2.0787 2.8469 2.5336 2.6382 2.9591 2.9356 2.9126 3.2951 2.6729 2.2252 2.6298 2.6818 3.0592 2.5185 3.2951 3.5555 2.8792 2.7656 2.9832 2.6298 3.0859 2.9473 2.5185 3.0332 3.0332 2.6554 2.2089 2.1023 3.1273 3.4363 2.7463 3.0724 2.9591 2.6382 2.0648 3.1852 3.2951 3.2154 2.7181 2.9241 2.1516 2.8156 3.3812 2.0928 3.0079 2.9126 3.0079 3.0724 2.7953 2.8683 2.7559 3.2625 2.6048 3.0332 2.7853 2.4890 3.4363 2.7463 3.3118 2.7559 2.3795 2.9591 3.0079 2.9711 2.1465 3.1852 1.8300 2.8156 2.8156 2.9955 2.7463 2.7274 2.3860 2.4327 2.8683 2.7463 3.1133 2.0510 2.0067
PLLG_Shayang_fly_virus_4_strain_SYCY_E_761-1241_AlphaFold 2.6214 2.3416 3.3812 2.8156 2.3171 2.7089 2.5413 2.7754 2.0648 4.1976 2.8469 2.6554 2.9711 2.2874 4.1638 2.8054 2.7853 2.8156 3.0995 2.8054 2.6382 2.5725 2.8363 2.6048 2.3540 2.9591 2.7754 2.8469 2.5725 2.9591 2.9014 2.8469 2.6998 2.7559 3.1558 2.9955 2.6641 3.1133 2.8683 2.5646 2.7656 2.6298 2.4818 2.6130 3.3812 2.7559 2.9241 2.5490 2.5805 3.4177 2.9356 2.8259 2.5490 2.9591 3.2309 3.0724 3.0332 2.5885 2.2035 2.9832 3.0079 0.0000 2.7089 3.3634 2.7754 2.6818 2.7181 3.3634 3.1414 3.2625 2.7953 2.7463 2.9832 3.1414 1.9686 2.9356 2.9014 3.4747 2.6048 2.3731 2.4604 2.5336 2.9014 3.4553 3.4177 2.5260 2.8054 2.7559 2.7274 2.8469 2.8259 1.7644 2.7754 2.8054 3.3118 2.8792 2.6214 2.5260 3.0332 3.0205 2.8054 2.8259 2.9955 2.8156 2.7089 3.1704 3.1704 2.4963 2.8259 1.8891 3.1558 3.2466 2.7463 3.3118 2.9241 2.5260 2.5646 2.6729 2.8575 2.9711 2.1876 3.0461 2.7463 3.0205 2.9126 3.0205 2.8054 2.7559 2.6214 2.8902 2.5110 2.7559 2.8575 4.0360 2.6907 2.6554 2.6998 2.9473 3.1273 2.8156 2.6998 2.5646 2.7463 2.7181 3.3459 2.8259 2.9832 2.6641 3.2154 2.6468 2.7368 3.2309 2.9591 2.6130 2.9241 2.9473 2.6130 2.7274 3.0724 2.8902 2.8469 2.5413 2.6729 2.7656 2.6641 2.6468 2.5567 2.4191 2.8259 3.0205 2.6907 2.5805 2.3231 3.1273 2.7181 2.5725 3.3118 2.8575 2.5336 2.9356 2.5885 2.6729 2.8792 2.7754 2.3795 3.0205 2.6907 3.1704 3.3118 3.3812 3.4747 3.0995 3.1133 2.8156 2.6214 2.8469 2.9356 3.4177 2.9711 3.3459 2.9591 2.6048 2.9126 3.2787 2.9241 2.7853 2.5490 2.8902 2.9014 2.6729 2.7853 2.6729 2.8156 2.3051 3.1558 2.8792 3.0461 2.7463 2.5725 2.8054 2.7089 2.2143 2.6998 1.8158 2.6818 3.3118 2.6468 2.8683 3.0079 2.9832 2.3478 1.4178 2.6554 1.9280 2.8902 2.6382 2.9356 2.2586 3.3118 3.0079 2.3111 3.1704 2.7853 2.5725 2.4963 2.6998 2.8054
FJMB_Batu_Kawa_virus_isolate_MYR-097_E_293-793_AlphaFold 3.0332 2.2815 3.3118 0.9951 2.8902 2.7953 2.8683 2.6818 2.3795 1.3116 2.9473 2.7274 1.0010 2.8363 3.1704 3.4747 2.6729 0.9372 2.7274 0.9345 0.9524 2.0154 0.8788 2.5966 2.6130 2.9955 3.1273 0.9196 0.8801 0.9441 1.2387 2.6130 2.6907 0.8827 0.8788 1.4625 0.7835 2.7368 1.0158 2.8156 0.8801 2.7274 0.9427 2.7463 0.9496 2.2815 2.7274 0.9358 2.6130 1.1164 2.9126 3.1852 2.4818 3.1414 2.3354 1.6196 2.1772 1.0461 2.3416 1.1853 2.6382 2.7089 0.0000 0.9721 2.4818 0.9009 2.5185 3.8112 1.2734 1.4155 2.5036 3.5555 2.9014 1.1943 2.7559 4.1638 1.0742 2.9955 2.7181 3.0332 0.9636 1.0616 0.8801 1.2578 2.8054 0.8398 1.0054 0.8686 1.0461 0.8509 1.3034 2.5336 2.6641 3.4363 2.7559 2.3795 0.6268 0.9636 2.0834 2.3478 1.2913 2.9591 1.0790 2.8054 0.6588 1.2387 1.2463 2.2932 2.2991 2.9126 1.5145 1.1853 2.8363 1.1214 0.8324 2.2991 2.5646 2.7274 0.9538 2.8054 5.0250 1.1764 1.0083 2.5567 2.7181 0.8673 3.0461 3.0461 0.6229 1.0631 1.0679 2.8156 1.2482 2.6554 1.1818 3.1704 1.7094 2.6048 1.2406 1.1131 2.6907 3.2154 1.4601 2.8575 2.8683 2.5490 0.9692 3.0461 2.8683 0.9594 2.6468 1.1606 2.5110 0.8918 2.3991 1.9122 0.9922 2.8363 1.6969 2.7754 2.4395 0.8348 0.9290 2.6998 2.3603 2.3991 0.8931 0.9250 2.8902 2.3354 0.8447 2.3991 2.6382 1.5669 1.0522 0.9622 2.8259 0.9821 0.9650 0.9023 2.5110 0.9441 2.7181 2.5725 0.8610 2.3667 0.9399 1.9981 2.6214 0.9594 1.2181 2.8902 2.6382 1.1676 2.8575 2.9473 3.1704 1.3157 2.5725 3.1704 1.5403 2.6554 2.8575 3.5981 3.0461 2.8683 1.5589 2.6298 2.8792 0.8178 1.2833 3.1414 0.8788 2.8156 2.6818 1.0569 2.6130 1.7125 2.8363 2.5260 4.0985 4.8661 1.0187 3.2309 3.0079 1.5998 2.6998 3.5766 1.3599 2.6382 2.3051 3.3118 2.8054 2.5260 3.0332 1.0983 1.0187 2.1316 2.2529 2.5805 2.4818 2.7853 2.0286 0.9951 3.1133 2.6729 2.7463
FJMB_Dengue_virus_2_E_281-775_AlphaFold 2.9591 2.7656 3.5981 0.9707 3.3287 2.7274 2.4191 3.1133 2.3540 1.4018 2.7089 2.7853 1.1164 2.5490 2.8575 3.2309 2.6998 0.7629 2.3603 1.0384 0.8202 3.0461 0.4569 2.8259 2.7853 2.6468 2.9014 1.0308 0.8324 1.0173 1.3075 3.2002 3.1704 0.8970 0.7940 1.3884 0.8648 2.5885 0.7393 3.1133 0.7674 2.7274 0.8047 2.8902 0.4359 2.0834 2.2362 1.0187 2.7181 1.1589 2.5490 3.0859 2.2643 2.6818 2.1316 1.5887 2.2757 0.9468 3.0724 1.2559 3.2002 3.3634 0.9721 0.0000 2.2932 0.8879 2.8259 2.5336 1.4697 1.4064 3.2002 2.4327 2.9473 1.2463 2.7463 2.7368 1.2034 2.4963 2.8156 2.7656 0.9036 1.0430 0.6690 1.2675 2.3111 0.8534 1.0323 0.8534 0.8931 0.8178 1.4293 3.2002 2.7559 3.0079 2.4534 2.3860 0.9009 0.8214 2.0024 2.2991 1.4625 2.4963 1.3281 3.6651 1.1081 1.2973 1.2070 2.7089 2.3478 2.9356 1.2813 1.3116 3.0724 1.0951 0.7651 2.1415 2.2932 2.9955 0.7917 2.6468 3.3634 1.1434 1.0476 2.4327 2.9955 0.7847 2.9591 2.7274 0.9692 0.9893 0.9908 2.8156 1.2636 2.6998 1.0247 2.8683 1.7880 3.6200 1.3535 1.0187 3.1704 3.0592 1.4132 3.0205 2.4818 2.6130 0.8348 2.4818 2.7089 0.8853 2.3231 1.1925 2.9955 0.8559 2.0881 2.0067 0.8635 2.5336 1.5325 2.7853 2.0465 0.9510 1.0967 2.8259 2.8792 2.6818 1.0010 0.9169 2.8259 2.1415 0.8970 2.4890 2.7754 1.3751 0.8983 0.9036 2.5567 1.1729 1.0742 0.8166 2.6382 0.9023 2.8469 2.3111 0.8398 2.3731 1.0999 1.9645 2.5567 0.3983 1.1764 3.0724 2.3416 1.1016 3.2002 2.5490 2.8054 1.3840 2.5336 2.5413 1.4270 2.3925 2.7953 3.5347 3.2625 2.9711 1.4649 2.6729 2.7368 0.8970 1.2774 2.7754 0.9023 2.6214 2.6130 1.1782 2.5966 1.5430 2.6907 2.9711 2.5185 3.9472 0.9664 2.6729 3.2154 1.6846 2.6130 2.6907 1.2833 3.0592 2.5725 3.1852 2.7656 3.5981 3.1273 0.8918 1.0278 2.5185 2.0465 2.2932 2.6048 2.8259 2.7463 1.0822 3.0205 3.0724 2.7953
FJIS_Kamiti_River_virus_E_312-698_AlphaFold 2.3292 2.3860 3.5347 2.5110 2.8156 1.2368 2.7089 2.6554 1.7677 2.7181 1.2144 2.5490 2.3292 2.8363 2.7559 2.3731 2.6818 2.7754 1.1081 2.3860 2.3292 2.1876 2.4124 2.2815 2.3925 1.3449 2.6468 2.3416 2.3354 2.3051 3.0724 2.6998 2.5885 2.5260 2.4963 2.6130 2.1876 1.3428 2.4057 2.3991 2.5885 2.4464 2.3540 3.4747 2.4675 2.5185 1.5509 2.5413 2.7463 2.2473 2.7368 2.3667 0.4709 2.3991 1.7644 2.4890 1.1298 3.2154 2.3667 3.4747 3.0724 2.7754 2.4818 2.2932 0.0000 2.5805 2.3795 1.9811 3.0724 2.7274 2.5413 4.1308 2.9126 3.1704 2.8902 2.8054 2.5966 1.9939 2.8792 2.6048 2.5185 2.1824 2.2252 2.3540 1.7511 2.3795 2.2473 2.2815 2.7754 2.2932 2.4746 2.4057 2.4057 2.6554 1.3906 1.1747 2.5966 2.2143 3.3634 1.1537 3.0079 2.6130 2.3925 3.1273 2.4604 2.6298 3.5981 2.4963 1.5615 2.7953 2.4890 2.1876 2.6382 2.6468 2.3051 1.2034 0.4232 2.5110 2.2417 2.4258 2.2700 2.5966 2.2874 1.6815 2.4124 2.3111 3.6200 2.3603 2.6998 2.2197 2.2757 2.4963 3.6200 2.9473 2.5567 2.4395 2.6130 4.4988 3.0859 2.0602 2.5885 3.9472 2.4258 2.5336 1.4224 1.3054 2.2252 2.8259 3.2002 2.2586 0.4375 2.7853 1.5170 2.5490 1.0430 2.2417 2.4464 2.4675 2.6048 2.4124 2.1772 2.4604 2.5110 2.3292 2.6468 2.5490 2.2991 2.6048 2.3667 2.0881 2.5336 1.2520 2.3860 2.6729 2.9126 2.3478 3.1704 2.3667 2.2362 2.3925 2.7853 2.5725 2.3860 1.1298 2.6998 2.4395 2.4258 2.1415 2.6468 2.3860 2.6214 2.6818 1.2953 2.4675 2.4675 2.8792 2.5185 3.2309 2.3667 1.9122 2.5805 1.3034 2.4464 4.7194 2.7368 2.8363 2.4395 1.4041 2.4327 2.6214 2.2586 2.5336 2.7274 3.4747 1.8628 2.6214 1.1889 2.2306 2.7559 2.8054 2.7559 4.1308 2.1668 2.6298 2.7559 2.0976 1.1485 2.5567 2.5336 3.0461 1.1281 2.8902 2.3111 3.9188 3.2154 2.2252 2.3231 2.3292 1.0308 1.4993 3.4363 3.0995 2.6998 2.4890 2.4890 2.5567 2.4818
FJMB_Kokobera_virus_E_287-787_AlphaFold 3.0859 2.1365 3.0724 1.0369 2.9473 2.4057 3.0332 3.6883 2.1720 1.2833 2.7181 2.8156 0.8788 2.8683 3.0592 3.0205 2.6468 0.7516 2.3925 0.9966 0.6337 2.3991 0.8299 2.5885 2.0928 2.3667 2.7953 0.8698 0.5828 0.8957 1.6026 2.9955 3.3634 0.5884 0.6814 1.4270 0.4130 2.3731 0.7196 2.7089 0.5725 2.4963 0.6466 2.9014 1.0308 2.4124 2.3925 0.9223 2.7754 1.2237 2.5805 2.8469 2.4604 2.6554 2.0740 1.8554 2.1772 1.1782 2.2143 1.3492 3.1558 2.6818 0.9009 0.8879 2.5805 0.0000 3.1133 3.2002 1.5430 1.4577 2.6729 3.4177 2.9241 1.3428 3.1558 2.8792 0.9552 4.8160 3.1558 2.8469 0.6036 1.1485 0.7460 1.4481 2.4890 0.6527 1.1659 0.6992 1.1925 0.6466 1.3996 3.0995 2.8683 2.9711 2.6468 2.5110 0.9345 0.5828 1.9083 2.2757 1.3365 2.6382 1.2089 2.6907 0.9427 1.3365 1.1889 2.2874 2.2991 2.8902 1.4795 1.4387 3.0592 1.4968 0.6803 2.4191 2.5413 2.7953 0.6497 2.6818 3.2154 1.2715 0.9196 2.2643 2.6998 0.6834 3.0995 2.9241 0.9263 1.0790 1.2406 2.7181 1.3556 2.7181 1.1729 2.9241 1.7094 3.5555 1.4993 1.0679 3.3634 4.1976 1.4869 2.8259 2.5413 2.3111 0.7163 2.3478 2.8363 0.6367 2.4395 1.4270 2.6907 0.6103 2.3231 1.9122 0.7045 2.7089 1.5299 2.5966 2.5885 0.1988 0.9764 2.5646 2.4057 3.2466 0.9345 0.6210 2.5646 1.9981 0.5969 2.5036 2.5567 1.5778 1.1782 0.6055 2.6468 1.0232 1.1131 0.7538 3.0461 0.8435 2.5725 2.3795 0.6249 2.2815 1.0445 1.8336 2.8683 0.9331 1.3365 2.8054 2.3051 1.1048 2.7754 2.5966 2.8363 1.5998 3.0205 3.6651 1.2368 2.2197 2.6130 2.1365 3.5981 3.1414 1.5943 2.3925 2.4963 0.1435 1.5482 2.7656 0.0859 2.8363 2.6729 0.9707 2.5490 1.6167 2.9241 2.7463 3.1273 3.9472 1.1451 2.5725 2.9591 1.4132 2.6641 3.0724 1.3095 3.1704 2.6130 3.4944 2.5805 3.2309 2.7181 1.0886 1.1181 2.2252 2.3731 2.2757 3.2625 3.4553 2.1617 1.1818 2.7368 3.3634 2.5725
PLLG_Coptis_teeta_flavi-like_virus_E_2181-2618_AlphaFold 2.9356 2.4057 2.5490 2.6818 2.0198 3.0724 2.5185 2.9241 2.2815 3.2309 2.6729 2.7559 2.6468 2.6048 3.8639 3.2002 2.5885 3.1273 2.9126 2.8683 2.5260 2.6298 3.0592 2.6468 1.7252 2.7368 2.6382 3.0079 2.5966 2.6729 3.5981 2.0198 2.9241 2.7953 2.4963 2.5646 3.3634 3.0995 2.8363 2.6998 2.6298 2.6048 2.5110 3.2002 2.5567 2.6818 2.9241 3.1558 2.9955 2.5885 2.3795 2.6641 2.5336 2.6554 2.4675 2.3111 2.6818 2.9356 2.8683 2.9955 2.5490 2.7181 2.5185 2.8259 2.3795 3.1133 0.0000 3.7605 2.6641 3.2787 1.6846 2.8792 2.6298 3.4553 2.6907 2.6907 3.1558 2.3416 1.3157 2.5725 2.9591 2.7754 2.7656 2.8054 3.3459 2.4890 2.6818 2.9014 2.8575 2.4057 2.8792 3.0079 2.8469 2.9711 2.9356 3.2951 3.0079 2.6907 2.5805 2.8363 2.8469 2.4604 2.5646 1.6196 2.7953 2.8259 2.6641 2.7656 2.4963 2.5885 2.9014 3.0592 3.1133 2.9591 2.5336 2.7089 2.6382 2.6818 2.6382 2.8054 3.5555 2.9473 2.7853 2.7274 2.9126 2.4890 1.8891 2.5646 2.6641 3.1273 2.6298 2.8792 2.8363 2.7368 2.8156 2.6130 2.7463 2.7853 2.8259 3.2002 2.9241 4.1308 2.8469 2.7559 2.9126 3.2154 2.6907 2.5110 3.0859 3.3118 2.5413 2.5805 2.6907 2.9126 2.4746 2.6818 2.7853 2.8363 2.5646 2.7656 2.7754 3.0859 3.1558 2.9591 3.5144 2.0976 2.8259 3.0724 2.8469 3.0859 2.7853 2.4464 2.6130 3.0079 2.6729 3.0205 2.9014 2.7181 2.6641 2.8054 3.2787 2.5336 2.4890 3.9472 2.7754 3.4944 2.4604 3.0079 0.5461 3.0205 3.0205 2.7559 2.8575 2.3731 2.7463 2.6554 2.7181 2.9955 3.2002 4.1308 3.6883 3.2002 2.6130 2.9241 2.4534 3.1852 2.5885 2.7953 2.7274 3.1704 2.6130 2.6298 3.1414 3.0995 3.0332 2.6554 2.6641 2.4675 2.2362 3.4363 2.4327 3.1414 2.8363 2.3231 2.6130 2.6554 2.8363 2.1071 2.8575 3.2787 2.8792 2.6998 2.9014 2.6907 2.6641 2.4327 2.8792 2.9955 2.7754 2.5036 2.5725 2.7368 2.3795 2.4890 2.3795 2.9241 2.8469
FJIS_Calbertado_virus_isolate_CMS001_032_ALCO_E_260-587_AlphaFold 2.5805 2.9711 2.5413 2.2143 6.5149 1.6054 2.8575 2.5110 2.4890 2.9955 1.7062 3.1414 2.9832 3.1852 3.5555 2.8156 2.9241 2.7463 1.5170 2.7853 2.8902 2.3795 2.7368 2.4124 2.5413 1.8815 3.6883 2.3667 2.5725 2.7559 2.7089 2.2757 2.5413 4.0985 2.3171 2.3540 2.6130 1.7611 2.8469 2.7656 3.0079 2.6907 3.0592 4.2322 2.6382 2.4604 1.5696 2.8259 2.8469 3.0332 3.0461 2.8363 1.7846 2.6907 2.3731 2.7953 1.7062 3.1414 2.3925 2.8156 2.9473 3.3634 3.8112 2.5336 1.9811 3.2002 3.7605 0.0000 2.0976 2.4327 2.6468 2.6382 2.8902 2.7089 2.9955 3.3459 3.3812 2.9711 3.4553 3.3287 3.0724 2.6382 2.7853 2.6641 0.0440 2.7559 2.8469 2.7368 3.7360 2.4675 2.7181 3.0332 2.8469 3.1133 0.9879 1.5615 2.4191 2.6729 2.6907 1.8193 2.6818 2.7274 2.8259 3.0724 3.0592 2.8259 2.7463 2.7181 0.8660 2.9126 2.4124 2.7181 2.9126 2.7656 2.5966 1.4819 1.6456 2.9473 2.7853 2.6382 3.7119 2.3354 2.7089 1.2255 2.6554 2.3860 2.7953 2.5966 2.7953 2.7953 2.4124 2.9356 2.8792 2.7656 2.8363 2.8054 3.1133 3.6651 2.8792 2.6214 2.5413 2.9014 2.6468 2.9591 1.5723 1.9320 2.5260 2.9591 2.5885 2.9356 1.7284 2.3111 0.8094 3.8911 1.3198 2.3991 2.7463 3.2309 3.0332 2.6729 2.6130 2.9591 2.9473 2.5646 2.4057 3.6423 2.5966 2.9955 2.8683 3.1273 2.4057 1.5750 2.6907 2.3354 2.9591 3.9188 2.5036 2.9241 2.5260 2.9711 2.6998 2.4604 2.9241 1.5456 2.6907 2.5185 2.8259 2.4534 2.8156 2.9126 2.2529 2.7368 1.8123 2.8469 2.5036 3.0592 2.8156 3.9188 2.5805 0.0131 2.8259 1.5998 2.8156 3.1273 2.7274 2.6998 2.7754 1.6224 2.8259 3.1852 2.8792 2.9014 2.5805 3.2951 2.4818 2.7754 1.3973 2.2035 2.5805 3.0995 2.7853 3.5347 2.6298 3.0995 3.0859 2.0976 1.4746 3.2625 3.9761 3.1273 2.0242 3.6883 2.6729 3.0995 3.2625 2.5185 3.0995 2.6298 1.3116 1.5299 3.3459 2.8156 2.9014 2.3171 3.1414 2.5413 2.6554
FJTB_Langat_virus_E_280-675_AlphaFold 3.4944 2.8792 2.9014 1.1606 2.5036 2.9955 3.1852 3.9188 4.0669 1.1048 2.2417 3.6423 1.4968 3.1704 3.5766 2.5036 3.6423 1.5403 3.1414 1.5860 1.2199 2.7754 1.3075 2.1772 2.4746 2.8575 3.6423 1.3840 1.3621 1.2387 0.2297 6.2309 3.3118 1.3471 1.2406 1.0585 1.2311 2.9955 1.3884 3.5144 1.3014 3.3993 1.2636 3.0995 1.4041 2.0787 2.7368 1.4770 3.3812 1.6456 2.5805 3.3812 2.4191 3.5981 2.4191 1.6054 2.4124 1.3365 3.0995 0.2113 2.5725 3.1414 1.2734 1.4697 3.0724 1.5430 2.6641 2.0976 0.0000 1.1571 2.8683 2.3795 3.3993 0.2239 3.3634 2.6130 1.7446 2.9473 2.6641 2.9591 1.3729 1.2255 1.3729 0.6834 2.2417 1.3344 1.1835 1.5805 1.1782 1.2715 1.0278 3.3634 3.2002 3.0332 2.6907 2.5805 1.2293 1.1889 2.0740 2.4057 1.0600 3.6200 0.9331 3.5144 1.2675 0.2050 0.7174 3.0724 2.9473 3.0205 1.1131 0.6278 3.1133 0.3549 1.3664 2.3171 2.6729 3.3812 1.2656 3.4177 2.7656 0.2380 1.2237 2.3603 3.1414 1.3751 2.7274 3.3993 1.2833 1.2501 1.1468 3.2787 0.2290 2.3731 1.1943 3.5766 2.0067 3.1133 0.3317 1.1694 3.3118 2.9591 1.5589 4.7194 2.9241 3.0205 1.3708 2.3416 3.6423 1.4363 2.4675 0.3667 2.7274 1.3642 2.6907 1.9161 1.5247 4.0360 1.6340 3.4944 2.9356 1.4458 1.3260 3.3634 3.1414 2.0024 1.3556 1.3578 3.3459 1.9728 1.3116 2.1465 3.5144 1.1365 1.2070 1.3471 2.5805 1.3556 1.1676 1.3686 3.6423 1.3014 2.8683 3.0995 1.1961 2.5567 1.3302 2.0375 2.7181 1.2853 0.1331 3.1273 2.8902 1.6139 4.0360 2.7754 3.4177 0.2642 2.9241 2.3991 1.1979 2.7274 3.6651 2.7656 3.5144 3.2951 1.3884 2.8363 3.6883 1.6311 1.0918 3.9188 1.4649 3.1273 2.6729 1.4968 3.0592 1.7711 2.8259 3.5555 3.5555 3.5766 1.2774 2.9591 2.8792 1.5094 3.1558 3.6651 1.1659 3.0995 2.6998 3.2309 3.4363 2.7463 3.3118 1.2833 1.3323 3.1558 2.8156 3.2787 3.4177 2.9356 3.4177 1.1835 2.9591 3.3118 3.5766
FJNV_Modoc_virus_E_275-754_AlphaFold 2.8054 2.5805 3.2002 1.3136 2.9711 2.5885 2.5966 2.8469 2.9832 0.6347 2.6729 2.6907 1.6815 3.3287 2.4818 2.5490 3.1133 1.5120 2.2991 1.4387 1.3795 2.6468 1.3578 3.1704 2.1365 2.7181 2.7656 1.4697 1.3136 1.5509 1.1016 2.6554 2.8054 1.6026 1.4481 0.7239 1.4086 2.4963 1.4746 2.5336 1.3054 2.7089 1.3906 2.5966 1.3492 2.1982 2.3667 1.6398 2.8575 1.6574 2.9126 2.8259 2.4258 2.6130 2.6468 1.8123 2.4395 1.3708 2.6130 1.1554 2.9832 3.2625 1.4155 1.4064 2.7274 1.4577 3.2787 2.4327 1.1571 0.0000 3.3118 2.1266 2.4395 1.2463 3.1558 2.5336 1.6634 3.4363 3.7605 2.7559 1.4968 1.2520 1.3729 0.9538 2.4395 1.2973 1.1871 1.4201 1.2218 1.3302 0.2857 3.0995 2.4675 2.6298 2.3991 2.4191 1.2578 1.4132 1.9645 2.3603 0.6093 2.4818 1.1131 3.0205 1.6754 1.1502 1.0854 2.5805 2.4464 3.1273 0.7250 0.9594 2.8792 0.9538 1.2559 2.3231 2.4890 2.8469 1.3344 2.5646 2.2586 1.0742 1.4918 2.9832 2.4818 1.4625 2.8792 2.6641 1.2089 1.2913 1.2034 2.5567 1.0983 2.2473 1.4387 2.7463 1.8702 2.9241 1.0758 1.2368 2.8054 2.7089 1.8264 2.5490 2.4124 2.6554 1.5094 2.8363 3.1414 1.4064 2.4534 1.0278 2.8575 1.6224 2.4327 1.9896 1.6545 2.5336 1.5970 2.6214 2.5805 1.5589 1.5351 2.6998 2.7463 2.3171 1.5299 1.4993 2.4675 2.1566 1.5403 2.2586 2.4604 0.7606 1.3054 1.3951 2.8902 1.3471 1.3840 1.4270 2.5336 1.6785 2.7274 2.4604 1.5120 2.2035 1.4270 2.1982 3.6883 1.2715 1.0758 2.7089 2.6554 1.5535 2.6468 1.9360 2.9832 1.1016 2.5805 2.3354 0.7316 2.6468 2.6048 3.5347 3.6651 2.9126 1.5222 2.2197 2.5260 1.5456 0.6084 2.6382 1.4247 3.2951 2.7463 1.6574 2.3051 1.6815 2.6818 3.0079 2.9473 3.0205 1.2559 3.1133 3.5766 1.5778 2.7463 3.4177 1.2107 2.9356 2.6468 3.2309 2.4604 3.0724 2.9473 1.3054 1.2463 2.7368 2.4464 2.4124 2.6048 3.4177 2.2700 1.2833 2.7953 2.7853 2.5336
PLLG_Phenacoccus_solenopsis_associated_flavi-like_virus_E_1156-1387_AlphaFold 2.3231 3.7119 2.7953 2.9014 2.3925 2.4604 2.6998 2.9014 5.7354 3.0995 3.0724 2.6382 3.2154 3.3118 3.4177 2.7559 2.5805 2.9711 2.6130 3.1852 2.4327 2.0787 2.7853 2.8792 1.9562 2.6818 2.5260 2.7853 2.9955 4.0669 3.3459 4.0057 2.8575 3.0724 3.1273 2.6907 3.1273 3.6423 2.4746 2.4464 2.7368 2.5966 4.0669 2.8259 2.6729 2.6298 2.4818 3.0724 3.3118 3.1273 2.2700 2.8156 3.5555 2.4464 2.3667 2.5966 3.2625 3.7605 3.1558 3.1852 2.8363 2.7953 2.5036 3.2002 2.5413 2.6729 1.6846 2.6468 2.8683 3.3118 0.0000 3.9472 2.4124 3.1852 2.7559 2.7754 3.2002 2.8259 1.8591 2.0331 3.4363 2.6214 2.5966 3.1704 2.3292 3.0859 2.8054 2.7368 2.9356 2.6907 3.0995 2.2991 2.5036 2.6382 2.6298 2.9832 3.0461 2.7368 3.2309 3.1852 3.0332 2.4818 2.6048 2.3667 2.7463 2.7656 2.9356 3.5981 2.7089 2.5110 2.5725 3.2787 2.7274 3.2466 2.7181 2.9356 2.9126 2.7754 2.9014 3.0332 2.8575 3.3118 2.5646 3.2309 2.5336 2.6130 2.0694 2.8575 3.5347 2.6998 2.6554 2.4191 2.9356 3.7119 2.4604 2.6214 4.8160 2.7953 2.7274 2.5805 2.8575 2.6998 3.2309 2.2874 2.2586 2.7089 3.0205 2.7853 3.0205 2.6048 2.9832 3.0724 2.4327 2.7181 2.9126 3.3634 4.1308 2.3354 2.9014 2.3354 2.4057 2.5413 3.2309 2.5185 3.0079 6.2309 3.1273 2.7559 2.3731 2.9591 3.4747 3.0724 3.9472 2.6382 2.6907 3.3118 4.4579 5.3848 2.3231 3.6883 3.2787 2.9711 3.3634 2.4191 2.9356 3.1852 3.1133 2.4057 1.6969 2.8792 2.8902 3.2002 2.5490 3.0859 2.6641 3.1558 5.1383 3.0205 2.6554 2.3991 2.7754 2.5805 2.2473 3.1704 2.4534 3.0995 4.0669 2.9126 2.2757 3.3459 2.6382 2.3795 4.0057 3.1133 2.8054 4.3039 2.9356 2.6468 2.4675 3.2787 2.6641 2.9955 2.7754 2.2089 2.1617 2.6382 2.3667 1.9686 3.2466 3.5555 2.6907 4.0985 2.3171 2.9356 2.5413 2.3991 2.9591 3.2466 2.2815 3.0995 2.6729 3.3118 2.6382 2.7181 1.7413 2.8575 2.4057
FJUN_Infectious_precocity_virus_isolate_MR2018_orf_1_E_257-399_AlphaFold 3.3812 2.5036 2.4963 2.0420 3.5555 3.2951 3.2787 3.3993 2.8259 2.7181 2.1566 2.7953 2.5490 2.2035 3.2466 1.5860 2.6468 2.2757 2.7274 2.9955 2.4604 2.2252 4.0057 1.4529 2.2815 2.7089 2.3731 3.2309 3.1558 3.3812 2.3991 2.3416 3.3993 2.9014 2.5413 2.5336 2.2417 2.5260 3.2951 2.3795 3.5555 3.0205 3.2154 3.3287 2.9126 2.7089 1.8554 3.0461 2.4746 3.3634 2.7953 4.3039 2.6382 3.0205 2.4464 2.3231 1.6938 2.2362 2.2586 2.5036 3.6651 2.7463 3.5555 2.4327 4.1308 3.4177 2.8792 2.6382 2.3795 2.1266 3.9472 0.0000 3.2002 2.5036 2.9473 2.6214 2.3795 2.9711 3.0205 2.2586 2.8363 2.6468 2.8259 2.6641 2.4675 3.6883 2.5260 2.5646 2.5725 2.5260 2.3991 2.4818 2.4327 2.3795 2.2700 1.7413 2.8054 2.3231 3.0332 1.6139 2.9832 3.1558 2.6998 2.3416 2.2757 2.7274 3.1852 2.2473 2.1772 2.6382 2.5885 2.8792 2.8469 2.2991 3.1852 3.4363 2.7089 2.7181 2.5185 3.3812 2.2306 2.4124 2.6641 2.6130 2.4890 2.5336 2.6554 3.0995 2.3416 2.8469 2.7853 2.7754 2.7754 2.2874 2.2362 2.5336 2.3667 1.3817 3.1852 2.5336 3.3993 3.2951 2.7181 3.2154 2.8902 2.3731 2.6214 2.4746 2.3231 2.4395 2.7463 2.5646 2.5885 2.8575 3.8639 2.2586 2.8156 2.8575 1.9939 3.0461 1.8444 2.9356 2.4258 2.8575 2.8469 1.5915 3.1414 2.7181 2.8363 1.9161 2.9832 2.2586 2.4464 2.5413 3.1273 2.1566 2.1168 2.5646 2.3354 2.4057 3.0079 2.9356 2.3667 3.4177 2.6641 2.2586 2.7853 1.6969 2.4534 2.4604 2.1415 2.2529 2.6468 2.9955 3.3459 2.6298 2.4258 2.8363 2.9955 1.9521 2.5110 1.9044 2.9832 3.3993 2.4963 2.5805 2.4675 2.1982 3.1852 2.7953 2.5185 2.6298 2.1720 4.0985 5.1383 2.8363 2.7181 2.7953 2.9356 2.8054 2.6729 2.4604 2.2991 2.6214 3.0592 2.0331 2.7559 2.7368 1.6026 2.6130 2.3860 2.5490 2.5490 2.7656 2.2417 2.4534 2.5110 2.1465 2.8363 3.2466 2.7463 1.9854 2.4395 2.6468 3.2002 3.3993 2.5110
PLLG_Dermacentor_reticulatus_pestivirus-like_virus_1_isolate_CT2_E_884-1352_ESMFold 0.1553 2.3231 3.3634 2.4746 2.6130 2.6907 2.6214 0.2107 2.2757 3.0724 2.6214 0.2163 2.7463 2.6048 2.9126 2.8469 0.1816 2.8683 2.9356 2.5490 2.7463 2.0465 3.0724 2.6998 2.3603 2.8902 0.1660 2.8469 2.5490 2.6214 3.2154 2.5646 0.2151 2.5646 2.6048 3.1133 2.8259 2.6818 3.0079 0.0578 2.4258 0.1273 2.5260 3.0079 2.9955 2.8575 2.5805 2.8792 2.5110 2.7953 2.5490 0.1114 3.0724 0.1273 2.6998 3.0205 2.4395 2.5966 2.0928 2.9473 2.2362 2.9832 2.9014 2.9473 2.9126 2.9241 2.6298 2.8902 3.3993 2.4395 2.4124 3.2002 0.0000 2.8683 2.8469 2.7656 2.6641 2.7368 2.7656 2.8363 2.6298 2.5185 2.5805 2.5725 3.0461 2.6130 2.4395 2.7368 2.5885 2.6729 2.7853 2.4534 0.1216 2.9126 2.5036 2.3111 2.7274 2.5725 2.5885 2.3478 2.6048 0.1744 2.9126 2.8902 2.5490 3.0461 2.6468 2.3111 2.5490 2.6998 2.3111 3.3634 2.5260 2.9711 2.6298 2.7754 2.7754 0.1792 2.9591 0.1285 2.9955 3.5766 2.7368 2.9955 0.1319 2.6130 2.6214 0.1194 2.7853 2.4534 2.2529 0.1228 3.2002 3.1133 2.9832 0.1816 2.6641 2.9591 3.4177 2.2991 0.2151 2.4890 2.4890 0.1636 2.9591 3.3287 2.7181 2.6298 2.4534 2.6729 2.8156 3.5766 3.1704 2.6818 2.5725 2.2089 3.4363 0.1708 2.8259 0.1262 3.2002 2.6468 3.0592 0.1331 2.5725 2.1876 2.6382 2.5805 0.1251 2.7853 2.6907 2.4395 2.1929 2.8683 2.4890 2.7853 3.1852 2.8575 2.5966 2.5336 2.3603 2.4818 2.5966 2.6048 2.5110 2.5567 2.9955 2.6907 3.2466 3.0079 3.2002 2.4963 2.7368 2.9832 0.1636 2.9711 2.2586 2.9591 2.9591 2.9832 2.8054 2.6130 0.1296 3.5347 2.4191 2.3231 2.7181 2.9126 0.1296 2.8259 2.7754 0.1660 2.8792 3.1273 2.6298 2.9241 2.1720 2.5725 3.4553 2.3860 2.5805 3.3812 2.5490 2.8259 2.5805 2.4395 2.5490 2.8054 3.1704 2.6298 3.4363 3.1704 0.1273 3.1852 1.7744 2.6298 2.4818 2.0881 2.8792 2.4818 2.7274 2.3051 3.7360 2.4963 2.4395 0.2176 0.1262
FJTB_Turkish_sheep_encephalitis_virus_E_280-675_AlphaFold 3.0995 2.4604 2.9126 1.2444 2.4675 2.5805 3.0461 3.3287 3.3634 0.9413 2.8575 3.1558 1.6456 3.0592 3.5766 2.6298 3.7119 1.5915 3.3118 1.3884 1.4625 2.5725 1.3116 2.6048 2.9014 2.9955 2.9711 1.3664 1.3386 1.3386 0.3289 2.8902 3.1558 1.2463 1.2237 1.1315 1.1925 2.9832 1.3428 3.0332 1.3239 3.6423 1.2107 2.6554 1.3642 2.0976 3.2002 1.4064 3.5347 1.5325 2.6298 3.2002 3.0995 3.3287 2.2362 1.6111 2.3667 1.4109 2.5110 0.0493 2.6382 3.1414 1.1943 1.2463 3.1704 1.3428 3.4553 2.7089 0.2239 1.2463 3.1852 2.5036 2.8683 0.0000 3.0859 2.9241 1.4505 2.5567 3.3993 3.1414 1.3471 1.0967 1.3157 0.7940 4.0985 1.3116 1.1800 1.3365 1.3407 1.2953 1.1048 3.0859 2.9356 2.7559 2.5490 2.4534 1.2578 1.3365 2.1720 2.2035 1.1264 3.2309 0.7708 2.6818 1.3116 0.0388 0.7131 2.6818 2.8156 3.0461 1.2444 0.6690 2.7853 0.3991 1.2293 2.4191 2.7089 3.3459 1.3513 3.1414 3.4177 0.3389 1.2973 2.6298 3.0724 1.2993 2.4124 2.9241 1.3198 1.2893 1.1800 3.1273 0.0472 2.4818 1.2144 2.6554 2.2815 2.6298 0.4399 1.3386 3.1558 2.8902 1.5750 3.3993 3.0332 2.9014 1.3621 2.3478 3.2002 1.3365 2.7754 0.3741 2.5036 1.2715 2.2700 2.1982 1.4363 3.1704 1.7577 3.3634 3.3118 1.4577 1.3664 2.8469 2.8792 2.1929 1.4270 1.3323 3.1273 1.8300 1.2559 2.8469 2.6818 1.0870 1.3951 1.3219 2.8156 1.3795 1.2913 1.3556 3.1414 1.3198 3.2787 2.9356 1.1853 2.5036 1.2873 2.2991 3.0859 1.2754 0.1360 2.6468 2.9473 1.5120 3.7119 2.7089 4.3791 0.3310 2.8902 3.3459 1.2540 3.2625 3.4747 3.7856 3.4363 2.5567 1.5887 2.9955 3.2951 1.4505 1.1298 3.2787 1.4247 2.6998 2.7754 1.6545 2.1566 1.6253 3.0859 2.9241 3.4177 4.4579 1.2368 3.0859 3.3993 1.4481 3.7605 3.2625 1.0742 3.0461 2.7368 2.8792 3.4944 2.6907 3.0859 1.2311 1.3260 2.4746 2.2473 2.7656 2.5036 2.5260 2.9241 1.1606 2.8575 3.0995 3.2951
PLLG_Xiangshan_flavi-like_virus_1_E_514-984_AlphaFold 2.9711 2.7953 3.0724 2.8363 2.7656 3.2002 2.1415 2.8259 2.3231 3.4177 2.6048 2.6554 2.7853 1.3642 3.9188 3.2002 2.4464 2.5966 2.7368 2.5646 3.1133 2.6998 3.1273 2.5966 2.3171 3.0995 2.5036 2.9014 2.7559 3.2154 2.9241 3.0859 2.8469 2.9955 2.8469 3.2466 2.8683 2.7754 2.6048 2.7853 3.1558 2.8259 3.2154 1.6282 2.7559 2.7853 2.4534 2.4746 3.5144 2.8259 2.5036 3.1558 2.8683 2.7463 2.5966 3.3812 2.5336 2.8683 3.5144 3.5144 2.4604 1.9686 2.7559 2.7463 2.8902 3.1558 2.6907 2.9955 3.3634 3.1558 2.7559 2.9473 2.8469 3.0859 0.0000 2.7656 2.6468 2.6298 3.1273 2.3795 3.2951 2.6130 2.5966 3.1414 2.9955 2.5646 2.3540 2.4604 2.9014 2.5567 3.1273 1.7983 2.7656 2.9591 2.5885 2.6818 2.6998 3.2154 2.8469 2.6729 2.6998 2.5110 3.1133 3.5766 2.5110 3.0995 3.1414 3.8112 2.8363 1.8853 2.9711 3.2625 3.1414 3.0205 2.5413 2.4464 2.8902 2.7274 2.7274 2.7656 4.4180 3.4363 2.7559 2.5490 2.8363 2.7754 2.6641 2.7953 2.5725 2.4890 2.4746 2.7463 3.4553 3.4747 2.9356 2.7368 2.8469 2.6048 2.9014 2.5646 2.8469 3.8112 2.5185 2.5805 3.0461 2.8363 3.0461 2.9832 2.7656 3.0724 2.8792 3.1558 2.8363 2.8792 2.4604 2.7463 3.0079 2.6818 2.9955 2.9473 3.4177 3.1852 2.6818 2.8156 3.3634 2.5966 2.6130 2.7559 2.6298 3.0859 2.9126 2.8259 3.5144 2.9955 2.9014 3.5144 2.6298 2.7853 3.0079 2.9473 4.1308 3.2002 2.3731 2.6998 3.1133 2.7853 2.7181 2.6214 2.3292 2.8792 2.6130 3.0461 2.7368 2.6641 2.7754 2.5185 3.2154 3.0205 2.9014 2.9955 3.0724 2.6818 2.6818 4.0985 2.5260 2.9473 2.9832 2.7274 2.7274 3.1133 3.0461 2.7274 2.8259 2.4258 3.2466 2.7181 2.4057 2.7181 2.6554 3.8911 2.5413 2.8575 2.7559 1.8336 2.9711 3.1852 3.0592 2.4818 3.2625 3.3993 2.7089 1.7446 2.6641 1.6604 3.0332 2.9473 2.6468 4.6278 2.5646 2.7463 2.2035 2.8575 2.4395 2.6382 2.4258 2.8156 2.9356
FJJI_Yanggou_tick_virus_strain_Erzin14-T20074_segment_2_orfVP1a_E_103-400_AlphaFold 2.6554 1.2107 0.6992 2.9473 2.6130 3.0079 2.9241 2.8156 2.5646 2.8156 2.7853 2.5567 2.9014 2.7656 2.6729 2.5260 2.9241 3.0592 2.8156 2.9356 2.8156 2.4124 2.7368 2.3925 2.3667 2.9832 2.7463 3.2625 2.8575 3.3634 2.7181 3.2154 2.8792 3.2309 3.2309 3.1852 3.0079 2.8902 2.7368 2.6298 2.8575 2.7368 2.7953 3.3118 2.9473 3.0332 2.8259 2.7089 1.0461 2.8156 3.1704 2.7754 2.6214 2.4818 2.6382 3.2625 2.7953 2.6907 1.1871 2.7853 2.7656 2.9356 4.1638 2.7368 2.8054 2.8792 2.6907 3.3459 2.6130 2.5336 2.7754 2.6214 2.7656 2.9241 2.7656 0.0000 2.9591 2.8792 2.8575 2.5567 2.8469 2.4327 3.0205 2.8156 2.8054 2.6729 2.5336 3.0332 2.7656 2.9014 2.5413 2.5185 2.6554 1.1961 2.7754 2.8469 2.5805 2.7274 2.9241 3.2309 2.8683 3.2309 2.9126 3.6200 3.1414 2.6468 2.8792 1.1747 2.6048 2.5805 2.6298 2.3231 1.0854 2.9241 3.3993 2.9955 2.6468 3.0461 3.2002 2.6554 2.7274 3.0332 2.8363 2.7754 3.0461 3.2787 3.1133 2.6298 2.5885 2.7656 2.9711 2.6729 2.6214 3.2002 2.8902 2.5036 2.4818 2.4963 2.6818 2.4963 2.8792 0.8226 2.6641 2.8259 2.8363 2.4963 2.6641 0.7035 2.7274 3.2625 2.6818 2.7368 2.5260 3.4747 3.6423 2.5413 3.2154 2.7181 2.8156 2.6468 2.8363 3.1414 2.8575 2.5646 1.0445 4.3791 3.0724 2.3925 2.5646 2.6298 3.2951 2.7089 1.2368 3.0859 2.6641 2.6818 2.8469 3.1133 2.7754 2.8469 1.0600 3.2309 2.9356 2.5336 3.0724 3.0079 2.8156 2.7559 2.5260 3.2309 2.7181 1.1048 3.1133 3.2466 3.1852 4.9706 2.3292 2.5567 2.7559 2.6468 2.7368 2.4818 2.5966 2.1876 2.5185 1.0631 3.1852 2.5036 2.8259 3.7119 2.5885 2.6729 3.0859 2.7274 2.4124 3.3459 2.4604 2.6468 3.2466 1.0758 2.3292 3.0205 3.0592 2.5413 2.7463 2.6214 2.9955 3.2625 2.6998 1.1315 2.8902 2.8054 2.5885 3.0859 2.3925 2.4258 3.1852 1.1519 3.0724 2.7754 2.7559 2.4890 2.7463 2.7274 2.6382 2.8792 2.7089
FJMB_Nanay_virus_strain_PRD316PER09_E_290-779_AlphaFold 2.9126 2.6818 2.9955 1.1641 4.9177 2.9356 2.7656 2.7368 2.6818 1.3664 2.3991 2.6048 1.2237 3.4177 2.8469 3.3287 2.6048 1.0507 2.6298 1.1835 1.0806 2.7559 1.1016 2.9473 2.9711 2.6130 2.6130 1.0384 1.0983 1.0854 1.8018 2.9014 2.7368 0.9622 0.9922 1.4894 0.9608 2.7181 1.0158 2.8054 1.0202 3.0592 1.0742 2.6130 1.1147 2.4124 2.3860 1.1537 3.1704 1.2501 2.6729 2.7754 2.8259 2.7559 2.2473 1.9083 2.2529 1.2715 2.6641 1.4387 2.6907 2.9014 1.0742 1.2034 2.5966 0.9552 3.1558 3.3812 1.7446 1.6634 3.2002 2.3795 2.6641 1.4505 2.6468 2.9591 0.0000 2.5336 2.9591 3.3459 0.9678 1.2636 0.9169 1.4505 2.7368 1.0384 1.2293 1.0202 1.3075 1.0838 1.4869 3.1414 2.9014 2.8259 2.9356 2.2143 1.0538 0.9980 2.0242 2.5646 1.6054 2.6468 1.2774 3.3634 0.9692 1.4224 1.2162 2.5646 2.4395 3.1133 1.5482 1.5970 3.1704 1.5562 1.1434 2.3292 2.5490 2.4963 1.0353 2.9014 3.4747 1.4968 1.0308 2.4746 3.0995 0.9951 3.3993 2.7089 0.9427 1.2107 1.2873 2.8363 1.5562 2.5885 1.2052 2.3795 1.8480 2.3925 1.6026 1.4481 2.7368 2.7463 1.5696 2.5185 2.6468 2.6298 1.0399 3.0995 3.2002 0.9835 2.7559 1.5860 2.6641 0.9524 2.2643 1.9044 1.1048 2.4534 1.6456 2.9591 2.3231 0.9196 1.1800 3.0859 2.8902 2.2362 1.1502 1.0010 2.8902 2.1168 1.0024 2.5336 2.4746 1.5696 1.2893 0.9678 2.9241 1.2052 1.1485 1.0663 3.0205 1.1502 2.8363 3.2625 0.9778 2.3925 1.0010 2.0602 2.9356 1.2578 1.5615 3.0205 2.7656 1.0854 2.5185 2.0740 2.9126 1.8372 3.2466 2.9473 1.2833 2.7754 2.8792 2.0510 2.4675 2.5805 1.5943 2.5036 2.9711 0.9372 1.6969 2.5260 0.9524 3.4177 2.4327 1.3556 2.9356 1.7611 3.2154 3.0592 3.5981 4.5407 1.2293 2.7754 2.6468 1.4746 3.1133 3.1558 1.4577 3.1414 2.6554 3.0205 2.8902 2.7274 3.0461 1.2559 1.3344 2.6298 2.3478 2.4258 2.8575 3.5981 2.0420 1.2107 2.9955 2.7089 2.9014
PLLG_Hangzhou_flavivirus_1_isolate_FSFY137086_E_56-223_ESMFold 2.7368 2.7274 3.4363 3.3118 3.1414 2.6214 2.2643 4.1308 2.1929 2.9356 2.9356 3.3459 2.6641 2.6907 2.9832 2.3478 2.7656 3.0332 2.8902 3.1273 3.0995 2.2757 2.8683 2.8792 2.2143 3.1133 3.0592 3.2466 3.1704 2.8792 2.4890 11.9135 4.1308 4.4180 3.3993 2.3795 2.3991 3.1558 2.7754 2.6907 3.0332 3.0724 3.8639 2.8683 2.4464 3.2787 3.0859 3.6883 2.6554 2.4327 2.8363 2.6298 2.6382 3.0205 3.0332 2.8902 3.2951 2.9014 3.2787 2.3925 2.5966 3.4747 2.9955 2.4963 1.9939 4.8160 2.3416 2.9711 2.9473 3.4363 2.8259 2.9711 2.7368 2.5567 2.6298 2.8792 2.5336 0.0000 2.4818 2.3354 3.1133 2.5413 2.2252 3.3118 2.8259 2.6382 3.1558 3.2466 2.8259 3.5981 2.6998 2.4464 3.0461 3.2309 3.5347 2.7656 2.4818 3.7119 5.0809 3.3812 2.5110 2.8156 3.1414 3.0995 2.4395 3.2002 2.7656 2.6048 2.6998 1.9201 2.6907 4.3039 2.7368 2.7181 3.3812 2.4124 3.0995 2.6998 3.0724 3.0859 3.0205 2.5036 3.0079 2.1071 2.6641 3.4363 3.2466 2.6382 2.6818 3.3287 2.4464 3.2466 2.3925 2.5490 2.9955 2.7656 2.6907 2.5490 2.8156 2.6554 4.1308 3.2002 2.6048 3.2002 3.2787 3.7360 2.2586 4.1976 2.6298 3.3118 2.9591 2.6554 2.4818 3.5766 3.0205 2.7656 2.9591 2.7463 2.9832 2.8363 2.5567 3.9761 2.6554 2.6641 2.8902 7.5496 2.9126 3.9188 3.2002 2.9832 3.0592 2.4604 2.6907 2.4604 2.9832 3.6200 3.0332 3.1704 2.7754 3.6883 2.4534 3.1852 2.9591 3.7605 2.4124 2.9832 2.7089 2.3231 2.1876 2.9241 2.3292 2.4191 3.9188 3.1273 2.6907 3.7360 2.2757 2.7181 2.7853 3.6200 3.7360 2.7274 2.8792 3.2466 2.7089 2.2815 2.7953 2.9473 3.4363 3.5766 2.5490 2.9711 5.2581 2.8792 3.6423 2.5805 3.1704 2.7754 2.7274 2.4191 2.2991 2.8683 2.7754 2.5725 2.4818 2.5260 4.0057 2.5490 2.7559 3.6200 2.8683 2.7853 3.2002 2.7368 3.2625 2.7089 3.1852 2.9356 2.7463 3.1558 3.2309 3.5555 2.7463 2.6554 2.5110 4.1308 3.6200
PLLG_Carrot_flavi-like_virus_1_isolate_744_E_1444-1927_AlphaFold 2.7089 2.9473 2.5725 2.7953 1.9769 3.1133 2.4327 3.2002 2.6468 3.1273 4.0360 3.2154 2.6130 2.8575 2.9832 2.6382 3.2002 3.1133 3.5555 3.2951 2.8469 1.7778 2.5185 2.5413 2.3540 3.3459 2.9473 2.9591 2.5885 2.6729 2.6554 1.9161 3.2625 2.8363 2.6554 3.2466 2.8054 3.0724 2.7754 2.6130 2.5567 3.3812 2.5646 3.2002 2.5966 2.9126 3.3287 2.9473 3.2002 2.8156 2.3354 2.9473 2.9711 3.2625 2.8259 2.6382 2.5413 2.9473 2.5966 3.0724 2.4675 2.6048 2.7181 2.8156 2.8792 3.1558 1.3157 3.4553 2.6641 3.7605 1.8591 3.0205 2.7656 3.3993 3.1273 2.8575 2.9591 2.4818 0.0000 2.6382 3.0461 2.7853 2.4604 3.2002 3.9188 2.6818 2.7181 2.7754 3.0332 2.3540 3.2002 2.5185 2.8902 2.6998 3.7360 2.7853 2.8902 2.8575 3.0205 2.8363 3.0079 3.2787 3.2466 1.8815 2.9832 3.1414 3.0461 2.5036 2.7853 2.7181 2.5646 3.2951 2.7754 3.6423 2.5490 2.5725 2.9126 3.2787 2.7853 2.8469 3.4944 3.0859 2.6298 3.4747 2.7274 2.9126 2.0928 2.7853 2.8792 2.4327 2.6048 3.0079 2.8054 3.3634 2.9473 3.8373 2.6468 2.6998 3.2951 2.7181 3.2625 3.0859 2.8259 3.3287 3.1704 3.5144 2.7559 2.8683 2.4890 2.8156 3.0995 2.7463 3.2309 2.9591 2.9591 2.8902 2.8683 3.0995 3.4747 2.8054 2.4464 3.0079 2.6641 2.8363 2.5725 2.2089 2.7754 3.2951 3.0332 2.9473 3.0592 2.9955 3.2309 2.8469 2.7853 2.8156 2.6554 3.0205 2.6818 2.7754 2.7559 2.8469 3.0995 3.0592 2.7953 2.7953 2.7754 2.9014 1.3386 2.7181 2.7754 2.6641 3.3459 3.0205 3.4944 3.0332 2.5260 3.1273 2.8792 3.6883 2.9473 3.4363 3.1558 3.9472 2.9591 2.7274 2.5036 3.4177 2.8469 3.1704 4.2322 3.2154 2.9473 2.4604 3.1558 3.0724 2.4534 2.7181 2.7754 2.6554 2.6729 2.8259 2.8792 2.7853 2.4327 2.7274 3.5144 2.1120 3.4363 2.9711 2.6130 2.2757 3.4177 2.5260 2.5805 2.6729 2.8469 3.0724 3.0079 3.3287 2.7656 3.0995 2.6382 2.9126 2.2529 3.1852 3.1133
PLLG_Frankliniella_occidentalis_flavi-like_virus_1_E_926-1194_AlphaFold 2.4258 3.5555 2.6130 2.4746 1.4018 2.3925 2.2252 2.5646 3.5144 3.0592 2.9832 2.9711 3.0461 2.7656 4.3791 2.8363 2.8259 2.7754 2.9241 3.2309 2.8902 2.2757 2.7853 2.7274 2.1316 3.4177 2.9014 2.6298 2.5567 2.9014 2.7368 2.5036 2.5413 4.9177 3.2002 2.8575 2.5336 2.6907 3.9188 2.7853 2.3292 2.6130 3.2154 2.9591 2.8575 2.7656 2.4890 2.6818 3.3287 3.0995 2.8054 3.3993 2.7368 3.0332 2.5567 2.7656 2.4963 2.4604 3.3118 3.7360 2.8792 2.3731 3.0332 2.7656 2.6048 2.8469 2.5725 3.3287 2.9591 2.7559 2.0331 2.2586 2.8363 3.1414 2.3795 2.5567 3.3459 2.3354 2.6382 0.0000 4.4180 3.5347 3.0205 3.6883 3.4553 3.0079 3.2787 3.2154 2.4818 2.6130 2.2529 2.1120 2.9126 2.5336 2.9014 2.8792 2.8054 2.5885 3.1133 2.4675 2.9014 3.2154 3.5555 1.9280 3.7605 3.6200 3.8911 3.7119 3.7119 3.1852 3.2787 3.7856 3.2951 3.2951 2.9014 2.7953 2.2757 2.6729 2.6998 2.6298 2.3354 2.9591 3.7856 4.0985 2.9711 3.0079 1.8815 3.5981 2.6048 2.8156 2.7463 2.6907 3.0205 3.1414 3.1133 2.6729 3.1558 3.0859 2.8259 3.7605 2.5413 2.5646 2.9473 2.4675 2.6998 2.5646 2.6554 2.7754 3.3118 3.0205 2.9832 3.2951 3.2787 6.9379 2.8469 2.9473 3.2309 2.7754 2.9591 2.8683 4.1976 4.1976 3.5981 2.7853 3.0859 2.4675 2.8902 5.8119 2.8902 2.5725 3.1133 3.0205 3.7119 3.1273 3.1133 4.0669 2.4464 3.3118 3.0461 3.3287 3.7605 2.6298 2.4963 2.6468 2.8363 3.0461 3.1133 2.7089 3.2002 2.4057 2.7274 3.5144 3.3118 3.4553 2.6130 3.3993 3.5555 2.5646 3.5555 3.2787 2.0928 2.4258 2.8792 2.2252 2.0331 2.9832 2.2991 2.7559 2.7656 4.3791 3.4747 2.9711 3.0592 2.4057 2.8054 2.8575 2.9711 2.7754 2.5490 2.9955 2.4534 3.3287 2.8792 2.0111 1.9981 2.7181 2.8156 1.9686 3.5981 2.3051 3.1133 2.2757 2.7853 2.6729 2.9955 2.7559 2.7463 4.1308 2.9711 3.0995 2.9473 2.6729 2.6641 2.5805 1.5998 2.5413 2.8902
FJMB_Sitiawan_virus_E_288-788_AlphaFold 2.9711 2.5413 3.4177 1.0694 3.1414 2.3925 2.8363 2.8792 2.2306 1.2181 2.6382 2.6729 1.0414 2.5725 3.6883 3.4944 2.5567 0.8361 2.5567 1.0158 0.5633 2.9241 0.8660 2.3731 3.1852 2.8054 2.7463 0.8635 0.4185 0.9155 1.4819 2.6907 2.9241 0.1988 0.4768 1.3751 0.6007 2.5110 0.6982 2.6818 0.4668 2.7754 0.4936 2.6382 0.9250 2.0648 2.4258 0.9317 3.0461 1.1624 2.3991 2.7463 2.5413 2.6729 2.1071 1.5351 2.2197 1.0694 2.9832 1.3095 2.8683 2.4604 0.9636 0.9036 2.5185 0.6036 2.9591 3.0724 1.3729 1.4968 3.4363 2.8363 2.6298 1.3471 3.2951 2.8469 0.9678 3.1133 3.0461 4.4180 0.0000 1.0934 0.7185 1.3708 2.4963 0.4464 1.1589 0.5195 1.0369 0.4343 1.4064 2.8792 3.2466 2.9241 2.3991 2.3478 0.9399 0.4311 2.0111 2.2757 1.4018 2.7559 1.3599 2.6554 0.9622 1.2656 1.3556 2.4675 2.7559 2.8792 1.4795 1.3177 3.0724 1.2813 0.4919 2.3925 2.7368 2.6729 0.4919 2.8054 3.3459 1.3219 0.9277 2.5185 2.8902 0.4709 3.1852 2.5490 0.9075 1.1399 1.1729 2.8469 1.3951 2.8469 0.9908 2.8054 1.6969 2.9126 1.3621 1.1349 2.9241 2.9126 1.5482 2.7368 2.6298 2.4124 0.5744 2.8902 2.6907 0.4718 2.6554 1.3302 2.5260 0.1853 2.3292 2.0420 0.7835 2.5110 1.4553 2.9356 2.3795 0.6327 1.0323 2.6907 3.2787 2.1772 0.9277 0.1804 2.7953 1.9400 0.7437 2.3860 3.5981 1.4844 1.0854 0.0378 2.5413 0.9209 1.1298 0.5950 2.8902 0.7766 3.2154 2.5646 0.6690 2.2143 1.0113 1.8777 3.4747 0.8737 1.2406 3.1558 2.7368 1.0083 2.7274 2.5413 3.6651 1.5247 2.4818 2.7463 1.2311 2.2089 2.7181 4.2677 3.3459 3.4553 1.5377 2.8575 2.6818 0.6669 1.4529 2.8363 0.5524 2.9832 2.5336 1.1197 2.2089 1.6253 3.0079 3.3459 3.2466 3.2466 1.1589 2.9832 3.0724 1.4064 2.5646 2.7754 1.3157 3.5981 2.7368 3.7119 2.7853 3.2625 3.0995 1.0934 1.1606 2.6048 2.3795 2.5885 3.0461 3.2625 2.8156 1.1764 2.7463 2.8792 2.9014
FJMB_Banzi_virus_strain_SAH_336_E_273-763_AlphaFold 2.5567 2.2473 3.0592 0.8547 2.8902 2.7274 2.8683 2.5567 2.4191 1.3951 2.4963 2.5260 1.2463 2.8469 2.6554 3.1133 2.2932 1.0967 2.3860 1.1485 1.0758 3.0995 1.0616 2.8575 2.4057 2.9955 2.4124 1.1853 0.9735 1.1502 1.0951 3.0461 2.6214 1.1711 1.1131 1.3198 1.0263 2.4963 1.1764 2.4057 1.0278 2.5490 1.0742 2.6382 1.0694 2.2035 2.2529 1.1889 2.7089 1.2617 2.5413 2.4057 2.6214 2.4464 2.4963 1.6456 2.2197 0.6537 2.8575 1.1264 2.7559 2.5336 1.0616 1.0430 2.1824 1.1485 2.7754 2.6382 1.2255 1.2520 2.6214 2.6468 2.5185 1.0967 2.6130 2.4327 1.2636 2.5413 2.7853 3.5347 1.0934 0.0000 1.0202 1.1589 2.4746 1.0726 0.2335 1.0054 0.6317 0.9749 1.3054 2.8902 2.4124 2.6998 2.6048 2.4464 1.0647 1.0232 1.8554 2.2757 1.4387 2.2306 1.0918 2.2757 1.1298 1.1925 1.0934 2.1982 2.2252 3.2951 1.1147 1.1694 2.8259 1.1943 1.0054 2.3292 2.6641 2.3860 1.0173 2.5036 3.2625 1.1147 1.1641 2.3171 2.6298 1.1349 2.7274 2.4191 1.0491 0.8957 0.2252 2.3925 1.1114 2.4327 1.0024 2.6048 1.9645 3.5766 1.2540 0.5903 2.6214 3.1704 1.3686 2.3603 2.3231 2.6729 0.9792 2.5260 2.5336 1.1114 2.5885 1.0902 2.3171 1.0616 2.5966 1.8444 1.1181 2.3603 1.6082 2.5036 2.1566 1.2349 1.2520 2.5490 2.8259 2.0331 1.0553 1.1818 2.5646 1.8264 1.0679 2.4890 2.7274 1.2125 0.5799 1.0854 2.9356 1.1907 0.8610 0.9893 2.8792 1.1264 3.2154 2.4746 1.0054 2.3051 1.1164 1.8018 2.7754 1.0293 1.0491 2.7656 2.7656 1.1907 2.4604 2.6998 2.9014 1.1997 2.5260 3.4177 1.3513 2.8054 2.4675 2.8902 2.5260 2.6130 1.5120 2.4890 2.5110 1.2463 1.2330 2.3667 1.1016 2.8156 3.1273 1.1571 2.3991 1.5915 3.4553 2.8575 3.2625 2.9591 0.2316 2.6554 2.8792 1.4770 2.4534 2.8683 1.2734 2.5966 2.6382 2.7368 2.4258 3.1852 2.8156 0.7316 0.4030 2.6554 2.3540 2.2586 2.9711 2.7368 2.4464 0.2013 2.5336 2.5185 2.4963
FJMB_Zika_virus_E_291-789_AlphaFold 2.5966 2.3795 2.9711 0.9937 2.5725 2.4464 2.8054 2.9241 2.2586 1.3973 2.4963 2.5646 1.0308 2.8156 2.5185 2.7754 2.5185 0.5940 2.4963 0.9580 0.6939 2.5336 0.6210 2.3111 3.0205 2.9473 2.5805 0.8214 0.6710 0.8931 1.3535 2.8259 2.9473 0.6731 0.6887 1.3260 0.7056 2.7656 0.3461 2.5413 0.6649 2.5885 0.6731 2.6907 0.6507 2.0375 2.3171 0.9721 2.7463 1.1016 2.5185 2.8469 2.6130 2.5966 1.8517 1.4746 2.0375 0.9864 2.3667 1.3492 2.6468 2.9014 0.8801 0.6690 2.2252 0.7460 2.7656 2.7853 1.3729 1.3729 2.5966 2.8259 2.5805 1.3157 2.5966 3.0205 0.9169 2.2252 2.4604 3.0205 0.7185 1.0202 0.0000 1.2181 2.4675 0.7067 0.9879 0.6700 0.9692 0.6527 1.2425 2.9955 2.8259 2.6729 2.2417 2.1668 0.9236 0.6210 1.6427 2.2035 1.3428 2.5336 1.2387 3.1273 0.8610 1.3075 1.1016 2.4395 2.3051 3.1704 1.2754 1.2052 2.5413 1.2330 0.6487 2.1929 2.3667 2.6468 0.6093 2.7559 2.9473 1.2144 0.9468 2.3051 2.6130 0.7174 2.9356 2.9014 0.9142 1.0098 1.0158 2.6907 1.3323 2.4057 0.9835 2.7368 1.7094 2.8575 1.3513 1.0128 2.9473 3.2002 1.3996 2.5110 2.5490 2.6729 0.6793 2.5805 2.4675 0.6814 2.5185 1.3281 2.8469 0.6897 2.1120 2.1316 0.6710 2.4604 1.5120 2.7754 2.1772 0.7697 0.9850 2.5490 2.6298 2.6907 0.8385 0.7917 2.7274 1.8628 0.7824 2.4464 2.4963 1.3642 0.9441 0.7067 2.4746 0.9538 1.0399 0.6407 2.6729 0.6950 3.2787 2.5260 0.8711 2.0556 0.9879 1.8739 2.9014 0.6074 1.1835 2.8469 2.4057 1.0663 2.7953 2.5260 3.3287 1.3751 2.4191 2.8469 1.1835 2.4534 2.5805 2.9014 2.3860 2.6382 1.5299 2.3416 2.4818 0.7766 1.2311 2.5567 0.7663 2.6641 2.5036 1.1434 2.4534 1.5325 2.8902 2.5185 2.6214 3.3993 0.9778 2.9711 3.3812 1.4247 2.6729 2.9711 1.2695 2.8259 2.5336 3.5144 2.5110 2.9126 3.1133 1.0039 1.0647 2.3795 2.2089 2.6729 3.1852 2.7274 2.5885 0.9980 2.6298 2.8469 2.5413
FJTB_Kama_virus_strain_LEIV-20776Tat_E_276-666_AlphaFold 2.8902 2.6298 2.7754 1.0918 3.1704 2.5885 3.0724 2.8683 2.8469 1.1349 2.5567 2.6048 1.3302 3.2154 4.6278 2.9711 2.5805 1.3621 2.3603 1.3116 1.2311 2.4890 1.3116 2.7368 2.8683 3.0205 2.6641 1.3862 1.2444 1.3428 0.6337 2.6998 2.9014 1.3513 1.2675 1.0553 1.4224 2.7754 1.3642 2.6818 1.2293 2.5110 1.2993 3.2466 1.3034 2.2643 2.2757 1.6846 2.7853 1.6196 2.6298 2.9832 2.6214 3.0592 2.2143 1.6082 2.2197 1.1197 3.0724 0.8472 2.9711 3.4553 1.2578 1.2675 2.3540 1.4481 2.8054 2.6641 0.6834 0.9538 3.1704 2.6641 2.5725 0.7940 3.1414 2.8156 1.4505 3.3118 3.2002 3.6883 1.3708 1.1589 1.2181 0.0000 2.7953 1.1641 1.1676 1.3344 1.1943 1.2218 1.1147 3.4177 2.7274 4.0669 2.6641 2.2529 1.2406 1.2016 2.0648 2.1876 0.9778 2.8054 0.3317 2.3354 1.2993 0.7617 0.3741 2.6298 2.1824 3.2154 1.0308 0.2406 3.0592 0.6327 1.2833 2.0286 2.8363 2.6729 1.2913 2.9955 2.7953 0.6834 1.4918 2.4746 2.7953 1.2953 2.9955 3.0859 1.2107 1.1231 1.2406 3.1133 0.8385 2.0510 1.2873 2.7463 2.0024 2.4746 0.7013 1.1281 2.9014 2.7368 1.3729 2.7953 2.2874 2.9591 1.2933 2.6214 2.7656 1.3407 2.8902 0.6876 3.1558 1.3556 2.5490 1.9939 1.5170 2.5885 1.5887 3.0995 2.6907 1.5170 1.3302 2.9014 3.2787 2.3603 1.2893 1.5170 2.8792 1.8123 1.3116 2.9356 3.0724 1.0173 1.1606 1.4132 2.5966 1.4201 1.1502 1.2754 3.0079 1.5482 3.4363 2.5725 1.4109 1.9603 1.5642 1.6282 3.9472 1.2181 0.6547 3.1273 2.9241 1.6139 2.9241 3.0724 4.9177 0.6337 3.0332 2.6818 1.1247 3.2154 3.2154 2.8683 2.4818 3.0859 1.4649 2.5966 3.4944 1.4505 0.9622 2.7853 1.4247 2.9832 3.5981 1.4224 2.4604 1.4601 2.4258 3.1414 3.1273 4.7194 1.1782 2.5260 2.6468 1.5778 2.6554 2.7754 1.0024 3.5144 2.5966 4.0985 3.0859 3.1704 3.0332 1.1147 1.2034 2.7953 2.5336 2.3795 2.5646 2.9014 2.6907 1.1624 3.3118 2.9014 3.2787
FJIS_Calbertado_virus_isolate_44-13_E_258-664_AlphaFold 3.0859 2.5260 2.5036 2.4191 3.5766 1.4968 2.9241 3.2951 2.5110 3.4363 1.8193 2.8683 2.7368 2.6298 3.5347 2.8054 2.5805 2.5260 1.5325 2.6729 2.6214 2.3171 2.7368 2.4604 2.3860 1.8408 2.8363 2.4818 2.3416 2.6048 2.3731 2.4191 3.2625 2.9241 2.2874 2.2700 2.4604 1.5615 2.7754 2.6641 2.2757 3.2787 2.4746 3.1133 2.5036 2.5646 1.6545 2.7368 2.5260 2.9126 2.5885 3.1704 1.7983 3.3459 2.2757 2.3603 1.8088 2.8156 2.1876 3.1273 2.8683 3.4177 2.8054 2.3111 1.7511 2.4890 3.3459 0.0440 2.2417 2.4395 2.3292 2.4675 3.0461 4.0985 2.9955 2.8054 2.7368 2.8259 3.9188 3.4553 2.4963 2.4746 2.4675 2.7953 0.0000 2.5413 2.3354 2.4395 3.1558 2.3292 2.6298 2.7559 2.8259 2.6818 1.0098 1.5778 2.3051 2.5413 2.7656 1.9320 2.5966 2.8575 2.6468 2.8792 2.6048 3.2625 2.5725 2.5805 0.8597 3.0332 2.3111 2.5036 2.8156 2.9711 2.3478 1.3708 1.7812 2.9955 2.5725 3.0995 3.9472 2.3292 2.7559 1.3906 3.3287 2.2932 2.8156 3.1704 2.3540 2.5885 2.2932 3.2787 2.9711 2.5885 2.8469 2.8054 2.7656 2.5036 2.9241 2.4534 3.2625 2.9473 2.5805 2.6130 1.6369 1.8628 2.4258 2.8259 2.4395 2.5885 1.7252 2.5260 0.8011 3.2625 1.3535 2.5413 2.7089 2.9014 3.5981 2.8363 2.5490 2.6468 2.5336 3.0461 2.4534 3.2951 2.6130 2.8259 3.4747 2.8259 2.4191 1.3795 2.3795 2.3860 2.8259 2.8575 2.6729 2.6554 2.3231 2.4534 2.6298 2.4057 3.0332 1.5642 2.6048 2.5885 2.8363 2.7559 2.7656 2.6298 2.1071 2.4675 1.7031 3.0461 2.6298 3.1414 2.2417 2.7181 2.6729 0.0378 2.5185 1.5943 3.5144 4.8160 2.4818 2.3795 2.4890 1.5351 2.9014 3.0205 2.6468 2.5185 2.3540 3.4747 2.2473 2.8902 1.3407 2.4057 2.4191 2.6130 2.8054 3.2002 2.3991 2.6468 2.5805 2.4534 1.5069 2.9955 3.5555 3.1133 2.0648 3.0592 2.9832 3.3118 3.5981 2.5336 2.8156 2.0976 1.4086 1.6111 3.4363 2.6214 3.5144 2.3860 3.4747 3.0592 2.8363
FJMB_Yaounde_virus_strain_Dak_Ar_Y276_E_291-791_AlphaFold 2.9014 2.2586 2.9711 1.0202 3.2309 2.6554 2.8259 2.7463 2.2643 1.2520 2.3991 2.5966 0.9277 2.8054 4.3410 3.5144 2.4963 0.7283 2.9014 0.9196 0.5021 2.7463 0.8094 3.3459 2.3603 2.7274 2.4890 0.8534 0.2603 0.8622 1.4317 2.4464 2.7754 0.4343 0.3091 1.1979 0.5443 2.5646 0.7663 2.8156 0.4504 2.6554 0.3346 2.6998 0.8299 2.0648 2.3731 0.9850 2.5185 0.9864 2.6729 2.8054 2.2643 2.6554 2.0375 1.5998 2.0834 1.0902 2.7559 1.3996 2.7953 2.5260 0.8398 0.8534 2.3795 0.6527 2.4890 2.7559 1.3344 1.2973 3.0859 3.6883 2.6130 1.3116 2.5646 2.6729 1.0384 2.6382 2.6818 3.0079 0.4464 1.0726 0.7067 1.1641 2.5413 0.0000 1.0323 0.3161 1.0758 0.2246 1.3449 2.5490 2.7754 2.6729 2.3667 2.1982 0.8996 0.3036 1.8777 2.2874 1.2617 2.5885 1.3014 2.9241 0.9317 1.3365 1.1889 2.2991 2.0111 3.0461 1.3116 1.2540 3.2951 1.1264 0.2523 2.0375 2.0928 2.8156 0.2465 2.7559 2.8054 1.2162 0.8522 2.3603 2.6298 0.3346 3.3287 2.6998 0.8711 1.0128 1.0384 2.7559 1.3578 2.4124 1.0054 2.6382 1.7252 2.5185 1.1399 1.0999 2.7754 2.9591 1.4505 2.6048 2.0787 2.7559 0.2891 2.9711 3.1704 0.4327 2.1071 1.3996 2.4534 0.4107 2.0154 1.8517 0.7110 2.5336 1.5377 2.8575 2.3354 0.6357 0.8497 2.5966 2.5646 2.3603 0.8788 0.4618 2.6729 1.9161 0.6960 2.2700 2.6998 1.2734 1.0886 0.4784 2.6130 0.8497 0.9893 0.2981 2.4818 0.6897 2.9711 2.4818 0.7003 2.2417 0.9764 1.9811 2.7274 0.7617 1.2774 2.6048 2.4327 1.0663 2.5725 2.2932 3.1704 1.3535 2.5805 2.7274 1.3471 2.5185 2.7656 3.0079 3.0724 2.8054 1.5482 2.5260 2.6907 0.6337 1.2406 2.5567 0.5799 3.0332 2.3667 1.0854 2.5336 1.4722 3.0205 2.5413 3.0859 3.2625 1.0069 2.8683 2.9014 1.4064 2.2089 3.0995 1.3260 3.6200 2.8259 3.1414 2.7089 2.9356 2.7656 1.0202 1.0522 2.4124 1.9521 2.1982 3.4747 3.0332 2.4258 1.0569 3.1704 2.7559 3.0205
FJMB_Uganda_S_virus_E_273-761_AlphaFold 2.4604 2.0881 3.1133 0.8035 3.1273 2.4191 2.6554 2.9473 2.6998 1.3302 2.2700 2.3860 1.2973 2.6729 3.3459 2.6298 2.4327 1.0553 2.2643 1.0507 1.0538 2.4191 1.1197 2.3292 2.3795 2.7089 2.3292 1.2237 0.9608 1.0430 1.2181 2.9473 3.0205 1.0951 1.0098 1.2559 1.0323 2.3171 1.0742 2.2932 0.9893 2.4258 0.9594 2.5185 1.0616 2.0556 2.3540 1.1164 3.1273 1.2715 2.9591 2.4057 2.5110 2.3292 2.3231 1.4918 2.0024 0.5846 2.3051 1.1853 2.5110 2.8054 1.0054 1.0323 2.2473 1.1659 2.6818 2.8469 1.1835 1.1871 2.8054 2.5260 2.4395 1.1800 2.3540 2.5336 1.2293 3.1558 2.7181 3.2787 1.1589 0.2335 0.9879 1.1676 2.3354 1.0323 0.0000 0.8970 0.5651 0.9524 1.2793 3.1558 2.3540 2.6729 2.2473 2.2700 1.0143 1.0967 1.8517 2.1217 1.2406 2.3540 1.1659 2.9711 1.1434 1.1298 1.1098 2.0881 2.6048 2.9955 1.1979 1.1468 3.1852 1.1764 0.9277 2.4124 2.6468 2.2991 0.9735 2.3051 5.1383 1.1853 1.1382 2.4124 2.3354 1.0369 2.9126 2.3925 1.0461 0.8214 0.2113 2.4124 1.1081 2.3231 0.9650 2.5185 1.8929 2.6907 1.1747 0.6219 3.0205 3.3634 1.2973 2.5885 2.3860 2.3416 0.9879 2.5036 2.6048 1.0631 2.4124 1.1181 2.5185 1.0902 2.1617 1.9006 1.1197 2.3111 1.6282 2.3925 2.0740 1.2387 1.1181 2.4124 2.7181 1.9769 1.1081 1.1332 2.4464 2.0694 1.0247 2.2143 2.7274 1.3198 0.5309 1.1032 2.7274 1.1835 0.8597 0.9075 3.1133 1.0491 2.9591 2.0976 1.0384 2.1168 1.1332 1.8480 2.8469 1.0010 1.1065 2.6729 2.2815 1.2255 2.3731 3.0859 3.0592 1.1676 2.5110 2.8902 1.2311 2.4057 2.3354 3.0592 2.9473 2.7089 1.5456 2.4890 2.4327 1.3862 1.1764 2.5567 1.0790 3.6883 2.6382 1.2181 2.3667 1.6111 2.8575 3.3459 2.5260 3.0461 0.2278 2.7656 2.7089 1.3492 2.2643 2.6907 1.2387 2.8792 2.7656 2.7953 2.3292 3.6200 2.6907 0.6229 0.4520 2.3795 2.3354 2.5036 2.6468 2.3860 2.2586 0.1890 2.4464 2.8902 2.2757
FJMB_Usutu_virus_E_294-789_AlphaFold 2.9014 2.0510 2.9241 0.9580 2.9126 2.3795 2.5036 3.0859 2.1365 1.4625 2.4395 2.5805 0.8698 2.8156 4.4579 3.2154 2.4604 0.7940 2.2473 0.8866 0.4970 2.8792 0.8011 3.0859 2.5885 3.0079 2.4604 0.7964 0.2817 0.8622 1.5222 2.5336 3.0859 0.5030 0.3771 1.3840 0.6887 2.4258 0.6982 2.6468 0.4701 2.6048 0.3119 3.0332 0.8686 1.8777 2.1617 0.9835 2.9014 1.0886 2.5260 2.6729 2.2991 2.6818 1.9981 1.6340 2.0834 1.0024 2.3478 1.4968 2.7656 2.7559 0.8686 0.8534 2.2815 0.6992 2.9014 2.7368 1.5805 1.4201 2.7368 2.5646 2.7368 1.3365 2.4604 3.0332 1.0202 3.2466 2.7754 3.2154 0.5195 1.0054 0.6700 1.3344 2.4395 0.3161 0.8970 0.0000 1.0631 0.2722 1.3840 2.4124 2.5966 2.9014 2.3795 2.3478 0.8348 0.2445 1.8480 2.2643 1.3751 2.4191 1.2444 2.7754 1.0083 1.2520 1.3535 2.0976 2.1824 2.7274 1.3795 1.3751 2.7274 1.3136 0.2912 2.4890 2.2197 2.4057 0.2953 2.6818 3.3459 1.2695 0.8827 2.3540 2.7089 0.3801 3.0332 2.7368 0.8035 0.9821 1.0369 2.7181 1.3014 2.6048 1.0338 2.4057 1.7189 3.3118 1.4577 1.1332 3.0859 3.4944 1.4993 2.5185 2.1982 2.6907 0.1768 2.8683 3.2002 0.5004 2.2529 1.3513 2.6554 0.5186 2.1720 2.0602 0.7504 2.3925 1.5299 2.6907 2.2417 0.6497 0.8559 2.5805 2.6818 2.5805 0.8361 0.5186 2.7089 2.1824 0.6700 2.3416 2.5966 1.3795 0.9966 0.5195 2.9711 1.0113 1.0323 0.2563 2.7089 0.7595 4.4180 2.3860 0.7731 2.2700 1.0507 1.9240 2.8792 0.7789 1.4746 2.5336 2.6468 1.0278 2.5260 2.9473 2.8259 1.6724 2.4327 3.0724 1.5145 2.5805 2.6998 3.9761 3.8112 2.5413 1.6574 2.6907 2.7181 0.7142 1.3428 2.5036 0.7250 2.9955 2.5646 1.0293 2.2700 1.7511 2.7089 2.7463 2.7274 3.0995 0.9966 2.8156 3.0724 1.4247 2.6130 4.1976 1.3556 2.7853 2.7181 3.4553 2.7089 2.7559 2.8259 0.9636 0.9922 2.3354 2.4395 2.3292 3.0592 3.2625 2.2586 1.0083 2.7853 2.9711 2.6998
FJMB_Sepik_virus_E_283-770_AlphaFold 2.6818 2.2700 2.6298 0.7239 2.5336 2.6818 2.9473 3.0205 2.2143 1.4018 2.3731 2.5036 1.1131 2.8469 3.0859 2.9591 2.5646 0.9980 2.5110 1.0538 1.0338 2.3925 0.9966 3.8639 2.7181 2.7754 2.5260 1.1417 0.9749 0.9778 1.2274 2.9241 2.9955 1.0476 1.1181 1.1417 0.9580 2.9014 1.0010 2.5036 0.9304 2.6298 0.9250 3.0724 1.0323 2.1982 2.5725 1.1098 2.8054 1.3621 2.4675 2.6048 2.4327 2.7274 1.9280 1.5299 2.0787 0.0936 2.4124 1.3177 2.8792 2.7274 1.0461 0.8931 2.7754 1.1925 2.8575 3.7360 1.1782 1.2218 2.9356 2.5725 2.5885 1.3407 2.9014 2.7656 1.3075 2.8259 3.0332 2.4818 1.0369 0.6317 0.9692 1.1943 3.1558 1.0758 0.5651 1.0631 0.0000 0.9864 1.3428 3.2154 2.7754 2.7368 2.3478 2.1876 1.0039 0.9196 1.9006 2.2757 1.2853 2.3540 1.3198 3.3812 1.1641 1.3664 1.1298 2.3603 2.2417 2.6998 1.0476 1.2181 2.7559 1.2034 0.9482 2.1929 2.4604 2.4963 0.9980 2.3991 3.1852 1.1835 1.0569 2.4963 2.5185 1.1181 2.6214 2.7656 1.0491 0.7218 0.5300 2.7953 1.3302 2.4675 1.0710 2.6468 1.9240 4.0669 1.2482 0.6113 2.9955 3.0079 1.3449 2.5413 2.2991 2.9241 0.9721 2.8469 2.9955 1.0918 2.6641 1.2559 2.5036 1.0202 2.2700 1.8815 1.1676 2.6554 1.5589 2.5567 2.2197 1.1835 1.1315 2.7274 2.8259 2.2197 0.9764 1.1181 2.6998 1.9122 0.9692 2.4675 2.6048 1.2199 0.0409 1.0187 2.3171 1.1451 0.7708 0.9622 2.7953 1.1571 2.4464 2.6729 1.0293 2.2306 1.1800 1.8777 2.8156 0.9331 1.2444 2.5413 2.8792 1.2833 2.6554 2.3731 3.1273 1.2953 2.6298 3.0724 1.4722 2.6468 2.6729 3.0461 3.3812 2.8054 1.3906 2.4890 2.5490 1.2293 1.0726 2.5725 1.1537 3.5555 2.8156 1.2070 2.2417 1.5120 2.7089 2.8575 3.5981 3.1414 0.5168 2.8054 2.7559 1.3281 2.7368 2.6382 1.2715 2.5110 2.7463 3.3993 2.7089 2.9711 2.8259 0.6720 0.4877 2.3925 2.3925 2.4890 2.8259 2.7754 2.3603 0.5247 2.5260 2.8363 2.5336
FJMB_Kunjin_virus_clone_FLSDX_E_291-787_AlphaFold 2.6818 2.5036 2.8683 0.9636 3.0592 2.2197 2.7754 2.5036 2.2586 1.3034 2.3292 2.5725 0.8610 2.8259 3.5766 3.4363 2.5725 0.7218 2.4057 0.8622 0.4919 3.1133 0.7493 2.7853 2.4124 2.8156 2.6729 0.7847 0.0315 0.8214 1.3729 2.7463 2.5110 0.4359 0.3190 1.2330 0.5697 2.2529 0.6567 2.9126 0.4456 2.5336 0.2953 2.5567 0.8931 2.0198 2.4191 0.8801 2.8469 1.0902 2.4057 2.6382 2.4124 2.6048 2.0834 1.4041 2.0694 0.9692 2.4464 1.3578 2.9591 2.8469 0.8509 0.8178 2.2932 0.6466 2.4057 2.4675 1.2715 1.3302 2.6907 2.5260 2.6729 1.2953 2.5567 2.9014 1.0838 3.5981 2.3540 2.6130 0.4343 0.9749 0.6527 1.2218 2.3292 0.2246 0.9524 0.2722 0.9864 0.0000 1.3884 2.5260 2.5885 2.5725 2.1071 2.1516 0.8373 0.2491 1.8193 2.1071 1.2559 2.4963 1.2501 2.9473 0.8737 1.2070 1.1853 2.5260 2.0465 2.6468 1.3281 1.2873 2.9591 1.3365 0.0739 2.1929 2.1415 2.5490 0.1354 2.7754 4.3410 1.1907 0.8011 2.2143 2.7089 0.3622 2.9356 2.5966 0.8435 1.0353 0.9023 2.6130 1.2125 2.4191 0.9566 2.4395 1.7611 2.5413 1.2406 1.0414 2.5110 3.0724 1.4601 2.6818 2.1566 2.2417 0.2844 2.8792 2.9241 0.4209 2.2417 1.2349 2.2035 0.4296 1.9769 1.8554 0.6876 2.4395 1.4529 2.7754 2.1516 0.6142 0.8635 2.5110 2.5805 2.5336 0.8275 0.4610 2.6554 1.9161 0.6731 2.2473 2.7463 1.2695 0.9893 0.4391 2.7274 0.9937 1.0024 0.3077 2.5413 0.7067 3.3459 2.4191 0.6397 2.1617 0.9951 1.8929 2.7089 0.7685 1.3407 2.6998 2.3925 1.0232 2.6641 2.6907 2.8363 1.4109 2.5036 2.4746 1.4293 2.4675 2.5885 3.4363 3.2951 2.9473 1.5403 2.3171 2.6130 0.6845 1.2181 2.7853 0.6477 2.9356 2.4395 0.9386 2.1929 1.5299 2.9711 2.9473 2.7656 3.4177 0.9372 3.0724 2.9955 1.4387 2.2932 2.9473 1.3578 3.0995 2.5646 3.5981 2.5885 2.8469 2.7559 0.9778 0.9807 2.2362 2.0286 2.2417 2.7853 2.9955 2.1516 0.9721 2.6214 2.5036 2.7754
FJNV_Jutiapa_virus_strain_JG-128_E_275-751_AlphaFold 2.7274 2.1824 2.8683 1.2274 2.5260 2.6907 2.5805 2.8902 2.4534 0.5978 2.7559 2.7368 1.4819 2.5885 3.5555 3.0461 2.6729 1.4434 2.2700 1.3471 1.3929 2.4675 1.3198 2.6382 2.8683 3.2951 2.6998 1.4795 1.3751 1.4722 1.0293 2.6641 2.8259 1.4317 1.3492 0.7583 1.4317 2.7559 1.4201 2.7181 1.3386 2.5336 1.3428 2.8363 1.2501 2.1982 2.1415 1.5535 2.8054 1.6311 2.9832 2.8156 2.5725 2.3731 2.0510 1.6369 2.0928 1.3773 2.1929 1.0353 3.0724 2.8259 1.3034 1.4293 2.4746 1.3996 2.8792 2.7181 1.0278 0.2857 3.0995 2.3991 2.7853 1.1048 3.1273 2.5413 1.4869 2.6998 3.2002 2.2529 1.4064 1.3054 1.2425 1.1147 2.6298 1.3449 1.2793 1.3840 1.3428 1.3884 0.0000 2.9126 2.5966 2.9014 2.4534 2.5646 1.3729 1.4410 2.0024 2.2252 0.6210 2.5885 1.0553 2.9832 1.5998 1.0323 0.9552 2.2700 2.3540 2.9955 0.6288 0.9455 2.8683 0.9372 1.3840 2.4191 2.3731 2.6907 1.3862 2.8054 2.2932 1.0054 1.4649 2.8054 2.4604 1.3664 2.8363 2.8259 1.3996 1.2598 1.2578 2.3603 1.0507 2.4464 1.4201 2.5725 1.6815 2.7559 1.0113 1.1979 2.8259 2.7656 1.5403 2.6907 2.2417 2.7463 1.3686 2.8469 2.7274 1.4270 2.4604 1.0726 2.9832 1.4018 2.6298 2.0465 1.4458 2.6468 1.6724 2.8683 2.1929 1.3817 1.5805 2.7089 2.5885 2.3603 1.5589 1.4270 2.4258 1.9521 1.4968 2.2529 2.3540 0.7283 1.3686 1.4293 2.6048 1.4770 1.2070 1.3449 2.7853 1.5615 2.9832 2.5490 1.4844 2.1824 1.5273 1.8929 3.5347 1.2598 0.9735 2.6641 2.7559 1.5562 2.7181 2.0242 2.8683 1.1032 3.0724 2.8363 0.7153 2.5885 2.6048 3.4177 3.5347 2.7089 1.4317 2.2143 2.8575 1.4247 0.5707 2.6048 1.4018 3.3812 3.0079 1.4943 2.4191 1.5247 2.8156 2.7274 2.8902 2.7368 1.2406 2.7463 3.2002 1.5750 2.8259 3.0995 1.2034 2.7559 2.6048 3.0592 2.5110 3.1558 2.8683 1.1853 1.2482 2.3111 2.6554 2.2700 2.6382 3.1704 2.7463 1.3219 2.6818 2.7853 2.8469
PLLG_Plodia_interpunctella_associated_flavi-like_virus_E_1541-1987_AlphaFold 2.2252 2.4395 2.8469 2.3416 2.6998 3.1704 2.0198 2.4746 2.1566 2.9014 2.8469 2.4395 2.7181 1.8088 2.9356 2.6298 2.5567 2.9014 2.5646 2.7853 2.5966 2.1876 3.0724 3.1133 2.0420 2.4675 2.2143 2.7181 2.5646 2.6729 3.0995 2.5490 2.4746 2.6641 2.8683 2.8054 2.8469 2.6818 2.7368 2.4191 2.8363 2.2362 2.9356 2.1415 3.2466 2.5413 2.7463 2.4464 3.3634 3.2002 2.5490 2.5885 2.7181 2.4191 2.5336 2.4464 2.7089 3.4944 2.7181 3.1704 2.7181 1.7644 2.5336 3.2002 2.4057 3.0995 3.0079 3.0332 3.3634 3.0995 2.2991 2.4818 2.4534 3.0859 1.7983 2.5185 3.1414 2.4464 2.5185 2.1120 2.8792 2.8902 2.9955 3.4177 2.7559 2.5490 3.1558 2.4124 3.2154 2.5260 2.9126 0.0000 2.3603 3.3812 2.4191 2.6907 2.6729 2.5036 3.4553 2.4818 2.6298 2.4963 3.6200 1.9521 2.3991 2.7089 3.0332 2.4963 2.7656 1.7157 2.7953 2.9711 3.0859 3.0995 2.3860 2.6048 2.6048 2.4675 2.6468 2.3354 2.9591 2.8902 2.8259 2.6729 2.2586 2.6818 2.5725 2.5336 2.9014 2.5885 2.9711 2.3171 2.9711 3.0859 2.7274 2.4675 2.7656 2.6818 3.4363 3.0724 2.4746 4.1308 2.5725 2.3860 2.5260 2.4675 2.8363 3.6200 2.8683 2.5490 2.7656 3.2625 3.0724 2.5567 2.1720 2.3540 2.8683 2.3354 2.8156 2.3731 2.8575 2.6998 2.9126 2.4124 2.7953 2.3540 2.7559 2.5490 2.3292 2.5110 2.8469 2.5336 2.5336 2.7089 2.8363 2.5490 2.9126 2.7089 2.7463 2.6818 3.0724 2.8902 3.1414 2.6048 2.6214 3.1704 2.7559 2.7754 2.4890 2.8469 3.3459 3.0079 2.3731 3.0205 2.3731 2.9711 2.7953 2.9832 2.9711 3.2309 2.6298 2.4534 2.3731 3.5981 2.3416 2.8902 2.9473 2.4604 2.3171 3.1414 2.4890 2.2757 2.8792 2.0510 2.8054 2.8054 2.6818 2.8683 2.4963 3.0724 2.1566 2.1120 2.8054 1.8158 2.3111 2.2306 3.0995 2.3416 3.4747 4.0057 2.5725 1.7983 2.2874 2.0067 2.8259 2.7463 2.9473 2.9356 2.2529 2.8575 2.6998 2.6729 2.3354 3.0461 2.2700 2.4258 2.2874
PLLG_Flaviviridae_sp._isolate_TIGMIC_24_E_885-1354_ESMFold 0.0243 2.5336 3.4553 2.4963 2.4675 2.9241 2.7274 0.2367 2.1365 3.3993 2.8259 0.1823 2.8469 2.9014 2.9126 4.8661 0.1780 2.6554 2.7953 2.7559 2.5567 2.6998 2.9591 2.6641 2.0510 2.3292 0.1529 2.6298 2.6048 2.5885 2.8792 2.5805 0.2413 2.6729 2.5646 2.8259 2.5725 2.8683 2.7953 0.1273 2.4890 0.0213 2.4963 2.8259 2.4963 2.4258 2.8363 2.5885 2.6468 2.5413 2.5885 0.0875 2.7181 0.0167 2.6554 2.7089 2.1465 2.6554 2.6998 2.8054 2.0694 2.7754 2.6641 2.7559 2.4057 2.8683 2.8469 2.8469 3.2002 2.4675 2.5036 2.4327 0.1216 2.9356 2.7656 2.6554 2.9014 3.0461 2.8902 2.9126 3.2466 2.4124 2.8259 2.7274 2.8259 2.7754 2.3540 2.5966 2.7754 2.5885 2.5966 2.3603 0.0000 2.7754 2.3354 2.4464 2.8054 2.6818 2.5260 2.1824 2.5725 0.1847 2.5490 3.2625 2.6130 2.6998 2.4395 2.8054 2.6641 2.7853 2.4327 2.8683 2.8683 2.8683 2.6130 2.5646 2.7274 0.1660 2.8469 0.0223 2.9356 3.0332 2.5725 2.6468 0.0213 2.5646 2.9014 0.0903 2.7089 2.7274 2.3925 0.0295 3.3118 2.5260 2.6641 0.1732 2.2643 2.8363 2.9832 2.3731 0.2413 2.3991 2.4327 0.1506 3.0205 2.5885 2.6214 3.3993 1.9280 2.6641 2.6468 3.0995 2.5805 2.8054 2.4890 2.2932 3.3287 0.1506 2.9126 0.0151 2.7181 2.5185 3.0592 0.0213 2.4124 2.3667 2.6382 2.8469 0.0213 2.4818 2.5646 2.2815 2.3171 3.1414 2.7089 2.7953 2.8259 2.8792 2.7754 2.5725 2.5413 2.7368 3.1852 2.7181 2.3416 2.8469 2.7089 2.3795 2.8792 2.5490 3.3993 2.5966 2.2932 2.4890 0.1804 2.7463 1.9400 3.0205 2.7953 2.9832 2.9126 2.5646 0.0187 2.7368 2.6907 2.7559 2.8792 3.2154 0.0213 2.7089 3.0592 0.1529 2.7754 2.8363 2.6382 2.9014 2.6554 2.4604 2.5885 2.7274 2.7463 3.3118 2.3667 2.5966 3.2002 2.3354 2.6214 2.5646 2.7089 2.7559 3.2154 3.2787 0.0167 3.2309 1.8123 2.4258 2.4818 2.5490 2.7656 2.5805 2.1720 2.1566 2.4890 2.6468 2.4963 0.2426 0.0182
FJJI_Jingmen_tick_virus_isolate_WS3_segment_2_orfVP1_E_121-508_AlphaFold 2.5567 0.2510 0.9345 3.0592 2.1876 3.0205 3.2625 2.8792 2.7274 2.9591 2.5725 3.0461 3.1133 3.6883 3.3812 2.7853 2.9356 3.1273 2.8902 2.7559 2.9955 2.3925 2.9832 2.7853 2.6130 3.0724 2.9591 3.2002 2.4395 2.9473 3.1704 2.6298 2.7656 2.9241 2.8156 2.6998 2.8902 3.0461 2.9014 3.0592 2.8363 2.6382 2.7656 2.8575 2.8683 3.2951 2.8259 2.8792 0.1654 3.0859 2.9473 2.8259 2.5185 2.6818 2.9955 2.8792 3.2466 3.0205 0.0848 2.6048 2.8683 2.8054 3.4363 3.0079 2.6554 2.9711 2.9711 3.1133 3.0332 2.6298 2.6382 2.3795 2.9126 2.7559 2.9591 1.1961 2.8259 3.2309 2.6998 2.5336 2.9241 2.6998 2.6729 4.0669 2.6818 2.6729 2.6729 2.9014 2.7368 2.5725 2.9014 3.3812 2.7754 0.0000 3.2787 2.9832 2.6729 2.7368 2.7953 2.8054 2.9591 2.9955 3.1414 2.5036 3.2466 3.5144 2.8575 0.2290 3.1704 3.3459 2.7089 3.1852 0.1302 2.7656 2.8902 2.8363 2.3795 2.8902 2.5413 2.7274 3.7856 3.3459 3.3812 3.6200 2.6998 2.6729 2.6130 3.0724 3.0079 2.9356 2.7853 2.6382 2.6641 3.2002 2.9591 3.0461 2.6554 3.2466 2.9711 3.1133 2.7656 1.3621 2.7656 2.8683 3.4747 2.6468 2.6998 0.9594 2.7463 2.9832 2.4057 3.1273 2.9832 3.1273 2.8792 3.5347 3.3118 3.0859 3.2951 2.6468 3.2154 2.7368 2.7656 2.7754 0.0947 2.0111 2.6130 3.1133 2.6468 2.6048 2.8259 2.7656 0.2138 2.8792 2.7656 2.9955 2.7463 3.1133 3.4553 2.7953 0.1541 3.4363 2.6907 3.2154 2.8259 2.7656 3.5144 3.0859 2.7368 3.0079 3.1852 0.0685 3.1558 3.0592 2.7953 3.1852 2.0331 3.4177 2.6214 2.8259 3.4177 3.2787 2.5185 2.2757 4.1308 0.1194 2.7853 2.8054 2.5646 2.7463 2.7853 3.0724 2.6468 2.5966 2.6907 3.2154 3.1273 3.2154 2.9955 0.1465 2.5110 2.9832 2.6729 3.1558 3.3993 3.3459 3.0461 2.3925 3.1414 1.2540 2.7274 2.9955 2.5725 3.2625 2.9126 2.9473 3.3634 0.1780 2.7953 3.1852 2.7754 2.5336 2.8259 3.1704 2.6554 2.7368 2.7181
FJIS_Sabethes_flavivirus_isolate_Ms42_E_278-626_AlphaFold 2.5260 3.2787 3.4747 3.2951 3.2309 1.6634 2.9955 2.5805 2.4963 2.8259 1.5094 2.7463 2.3416 2.6729 3.4944 3.1414 2.6048 2.8363 1.3708 2.1023 2.4746 2.4464 2.8469 2.5567 2.5490 1.6785 2.9711 2.5036 2.2197 2.7953 2.8792 2.2586 2.5805 3.4747 2.4124 2.5805 2.4258 1.6427 2.2874 2.3991 2.5567 2.5413 2.4464 2.8054 1.9896 2.6130 1.3599 3.6883 2.8575 2.2757 3.4177 2.6130 1.5998 2.4191 2.1266 2.0198 1.5642 2.7089 4.7194 2.7089 2.6048 3.3118 2.7559 2.4534 1.3906 2.6468 2.9356 0.9879 2.6907 2.3991 2.6298 2.2700 2.5036 2.5490 2.5885 2.7754 2.9356 3.5347 3.7360 2.9014 2.3991 2.6048 2.2417 2.6641 1.0098 2.3667 2.2473 2.3795 2.3478 2.1071 2.4534 2.4191 2.3354 3.2787 0.0000 1.3708 2.1566 2.4258 2.1120 1.4894 2.9126 2.7089 2.3991 2.4464 2.3540 3.4363 2.4963 3.6651 1.0585 3.0859 2.4534 2.4890 3.4363 2.1876 2.0602 1.4293 1.6815 2.7953 2.8792 2.6382 3.7856 2.5413 1.9521 1.2793 2.3051 2.4464 2.3925 2.5260 2.3292 2.6907 2.2417 2.3731 2.7089 2.7559 2.4746 2.7656 2.6818 2.8575 2.6729 2.4890 2.5805 3.4177 3.7856 2.9955 1.3686 1.4894 2.3051 2.2035 2.8259 2.4604 1.7778 2.1982 0.9250 2.9591 1.4018 2.3603 2.5885 2.3860 2.5260 2.4534 2.3667 3.1133 2.2586 2.3354 3.6200 2.2089 2.5110 2.5036 2.3603 2.4327 2.4124 1.5860 3.8112 2.8683 2.3171 2.4124 2.3795 2.1929 2.2306 2.2417 3.1414 2.4890 3.1414 1.3365 2.5336 3.1852 2.8259 3.1133 3.4944 2.1217 2.5567 3.6200 1.5535 2.3171 2.5413 2.9955 1.9201 2.8054 2.5036 0.9764 2.5725 1.6427 2.3416 2.9241 3.2466 3.1273 2.5805 1.5299 2.4534 3.3812 2.4124 2.7754 3.1133 3.3118 3.1704 2.7181 1.3708 1.9939 3.3993 3.4944 2.6298 3.0724 2.2035 2.5805 2.7274 2.5490 1.6282 3.9188 2.5413 3.2154 1.8702 2.7274 2.3860 3.2309 3.4747 2.3860 3.3993 4.3039 1.4018 1.3578 2.7274 3.7605 2.4675 2.1772 2.7953 2.5805 2.9126
FJIS_Ochlerotatus_scapularis_flavivirus_bvmq18-25_E_327-724_AlphaFold 2.7853 2.2252 3.1414 2.2757 2.4395 1.0999 2.6998 2.4258 2.3731 2.4746 1.2034 3.4553 2.3051 2.8363 3.1133 2.6998 3.2154 2.3051 1.0616 1.9521 2.3540 2.6818 2.4675 2.0510 2.8259 1.2695 2.3731 2.4258 2.3051 2.3171 2.5725 2.3478 2.4124 2.5110 2.3540 2.4818 2.0375 1.1164 2.3478 2.6382 2.3171 3.1133 2.1982 2.7853 2.2089 2.6818 1.5456 2.4327 2.8363 2.3478 2.7754 2.5805 1.2016 2.9832 1.8053 2.5805 0.5922 2.2586 2.6214 2.3171 2.5413 2.8792 2.3795 2.3860 1.1747 2.5110 3.2951 1.5615 2.5805 2.4191 2.9832 1.7413 2.3111 2.4534 2.6818 2.8469 2.2143 2.7656 2.7853 2.8792 2.3478 2.4464 2.1668 2.2529 1.5778 2.1982 2.2700 2.3478 2.1876 2.1516 2.5646 2.6907 2.4464 2.9832 1.3708 0.0000 2.1465 2.5185 2.4963 0.5959 2.4675 2.6907 2.7754 2.3991 2.4395 2.4818 2.5036 2.4604 1.3795 2.5260 2.2643 2.5966 2.5413 2.5966 2.2529 1.0263 1.2034 2.4890 2.4534 3.2002 2.6298 2.5110 2.3667 1.5247 2.5185 2.4124 2.5260 2.4534 2.0602 2.3292 2.4818 2.5885 2.2643 2.3540 2.3416 2.9014 2.6554 2.3416 2.6641 2.2757 2.4124 3.2951 2.0694 3.1704 1.3621 1.1502 2.2197 2.8054 2.5490 2.4258 1.3054 2.4464 1.4155 2.5490 0.9594 2.0331 2.4258 3.0724 2.3860 2.7089 2.3478 2.4890 2.4963 2.4327 2.6907 2.4963 2.7953 2.6214 2.6641 2.1982 2.2529 1.0902 2.5336 2.1929 2.3354 2.3231 2.5725 2.3416 2.5185 2.5805 2.7754 2.4746 3.0724 1.0113 2.3860 2.9473 2.6907 2.0375 3.0592 2.2252 2.5185 2.6641 1.1676 2.3416 2.4890 3.3812 2.9711 2.5110 2.0976 1.6054 2.5805 1.1624 2.6048 3.7605 3.3459 2.5185 2.4258 1.1961 2.5567 3.1414 2.5036 3.2002 2.6554 2.8156 2.1023 2.3731 0.9821 2.0694 2.5110 2.6641 2.7754 2.8054 2.3478 2.4057 2.6468 2.1772 1.0491 2.3603 2.6818 2.7181 0.5624 2.7463 2.6214 3.2002 2.6214 2.0286 2.3603 2.4258 1.0039 1.3323 3.4553 2.4124 2.9356 2.4057 2.5490 2.4124 2.5805
FJMB_Barkedji-like_virus_zmq17M40_E_295-795_AlphaFold 2.6382 2.5185 2.9126 1.0293 3.2951 2.6382 2.5490 3.0461 2.4191 1.2933 2.1720 2.8054 0.9089 2.6818 3.3287 3.2466 2.5885 1.0726 2.2991 1.0934 0.8827 2.4395 0.9169 2.3860 2.3731 2.4746 2.6048 0.9372 0.8597 0.9236 1.2425 3.0859 3.0724 0.8801 0.8610 1.2734 0.8422 2.2815 0.9441 2.7368 0.9049 2.6468 0.8711 2.4963 0.9850 2.3540 2.2197 0.8711 2.4258 1.1147 2.9832 2.9955 2.4604 2.5966 2.2529 1.6604 1.8591 1.0710 2.2143 1.2715 2.5885 2.6214 0.6268 0.9009 2.5966 0.9345 3.0079 2.4191 1.2293 1.2578 3.0461 2.8054 2.7274 1.2578 2.6998 2.5805 1.0538 2.4818 2.8902 2.8054 0.9399 1.0647 0.9236 1.2406 2.3051 0.8996 1.0143 0.8348 1.0039 0.8373 1.3729 2.6729 2.8054 2.6729 2.1566 2.1465 0.0000 0.9023 1.7812 2.0286 1.2675 2.6729 1.1764 2.5805 0.4726 1.2675 1.1181 2.7274 2.3860 2.7181 1.3708 1.1997 2.7089 1.1181 0.8648 2.2252 2.2143 2.7953 0.8762 2.7656 2.2757 1.1889 0.8866 2.3171 2.6729 0.9182 2.9473 2.7181 0.1013 1.0083 1.0491 2.7089 1.2540 2.4124 1.0631 2.8259 1.8018 2.5413 1.3034 1.0158 3.0724 2.6130 1.5094 2.6298 2.2991 2.4534 0.9331 2.8683 2.5185 0.9115 2.4057 1.1164 2.1566 0.8522 2.1217 1.8739 0.9678 2.6641 1.4649 2.8054 2.1465 1.0323 0.9441 2.6907 2.4890 2.7089 0.8142 0.9951 2.7089 2.3478 0.9386 2.1876 3.1704 1.2973 1.0069 0.9427 2.5260 0.9196 1.0323 0.9707 2.5036 0.9524 2.6907 2.4963 0.9209 2.2362 0.9115 1.8591 2.7953 1.0069 1.2237 2.5185 2.1316 1.1624 2.5966 2.4818 4.7194 1.3302 2.3795 2.4818 1.5145 2.3051 2.6382 2.5110 3.2309 2.3991 1.3884 2.1023 2.7853 1.0187 1.2199 2.5885 0.8597 2.9832 2.6468 0.9951 2.4057 1.4869 3.0724 2.6729 3.3287 3.0461 0.9749 2.9356 2.5885 1.4577 2.2643 3.6883 1.3973 3.0461 2.5185 3.2625 2.6818 3.5144 2.7463 1.0616 1.1641 2.3292 2.2932 2.2874 3.0332 2.8683 2.6214 1.0128 2.8363 3.1273 2.9241
FJMB_Japanese_encephalitis_virus_E_295-789_AlphaFold 2.9014 2.1617 2.7754 0.9482 3.1558 2.5036 2.8054 2.9241 2.2306 1.4601 2.6130 2.6468 0.8931 2.7089 3.9472 3.3118 2.3354 0.6960 2.7656 0.9277 0.5230 2.5490 0.8263 2.7754 2.8156 2.9591 2.5885 0.7731 0.2465 0.8698 1.3578 2.5646 2.7368 0.4594 0.3637 1.2540 0.5874 2.5413 0.6741 2.7754 0.4610 2.7089 0.3232 2.4327 0.8648 1.9854 2.2417 0.8348 2.8259 1.1264 2.5885 2.7181 2.4191 2.6641 2.0928 1.5723 2.2306 0.9413 2.5336 1.3239 2.7368 2.5260 0.9636 0.8214 2.2143 0.5828 2.6907 2.6729 1.1889 1.4132 2.7368 2.3231 2.5725 1.3365 3.2154 2.7274 0.9980 3.7119 2.8575 2.5885 0.4311 1.0232 0.6210 1.2016 2.5413 0.3036 1.0967 0.2445 0.9196 0.2491 1.4410 2.5036 2.6818 2.7368 2.4258 2.5185 0.9023 0.0000 1.9240 2.2874 1.4458 2.4746 1.2754 3.0859 0.8801 1.2444 1.2387 2.3354 2.1168 3.0724 1.3817 1.2387 3.0332 1.2559 0.2642 2.2252 2.3051 2.5490 0.3050 2.8902 2.9591 1.1264 0.8597 2.2932 2.7089 0.3622 2.7274 2.4963 0.8597 0.9835 1.1197 2.6130 1.2425 2.4604 0.9721 2.6641 1.8264 3.2625 1.2425 1.0098 2.7368 3.8911 1.4155 2.7463 2.1465 2.8363 0.2432 3.0332 3.0332 0.4520 2.2417 1.3556 2.8469 0.4569 1.9811 1.8088 0.6908 2.4327 1.5222 2.6298 2.1415 0.5988 0.8058 2.5490 2.7754 2.7274 0.7617 0.4793 2.5805 1.9896 0.6608 2.3478 2.7754 1.3386 0.9922 0.4375 3.0205 0.9735 1.0247 0.2589 2.7181 0.8142 3.9761 2.5260 0.6397 2.1023 0.9209 1.7677 3.1133 0.8035 1.1485 2.7274 2.6298 0.9966 2.6554 2.4746 3.7605 1.3407 2.7559 2.6998 1.3996 2.7853 2.6130 3.1852 2.4057 2.6641 1.5778 2.5336 2.6468 0.5997 1.2617 2.6554 0.5624 3.2625 2.4963 0.9182 2.4464 1.5750 2.7559 2.6998 3.1558 3.1133 1.0399 2.8902 3.3812 1.4410 2.4818 3.0592 1.3428 3.7119 2.5413 3.2625 2.6818 2.7754 2.5110 0.9372 1.0476 2.4464 2.0465 2.2306 2.7656 2.8156 2.5185 1.0967 2.4258 2.7754 2.6998
FJFL_Wenzhou_shark_flavivirus_strain_WZSS16343_orf_1_E_429-906_AlphaFold 2.5885 2.8683 2.7754 1.6815 3.7605 2.6907 3.0592 2.7953 2.9126 2.0976 2.7754 2.5805 1.8591 3.2951 3.0205 3.5766 2.4191 1.8929 2.6468 1.8967 1.9083 2.3925 1.8300 2.2417 2.3925 2.8156 2.5885 1.8628 1.8018 1.9562 2.2643 3.4363 2.7559 1.9728 1.8372 1.8815 1.9122 2.7559 1.8264 2.6130 1.8193 2.5036 1.7446 2.8683 1.8853 2.2197 2.4395 2.1772 2.5036 2.2089 2.6382 2.5646 2.7181 2.5490 2.8792 2.0556 2.2306 1.7744 3.2309 2.4464 2.4124 3.0332 2.0834 2.0024 3.3634 1.9083 2.5805 2.6907 2.0740 1.9645 3.2309 3.0332 2.5885 2.1720 2.8469 2.9241 2.0242 5.0809 3.0205 3.1133 2.0111 1.8554 1.6427 2.0648 2.7656 1.8777 1.8517 1.8480 1.9006 1.8193 2.0024 3.4553 2.5260 2.7953 2.1120 2.4963 1.7812 1.9240 0.0000 2.4395 2.0375 2.4258 2.1617 4.9177 2.2362 2.4746 2.0510 2.8902 2.2252 2.7953 1.8628 1.8853 2.5805 2.1266 1.7983 2.3795 2.5490 2.6048 2.0740 2.5725 3.6883 2.2143 1.8967 2.7463 2.6130 1.8517 2.6641 2.6729 1.7880 1.7000 2.0067 2.5490 2.3416 3.1133 2.0787 2.4890 0.9441 3.4747 2.7368 1.6694 2.7559 2.8683 1.8336 2.5336 2.6998 2.4464 1.9280 3.0079 3.0461 2.0556 2.6468 2.1929 2.5413 2.0834 2.8469 1.9320 1.9811 2.5110 1.7189 2.5885 1.9201 2.0556 1.8229 2.6998 2.7274 2.1415 1.9769 2.0331 2.5725 2.1566 1.8193 2.4534 3.3812 1.9440 1.8967 2.0465 2.5336 2.1415 1.7711 1.8777 2.4124 2.2252 2.9955 2.6048 2.1023 2.0881 1.9896 1.8702 2.8902 1.7812 2.1316 2.7181 2.4746 2.1217 2.5646 2.2700 2.8259 2.1365 2.5646 2.9356 2.0067 2.6998 2.6048 4.4579 3.1273 3.0079 1.8554 3.3287 2.6214 2.2035 2.0154 2.4057 1.8193 3.5981 3.1852 1.9603 2.5413 1.9400 3.1133 2.6048 2.9832 3.3459 1.9400 2.8469 3.3287 2.0331 2.6130 3.1273 2.1365 3.1133 2.8054 3.4747 2.5490 3.2625 2.8683 1.7479 1.9122 2.5336 2.9126 2.8469 3.2309 2.9014 2.6818 1.8628 2.8902 2.7181 2.6048
FJIS_Xishuangbanna_aedes_flavivirus_E_336-729_AlphaFold 2.2473 2.6130 2.9955 2.1876 2.4746 0.9102 2.6641 2.4258 2.1720 2.5413 0.9372 2.8469 2.2932 2.9014 3.4944 2.3354 2.6214 2.1617 0.8673 2.4124 2.2035 2.5725 2.2362 2.2757 2.7181 0.9908 2.5725 2.2035 2.1217 2.2473 2.3991 2.6048 2.3603 2.3416 2.2252 2.1465 2.1668 1.0039 2.2306 2.4327 2.1772 2.1617 1.9854 2.4746 2.4124 2.3478 1.5120 2.1415 3.0859 2.2586 2.4746 2.3540 1.1624 2.2815 1.5535 2.3051 0.3211 2.2529 3.2002 2.6641 2.7181 3.0205 2.3478 2.2991 1.1537 2.2757 2.8363 1.8193 2.4057 2.3603 3.1852 1.6139 2.3478 2.2035 2.6729 3.2309 2.5646 3.3812 2.8363 2.4675 2.2757 2.2757 2.2035 2.1876 1.9320 2.2874 2.1217 2.2643 2.2757 2.1071 2.2252 2.4818 2.1824 2.8054 1.4894 0.5959 2.0286 2.2874 2.4395 0.0000 2.2529 2.6382 2.4395 2.9014 2.5110 2.3171 2.4258 2.9241 1.3996 2.3991 2.4963 2.6818 2.8792 2.6048 2.0242 1.1131 1.1365 2.5725 2.0648 2.2643 3.3459 2.3051 2.1168 1.6340 2.2362 2.2757 2.5413 2.3231 2.1266 2.3111 2.0787 2.2991 2.4395 2.0648 2.5110 2.4258 2.3051 3.2309 2.3991 2.2700 2.3603 2.9955 2.4191 2.9711 1.4943 0.9023 2.1266 3.2951 2.9591 2.3171 1.1231 2.5567 1.6754 2.3051 0.9850 2.1023 2.1415 2.4534 2.2306 2.2417 2.6214 2.2874 2.5490 2.1516 3.0205 2.1566 2.2529 2.4395 2.2417 2.1516 2.0602 1.0384 2.6907 2.2197 2.1316 2.2932 2.5413 2.0648 2.1516 2.4191 3.4363 2.3731 2.4057 0.9427 2.1617 2.2306 2.8259 2.1617 3.0592 2.0154 2.2252 2.9955 0.9075 2.2874 2.3731 3.3118 2.3731 2.3991 2.3603 2.0242 2.4818 0.9749 2.2700 3.9472 2.9126 3.0332 2.3860 0.9358 2.2700 2.7463 2.5413 2.9356 2.2874 2.8363 2.4327 2.4258 0.9538 1.9728 2.4746 3.3812 2.6729 3.4177 2.1929 2.8469 2.5805 2.0556 0.8686 2.9356 2.6382 2.9241 0.5533 2.8259 2.2143 2.9955 2.9711 2.8259 2.3603 3.7119 1.0010 1.5094 2.4604 2.7089 2.3171 2.2815 2.3111 2.3231 2.2089
FJNV_Dakar_bat_virus_isolate_BP180_E_269-749_AlphaFold 2.8902 2.8363 2.6214 1.2199 2.9711 2.8259 3.0724 2.7559 2.5885 0.2543 2.4534 2.7368 1.6369 3.1704 2.8156 3.3459 2.7089 1.4201 2.7274 1.3621 1.3471 2.5413 1.3751 2.6468 2.4818 2.2417 2.8156 1.4018 1.2540 1.4943 1.0822 2.2932 2.8575 1.4943 1.3198 0.6417 1.3929 2.4124 1.4894 2.8575 1.3136 2.4963 1.3578 2.5413 1.4819 2.5110 2.2417 1.4247 2.9711 1.6026 2.5966 2.4675 2.3231 2.7754 2.4675 1.8018 2.1266 1.3198 2.6130 1.2387 2.8575 2.8054 1.2913 1.4625 3.0079 1.3365 2.8469 2.6818 1.0600 0.6093 3.0332 2.9832 2.6048 1.1264 2.6998 2.8683 1.6054 2.5110 3.0079 2.9014 1.4018 1.4387 1.3428 0.9778 2.5966 1.2617 1.2406 1.3751 1.2853 1.2559 0.6210 2.6298 2.5725 2.9591 2.9126 2.4675 1.2675 1.4458 2.0375 2.2529 0.0000 2.8259 1.1925 2.7754 1.6754 1.1485 1.1081 2.8792 2.4124 2.8683 0.6588 0.9580 3.1852 0.9764 1.2754 2.3925 2.3292 2.8575 1.2754 2.8156 2.9711 1.0647 1.5456 2.5185 2.6048 1.2617 2.7754 2.6641 1.3281 1.1818 1.3136 2.4818 1.0886 2.5646 1.5299 3.0079 1.8929 2.9126 1.1659 1.2255 2.8575 3.0205 1.7413 2.8259 2.4057 2.3478 1.5970 3.1133 3.1414 1.3973 2.3171 1.1131 3.2951 1.4434 2.6468 2.0420 1.5669 2.9014 1.8777 2.5805 2.1929 1.4529 1.5723 2.6130 2.9014 2.5567 1.4178 1.3973 2.5036 2.6641 1.3323 2.3731 2.9711 0.6649 1.3323 1.4064 2.4191 1.4943 1.3054 1.4132 2.9955 1.5222 3.0079 2.3111 1.3751 2.1120 1.5832 2.2252 2.7656 1.2833 1.1315 3.0859 2.4534 1.5430 2.7559 2.0976 2.8156 1.2406 2.5725 2.1720 0.5707 2.6554 2.9711 4.8661 3.5981 2.8792 1.4943 2.4675 2.7656 1.3556 0.5309 2.6641 1.3773 2.8902 2.4534 1.8264 2.7274 1.6694 2.8363 3.0461 3.0724 3.5347 1.2774 2.8683 2.7754 1.8229 2.6214 4.1308 1.0854 3.3812 2.9014 2.9711 2.6214 3.1133 3.1852 1.2715 1.3075 2.7368 2.6468 2.5646 2.8259 3.2466 2.3051 1.4155 2.8156 2.8792 2.5885
PLLG_Bole_tick_virus_4_strain_IftinH.dromedarii2018_E_879-1350_ESMFold 0.2113 2.5185 2.9241 2.3925 2.1217 2.9832 2.4124 0.1951 2.0242 3.0995 2.7853 0.0556 2.5110 2.7463 2.9955 3.3812 0.0177 2.6907 2.5185 2.6818 2.8469 2.7559 2.9832 3.2309 2.2874 2.9473 0.0461 2.4890 2.5805 2.9955 3.0724 2.3540 0.1994 2.4963 2.6298 3.0592 2.5185 2.7559 2.6729 0.1853 2.5413 0.1908 2.5805 2.9591 2.6214 2.8054 3.1414 2.8156 2.5260 2.3860 2.4746 0.1964 2.9711 0.1859 2.8259 3.1558 2.1668 2.3991 2.6382 3.6423 2.0556 2.8259 2.9591 2.4963 2.6130 2.6382 2.4604 2.7274 3.6200 2.4818 2.4818 3.1558 0.1744 3.2309 2.5110 3.2309 2.6468 2.8156 3.2787 3.2154 2.7559 2.2306 2.5336 2.8054 2.8575 2.5885 2.3540 2.4191 2.3540 2.4963 2.5885 2.4963 0.1847 2.9955 2.7089 2.6907 2.6729 2.4746 2.4258 2.6382 2.8259 0.0000 2.5966 2.4057 2.5646 2.9356 2.5966 2.6907 2.4327 2.8469 2.8792 3.5144 2.7463 2.6998 2.6130 3.1558 2.9241 0.0419 2.5036 0.1939 2.8575 3.5347 2.6998 2.8156 0.1859 2.5805 3.3118 0.1988 2.7953 2.4464 2.4327 0.1933 3.2466 2.9591 3.3812 0.0461 2.4124 2.6468 3.1414 2.4604 0.1994 2.7089 2.6214 0.0440 2.6818 2.9832 2.4890 3.2951 2.0694 2.6818 2.7853 3.3634 2.5036 2.6554 2.6048 2.2529 2.7953 0.0326 2.7853 0.1871 2.8683 2.5725 2.9591 0.1884 2.5110 2.2643 3.1558 2.6998 0.1933 3.0859 2.6998 2.4604 2.3603 3.2002 2.6382 2.6048 3.6651 2.8575 2.5490 2.4464 2.5966 2.5413 3.3812 3.0724 2.4963 2.4890 2.6998 2.3354 3.5144 2.8683 3.3459 2.7089 2.4604 2.4258 0.1768 2.8575 2.6818 3.3812 2.4963 3.5144 2.6998 2.7953 0.1884 3.0592 2.9832 2.7089 2.9014 2.7181 0.1970 3.1133 3.4553 0.0482 3.0995 2.8792 2.7559 2.9014 2.2417 3.2309 2.7089 2.6907 2.7089 3.2309 2.4963 2.6818 2.7274 2.3111 2.8792 2.9473 2.7274 2.7754 2.9473 3.0461 0.1859 3.4177 1.6815 2.9473 2.5260 2.3292 2.7953 2.5725 2.6298 2.2306 2.5413 2.9473 2.4963 0.1976 0.1939
FJTB_Tyuleniy_virus_strain_LEIV-6C_E_277-668_AlphaFold 2.5646 2.3171 3.1133 1.2330 3.6651 2.6130 3.0079 2.4464 2.4191 0.9966 3.1852 2.4890 1.4770 3.5347 3.5555 2.9473 2.5966 1.4155 2.5646 1.4697 1.3751 2.3231 1.2973 2.9591 2.8469 2.5725 2.5413 1.4505 1.3239 1.2953 0.7929 3.8373 2.4675 1.1264 1.3578 1.1231 1.1782 2.4818 1.2793 2.8683 1.3492 2.3860 1.1943 3.1558 1.3840 2.1982 2.2874 1.4340 2.4327 1.5351 2.9241 2.8469 3.4553 2.5805 2.7368 1.8372 2.4746 1.3621 2.2089 0.7003 3.4177 2.9955 1.0790 1.3281 2.3925 1.2089 2.5646 2.8259 0.9331 1.1131 2.6048 2.6998 2.9126 0.7708 3.1133 2.9126 1.2774 3.1414 3.2466 3.5555 1.3599 1.0918 1.2387 0.3317 2.6468 1.3014 1.1659 1.2444 1.3198 1.2501 1.0553 3.6200 2.5490 3.1414 2.3991 2.7754 1.1764 1.2754 2.1617 2.4395 1.1925 2.5966 0.0000 3.8639 1.1554 0.6971 0.3119 1.9603 2.6382 2.9711 1.2199 0.3578 2.7089 0.7685 1.2482 2.2757 2.9955 2.3354 1.3034 2.5413 4.5837 0.7976 1.3302 2.5966 2.6298 1.3884 2.3111 2.6818 1.1197 1.2715 1.1889 2.4057 0.7426 2.2643 1.3095 2.6818 2.1168 3.9472 0.7482 1.2913 2.4675 2.7463 1.6938 2.7274 2.3860 2.4191 1.3578 2.7181 3.2625 1.2833 3.3812 0.9482 2.0787 1.1641 2.5490 2.0928 1.3116 2.5490 1.6664 2.4057 2.6907 1.2598 1.3884 2.5966 2.1720 3.1852 1.2953 1.2387 2.3795 2.1668 1.1835 3.0205 2.0602 1.1114 1.3492 1.2349 2.9241 1.4505 1.3219 1.3386 2.4395 1.4387 3.3287 2.4191 1.1694 2.3354 1.6224 1.9161 2.8054 1.3708 0.7504 2.3292 2.8683 1.3951 2.9473 2.9126 4.3410 0.7493 2.8363 2.9591 0.8918 2.4124 2.6048 3.1558 3.0461 2.2815 1.6754 2.3860 2.5725 1.3449 1.2181 2.9591 1.3556 3.1704 3.0461 1.4943 2.9711 1.6398 2.5885 2.4191 2.8469 3.1133 1.1281 2.8575 3.6423 1.4894 2.6554 3.0859 0.9075 3.5766 3.3812 4.4988 2.5567 2.8902 2.9591 1.2853 1.1114 2.1120 2.5805 2.3667 3.2625 3.0205 2.8575 1.0822 3.4747 2.4675 2.4534
PLLG_Insect_associated_flavi-like_virus_E_1418-1557_AlphaFold 3.0724 3.6200 2.7181 3.0724 2.2529 4.4988 2.8792 2.4604 2.6907 2.4746 2.7953 2.5805 2.7368 2.8054 3.7856 2.6641 2.7953 2.4534 2.7274 2.6048 3.2951 2.3667 2.7559 2.2252 1.6604 3.7360 3.0724 4.2322 2.8469 3.0859 3.4747 1.9896 2.4604 3.2154 2.7656 2.9711 2.6818 2.9955 4.1308 2.8363 3.5555 2.1982 3.2625 2.9014 3.2309 2.2700 2.6214 2.9241 2.5185 2.6468 2.2473 3.3118 3.8911 2.6298 3.4944 3.8373 2.2197 4.7194 5.2581 2.4395 2.3667 2.8156 2.8054 3.6651 3.1273 2.6907 1.6196 3.0724 3.5144 3.0205 2.3667 2.3416 2.8902 2.6818 3.5766 3.6200 3.3634 3.0995 1.8815 1.9280 2.6554 2.2757 3.1273 2.3354 2.8792 2.9241 2.9711 2.7754 3.3812 2.9473 2.9832 1.9521 3.2625 2.5036 2.4464 2.3991 2.5805 3.0859 4.9177 2.9014 2.7754 2.4057 3.8639 0.0000 2.3925 2.2197 2.8902 5.3206 2.8902 2.3231 3.2154 2.6641 2.8469 3.6883 3.2466 2.6048 4.8160 2.7463 3.5144 2.6729 3.3812 3.4177 2.9356 3.2951 2.8792 2.7953 1.8591 2.9591 2.7559 3.0079 3.1852 2.7274 2.9014 3.1704 2.7559 2.8902 2.9014 2.1465 4.3039 2.4746 2.4604 3.1133 3.2466 2.6998 2.3731 2.7181 3.7360 2.7274 2.7953 5.6611 3.1558 3.0859 2.5413 3.1704 4.8661 2.6130 2.8792 2.7463 3.2951 2.5885 2.7953 2.6468 2.8363 2.6729 3.7856 1.9939 3.4944 2.9014 2.9473 2.5036 3.0079 3.1558 4.8661 2.8054 3.0859 3.0461 2.5185 2.6468 2.6907 2.4327 2.6554 3.4944 2.0198 2.4963 2.3603 3.2951 2.3667 3.0079 1.8408 2.7181 2.5567 5.7354 4.0985 2.5413 2.8469 2.9955 2.9955 3.4177 2.4327 3.3459 3.4177 3.4747 2.9473 2.7368 2.3354 3.5144 2.9356 2.9014 2.5413 2.7953 2.6907 2.3991 2.4963 3.3812 2.1071 5.0250 2.9473 2.8469 2.1772 3.3634 4.6278 3.3118 2.6818 3.2309 2.4258 2.9241 4.1308 2.2252 2.6907 2.8363 2.3795 2.3171 2.7953 2.5567 2.9832 3.0859 4.2322 4.4579 3.5555 3.1133 3.0079 3.2466 2.7181 4.6278 1.9006 2.4604 2.5725
FJMB_Nhumirim_virus_strain_BrMS-MQ10_E_298-796_AlphaFold 2.8683 2.7368 3.0859 1.2034 3.2154 2.5966 2.7953 2.6641 2.9832 1.4224 2.6998 2.4464 1.0232 2.6729 3.2466 3.3459 2.6907 0.9692 2.7463 1.1782 0.8840 2.8792 0.9922 2.2815 2.5336 2.5336 2.5966 0.9290 0.9331 0.9538 1.4201 2.9591 2.5567 0.9142 1.0338 1.3773 0.8827 2.6554 0.9468 2.5036 0.8635 2.6298 0.9879 2.5567 1.0838 2.3231 2.3731 1.0024 3.1558 1.3664 2.8156 3.0724 2.4395 2.6382 2.6468 1.6427 2.1465 1.2578 2.9014 1.3157 2.9473 2.7089 0.6588 1.1081 2.4604 0.9427 2.7953 3.0592 1.2675 1.6754 2.7463 2.2757 2.5490 1.3116 2.5110 3.1414 0.9692 2.4395 2.9832 3.7605 0.9622 1.1298 0.8610 1.2993 2.6048 0.9317 1.1434 1.0083 1.1641 0.8737 1.5998 2.3991 2.6130 3.2466 2.3540 2.4395 0.4726 0.8801 2.2362 2.5110 1.6754 2.5646 1.1554 2.3925 0.0000 1.3239 1.2540 2.8054 2.4963 2.9955 1.7062 1.2368 3.1704 1.2734 0.8547 2.2586 2.4327 2.6818 0.8853 2.5646 3.1133 1.2218 0.9223 2.2932 2.7089 1.1032 2.8683 2.8575 0.4264 1.1889 1.2070 2.6382 1.2482 2.5413 1.2162 2.9356 1.9122 2.5110 1.3116 1.2070 2.5567 3.2154 1.6515 2.7754 2.3731 2.7463 1.1016 3.0859 2.9832 0.9427 2.4191 1.2853 2.1316 0.9524 2.3795 2.1772 1.0742 2.5805 1.6486 2.6818 2.2473 0.9980 0.9879 2.7368 3.1704 2.6468 0.8484 1.0173 2.5185 2.3171 1.0647 2.5490 2.9126 1.5145 1.1925 0.9650 2.6554 0.9937 1.1907 1.0999 3.0079 1.3034 2.7853 2.5725 0.9636 2.2700 0.9263 1.9320 2.6130 1.1961 1.2162 3.1704 2.8792 1.2199 2.6818 2.8469 3.9472 1.4317 2.7754 2.5260 1.4064 2.5966 2.6554 2.7463 3.0079 3.0859 1.5915 2.8054 2.6998 1.0232 1.4697 2.9014 0.8853 3.0592 3.0859 1.1181 2.3991 1.7744 3.2002 3.2002 2.6298 2.7853 1.2162 3.2002 3.2309 1.6846 2.7656 3.0995 1.3996 2.9241 2.5413 3.0461 2.7089 3.2002 2.5185 1.3034 1.1961 2.4534 2.3292 2.1720 3.3812 2.6998 2.3051 1.1729 3.0995 2.5110 2.6907
FJTB_Tick-borne_encephalitis_virus_E_280-675_AlphaFold 2.8054 2.8363 2.7754 1.2330 2.8054 3.1704 2.9241 3.6423 2.6818 0.8879 3.0079 3.0332 1.5998 3.6423 3.8639 2.4464 2.8469 1.3708 2.7953 1.4722 1.3116 2.8054 1.2520 2.4818 2.2197 2.4604 2.5260 1.4132 1.2675 1.5094 0.3411 4.0669 3.6423 1.2913 1.2540 1.0679 1.1417 2.6214 1.3034 3.2002 1.3034 3.3812 1.2181 3.0724 1.3795 2.2306 2.8902 1.2993 3.5144 1.5805 3.0859 2.9356 2.9356 3.2002 2.5036 1.6785 2.4675 1.4968 2.6468 0.0556 2.5805 3.1704 1.2387 1.2973 2.6298 1.3365 2.8259 2.8259 0.2050 1.1502 2.7656 2.7274 3.0461 0.0388 3.0995 2.6468 1.4224 3.2002 3.1414 3.6200 1.2656 1.1925 1.3075 0.7617 3.2625 1.3365 1.1298 1.2520 1.3664 1.2070 1.0323 2.7089 2.6998 3.5144 3.4363 2.4818 1.2675 1.2444 2.4746 2.3171 1.1485 2.9356 0.6971 2.2197 1.3239 0.0000 0.7088 2.9356 3.1414 3.1558 1.1907 0.6387 2.7274 0.4115 1.1729 2.1415 3.0461 2.6468 1.2463 3.0859 2.7953 0.3260 1.4224 2.8575 3.0079 1.2482 2.6382 2.8792 1.3365 1.2125 1.1451 3.3459 0.0525 2.7368 1.1889 2.7559 2.1217 3.1414 0.4209 1.3795 3.6423 3.1558 1.6938 2.6818 3.1133 2.8792 1.3428 2.1982 3.2951 1.2349 3.2787 0.3600 3.2951 1.2387 2.3860 2.1516 1.4505 2.4818 1.6876 3.1852 3.0859 1.4224 1.3929 3.0205 2.9126 2.4191 1.5145 1.2016 3.1133 1.8891 1.2218 2.7559 3.0461 1.0553 1.4178 1.1365 2.7181 1.3492 1.3302 1.4293 2.9356 1.3157 3.2466 2.6818 1.1016 2.5805 1.2559 2.1023 4.5407 1.2893 0.1069 3.0859 2.5490 1.3302 3.3118 2.7274 11.6326 0.3425 2.6048 2.9591 1.0822 2.7953 2.8469 4.7671 3.5144 3.0332 1.4649 2.7853 2.6729 1.5145 1.1181 2.6554 1.3817 3.0461 2.8469 1.6340 2.5260 1.8053 3.7360 3.0724 2.7853 3.4553 1.2617 3.0332 3.2002 1.5430 3.4944 3.5555 1.0790 3.6651 3.4363 3.1133 3.0592 2.7953 3.1414 1.2913 1.2734 2.8363 2.5567 3.0995 2.5646 2.6818 3.3812 1.1606 2.9591 3.5555 3.1704
FJTB_Saumarez_Reef_virus_isolate_W11_2232_E_278-666_AlphaFold 2.6382 2.2306 2.6907 1.1332 3.3287 2.8902 2.7368 2.8792 2.4395 1.0308 2.7463 2.7559 1.3407 3.4363 3.6200 3.4553 2.8156 1.4132 2.8902 1.3621 1.3664 2.7181 1.1907 3.3812 3.1852 2.9014 2.7559 1.3840 1.2199 1.3014 0.7207 2.2932 2.7089 1.1247 1.2349 1.0217 1.2034 2.6468 1.1032 2.8156 1.2368 2.5185 1.1925 2.9241 1.2255 2.7463 1.9521 1.3386 2.9711 1.5535 2.8792 2.7953 2.6998 2.5805 2.4395 1.6604 2.3171 1.2368 2.3667 0.7595 2.6998 3.1704 1.2463 1.2070 3.5981 1.1889 2.6641 2.7463 0.7174 1.0854 2.9356 3.1852 2.6468 0.7131 3.1414 2.8792 1.2162 2.7656 3.0461 3.8911 1.3556 1.0934 1.1016 0.3741 2.5725 1.1889 1.1098 1.3535 1.1298 1.1853 0.9552 3.0332 2.4395 2.8575 2.4963 2.5036 1.1181 1.2387 2.0510 2.4258 1.1081 2.5966 0.3119 2.8902 1.2540 0.7088 0.0000 2.2815 2.3860 2.8259 1.0414 0.3846 3.1414 0.7371 1.2218 2.3231 2.4818 2.5336 1.3686 2.5336 2.7853 0.7003 1.2893 2.2417 2.6298 1.2873 2.6554 2.6998 1.1131 1.2162 1.1197 2.7853 0.7893 2.5336 1.2734 2.5885 2.1516 2.6907 0.8011 1.2636 2.7089 3.2625 1.3817 3.0332 2.0834 2.9014 1.2893 2.5336 3.0995 1.2793 2.4258 0.8410 2.6998 1.1468 2.7368 1.9122 1.3492 2.6729 1.6111 2.5567 2.9832 1.2913 1.3686 2.6298 3.0859 3.6883 1.4155 1.1907 2.6298 1.8967 1.1468 3.0079 2.5725 1.0934 1.1247 1.3773 2.4191 1.3260 1.2833 1.3095 2.8792 1.2793 3.3459 2.7089 1.1298 2.1982 1.3951 1.8444 2.7181 1.1349 0.6731 2.6729 3.0859 1.3751 2.7754 2.8156 5.6611 0.7572 2.6048 3.0592 0.9023 3.1133 2.6298 3.2466 2.5966 2.9591 1.5273 2.3416 2.6729 1.2973 0.9995 2.7853 1.2675 3.2154 2.6998 1.3951 2.9473 1.6664 2.9955 2.9014 2.6554 4.0669 1.1451 2.8469 3.4363 1.5196 2.4963 3.3459 1.0538 2.8259 2.4890 3.3287 2.6130 3.5981 3.1133 1.0445 1.2255 2.1566 2.8469 2.7368 2.6998 2.6382 2.7559 1.1264 2.7181 2.7089 2.6048
FJJI_Jingmen_tick_virus_isolate_JMTVRh.microplusAm.variegatumFrench_Antilles_segment_2_orfVP1_E_325-499_AlphaFold 2.8683 0.0357 0.6731 2.7463 2.7559 2.3603 2.7274 2.9126 2.5567 3.9188 2.0420 2.7089 3.1273 2.6998 7.5496 2.8259 2.6382 2.2874 2.6130 2.7368 2.3795 2.6818 2.3231 3.0461 3.5144 3.0724 2.6554 2.6818 2.6382 2.4818 2.5260 2.8469 2.9126 2.1720 2.3991 3.1133 2.7853 2.6048 2.3991 2.4746 2.4057 2.7754 2.3171 2.0556 2.7656 2.4327 2.6298 2.6554 0.1624 2.6998 2.5725 2.2932 2.2757 2.9126 2.5110 2.8259 2.4534 2.5036 0.1624 2.8054 3.4944 2.4963 2.2932 2.7089 2.4963 2.2874 2.7656 2.7181 3.0724 2.5805 3.5981 2.2473 2.3111 2.6818 3.8112 1.1747 2.5646 2.6048 2.5036 3.7119 2.4675 2.1982 2.4395 2.6298 2.5805 2.2991 2.0881 2.0976 2.3603 2.5260 2.2700 2.4963 2.8054 0.2290 3.6651 2.4604 2.7274 2.3354 2.8902 2.9241 2.8792 2.6907 1.9603 5.3206 2.8054 2.9356 2.2815 0.0000 2.5885 3.2951 2.6729 2.3051 0.1285 2.0510 2.4604 2.6907 2.1566 2.6382 2.2252 2.3731 3.5766 2.6998 2.8363 2.2874 2.7089 2.2874 4.4579 2.1929 2.6298 2.5885 2.0648 2.4963 3.0859 2.6130 1.8815 2.5966 2.1617 3.6423 2.2035 2.3991 2.9126 1.5998 2.2473 2.8156 2.2362 2.5885 2.2417 0.8853 2.2362 2.6048 2.2089 2.5036 2.2473 2.1720 2.5185 2.6554 2.4675 2.5490 3.1273 2.9126 2.7754 2.2473 2.2473 2.7089 0.1553 2.9711 2.3111 2.0834 2.7089 2.1266 2.4057 2.4395 0.0717 2.6130 2.4604 2.4395 3.3287 2.6468 3.1704 2.1929 0.1624 2.3111 3.7605 2.7463 2.9241 2.6214 3.4944 1.9521 2.5185 2.7368 2.6468 0.1756 2.5567 2.6729 2.6298 1.9122 2.1824 2.9126 2.6818 2.7853 2.5646 2.5567 2.7089 3.5766 4.7671 0.1553 2.4395 2.3603 2.6130 2.3478 2.5110 2.6468 2.3478 3.7360 2.2874 2.7754 3.2787 3.7360 2.5966 0.1624 2.2932 3.4944 2.1365 2.4258 2.6214 2.6298 2.5567 2.9014 2.3540 1.0999 2.4534 3.8112 3.0859 3.3287 2.2473 2.7274 2.6048 0.1756 2.4604 2.5567 2.5260 2.2252 2.4604 2.1316 2.9014 2.9126 2.9711
FJIS_Culiseta_flavivirus_strain_502-13_E_275-672_AlphaFold 2.5725 2.4675 2.9473 2.1071 2.4604 1.2598 2.5805 2.1982 2.3354 2.5646 1.3996 2.3991 2.2874 2.9591 3.4177 2.4604 2.4464 2.5413 1.3621 2.1217 2.3478 2.2362 2.5185 2.7754 2.0510 1.4844 2.4604 2.4327 2.0648 2.4124 3.3634 2.4327 2.1929 2.8575 2.3231 2.2586 2.2815 1.3449 2.8469 2.9955 2.4191 2.5725 2.1168 2.7463 2.4818 2.0286 1.2695 2.4963 2.7656 2.4258 2.7089 2.5805 1.6456 2.5260 1.9811 2.7559 1.4673 2.5490 2.5185 3.1273 2.7953 2.8259 2.2991 2.3478 1.5615 2.2991 2.4963 0.8660 2.9473 2.4464 2.7089 2.1772 2.5490 2.8156 2.8363 2.6048 2.4395 2.6998 2.7853 3.7119 2.7559 2.2252 2.3051 2.1824 0.8597 2.0111 2.6048 2.1824 2.2417 2.0465 2.3540 2.7656 2.6641 3.1704 1.0585 1.3795 2.3860 2.1168 2.2252 1.3996 2.4124 2.4327 2.6382 2.8902 2.4963 3.1414 2.3860 2.5885 0.0000 2.9356 2.3860 2.4124 2.8575 2.5567 2.1516 1.4943 1.6456 2.3292 2.2874 2.6130 2.7853 2.9126 2.1365 1.2873 2.9473 2.4258 2.6554 2.5646 2.5260 2.3231 2.2991 2.4395 3.3118 2.3795 3.0592 2.3731 2.3540 2.6298 2.7463 2.2252 2.1929 2.9356 2.3478 2.4057 1.2255 1.5094 2.3171 3.1273 2.8259 2.2874 1.6054 2.6214 0.3615 3.5766 1.3365 2.1982 2.4327 2.3731 2.3292 2.6641 2.4464 2.4327 2.5413 2.8792 2.7181 3.8373 2.2252 2.6641 2.5185 2.4327 2.1720 1.1694 2.3603 2.3416 2.4604 2.6214 2.5110 2.3354 2.1982 2.1982 2.5805 2.4327 2.5805 1.4340 2.3540 2.1266 2.4191 2.2932 3.2002 2.2417 2.5490 2.5110 1.3906 2.3171 2.4258 2.6468 2.8683 2.7274 2.6554 0.9115 2.6641 1.3817 2.7559 2.8469 4.1976 2.4818 2.4191 1.3973 2.5110 2.5885 2.2306 2.9473 2.2757 2.9126 2.2143 2.5036 1.2368 1.9811 2.1772 2.7754 2.6554 2.5805 2.4746 2.6298 2.5413 2.2306 1.3302 3.2787 3.0592 2.8156 1.4481 2.9126 2.6214 2.8902 3.9761 2.6214 2.7656 2.7853 1.3513 1.2754 2.4963 3.2625 2.8683 2.5885 2.5336 2.1929 2.6298
PLLG_Gamboa_mosquito_virus_strain_GW_E_2423-2889_AlphaFold 3.1414 4.8661 3.4363 3.1414 2.9126 3.4747 2.3667 2.7559 2.3667 2.8469 2.7463 3.0205 2.6641 1.7316 3.9188 2.6048 3.0592 2.9832 2.4124 2.9955 2.8469 2.5567 3.3118 2.9241 2.3540 2.7656 2.9014 2.7559 2.7754 2.7853 3.9188 2.4057 2.6998 3.5981 3.2154 3.0724 3.0724 2.7656 3.6200 2.7181 3.0079 2.8054 2.7754 2.2586 3.2951 2.9591 2.4818 2.6907 3.2625 3.0859 2.8259 2.7274 2.8363 2.8902 2.7656 2.9014 2.4534 2.8792 3.5766 3.4363 3.0724 1.8891 2.9126 2.9356 2.7953 2.8902 2.5885 2.9126 3.0205 3.1273 2.5110 2.6382 2.6998 3.0461 1.8853 2.5805 3.1133 1.9201 2.7181 3.1852 2.8792 3.2951 3.1704 3.2154 3.0332 3.0461 2.9955 2.7274 2.6998 2.6468 2.9955 1.7157 2.7853 3.3459 3.0859 2.5260 2.7181 3.0724 2.7953 2.3991 2.8683 2.8469 2.9711 2.3231 2.9955 3.1558 2.8259 3.2951 2.9356 0.0000 3.2787 3.3993 3.8639 2.9711 2.7953 2.4604 2.4604 2.9356 3.2309 2.6998 2.9473 3.1133 2.8683 2.9955 2.7953 3.2002 2.5567 2.7368 2.5646 2.7656 3.0995 2.7181 3.3812 2.5966 2.8683 2.7463 2.9126 4.3791 3.4363 2.8363 2.6998 3.0859 2.9473 2.7559 2.6214 3.0859 3.3459 2.9126 2.8156 2.8469 2.7368 3.1558 2.9473 3.3287 2.4963 3.1704 2.9711 2.8792 3.1414 2.8469 2.7368 3.1558 2.8363 2.7274 3.2002 2.7754 2.9832 2.9711 2.7953 3.3993 2.8363 3.1558 3.1704 3.1852 2.9832 2.8259 3.1414 3.5555 3.0995 2.7656 3.6651 2.8792 3.4944 2.9473 2.8363 2.8363 3.2787 3.1133 2.7463 2.9473 3.2466 3.1558 3.2002 3.1852 2.6298 3.4177 3.0724 4.4180 2.8469 3.2787 3.1558 2.9126 2.9241 2.7368 3.1133 4.6730 2.8469 2.7953 2.8902 3.3118 4.0669 2.6641 3.2466 1.9562 2.6729 2.5110 2.5036 3.2154 2.6298 3.7856 2.4327 2.6729 2.9591 1.8053 2.6907 3.4944 3.1273 2.6554 2.8902 3.9472 2.5260 1.4410 2.8363 2.0375 3.3812 2.9955 2.8683 3.5347 2.5966 2.5336 1.9280 2.6818 2.5260 2.7559 2.2143 2.6554 2.8054
FJNV_Apoi_virus_genome_E_271-660_AlphaFold 2.6048 2.4963 3.6200 1.2199 2.7953 2.9832 3.4177 2.6729 2.7559 0.7239 2.3478 2.6468 1.6369 3.7605 2.4124 2.7274 2.8469 1.5351 2.4258 1.4155 1.2636 2.3478 1.3386 2.7656 2.7089 2.4746 2.6130 1.3095 1.4018 1.3034 1.0414 3.6423 2.7463 1.3840 1.5018 0.7720 1.3075 2.4675 1.4132 2.4057 1.2695 2.5805 1.2330 3.3287 1.2617 1.9360 2.4057 1.6754 2.8259 1.8665 2.8469 2.8054 2.2143 2.5567 2.3795 1.4293 2.0510 1.0742 2.6641 1.1214 3.1414 3.1558 1.5145 1.2813 2.4890 1.4795 2.9014 2.4124 1.1131 0.7250 2.5725 2.5885 2.3111 1.2444 2.9711 2.6298 1.5482 2.6907 2.5646 3.2787 1.4795 1.1147 1.2754 1.0308 2.3111 1.3116 1.1979 1.3795 1.0476 1.3281 0.6288 2.7953 2.4327 2.7089 2.4534 2.2643 1.3708 1.3817 1.8628 2.4963 0.6588 2.8792 1.2199 3.2154 1.7062 1.1907 1.0414 2.6729 2.3860 3.2787 0.0000 1.0663 2.9711 1.0054 1.2953 2.5413 2.1982 2.6641 1.3323 2.5490 2.4675 1.0430 1.3621 2.8792 2.6818 1.4746 2.4395 2.5413 1.4625 1.2255 1.1853 2.7559 1.1641 2.1772 1.4387 2.6554 1.7744 2.7463 1.0934 1.2199 2.7463 3.2466 1.3449 2.8156 2.3991 2.6382 1.1800 2.5110 3.0859 1.5778 2.1365 1.1315 2.1617 1.4387 2.3416 1.9854 1.4746 2.6048 1.6694 2.5567 2.3292 1.5145 1.2933 2.6468 3.1414 2.6729 1.4340 1.4625 2.6729 1.8229 1.2311 2.8469 2.4746 0.7595 1.0967 1.5535 2.6729 1.5430 1.1181 1.2162 2.8792 1.3386 2.8054 2.3111 1.3239 1.9854 1.6754 2.0331 2.9014 1.3177 1.1164 2.8363 2.6048 1.6846 2.6214 2.9473 4.6278 1.0414 2.2932 2.2306 0.7218 2.7656 2.6907 3.4177 4.0057 2.9832 1.4993 2.4124 2.6729 1.5482 0.6628 2.5966 1.5044 2.9591 2.5490 1.7252 2.4890 1.6167 3.2002 2.7463 3.2787 3.6651 1.2293 2.4395 2.9356 1.6082 3.0079 4.3791 1.2482 2.6998 2.6298 3.0859 2.7368 2.6907 3.2625 1.0538 1.2349 2.5490 2.7754 2.4746 2.9014 3.3118 2.6818 1.1434 3.0205 2.7463 2.5966
FJTB_Meaban_virus_E_276-667_AlphaFold 2.9473 2.1465 2.7463 1.1747 3.5766 2.8363 3.5144 2.4534 2.7754 1.1382 2.9126 2.8792 1.3708 3.2951 2.9356 2.5567 2.5490 1.4086 2.8902 1.3449 1.1747 2.7853 1.2636 4.1308 2.6641 3.0592 2.6468 1.3198 1.3136 1.2559 0.6357 4.0669 2.5336 1.3621 1.3795 0.9538 1.2520 2.9126 1.3219 4.1308 1.3260 2.6998 1.1853 3.0859 1.3795 2.1617 2.2089 1.3817 2.9126 1.7284 2.8575 3.7119 2.4124 2.7089 2.9014 1.7189 2.6818 1.2873 2.5336 0.6950 3.2787 3.2466 1.1853 1.3116 2.1876 1.4387 3.0592 2.7181 0.6278 0.9594 3.2787 2.8792 3.3634 0.6690 3.2625 2.3231 1.5970 4.3039 3.2951 3.7856 1.3177 1.1694 1.2052 0.2406 2.5036 1.2540 1.1468 1.3751 1.2181 1.2873 0.9455 2.9711 2.8683 3.1852 2.4890 2.5966 1.1997 1.2387 1.8853 2.6818 0.9580 3.5144 0.3578 2.6641 1.2368 0.6387 0.3846 2.3051 2.4124 3.3993 1.0663 0.0000 3.2309 0.6229 1.2406 2.1668 2.7368 2.6729 1.2973 3.4177 3.1414 0.5922 1.1889 2.4675 2.5885 1.4340 2.8363 3.2625 1.1606 1.2107 1.2754 3.0205 0.6387 2.3731 1.3407 3.0592 1.9645 2.5567 0.6824 1.1641 2.5336 3.1133 1.4673 2.6048 2.3925 3.0205 1.4293 2.3478 2.9591 1.3014 2.4746 0.7449 3.2466 1.2893 2.3667 2.1023 1.4697 2.7181 1.6167 2.9711 2.8575 1.4869 1.2833 2.8363 3.0461 2.3603 1.2349 1.2293 3.3812 1.8891 1.2893 3.0461 2.5336 0.9980 1.1659 1.2330 3.4363 1.3095 1.1606 1.4041 2.9473 1.4481 3.5347 2.6907 1.2598 2.1566 1.6139 1.8554 3.1558 1.2734 0.5606 2.5260 2.9711 1.5915 3.2154 3.8639 4.3039 0.6731 2.9711 2.9126 1.0308 2.7853 3.3459 3.4553 2.9832 2.5966 1.3817 2.4604 3.2625 1.5069 0.9566 2.7853 1.3386 3.2787 3.3812 1.4201 2.9832 1.5509 3.1273 3.0724 3.4944 4.5407 1.1997 2.5336 3.0205 1.6026 2.6818 3.4363 1.1065 2.5110 2.9241 2.9832 2.9711 3.9188 3.0461 1.2218 1.1659 2.3231 2.3991 2.6214 2.8363 3.5981 2.8575 1.2052 3.2466 2.5336 2.7089
FJJI_Mogiana_tick_virus_isolate_Yunnan2016_segment_2_orfVP1_E_126-512_AlphaFold 2.5646 0.1494 0.9908 3.3812 2.4464 3.4944 2.8792 2.6641 2.4675 3.3993 2.6382 2.8156 3.0724 3.1852 4.5407 2.6818 2.9711 2.9832 2.9832 2.9955 2.9473 2.6818 2.5805 3.1852 2.7656 3.0592 2.5646 2.7274 2.7274 2.8575 3.1133 2.8469 2.6641 2.9955 3.0205 2.9473 3.2154 2.7853 2.8683 2.6214 2.7368 2.4963 3.2002 2.5185 2.8259 2.5336 3.2466 2.8902 0.0891 2.5110 2.6382 2.6907 2.4258 2.4395 3.1133 2.6907 3.2154 3.1558 0.0357 2.8156 3.1273 2.7463 2.8363 3.0724 2.6382 3.0592 3.1133 2.9126 3.1133 2.8792 2.7274 2.8469 2.5260 2.7853 3.1414 1.0854 3.1704 2.7368 2.7754 3.2951 3.0724 2.8259 2.5413 3.0592 2.8156 3.2951 3.1852 2.7274 2.7559 2.9591 2.8683 3.0859 2.8683 0.1302 3.4363 2.5413 2.7089 3.0332 2.5805 2.8792 3.1852 2.7463 2.7089 2.8469 3.1704 2.7274 3.1414 0.1285 2.8575 3.8639 2.9711 3.2309 0.0000 2.7656 3.6423 2.6298 2.4057 2.4746 2.8363 2.5413 4.0985 2.9473 3.3118 2.4675 2.4963 2.9832 3.1133 2.9241 2.6907 2.7754 2.9014 2.4395 2.8363 3.0332 2.9832 2.7274 2.6214 3.5555 2.8575 2.6998 2.6641 1.1659 3.3459 2.5185 2.5185 3.1133 2.6468 0.9937 2.7656 3.3459 2.3292 2.8469 2.6214 2.8683 2.7754 2.7274 3.2309 2.6214 3.2787 2.6907 3.0995 3.5347 3.0859 2.5966 0.0717 2.4818 2.6998 3.0592 2.5110 2.5966 2.7754 3.0461 0.1148 2.7181 2.6130 2.8575 3.0724 3.3812 2.9832 2.9126 0.0750 3.1558 2.7853 3.0332 3.2309 2.5805 3.5555 2.9591 2.5805 2.8363 2.8469 0.0493 2.9126 2.7656 2.6130 3.1558 2.3171 3.2625 2.6907 3.1558 2.7953 3.3118 2.4963 3.0592 3.2625 0.0378 2.7853 3.1558 2.6214 3.7605 3.0205 2.6130 3.0205 3.0461 2.2874 2.5885 2.4464 3.1558 2.8902 0.0782 2.9014 2.5567 2.9711 2.5567 2.8469 2.8902 2.9955 2.5567 3.0079 1.1571 2.7089 2.6729 2.4890 3.1133 2.6468 2.8683 3.1133 0.0837 2.9955 2.7463 3.5981 2.8902 2.7181 2.9955 3.2787 2.6468 2.7656
FJTB_Gadgets_Gully_virus_E_280-676_AlphaFold 2.5260 1.8815 3.4944 1.2406 2.8469 2.8575 3.0592 3.9188 2.5885 1.0710 2.7368 2.9832 1.3708 3.6883 3.3993 2.9241 2.8054 1.3642 2.5805 1.3075 1.2734 2.2643 1.1729 2.6554 2.5413 2.8469 2.9014 1.4410 1.3621 1.4064 0.3461 2.5036 3.4553 1.2444 1.2559 0.9821 1.2237 2.8575 1.2181 3.1852 1.2293 2.8469 1.3365 3.1133 1.1365 2.0928 2.2815 1.4434 2.6130 1.5196 2.5185 3.0461 2.3925 2.6729 2.4395 1.7711 2.4534 1.3075 2.2643 0.3869 2.9711 3.3118 1.1214 1.0951 2.6468 1.4968 2.9591 2.7656 0.3549 0.9538 3.2466 2.2991 2.9711 0.3991 3.0205 2.9241 1.5562 2.7181 3.6423 3.2951 1.2813 1.1943 1.2330 0.6327 2.9711 1.1264 1.1764 1.3136 1.2034 1.3365 0.9372 3.0995 2.8683 2.7656 2.1876 2.5966 1.1181 1.2559 2.1266 2.6048 0.9764 2.6998 0.7685 3.6883 1.2734 0.4115 0.7371 2.0510 2.5567 2.9711 1.0054 0.6229 2.7656 0.0000 1.1800 2.0694 2.4746 3.0332 1.2444 2.7754 2.8054 0.3190 1.2636 2.4191 2.6729 1.3054 3.0592 2.7656 1.3157 1.2598 1.2218 2.6641 0.3892 2.6214 1.1747 2.7274 2.1772 1.9896 0.3741 1.1729 3.4553 2.8469 1.6545 2.7368 2.4395 2.6554 1.2125 2.4464 2.8363 1.4155 2.5336 0.4512 4.0360 1.1694 2.9356 1.9083 1.4434 3.4363 1.7252 3.0332 2.7656 1.3751 1.4458 2.9955 2.5336 2.0154 1.2933 1.1676 2.6382 1.8853 1.1835 2.4395 2.2643 0.9879 1.2349 1.2181 2.8054 1.3621 1.2237 1.4529 2.6907 1.3621 2.6214 2.5185 1.1800 2.2757 1.3884 1.9562 2.7089 1.1147 0.3563 2.5966 2.6382 1.5805 3.7119 2.4604 4.3039 0.3505 2.8575 2.9591 1.0369 3.0205 2.6468 3.0859 2.7368 2.8363 1.5247 2.3540 2.9356 1.4201 0.9636 2.8363 1.3686 2.7953 2.7368 1.7446 2.6998 1.7125 2.6818 2.7181 3.3287 2.4890 1.2754 3.3118 3.0079 1.6253 2.6729 2.8363 0.9821 3.0205 3.7605 2.9955 2.7656 4.0360 2.8902 1.1764 1.1676 2.1168 3.2787 2.6818 3.0079 3.1133 2.2700 1.2255 2.9955 3.4553 3.1133
FJMB_West_Nile_virus_lineage_2_E_291-784_AlphaFold 2.8469 2.3795 2.6729 0.9749 3.3459 2.6130 2.4395 2.8156 2.2473 1.1451 2.4534 2.4604 0.8459 3.0332 3.6883 2.8469 2.4057 0.6897 2.5413 0.8737 0.5407 2.6998 0.8226 2.6468 2.4818 2.8054 2.7274 0.8584 0.1036 0.8336 1.2444 2.7463 2.7853 0.4537 0.3447 1.3075 0.5344 2.6382 0.6897 2.6382 0.4718 2.6468 0.3175 2.7089 0.8287 2.0198 2.0556 1.0010 3.0859 1.0742 2.6554 2.8683 2.3731 2.7181 2.1023 1.5750 2.1668 0.9538 2.5336 1.2406 2.7181 2.9241 0.8324 0.7651 2.3051 0.6803 2.5336 2.5966 1.3664 1.2559 2.7181 3.1852 2.6298 1.2293 2.5413 3.3993 1.1434 3.3812 2.5490 2.9014 0.4919 1.0054 0.6487 1.2833 2.3478 0.2523 0.9277 0.2912 0.9482 0.0739 1.3840 2.3860 2.6130 2.8902 2.0602 2.2529 0.8648 0.2642 1.7983 2.0242 1.2754 2.6130 1.2482 3.2466 0.8547 1.1729 1.2218 2.4604 2.1516 2.7953 1.2953 1.2406 3.6423 1.1800 0.0000 2.1720 2.1929 2.5413 0.1447 2.6818 3.6423 1.1711 0.7929 2.3603 2.6907 0.3652 3.2002 2.6907 0.8154 1.0098 0.9236 2.6130 1.2953 2.2362 0.9331 2.4963 1.6456 3.0205 1.3492 1.0553 2.7853 3.1414 1.4844 2.6048 2.1120 2.7463 0.2932 2.7853 3.1414 0.4439 2.2252 1.1800 2.5110 0.4504 2.0420 1.7778 0.7207 2.4675 1.4918 2.8054 2.0694 0.7261 0.8788 2.5966 2.5885 2.3540 0.8597 0.4693 2.7089 1.9896 0.6834 2.3416 2.6641 1.2598 0.9650 0.4529 2.5966 0.9441 1.0054 0.3043 2.9356 0.7316 2.9832 2.2143 0.7035 2.1824 1.0430 1.8444 2.5646 0.7142 1.2520 2.7181 2.3667 0.9835 2.6554 2.7463 3.4944 1.3862 2.3603 2.2643 1.4340 2.6298 2.8054 4.0057 4.0057 2.9591 1.4869 2.2991 2.6818 0.7283 1.1571 2.5260 0.6908 2.9955 2.5490 0.9821 2.3354 1.5642 2.7463 3.1704 2.4395 2.7953 0.9455 3.0205 3.2787 1.4317 2.5036 2.9241 1.2933 3.1704 2.4890 2.9126 2.6298 3.5347 2.9832 0.9209 0.9622 2.3231 2.0976 2.0740 3.2466 2.4818 2.4963 0.9764 2.6048 2.9356 2.7754
FJIS_Parramatta_River_virus_isolate_92-B115745_E_322-715_AlphaFold 3.0205 2.4124 2.8792 2.3795 3.6883 1.0726 2.5185 2.8792 2.4327 2.5413 1.0476 3.3459 2.1566 2.8054 3.2002 2.6641 3.1133 2.1120 0.9317 2.0648 2.2089 2.8054 2.1465 2.6048 2.6468 1.1065 3.0332 2.0648 2.2035 2.0928 2.5885 2.6298 2.7754 2.4124 2.4124 2.7089 2.1982 1.0967 2.1516 2.8902 2.0648 2.7754 2.0602 2.6998 2.3292 2.4604 1.4481 2.4890 2.9473 2.4395 2.6048 2.7089 1.3075 2.8259 1.9201 2.4057 1.0369 2.2700 2.7368 2.4258 2.6048 2.5260 2.2991 2.1415 1.2034 2.4191 2.7089 1.4819 2.3171 2.3231 2.9356 3.4363 2.7754 2.4191 2.4464 2.9955 2.3292 2.4124 2.5725 2.7953 2.3925 2.3292 2.1929 2.0286 1.3708 2.0375 2.4124 2.4890 2.1929 2.1929 2.4191 2.6048 2.5646 2.8363 1.4293 1.0263 2.2252 2.2252 2.3795 1.1131 2.3925 3.1558 2.2757 2.6048 2.2586 2.1415 2.3231 2.6907 1.4943 2.4604 2.5413 2.1668 2.6298 2.0694 2.1720 0.0000 1.3996 2.9955 2.2306 2.8469 2.9832 2.3231 2.0881 1.3906 2.9711 2.3603 3.4747 2.7853 1.9521 2.4191 2.2529 2.8792 2.3860 2.3731 2.2143 2.9711 2.4818 2.6907 2.2197 2.4395 2.7754 5.9719 2.2089 3.1133 1.5482 1.0461 2.3231 3.3287 2.3860 2.1266 1.3884 2.5185 1.3034 2.3860 0.3816 2.1071 2.2473 2.8363 2.5567 2.9591 2.5260 2.3991 2.0834 2.8683 3.0461 2.6998 2.2757 2.2932 2.9832 2.6048 2.1720 0.9622 2.5260 2.6998 2.2643 2.2362 2.5885 2.3171 2.1365 2.1824 2.6998 2.5260 3.0724 1.0353 2.3540 2.2306 2.5567 2.2143 2.8054 2.1266 1.9896 2.9241 1.1298 2.4124 2.9955 2.9955 2.0834 2.5885 2.2932 1.5430 2.4258 1.0806 2.7656 3.6651 3.6883 2.8683 2.2306 1.1264 2.7181 2.3540 2.4963 2.7953 2.2874 3.3459 2.1876 2.6818 0.8202 2.1168 2.6907 2.8469 2.6998 3.2466 2.2197 2.5260 2.6818 2.0694 0.9937 2.6907 2.7656 2.8902 1.1315 3.0724 2.8259 2.9832 2.6818 2.5646 2.2932 2.4818 0.4154 1.4434 2.9832 2.8683 2.8259 2.2643 3.0205 2.7754 2.6998
FJIS_Aedes_flavivirus_strain_Bangkok_E_318-701_AlphaFold 2.6729 1.9562 3.0995 2.5490 3.3118 1.3239 2.2932 2.4534 2.1982 2.6048 1.1853 2.6907 2.4395 2.5885 2.5260 2.1824 2.9126 2.5805 1.2734 2.2643 2.4124 2.8575 2.6298 2.3354 2.1120 1.2656 2.6998 2.3795 2.2815 2.5966 2.4890 3.2002 2.4395 2.3860 2.1365 2.2991 2.2586 1.3817 2.3354 2.9241 2.1720 2.6998 2.2035 3.3118 2.5185 2.6998 1.4993 2.4464 2.4327 2.6818 2.8469 2.5490 0.0578 2.4327 1.7316 2.1668 1.2387 2.4675 2.1415 3.0332 3.0332 2.5646 2.5646 2.2932 0.4232 2.5413 2.6382 1.6456 2.6729 2.4890 2.9126 2.7089 2.7754 2.7089 2.8902 2.6468 2.5490 3.0995 2.9126 2.2757 2.7368 2.6641 2.3667 2.8363 1.7812 2.0928 2.6468 2.2197 2.4604 2.1415 2.3731 2.6048 2.7274 2.3795 1.6815 1.2034 2.2143 2.3051 2.5490 1.1365 2.3292 2.9241 2.9955 4.8160 2.4327 3.0461 2.4818 2.1566 1.6456 2.4604 2.1982 2.7368 2.4057 2.4746 2.1929 1.3996 0.0000 2.9832 2.0881 2.5336 2.7853 2.3860 2.1720 1.5778 2.4191 2.1415 3.1558 2.4395 2.3991 2.4464 2.4534 2.5725 2.6729 2.6468 2.3925 2.8259 2.7463 2.9241 3.7605 2.4395 2.4395 3.4944 2.4327 2.8469 1.5094 1.3449 2.2252 2.9014 2.6907 2.2529 0.0274 2.8156 1.6369 2.3603 1.2293 2.1120 2.5885 2.8792 2.3860 2.3603 2.2473 2.5185 2.5336 2.7754 2.2932 2.2700 2.4534 2.4191 2.3540 2.2252 2.2700 1.4722 2.3171 2.4604 2.4534 2.3540 2.6818 2.3731 2.5185 2.2197 2.3860 2.4746 2.7559 1.2125 2.6298 2.5885 2.5805 2.0648 2.9955 2.4327 2.6130 2.3051 1.3281 2.5260 2.1415 2.6298 2.3416 2.5966 2.0556 1.7577 2.6048 1.3795 2.3540 4.8160 3.7360 2.2643 2.2757 1.3535 2.5413 2.1720 2.4534 2.8054 2.5185 2.9356 1.9400 2.7089 1.0918 2.1465 2.5036 2.3171 2.6729 3.3459 2.2089 2.7368 3.0079 1.9521 1.2368 2.5567 2.3667 2.7274 1.1925 2.6130 2.7853 3.2309 2.7368 2.4746 2.3292 2.1929 1.2953 1.6026 2.2643 3.1414 3.2309 2.6641 2.6729 2.4890 2.4675
PLLG_Trinbago_virus_isolate_TTP-Pool-4_E_856-1326_ESMFold 0.1890 2.4890 3.0332 2.4191 2.2874 2.6729 2.4395 0.2201 2.1668 4.0669 2.5036 0.0578 2.7181 2.8902 3.2309 2.9356 0.0493 2.8363 2.5966 2.7656 2.8363 2.4890 2.7953 2.9014 2.4464 2.7656 0.0461 2.9591 2.4395 3.0859 3.4177 2.3991 0.2246 2.5185 2.5490 3.2787 2.6130 2.7559 2.5260 0.1865 2.6641 0.1636 2.5646 2.9014 3.1414 3.1414 2.7754 2.5413 2.5725 2.5646 2.7274 0.1756 3.3459 0.1588 2.6554 3.0332 2.1365 2.3860 2.7656 3.2154 1.9811 2.6729 2.7274 2.9955 2.5110 2.7953 2.6818 2.9473 3.3812 2.8469 2.7754 2.7181 0.1792 3.3459 2.7274 3.0461 2.4963 2.6998 3.2787 2.6729 2.6729 2.3860 2.6468 2.6729 2.9955 2.8156 2.2991 2.4057 2.4963 2.5490 2.6907 2.4675 0.1660 2.8902 2.7953 2.4890 2.7953 2.5490 2.6048 2.5725 2.8575 0.0419 2.3354 2.7463 2.6818 2.6468 2.5336 2.6382 2.3292 2.9356 2.6641 2.6729 2.4746 3.0332 2.5413 2.9955 2.9832 0.0000 2.5725 0.1672 4.7194 3.8639 2.6907 2.6048 0.1588 2.6468 3.4747 0.1780 2.8363 2.7089 2.2932 0.1660 3.0205 3.3287 3.3812 0.0172 2.4890 3.2309 3.0724 2.5567 0.2246 2.7463 2.8683 0.0419 2.4963 2.8683 2.6729 3.3634 2.1668 2.9356 2.8683 3.3287 2.7853 2.6641 2.5260 2.2035 3.0205 0.0326 2.9241 0.1600 2.6998 2.6382 2.7089 0.1612 2.5413 2.3991 2.9014 2.6641 0.1660 3.0079 2.7559 2.5646 2.5567 3.9472 2.4675 2.6468 3.1704 2.9832 2.9126 2.3667 2.7656 2.6382 2.5725 3.2309 2.4464 3.0592 2.6382 2.5725 3.1414 2.8156 3.0332 2.8259 2.5260 2.6382 0.1576 3.0205 2.1415 3.4553 2.5885 2.8792 2.8469 3.0079 0.1612 3.1273 2.7368 2.6729 2.8054 2.6729 0.1660 2.7656 3.2154 0.0419 2.8575 2.9241 2.7559 2.7559 2.3416 2.8575 2.8902 2.6729 2.6048 2.8902 2.2700 2.6998 3.6651 2.3354 2.7853 2.9126 2.6818 2.8156 3.0724 3.3634 0.1612 2.8792 1.6253 2.4124 2.4258 2.3051 2.7089 2.6641 2.4675 2.2529 2.5805 2.9126 2.6130 0.2214 0.1600
FJMB_Koutango_virus_isolate_PM148_E_293-787_AlphaFold 2.7559 2.2815 2.9832 0.9966 2.9711 2.6382 2.6468 2.6554 2.3991 1.1537 2.5805 2.5885 0.8698 3.1273 3.8112 2.7463 2.6382 0.7651 2.5490 0.9937 0.5679 2.2252 0.8023 2.2306 2.3795 3.0592 2.7953 0.8275 0.1308 0.8348 1.3428 2.4890 2.7559 0.4718 0.4319 1.2016 0.5670 2.4890 0.6887 2.6729 0.4970 2.7953 0.3403 2.5260 0.8398 2.0286 2.2874 0.9062 2.7559 0.9908 2.6907 2.7559 2.3416 2.7853 1.9645 1.4601 2.0740 0.9496 2.2815 1.3014 2.5885 2.8575 0.9538 0.7917 2.2417 0.6497 2.6382 2.7853 1.2656 1.3344 2.9014 2.5185 2.9591 1.3513 2.7274 3.2002 1.0353 3.0724 2.7853 2.6998 0.4919 1.0173 0.6093 1.2913 2.5725 0.2465 0.9735 0.2953 0.9980 0.1354 1.3862 2.6468 2.8469 2.5413 2.8792 2.4534 0.8762 0.3050 2.0740 2.0648 1.2754 2.5036 1.3034 3.5144 0.8853 1.2463 1.3686 2.2252 2.2874 3.2309 1.3323 1.2973 2.8363 1.2444 0.1447 2.2306 2.0881 2.5725 0.0000 2.7656 2.5805 1.1606 0.8178 2.3731 3.0079 0.4359 3.0205 2.7953 0.8447 0.9735 1.0187 2.7754 1.3014 2.4464 0.9538 2.9014 1.8591 3.4177 1.2520 1.0461 2.7559 2.8902 1.5482 2.8792 2.2643 2.6468 0.2946 2.6298 3.5766 0.4602 2.0928 1.2444 2.5567 0.4818 2.2586 1.9562 0.7110 2.5966 1.4869 2.8683 2.0787 0.6992 0.8996 2.8902 2.5567 2.2306 0.8275 0.5651 2.7853 2.0024 0.7228 2.1365 2.5185 1.2893 1.0069 0.5056 2.5725 0.9413 1.0338 0.3689 2.5966 0.6588 2.9241 2.5110 0.7163 2.1217 1.0461 1.9360 3.3118 0.7449 1.3323 2.6298 2.3171 1.0399 2.8792 2.7559 2.7463 1.4041 2.3478 2.3292 1.5299 2.5805 2.7953 3.6200 3.0205 2.7181 1.5998 2.2362 2.7656 0.7294 1.1747 2.8683 0.5997 3.6883 3.0205 0.9650 2.5336 1.5535 2.6468 2.6468 3.0724 2.9711 0.9622 2.8363 2.9473 1.4553 2.6818 3.0592 1.3862 2.8792 2.3231 2.9832 2.9126 3.1133 3.0205 0.9441 1.0491 2.2362 2.3667 2.3231 3.2625 2.9473 3.2466 1.0353 2.5036 2.7463 2.8469
PLLG_Flaviviridae_sp._isolate_TIGMIC_30_E_884-1355_ESMFold 0.0326 2.4464 3.3118 2.3603 2.4124 2.7853 2.5966 0.2419 2.1266 3.0461 2.8683 0.1951 2.6298 3.1133 3.1704 3.5144 0.1884 2.7274 2.9473 2.5336 2.7089 2.5490 2.7953 2.7559 2.2473 2.2757 0.1624 2.5413 2.6048 2.5966 3.0332 2.9126 0.2367 2.6048 2.4327 3.0859 2.6641 2.7656 2.8575 0.1205 2.7463 0.0264 2.4890 2.8902 2.7274 2.4464 2.6130 2.6998 2.6382 2.5805 2.6907 0.1013 2.7559 0.0177 2.6729 3.4553 2.2529 2.5336 2.6818 3.3459 2.0740 2.9711 2.8054 2.6468 2.4258 2.6818 2.8054 2.6382 3.4177 2.5646 3.0332 3.3812 0.1285 3.1414 2.7656 2.6554 2.9014 3.0859 2.8469 2.6298 2.8054 2.5036 2.7559 2.9955 3.0995 2.7559 2.3051 2.6818 2.3991 2.7754 2.8054 2.3354 0.0223 2.7274 2.6382 3.2002 2.7656 2.8902 2.5725 2.2643 2.8156 0.1939 2.5413 2.6729 2.5646 3.0859 2.5336 2.3731 2.6130 2.6998 2.5490 3.4177 2.5413 2.7754 2.6818 2.8469 2.5336 0.1672 2.7656 0.0000 3.7605 3.4553 2.7274 2.6729 0.0243 2.4604 2.8363 0.1036 2.6382 2.6382 2.4890 0.0223 3.1273 2.6048 2.9591 0.1684 2.4890 2.9241 3.6200 2.2586 0.2367 2.5110 2.3860 0.1529 2.6729 2.4746 2.5805 3.3634 2.0465 2.6729 2.6729 3.0724 2.5413 2.6214 2.8363 2.3111 3.1852 0.1648 2.8902 0.0243 2.9126 2.5567 2.9473 0.0223 2.4746 2.2643 2.8469 2.7656 0.0151 2.6048 2.7181 2.2991 2.2306 3.0724 2.6468 2.6998 2.6998 2.8054 2.6998 2.5336 2.5336 2.7754 3.7360 2.7953 2.4604 2.6729 2.6298 2.4258 3.1273 2.9356 3.0461 2.5413 2.4191 2.6907 0.1933 2.7463 2.1168 3.4944 2.7953 2.8683 2.6048 2.3603 0.0202 2.7089 2.5490 2.6554 2.8363 3.1414 0.0223 2.6382 2.7853 0.1553 2.6818 3.0079 2.8054 3.0995 2.5260 2.6048 2.7656 2.7089 2.8792 3.1273 2.5885 2.6130 2.8575 2.3925 2.4746 2.8259 3.1133 2.5490 3.4944 3.1133 0.0151 2.7953 1.7677 2.4191 2.5490 2.4057 2.9832 2.6298 2.8575 2.1982 2.7656 2.8792 2.4675 0.2393 0.0264
PLUN_Xinzhou_spider_virus_3_strain_XZZZ-3_E_1586-1774_ESMFold 3.3287 2.8469 3.6883 3.2951 3.5347 2.5885 2.2473 3.2309 7.0524 2.7181 2.8575 3.4553 2.4395 3.5766 2.2815 2.0420 3.1133 2.0881 3.2466 2.9711 3.7119 2.3231 3.7119 2.5490 2.1365 2.4258 3.2625 3.6651 3.6200 2.8469 3.2466 7.4191 3.1133 4.6730 3.6883 2.4124 2.3667 3.0332 3.4747 3.1852 3.4553 3.4553 3.1273 3.0995 2.9711 2.7368 2.9126 2.6298 3.4553 2.6818 3.5347 2.6641 3.0461 3.4747 3.3812 3.5981 3.1558 2.4191 3.6651 2.7463 2.5185 2.1876 5.0250 3.3634 2.2700 3.2154 3.5555 3.7119 2.7656 2.2586 2.8575 2.2306 2.9955 3.4177 4.4180 2.7274 3.4747 3.0205 3.4944 2.3354 3.3459 3.2625 2.9473 2.7953 3.9472 2.8054 5.1383 3.3459 3.1852 4.3410 2.2932 2.9591 2.9356 3.7856 3.7856 2.6298 2.2757 2.9591 3.6883 3.3459 2.9711 2.8575 4.5837 3.3812 3.1133 2.7953 2.7853 3.5766 2.7853 2.9473 2.4675 3.1414 4.0985 2.8054 3.6423 2.9832 2.7853 4.7194 2.5805 3.7605 0.0000 3.0995 3.3812 3.4363 2.8792 3.2154 3.0859 2.8902 2.6554 3.0205 4.8160 3.1558 2.8575 2.6729 2.3540 3.3634 4.0360 4.6730 3.5981 2.7368 3.1133 2.6998 3.7119 3.0332 2.6214 2.5185 3.1852 2.4604 2.8054 3.2625 2.7853 2.1071 2.8683 3.6883 3.0205 3.6423 2.8469 3.0592 3.0592 3.5766 2.4675 3.6423 3.3287 3.2625 3.1273 3.3459 3.5144 2.6907 4.1308 2.3667 2.9356 2.9832 2.9955 2.6554 4.3039 3.6651 3.3118 2.4890 2.4191 3.4553 3.5766 2.5185 1.6139 3.3812 3.6423 3.2154 2.5725 3.5144 3.8112 2.9832 2.7463 3.6651 4.0669 2.9014 3.0859 2.9241 4.7671 2.8902 2.7754 2.9356 3.3993 3.0859 3.3459 3.7605 3.5555 3.0724 2.8469 2.4746 3.5347 3.3459 3.7856 3.2002 2.8902 2.9014 3.0592 2.9955 3.8911 2.5036 3.2951 5.3206 2.3731 3.9472 3.2466 2.6729 2.6907 2.6907 2.7656 4.2677 2.9241 3.3812 3.4553 2.6214 3.0995 2.6048 2.8054 2.9832 3.1133 2.8363 2.9955 3.1558 2.7463 2.3667 1.0553 3.3812 3.4944 3.2309 3.5144
FJTB_Powassan_virus_E_278-674_AlphaFold 3.1558 4.0985 3.3459 1.1571 2.4890 2.8054 3.0724 3.9761 2.5885 1.1711 2.7181 4.0360 1.3157 3.4363 2.9591 2.6554 3.3812 1.4247 2.6214 1.5970 1.1537 2.8156 1.2520 2.6214 3.4553 2.4675 3.5555 1.2598 1.1997 1.2734 0.2445 3.8373 3.5144 1.1676 1.1997 1.0369 1.1694 2.5260 1.4697 4.1976 1.2406 3.6200 1.2052 3.5347 1.3054 1.8702 2.8363 1.4064 2.9832 1.6515 2.3171 4.1638 2.5805 3.4177 2.0928 1.6754 2.4675 1.2656 3.2309 0.3161 3.3287 3.0461 1.1764 1.1434 2.5966 1.2715 2.9473 2.3354 0.2380 1.0742 3.3118 2.4124 3.5766 0.3389 3.4363 3.0332 1.4968 2.5036 3.0859 2.9591 1.3219 1.1147 1.2144 0.6834 2.3292 1.2162 1.1853 1.2695 1.1835 1.1907 1.0054 2.8902 3.0332 3.3459 2.5413 2.5110 1.1889 1.1264 2.2143 2.3051 1.0647 3.5347 0.7976 3.4177 1.2218 0.3260 0.7003 2.6998 2.9126 3.1133 1.0430 0.5922 2.9473 0.3190 1.1711 2.3231 2.3860 3.8639 1.1606 3.4553 3.0995 0.0000 1.1571 2.3171 3.0461 1.2501 3.0079 3.2787 1.3198 1.1871 1.1502 3.3993 0.3289 2.4963 1.1979 3.1273 2.0648 2.5966 0.3622 1.2125 3.5144 3.7605 1.4795 3.1414 2.8902 2.4395 1.2636 2.7274 2.8792 1.2793 2.5885 0.3274 2.6048 1.2463 2.3795 1.9645 1.4746 3.5766 1.4943 4.0985 3.2787 1.2181 1.3136 2.9126 2.5567 2.4746 1.2973 1.2873 2.9591 2.0787 1.1382 2.4191 2.9014 1.0507 1.1853 1.2016 2.7953 1.3664 1.1997 1.2463 3.1273 1.3996 3.7856 2.3478 1.1081 2.1929 1.2793 2.1617 2.7853 1.1925 0.2576 2.9955 2.5725 1.5377 3.8373 3.7360 4.5837 0.2550 2.4534 2.4890 1.0742 2.5885 3.6883 9.5129 2.8469 2.9711 1.5915 2.6554 3.8373 1.2893 1.0414 3.3993 1.3075 3.3459 2.6729 1.4018 2.6298 1.6724 3.3812 3.3634 2.9356 4.3039 1.2274 3.2466 2.6554 1.4697 2.7089 2.9014 1.1181 2.7853 2.0834 3.0205 3.7605 3.7856 2.9126 1.1537 1.1519 2.6907 2.3051 2.9591 2.5336 2.6298 2.5567 1.1032 2.6818 3.5144 3.7856
FJMB_Kampung_Karu_virus_isolate_SWK_P44_E_320-811_AlphaFold 2.6998 3.5766 3.1852 1.0323 3.5555 2.3795 2.6130 3.4363 2.4395 1.3239 2.4258 2.5260 0.9995 2.6818 3.2951 3.0079 2.6998 1.0338 2.2643 0.5606 0.8918 2.6214 1.0293 2.5336 2.5110 2.5567 2.5805 0.9089 0.8154 0.9879 1.5696 2.6818 3.3634 0.9317 0.8361 1.4410 0.9223 2.4534 0.8944 2.6818 0.8202 2.4890 0.8422 2.6998 1.1349 2.1772 2.2932 1.0143 3.5144 1.1147 2.8054 2.7089 2.2035 2.5336 2.4675 1.5535 2.2529 1.1315 2.7463 1.3281 2.8363 2.7463 1.0083 1.0476 2.2874 0.9196 2.7853 2.7089 1.2237 1.4918 2.5646 2.6641 2.7368 1.2973 2.7559 2.8363 1.0308 3.0079 2.6298 3.7856 0.9277 1.1641 0.9468 1.4918 2.7559 0.8522 1.1382 0.8827 1.0569 0.8011 1.4649 2.8259 2.5725 3.3812 1.9521 2.3667 0.8866 0.8597 1.8967 2.1168 1.5456 2.6998 1.3302 2.9356 0.9223 1.4224 1.2893 2.8363 2.1365 2.8683 1.3621 1.1889 3.3118 1.2636 0.7929 2.0881 2.1720 2.6907 0.8178 2.7274 3.3812 1.1571 0.0000 2.5036 2.6214 0.8410 2.8792 2.6998 0.8853 1.0476 1.1417 2.7368 1.3177 2.5567 1.1181 2.8259 1.7949 2.9356 1.2444 1.2255 3.3634 4.2322 1.4553 2.7089 2.1668 2.5185 0.8762 2.5567 2.5885 0.9538 2.3540 1.2933 2.3667 0.9496 1.9603 2.0556 1.0217 2.5185 1.7349 2.9473 2.1876 0.9707 1.0054 2.6130 3.5347 2.2035 0.9496 0.9263 2.7089 1.9939 0.9441 2.2700 3.6423 1.5247 1.0491 0.9223 2.7853 1.0491 1.1147 0.8410 3.9761 1.1032 3.0995 2.4534 0.9749 2.3292 1.1181 1.9939 2.9473 1.0039 1.2237 3.6423 2.5725 1.0726 2.6998 2.8792 2.9711 1.6604 2.6641 2.9241 1.5018 2.4395 2.4963 3.5981 2.7754 3.8639 1.5430 2.3991 2.8156 0.9764 1.4041 2.4818 0.9263 3.1558 2.6298 1.0507 2.7953 1.5696 3.0205 3.4177 3.1414 3.0995 1.0414 2.4464 2.8902 1.4943 2.6382 2.9955 1.4746 2.9832 2.8156 3.7856 2.5805 3.2951 3.0079 1.0232 1.2656 2.8575 1.8967 2.2529 2.8575 2.8792 2.9955 1.1016 2.6298 2.9955 2.7754
FJIS_Mansonia_flavivirus_bvmq18-1_E_443-826_AlphaFold 2.9711 1.9481 2.5413 2.5725 2.5725 1.7677 2.4746 2.9591 2.8259 2.6382 1.5860 2.8683 2.8054 3.4363 3.2466 3.6423 2.7274 2.7853 1.8193 2.3731 2.2643 2.1217 2.4746 2.3991 2.2874 1.9400 2.6298 2.1876 2.2035 2.3731 2.1876 2.2143 3.0859 2.5336 2.4191 2.4818 2.3354 1.6224 2.4258 2.9126 2.3231 2.8156 2.1668 2.7089 2.4395 2.5260 1.4577 2.4890 2.7463 2.3860 2.7559 3.1852 1.5750 2.9126 1.9481 2.4534 1.6664 2.4057 2.5110 2.5725 3.0995 3.0205 2.5567 2.4327 1.6815 2.2643 2.7274 1.2255 2.3603 2.9832 3.2309 2.6130 2.9955 2.6298 2.5490 2.7754 2.4746 2.1071 3.4747 4.0985 2.5185 2.3171 2.3051 2.4746 1.3906 2.3603 2.4124 2.3540 2.4963 2.2143 2.8054 2.6729 2.6468 3.6200 1.2793 1.5247 2.3171 2.2932 2.7463 1.6340 2.5185 2.8156 2.5966 3.2951 2.2932 2.8575 2.2417 2.2874 1.2873 2.9955 2.8792 2.4675 2.4675 2.4191 2.3603 1.3906 1.5778 2.6048 2.3731 2.6729 3.4363 2.3171 2.5036 0.0000 3.1273 2.4818 2.4963 3.2309 2.1566 2.7656 2.4057 2.6998 3.2787 2.7559 2.6641 2.6214 2.6468 3.0205 2.6907 2.3795 3.0859 3.3812 2.6298 2.5110 1.3556 1.9044 2.5567 2.5490 2.8683 2.7853 1.6026 2.1720 1.4601 2.5336 1.3157 2.3795 2.5966 2.9832 2.2757 2.9591 2.6998 2.3478 2.6641 2.8054 2.3051 2.3111 2.4890 2.5646 2.9591 2.7089 2.2586 1.4340 1.9854 2.4604 2.2991 2.4534 2.6729 2.5413 2.7274 2.5336 2.6554 2.9356 2.7089 1.4553 2.3111 2.9014 2.7463 2.3292 2.7754 2.5036 2.2700 2.8683 1.9400 2.4604 2.7368 3.4553 2.6382 2.2529 2.6554 1.2734 2.4675 1.7446 2.7953 3.8112 3.4177 2.6641 2.4818 1.7446 2.8363 2.4057 2.5567 2.5490 2.2700 2.6998 2.4327 2.6048 1.4673 2.1316 2.6468 2.5413 2.4464 2.9955 2.5646 2.8363 3.2787 2.2473 1.6224 2.5725 3.2787 3.1414 1.6139 3.0205 2.9241 2.8469 2.5966 2.2417 2.6130 2.3795 1.4064 1.3054 2.5185 2.7754 2.9955 2.3860 2.8792 3.2466 2.8469
PLLG_Flaviviridae_sp._isolate_TIGMIC_13_E_884-1354_ESMFold 0.0295 2.4395 3.0461 2.4746 2.4191 2.6818 2.4057 0.2284 2.1668 3.1133 2.7181 0.2107 2.6382 3.0079 2.7953 2.5110 0.1792 2.8363 2.5336 2.6382 2.5966 2.2643 3.0995 2.8259 2.2197 2.6130 0.1541 2.6468 2.7656 2.7463 3.0592 2.6818 0.2239 2.6048 2.5885 2.9014 2.5966 2.6468 2.8259 0.1216 2.4464 0.0223 2.5260 2.5725 2.3991 2.8259 2.8683 2.6214 2.9591 2.6998 2.4890 0.0958 2.7463 0.0111 2.7463 2.9241 2.1566 2.5646 2.5966 3.0724 2.0154 2.9126 2.7181 2.9955 2.4124 2.6998 2.9126 2.6554 3.1414 2.4818 2.5336 2.4890 0.1319 3.0724 2.8363 3.0461 3.0995 2.6641 2.7274 2.9711 2.8902 2.6298 2.6130 2.7953 3.3287 2.6298 2.3354 2.7089 2.5185 2.7089 2.4604 2.2586 0.0213 2.6998 2.3051 2.5185 2.6729 2.7089 2.6130 2.2362 2.6048 0.1859 2.6298 2.8792 2.7089 3.0079 2.6298 2.7089 2.9473 2.7953 2.6818 2.5885 2.4963 2.6729 2.6907 2.9711 2.4191 0.1588 3.0079 0.0243 2.8792 3.0461 2.6214 3.1273 0.0000 2.5490 2.4604 0.0980 2.5110 2.7656 2.3540 0.0202 3.0859 2.7853 2.8683 0.1624 2.4963 3.8373 3.7119 2.3603 0.2239 2.8792 2.7463 0.1482 3.1414 2.8054 2.6818 2.9832 2.0154 2.7274 2.5966 2.8792 2.7089 2.6048 2.4534 2.2874 2.9241 0.1565 2.7463 0.0254 2.9955 2.5110 3.0592 0.0111 2.5336 2.3991 2.7463 2.8575 0.0091 2.4191 2.6298 2.6641 2.3292 2.9356 2.4963 2.7181 2.6298 2.7089 2.7754 2.6214 2.6298 2.9832 3.2002 2.7559 2.3416 2.7853 2.6214 2.3292 2.9356 2.8054 3.6883 2.6298 2.4818 2.5336 0.2132 3.1558 2.0375 3.0724 2.7953 2.9014 2.8575 2.4395 0.0131 3.2787 3.1704 2.5725 3.2154 2.9711 0.0243 2.7853 2.9591 0.1506 2.6729 2.7181 3.2154 2.9241 2.6130 2.6641 2.8683 2.6998 2.6214 3.2787 2.4534 2.9241 2.5885 2.3860 2.5490 2.8575 3.3993 2.8259 2.8902 3.0332 0.0151 2.7274 1.8336 2.3731 2.5885 2.3231 2.5260 2.5110 2.8363 2.2586 2.2874 2.7463 2.5885 0.2265 0.0274
FJMB_St._Louis_encephalitis_virus_strain_Palenque-A770_E_321-816_AlphaFold 2.6998 2.2874 2.8792 0.9304 2.7368 2.5185 2.5413 2.7559 2.0787 1.2695 2.6641 2.7274 0.8239 2.7463 3.9188 3.1558 2.5567 0.7976 2.6298 0.8788 0.4868 2.6130 0.8226 3.2951 2.6818 2.7089 2.6048 0.7835 0.3389 0.9413 1.3095 3.0724 2.8054 0.4885 0.0213 1.4247 0.6762 2.3354 0.6679 2.6298 0.4232 2.5260 0.3968 2.9356 0.8673 2.0510 2.5966 0.9331 3.0724 1.0143 2.2700 2.6641 2.5336 2.5260 2.0787 1.6167 2.2252 1.1332 2.4327 1.3862 2.8792 3.0205 0.8673 0.7847 2.3111 0.6834 2.4890 2.3860 1.3751 1.4625 2.6130 2.5336 2.6130 1.2993 2.7754 3.2787 0.9951 3.4363 2.9126 3.0079 0.4709 1.1349 0.7174 1.2953 2.2932 0.3346 1.0369 0.3801 1.1181 0.3622 1.3664 2.6818 2.5646 2.6729 2.4464 2.4124 0.9182 0.3622 1.8517 2.2757 1.2617 2.5805 1.3884 2.7953 1.1032 1.2482 1.2873 2.2874 2.4258 3.2002 1.4746 1.4340 2.9832 1.3054 0.3652 2.3603 2.1415 2.6468 0.4359 2.4604 3.2154 1.2501 0.8410 2.4818 2.5490 0.0000 3.2951 2.5036 0.8918 0.9951 1.0999 2.5646 1.4132 2.6130 1.0742 2.6382 1.8123 3.1704 1.4109 1.1065 2.8054 2.9955 1.3840 2.5567 2.5336 2.4124 0.3218 3.1852 3.0995 0.4668 2.4395 1.2444 3.5144 0.4743 2.2035 2.1168 0.8130 2.5805 1.6311 2.6298 2.3540 0.6426 0.8534 2.4963 2.9014 2.5036 0.8398 0.4793 2.5725 1.9854 0.6929 2.4191 2.3292 1.4844 1.0553 0.4936 2.9126 0.9937 1.0726 0.3861 3.1558 0.7882 2.9711 2.5036 0.6679 2.1772 0.8996 2.0375 2.6382 0.8572 1.3449 2.8054 2.8792 1.0710 2.6468 3.1558 3.5347 1.4293 2.6298 2.3354 1.4340 2.2700 2.5966 3.5347 2.6214 3.0995 1.6574 2.8054 2.5725 0.6918 1.3095 2.6298 0.6229 2.6641 2.5646 1.0039 2.4124 1.7220 2.6641 3.3118 2.6998 4.8661 1.0538 2.8259 2.9955 1.5120 2.4818 3.2154 1.2993 2.7559 2.5725 3.1704 2.6382 4.2677 2.8792 1.0054 1.1181 2.4191 2.3416 2.3667 2.9955 3.1558 2.3540 1.0083 2.3860 2.8683 2.6382
PLLG_Drosophila-associated_flavivirus_7_isolate_Con0316_E_2192-2451_AlphaFold 2.6214 3.5555 2.8054 2.8363 2.0787 2.7853 2.8054 2.6818 3.4553 3.0724 2.4395 3.3459 2.7754 3.8911 2.9014 2.9832 3.3993 3.0859 3.1133 2.5567 2.6130 1.6456 3.0079 2.9832 1.9044 2.9014 3.1273 2.7656 3.6651 2.9356 3.2466 4.3791 2.6818 2.8259 3.0592 2.5413 2.9711 3.0461 2.9356 3.0724 3.3993 2.9241 3.3993 2.6729 2.9356 3.6423 3.4363 2.8792 2.7463 2.7463 2.6641 2.8054 3.0592 2.8259 2.5260 2.8902 3.2309 2.4534 2.9356 3.2787 2.4464 2.8054 3.0461 2.9591 3.6200 3.0995 1.8891 2.7953 2.7274 2.8792 2.0694 2.6554 2.6214 2.4124 2.6641 3.1133 3.3993 3.2466 2.0928 1.8815 3.1852 2.7274 2.9356 2.9955 2.8156 3.3287 2.9126 3.0332 2.6214 2.9356 2.8363 2.5725 2.9014 2.6130 2.3925 2.5260 2.9473 2.7274 2.6641 2.5413 2.7754 3.3118 2.3111 1.8591 2.8683 2.6382 2.6554 4.4579 2.6554 2.5567 2.4395 2.8363 3.1133 3.0592 3.2002 3.4747 3.1558 3.4747 3.0205 2.8363 3.0859 3.0079 2.8792 2.4963 2.4604 3.2951 0.0000 2.8902 2.5413 3.2466 3.3287 2.6468 2.8792 3.4363 2.9832 2.8683 2.6907 2.8683 3.1414 3.0724 2.6818 2.7368 2.4675 2.9591 2.8902 2.7754 3.3118 3.1852 2.8054 2.9126 3.7605 2.6214 2.7953 2.7853 2.7754 2.3991 2.5725 3.2154 2.5805 2.7559 2.6298 3.7119 2.4963 2.8575 3.1558 3.2625 2.7181 2.7853 2.5966 2.4746 2.7754 2.7274 3.4944 2.9832 2.5110 3.2787 3.4747 3.3812 4.0360 2.5885 3.0592 3.3634 3.1704 2.6130 3.3287 2.6382 2.7181 2.3540 1.7031 3.1852 3.0859 2.6998 2.8902 3.6651 3.1273 2.4057 2.1516 2.9473 2.8902 3.2625 2.5805 2.4890 2.6554 2.6641 2.2035 3.0205 2.8902 2.9591 2.7656 5.0250 2.6048 2.8054 3.0332 2.9473 3.4747 2.8156 2.9832 2.5805 2.2306 3.2309 2.5336 2.4963 2.5036 2.3292 1.9854 2.2932 2.7463 2.1982 3.0332 2.8792 2.7463 2.9473 2.7656 2.7181 2.5966 2.8156 2.6554 2.8683 2.9591 2.9473 2.2252 3.5555 2.7089 2.7656 2.6468 2.6818 2.7463
PLLG_Flaviviridae_sp._isolate_TIGMIC_33_E_886-1356_ESMFold 0.1222 2.2932 2.7559 2.5885 2.4963 2.8902 2.3795 0.2478 2.3051 2.9711 3.4747 0.2044 2.8902 2.7754 2.5966 3.9761 0.1988 2.8363 3.2951 2.8156 2.7656 2.0331 3.0592 3.3118 2.4057 2.7368 0.1756 3.0079 2.2991 2.9126 2.9955 2.4818 0.2517 2.5805 2.5036 2.8469 3.1852 2.6468 3.0205 0.1331 2.5805 0.0958 2.6729 3.1558 2.6641 2.6998 2.7089 2.8683 2.4675 2.8683 2.5646 0.0070 2.9014 0.0936 2.9832 3.2309 2.3231 2.6214 2.4327 3.3634 2.1266 2.7559 3.0461 2.7274 2.3603 2.9241 2.5646 2.5966 3.3993 2.6641 2.8575 3.0995 0.1194 2.9241 2.7953 2.6298 2.7089 2.6382 2.7853 3.5981 2.5490 2.4191 2.9014 3.0859 3.1704 2.6998 2.3925 2.7368 2.7656 2.5966 2.8259 2.5336 0.0903 3.0724 2.5260 2.4534 2.7181 2.4963 2.6729 2.3231 2.6641 0.1988 2.6818 2.9591 2.8575 2.8792 2.6998 2.1929 2.5646 2.7368 2.5413 3.2625 2.9241 2.7656 2.6907 2.7853 2.4395 0.1780 2.7953 0.1036 2.8902 3.2787 2.6998 3.2309 0.0980 2.5036 2.8902 0.0000 3.0724 2.6907 2.5885 0.0914 3.1273 2.8156 3.8911 0.1877 2.6907 2.6214 2.9711 2.3991 0.2517 2.4191 3.2951 0.1732 2.7853 3.2309 2.5725 3.8373 2.0556 2.7368 3.0461 3.4944 2.6468 2.6554 2.3667 2.1929 3.4177 0.1780 2.7656 0.0947 2.5567 2.5490 3.7856 0.0980 2.4818 2.4746 3.0205 2.7463 0.0914 2.9356 2.5567 2.4191 2.2586 3.1704 2.8902 2.6554 3.2787 2.5725 2.9955 2.6468 2.6818 2.7463 3.2002 2.8575 2.4675 3.1558 2.7656 2.8902 2.7853 2.9241 3.3812 2.9711 2.4124 2.8469 0.1678 2.9014 2.2306 3.2625 2.7853 3.4363 3.0995 2.6298 0.0958 2.6729 2.7181 2.7181 3.1558 3.0724 0.1002 2.9356 2.5885 0.1756 2.8363 2.6907 2.8363 3.1558 2.7953 2.8683 2.8363 3.0079 2.3860 4.6278 2.6554 2.7089 2.4963 2.8054 2.4818 3.2002 3.2154 2.5260 3.1852 3.2154 0.0936 2.8156 1.7284 2.4395 2.4963 2.4258 2.4057 2.6048 2.5567 2.1465 2.9473 2.6641 2.6998 0.2556 0.0947
FJMB_Barkedji_virus_zmq17L31_E_293-795_AlphaFold 2.6214 2.6554 2.6554 1.0384 3.4363 2.4675 2.5413 2.6214 2.4890 1.3599 2.5490 2.6641 0.9290 2.6382 3.1704 2.0928 2.6907 0.9427 2.2143 1.0010 0.9089 2.2197 0.9182 2.3171 2.5805 2.7181 2.8469 0.8905 0.8584 0.9089 1.4132 2.4604 2.6214 0.8814 0.8398 1.2893 0.7905 2.1316 1.0083 2.5646 0.8559 2.5805 0.8788 2.8575 1.0010 2.3051 2.4675 0.9749 2.7463 1.1016 2.7089 3.1852 2.4191 2.5490 2.3051 1.5642 1.9939 1.0631 2.5646 1.2833 2.8054 2.6214 0.6229 0.9692 2.6998 0.9263 2.6641 2.7953 1.2833 1.2089 3.5347 2.3416 2.7853 1.3198 2.5725 2.5885 0.9427 2.6818 2.8792 2.6048 0.9075 1.0491 0.9142 1.2107 2.3540 0.8711 1.0461 0.8035 1.0491 0.8435 1.3996 2.9014 2.7089 3.0079 2.3292 2.0602 0.1013 0.8597 1.7880 2.1266 1.3281 2.7953 1.1197 2.7559 0.4264 1.3365 1.1131 2.6298 2.5260 2.5646 1.4625 1.1606 2.6907 1.3157 0.8154 1.9521 2.3991 2.8363 0.8447 2.6382 2.6554 1.3198 0.8853 2.1566 2.5110 0.8918 2.5413 3.0724 0.0000 0.9879 1.0902 2.6214 1.3492 2.3416 1.0710 2.6907 1.7189 2.4963 1.3556 1.0631 2.6214 3.2466 1.5696 2.6818 2.4124 2.4746 0.9102 2.8259 2.5110 0.8324 2.4675 1.1997 2.1668 0.8750 2.0648 1.9044 0.9664 3.1704 1.4993 2.4963 2.1566 0.9980 0.9129 2.5885 2.7656 2.2473 0.7754 0.9304 2.5885 2.1023 0.9182 2.2473 3.0592 1.3578 1.0187 0.8788 2.7089 0.8673 1.0308 0.9062 2.5110 1.0293 2.5260 2.2529 0.9102 2.2991 0.9223 1.8229 2.7181 0.9441 1.2181 2.7089 2.2643 1.1247 2.6048 2.7853 3.4553 1.4770 2.3171 2.5966 1.4155 2.1876 2.6130 3.0995 3.1852 2.9955 1.4270 2.4534 2.5110 1.0098 1.2993 2.7181 0.8361 3.2309 2.5725 0.9358 2.4057 1.4722 2.9711 2.9473 2.7463 3.8911 1.0010 2.8259 2.9241 1.6111 2.1876 3.0859 1.4247 2.6554 2.2991 2.8054 2.4963 3.1558 4.7194 1.0790 1.1747 2.5336 2.2417 2.1929 2.8792 3.1414 2.5646 1.1399 2.9014 2.6382 2.5110
FJMB_Entebbe_bat_virus_E_288-776_AlphaFold 2.6641 2.3795 3.6651 0.2038 2.5646 2.7853 3.0859 2.9126 2.1772 1.2598 2.4464 2.5110 1.1624 2.7953 3.5766 2.7754 2.4124 1.2125 2.7463 1.1349 1.0263 2.1566 1.0491 4.3410 2.8259 2.5725 2.5260 1.0790 1.0039 1.0951 1.3535 3.1273 2.8683 1.1048 1.0054 1.2636 1.1365 2.9955 1.1164 2.6907 0.9807 2.6048 0.9455 2.7953 1.1247 2.1876 2.6382 1.1782 2.0881 1.4363 2.7274 2.6382 2.6382 2.7368 2.1266 1.7511 2.3292 0.7800 2.2417 1.3136 2.5646 2.8902 1.0631 0.9893 2.2197 1.0790 3.1273 2.7953 1.2501 1.2913 2.6998 2.8469 2.4534 1.2893 2.4890 2.7656 1.2107 3.3287 2.4327 2.8156 1.1399 0.8957 1.0098 1.1231 2.5885 1.0128 0.8214 0.9821 0.7218 1.0353 1.2598 2.5885 2.7274 2.9356 2.6907 2.3292 1.0083 0.9835 1.7000 2.3111 1.1818 2.4464 1.2715 3.0079 1.1889 1.2125 1.2162 2.5885 2.3231 2.7656 1.2255 1.2107 2.7754 1.2598 1.0098 2.4191 2.4464 2.7089 0.9735 2.6382 3.0205 1.1871 1.0476 2.7656 2.7656 0.9951 3.2466 2.6907 0.9879 0.0000 0.8472 2.8363 1.3054 2.2815 1.0069 2.7559 1.8480 2.6818 1.2598 0.8251 2.8683 4.0057 1.3239 2.6907 2.4124 2.3478 1.0113 2.8683 2.3991 1.0491 2.5567 1.2162 2.7463 1.0902 2.2197 1.9645 1.2813 2.4675 1.6340 2.5260 2.2089 1.2199 1.1281 2.7559 2.3991 1.9645 1.0278 1.1659 2.6641 1.9645 1.0278 2.2932 2.6998 1.3471 0.7272 1.1451 3.3812 1.3095 0.3593 0.9937 2.1120 1.2675 2.7274 2.4464 1.0430 2.2252 1.2501 1.9854 3.0079 1.0430 1.1332 2.5725 2.5885 1.2578 2.4818 2.3051 5.8119 1.4109 2.6641 2.9473 1.3428 2.6382 2.6130 3.0461 3.5981 2.5567 1.3795 2.7463 2.5490 1.1782 1.2873 2.7181 1.0128 3.0859 2.8792 1.1606 2.4604 1.4943 2.5725 2.3478 3.1852 2.9356 0.8547 2.7754 2.6907 1.4018 2.7656 2.6130 1.3929 2.8792 2.4818 3.3287 2.7181 3.0332 2.9356 0.7549 0.7940 2.0331 2.2252 2.3795 3.0461 2.7089 2.5185 0.8130 3.1704 2.8469 2.4327
FJMB_Jugra_virus_strain_P-9-314_E_272-762_AlphaFold 2.4327 2.1516 3.2625 0.8547 2.7853 2.5567 2.6818 2.6298 2.5260 1.3535 2.4327 2.4464 1.2387 2.6048 2.9241 2.4675 2.3051 1.0806 2.4258 1.0838 1.1131 2.4675 1.0247 2.3667 3.0995 3.0205 2.2473 1.1943 0.9821 1.0726 1.1764 2.6468 2.8054 1.2656 1.0951 1.4132 1.0742 2.7953 1.1197 2.3111 1.0113 2.4258 1.0278 2.9473 1.0647 2.2473 2.5260 1.3260 2.3416 1.3281 2.6048 2.4963 2.6554 2.3540 2.2815 1.7094 2.1465 0.5407 2.2143 1.1382 3.1704 2.5110 1.0679 0.9908 2.2757 1.2406 2.6298 2.4124 1.1468 1.2034 2.6554 2.7853 2.2529 1.1800 2.4746 2.9711 1.2873 2.4464 2.6048 2.7463 1.1729 0.2252 1.0158 1.2406 2.2932 1.0384 0.2113 1.0369 0.5300 0.9023 1.2578 2.9711 2.3925 2.7853 2.2417 2.4818 1.0491 1.1197 2.0067 2.0787 1.3136 2.4327 1.1889 3.1852 1.2070 1.1451 1.1197 2.0648 2.2991 3.0995 1.1853 1.2754 2.9014 1.2218 0.9236 2.2529 2.4534 2.2932 1.0187 2.4890 4.8160 1.1502 1.1417 2.4057 2.3540 1.0999 3.3287 2.5885 1.0902 0.8472 0.0000 2.4057 1.1365 2.3925 0.9879 2.3051 1.9122 3.9761 1.2349 0.6477 2.8054 3.8373 1.4178 2.3231 2.4327 2.8469 1.0232 2.6818 2.9832 1.1382 2.4327 1.1032 2.5646 1.1997 2.3540 1.8264 1.1979 2.2874 1.5509 2.3795 2.1617 1.2695 1.2833 2.4327 2.3991 1.9521 1.1264 1.1997 2.5036 2.0111 1.0999 2.6468 2.4327 1.3260 0.5282 1.1399 2.5185 1.1711 0.8398 0.9678 2.5413 1.1147 3.0592 2.3731 1.1247 2.1316 1.2016 1.8591 2.6818 0.9850 1.1571 2.5336 2.5110 1.2754 2.3171 2.3991 3.7605 1.2255 2.9711 2.6907 1.2793 2.4464 2.5110 2.5336 2.6998 2.3603 1.5247 2.5036 2.4258 1.3054 1.2274 2.3051 1.1164 3.0332 2.6907 1.4018 2.2991 1.6224 2.7754 2.6298 3.1414 3.2787 0.1506 3.0859 2.2035 1.4722 2.4534 2.7089 1.2675 2.6298 2.5413 3.1558 2.4464 2.7656 3.1704 0.6960 0.4684 2.3795 2.2586 2.2700 2.4675 2.4746 2.5885 0.2303 2.6382 2.6382 2.4534
PLLG_Flaviviridae_sp._isolate_TIGMIC_36_E_884-1354_ESMFold 0.0295 2.4124 2.9591 2.3731 2.3231 2.6468 2.6048 0.2361 2.0881 3.1133 2.6907 0.1823 2.7656 2.8156 3.0592 3.2309 0.1865 2.6641 2.7463 2.5885 2.7953 2.5805 3.1558 2.6998 2.0648 2.4327 0.1559 2.6641 2.5036 2.7559 3.1704 2.9591 0.2316 2.4963 2.5567 2.8054 2.6382 2.7181 2.8259 0.1194 2.5646 0.0243 2.5260 2.8363 2.6214 2.6641 2.7559 2.4395 2.6907 2.6641 2.6130 0.0958 2.9241 0.0131 2.5885 3.3118 2.2991 2.6130 2.5567 2.9356 2.0286 2.7559 2.8156 2.8156 2.4963 2.7181 2.8792 2.9356 3.2787 2.5567 2.4191 2.7754 0.1228 3.1273 2.7463 2.6729 2.8363 3.2466 3.0079 2.6907 2.8469 2.3925 2.6907 3.1133 3.2787 2.7559 2.4124 2.7181 2.7953 2.6130 2.3603 2.3171 0.0295 2.6382 2.3731 2.5885 2.7089 2.6130 2.5490 2.2991 2.4818 0.1933 2.4057 2.7274 2.6382 3.3459 2.7853 2.4963 2.4395 2.7181 2.7559 3.0205 2.4395 2.6641 2.6130 2.8792 2.5725 0.1660 2.7754 0.0223 3.1558 3.3993 2.7368 2.6998 0.0202 2.5646 2.6468 0.0914 2.6214 2.8363 2.4057 0.0000 3.3287 2.5805 3.1852 0.1672 2.3860 2.7181 3.4363 2.6729 0.2316 2.4191 2.6554 0.1400 2.7559 2.6818 2.7656 2.8683 2.0648 2.5490 2.6641 2.9126 2.4963 2.6298 2.7656 2.3540 3.4363 0.1612 2.8469 0.0254 2.9241 2.5260 2.8575 0.0172 2.3925 2.3991 2.8792 2.8363 0.0111 2.7953 2.6729 2.4534 2.2991 3.1133 2.6998 2.7089 2.5725 2.7754 2.8156 2.5036 2.4890 2.8156 3.4363 2.8363 2.4258 2.5336 2.7853 2.4057 3.1414 2.7754 3.4177 2.5567 2.3111 2.5490 0.1914 2.7754 2.0375 3.4177 2.6130 3.1133 2.7463 2.5567 0.0151 3.0724 2.9356 2.4258 3.1273 2.9126 0.0243 2.6907 3.3459 0.1424 2.6998 2.6048 2.8363 2.8792 2.7463 2.7656 2.8575 2.6048 2.7559 2.8575 2.5110 2.5413 2.5725 2.4604 2.5185 2.6554 2.9356 2.6048 3.5555 3.0205 0.0172 2.9473 1.7479 2.3795 2.5646 2.2874 2.7853 2.6048 2.7559 2.1876 2.7274 2.7953 2.4395 0.2342 0.0274
FJTB_Spanish_sheep_encephalitis_virus_E_280-675_AlphaFold 3.3287 2.9356 2.9356 1.1889 2.9711 3.0859 3.2309 3.8373 2.8683 0.9317 2.4534 3.1558 1.5403 3.6883 4.1638 2.5885 3.4944 1.5696 3.0724 1.5222 1.2793 2.7368 1.2107 2.2932 2.4327 2.9832 3.0995 1.3884 1.3973 1.3729 0.3289 3.3287 3.7605 1.3260 1.3407 1.0616 1.2406 3.1558 1.4943 3.2466 1.3708 3.5347 1.2833 2.6130 1.3075 2.1566 2.7953 1.3708 4.2322 1.5222 3.3812 3.2625 2.7953 3.7119 2.9711 1.6969 2.3292 1.3513 3.1852 0.0315 2.7274 2.8575 1.2482 1.2636 3.6200 1.3556 2.8363 2.8792 0.2290 1.0983 2.9356 2.7754 3.2002 0.0472 3.4553 2.6214 1.5562 2.3925 2.8054 3.0205 1.3951 1.1114 1.3323 0.8385 2.9711 1.3578 1.1081 1.3014 1.3302 1.2125 1.0507 2.9711 3.3118 2.6641 2.7089 2.2643 1.2540 1.2425 2.3416 2.4395 1.0886 3.2466 0.7426 2.9014 1.2482 0.0525 0.7893 3.0859 3.3118 3.3812 1.1641 0.6387 2.8363 0.3892 1.2953 2.3860 2.6729 3.0205 1.3014 3.1273 2.8575 0.3289 1.3177 3.2787 3.0859 1.4132 2.8792 3.1273 1.3492 1.3054 1.1365 3.3287 0.0000 2.6998 1.2463 2.8683 2.1668 2.8575 0.4099 1.2734 3.7605 3.0592 1.8554 3.6200 3.3287 3.2625 1.4625 2.5966 2.8683 1.3535 2.6048 0.3741 2.3051 1.2754 2.7274 2.1982 1.5299 2.9832 1.8554 3.3459 3.0995 1.4178 1.4340 2.9711 3.1133 2.2473 1.4224 1.3773 3.1133 1.8853 1.2406 3.1273 2.7559 1.1081 1.3365 1.2973 3.1414 1.3795 1.2913 1.4387 3.2951 1.3034 3.1558 2.9955 1.1502 2.5966 1.2734 2.1516 2.8575 1.2501 0.1325 2.9832 3.1414 1.4458 3.9188 2.9711 8.7669 0.3346 2.4746 3.3459 1.2125 2.7181 3.3287 4.2677 3.7605 3.0205 1.4577 2.8792 3.1852 1.4993 1.0902 3.1133 1.4224 2.9014 2.6641 1.7094 2.6554 1.6724 3.3118 3.2309 2.8902 4.1638 1.1907 3.4177 3.0205 1.5589 3.1704 3.1558 1.0983 3.0859 2.6214 2.7559 3.2154 3.0724 2.8902 1.2913 1.2089 3.0332 2.3051 2.8259 2.4057 2.6130 2.8683 1.1943 2.9832 3.5555 3.0724
FJFL_Southern_pygmy_squid_flavivirus_isolate_201405_E_217-610_AlphaFold 2.6298 2.4191 2.8792 2.3051 3.1133 2.3795 3.1558 3.0592 2.0834 2.4890 2.6998 3.3118 2.9473 3.3993 3.2787 2.9241 2.5336 2.5885 2.6130 2.5336 2.2362 2.9832 2.4890 2.3667 2.4746 2.6818 2.9126 2.4258 2.3354 2.3231 2.3667 2.8469 3.0724 2.6214 2.6998 2.3111 2.6382 2.7853 2.8363 2.8902 2.3925 2.5490 2.4395 3.0205 2.7559 2.4258 2.2473 2.7953 3.1704 2.7089 2.6554 2.9591 2.9126 2.4818 2.9014 3.7605 2.3667 2.4818 2.5966 2.5185 3.4747 4.0360 2.6554 2.6998 2.9473 2.7181 2.7368 2.7656 2.3731 2.2473 3.7119 2.2874 3.1133 2.4818 3.4747 3.2002 2.5885 2.5490 3.3634 3.1414 2.8469 2.4327 2.4057 2.0510 2.5885 2.4124 2.3231 2.6048 2.4675 2.4191 2.4464 3.0859 2.5260 3.2002 2.7559 2.3540 2.4124 2.4604 3.1133 2.0648 2.5646 2.9591 2.2643 3.1704 2.5413 2.7368 2.5336 2.6130 2.3795 2.5966 2.1772 2.3731 3.0332 2.6214 2.2362 2.3731 2.6468 3.3287 2.4464 2.6048 2.6729 2.4963 2.5567 2.7559 2.7853 2.6130 3.4363 2.8156 2.3416 2.2815 2.3925 2.5805 2.6998 0.0000 2.5725 2.8469 2.6729 2.9126 2.4675 2.5413 3.0724 2.7656 2.4464 3.0995 2.2700 2.8469 2.4464 2.9241 2.9591 2.2197 2.8259 2.5966 2.8575 2.5036 2.1266 2.2197 2.7368 2.8902 2.3991 2.4124 3.1558 3.2309 2.4124 2.5885 3.2787 3.0724 2.1316 2.6818 2.4395 2.1929 2.4604 2.8469 2.7368 2.6048 2.4124 2.5885 2.6130 2.5885 2.1365 2.3478 2.7559 2.7559 2.6554 2.3416 2.3051 2.2417 2.4890 2.3860 3.6651 2.5036 2.0740 2.9832 2.5260 2.5567 3.0859 2.1415 3.0592 2.7656 2.7754 2.7274 2.2815 2.8259 2.5185 6.2309 2.9955 2.9241 2.0928 2.2586 2.6382 3.0205 2.5567 2.9241 2.3991 3.1273 2.6641 3.2002 2.1516 2.5260 3.0592 2.6641 2.9955 3.5766 2.0375 2.8363 2.8054 2.4675 2.3991 3.0332 3.3287 3.2625 3.1133 3.0995 2.4395 2.5646 3.6423 2.8054 2.5805 2.2586 2.1566 2.7853 2.9473 2.6130 2.6048 2.4057 2.8902 3.0724 2.4327
FJMB_Paraiso_Escondido_virus_isolate_Ecuador2012_E_309-796_AlphaFold 2.7656 1.9769 2.7274 1.0293 2.3860 3.0995 2.8683 3.5981 2.2586 1.4993 2.7953 2.9473 1.0476 2.9591 3.1133 3.4177 3.3459 1.1048 2.6998 1.4317 1.0476 2.4818 1.0726 2.5805 2.8469 3.6883 3.0461 1.0054 0.9735 1.0694 1.3260 2.6554 3.3812 0.9821 1.0476 1.3884 1.0098 2.7953 0.9524 2.9832 0.9864 3.2309 1.0522 2.5725 1.1065 2.2932 2.6641 1.1382 2.4963 1.4844 2.6468 3.7360 2.4818 3.2951 2.5260 1.6026 2.3478 0.9966 2.1217 1.1943 3.9188 2.6907 1.1818 1.0247 2.5567 1.1729 2.8156 2.8363 1.1943 1.4387 2.4604 2.2362 2.9832 1.2144 2.9356 2.8902 1.2052 2.9955 2.9473 3.1133 0.9908 1.0024 0.9835 1.2873 2.8469 1.0054 0.9650 1.0338 1.0710 0.9566 1.4201 2.7274 2.6641 2.9591 2.4746 2.3416 1.0631 0.9721 2.0787 2.5110 1.5299 3.3812 1.3095 2.7559 1.2162 1.1889 1.2734 1.8815 3.0592 2.8683 1.4387 1.3407 2.9832 1.1747 0.9331 2.2143 2.3925 3.3812 0.9538 2.9591 2.3540 1.1979 1.1181 2.6641 2.8683 1.0742 2.9832 3.8911 1.0710 1.0069 0.9879 3.1852 1.2463 2.5725 0.0000 3.1414 1.9939 2.4534 1.3492 1.1147 3.3812 3.9472 1.6456 3.0592 2.3111 3.0995 0.9778 3.1558 2.9473 1.0323 2.4818 1.2559 2.7754 0.9580 2.3731 2.0198 1.0263 3.4177 1.4770 2.9711 2.2757 1.1181 1.1231 2.7089 2.6130 2.9473 1.0039 0.9023 3.5347 2.2815 1.0999 2.6998 2.3795 1.4844 1.0476 1.0010 2.6298 1.0774 1.0128 1.0293 2.4395 1.2107 2.7853 2.9711 1.1264 2.5567 1.2578 2.0420 3.2787 1.0774 1.1729 2.4963 3.0079 1.4155 3.0592 2.7559 2.4963 1.3492 2.4746 3.0995 1.4529 3.0079 3.2154 3.3459 2.4963 2.6468 1.6427 2.7181 2.8792 1.1554 1.4387 3.1133 1.1098 3.3993 3.0079 1.2520 2.9014 1.5456 3.1852 2.3171 3.1133 4.3410 0.9636 2.9241 2.9356 1.6754 2.6468 3.4177 1.3996 3.3287 2.3991 3.0332 2.9356 3.6883 3.3812 0.9664 1.1624 2.2035 2.3667 2.3603 3.2787 2.6048 2.4746 0.9622 2.7368 3.3287 3.0724
PLLG_Rhipicephalus_sanguineus_associated_flavi-like_virus_E_856-1326_ESMFold 0.1964 2.4464 3.2951 2.3667 2.1415 2.9126 2.3667 0.2176 2.0881 3.2625 2.6048 0.0717 2.6554 2.6729 2.9711 3.3459 0.0482 2.9832 2.7754 2.6907 3.1414 2.7368 2.6382 3.0079 2.4818 2.8469 0.0461 2.6468 2.4963 2.9955 3.3459 2.3292 0.2182 2.5413 2.6818 3.4177 2.5260 2.7181 2.6382 0.1877 2.6998 0.1684 2.5110 2.8792 2.9955 3.0995 3.2466 2.8259 2.5490 2.6998 2.6214 0.1853 2.7754 0.1624 2.6998 2.9014 2.2089 2.5885 2.5036 3.0332 2.0510 2.6554 3.1704 2.8683 2.4395 2.9241 2.6130 2.8054 3.5766 2.7463 2.6214 2.5336 0.1816 2.6554 2.7368 2.5036 2.3795 2.7656 3.8373 2.6729 2.8054 2.6048 2.7368 2.7463 2.8054 2.6382 2.5185 2.4057 2.6468 2.4395 2.5725 2.4675 0.1732 3.0461 2.7656 2.9014 2.8259 2.6641 2.4890 2.4258 3.0079 0.0461 2.6818 2.8902 2.9356 2.7559 2.5885 2.5966 2.3731 2.7463 2.6554 3.0592 2.7274 2.7274 2.4963 2.9711 2.8259 0.0172 2.9014 0.1684 3.3634 3.1273 2.8259 2.6214 0.1624 2.6382 2.8683 0.1877 2.6907 2.7559 2.3051 0.1672 2.8683 2.8469 3.1414 0.0000 2.5185 3.0724 2.9832 2.7463 0.2182 2.7274 2.6818 0.0461 2.6048 3.1704 2.6130 3.2309 2.0976 2.6214 2.4604 3.5555 2.9241 2.6048 2.5646 2.2700 3.0592 0.0378 2.8363 0.1672 2.6729 2.6907 3.0079 0.1600 2.5725 2.3051 2.8156 2.7274 0.1672 3.0205 2.6907 2.4604 2.3354 3.0724 2.7368 2.7656 3.2951 3.1852 2.7463 2.4258 2.8469 2.7089 3.6423 3.0724 2.3292 2.7089 2.7089 2.7274 3.3812 3.0592 3.0205 2.8054 2.5966 2.5110 0.1588 3.2309 2.4395 3.2466 2.4395 3.2625 2.9955 2.7953 0.1660 3.9761 3.2002 2.6554 2.8469 2.6554 0.1708 3.1133 3.1852 0.0461 2.9473 2.9014 2.6048 2.6130 2.2874 3.0332 3.0724 2.6048 2.5966 3.4553 2.4746 2.7754 3.2625 2.4191 2.7559 2.7656 2.8363 2.6818 3.0205 3.2002 0.1660 3.0079 1.6196 2.6298 2.6554 2.3231 2.9473 2.7853 2.7853 2.2362 2.4534 2.9711 2.5567 0.2157 0.1672
FJFL_Waxsystermes_virus_E_318-774_AlphaFold 2.5966 2.3478 3.5766 2.0198 3.1273 3.0205 2.7368 2.6729 2.1876 1.9201 2.8683 2.5185 1.9896 2.7853 3.6200 2.3540 2.2874 1.8018 3.0859 1.7349 1.7846 3.2466 1.8891 2.3731 2.2529 3.5981 2.5805 1.8929 1.7744 1.7611 2.3991 2.6729 2.7463 1.6486 1.8193 1.9400 1.8628 3.1704 1.6026 2.7953 1.7446 2.5036 1.7220 2.8363 1.9044 1.8628 2.3991 1.9006 2.7181 1.9728 2.7089 2.6818 2.6729 2.4258 2.7089 1.9562 2.3292 1.8158 2.3416 2.2473 3.1133 2.6998 1.7094 1.7880 2.6130 1.7094 2.7463 3.1133 2.0067 1.8702 4.8160 2.3667 2.6641 2.2815 2.8469 2.4818 1.8480 2.6907 2.6468 3.1558 1.6969 1.9645 1.7094 2.0024 2.7656 1.7252 1.8929 1.7189 1.9240 1.7611 1.6815 2.7656 2.2643 2.6554 2.6818 2.6554 1.8018 1.8264 0.9441 2.3051 1.8929 2.4124 2.1168 2.9014 1.9122 2.1217 2.1516 2.1617 2.3540 2.9126 1.7744 1.9645 2.6214 2.1772 1.6456 2.4818 2.7463 2.4890 1.8591 2.4890 4.0360 2.0648 1.7949 2.6468 2.4963 1.8123 2.6907 2.6907 1.7189 1.8480 1.9122 2.3860 2.1668 2.6729 1.9939 2.5185 0.0000 1.8591 2.1316 1.5832 2.7463 5.3848 1.8264 2.7656 2.3603 2.9014 1.7812 2.8469 3.6200 1.6139 2.8054 1.9728 2.8363 1.6196 2.6214 1.9769 1.9896 2.4675 1.7349 2.5185 1.7949 1.8967 1.9360 2.4534 2.5336 2.4534 1.8967 1.8591 2.4057 2.0928 1.7577 3.0079 2.5490 2.0648 1.8702 1.6456 2.7656 1.9240 1.8444 1.7983 2.5567 2.2306 2.7274 3.0079 1.6785 2.2643 1.7511 2.0154 2.9591 1.7413 2.0111 2.5567 3.0592 2.0375 2.7559 2.4675 2.6298 2.3540 2.6468 3.4747 1.9645 3.0461 2.3354 3.1852 2.6382 2.5413 1.9481 2.9591 2.3925 1.7914 2.2252 2.6214 1.7062 2.7368 2.5260 1.9083 3.0332 1.9854 2.8575 2.7463 2.6818 3.3118 1.8815 2.6729 2.8902 1.9562 3.1704 2.7559 2.0024 3.2787 3.2951 2.4464 2.4746 3.6883 2.8156 1.8891 1.8517 2.3731 2.7853 2.5110 2.7463 2.8259 2.7953 1.8088 2.6130 2.7463 2.5336
FJAF_Gammarus_pulex_flavivirus_isolate_GPCM_orf_1_E_82-263_ESMFold 3.0079 5.7354 2.7754 2.3991 2.4124 2.7754 2.7953 2.5336 2.7463 2.4395 3.2466 2.9241 2.6818 3.1558 4.7671 3.0079 2.8902 2.4191 2.8902 2.1824 2.7754 2.6048 2.6214 1.7220 2.3795 3.0079 2.8259 3.2625 3.0724 3.0461 4.7194 3.3812 3.0332 2.6998 3.6200 2.5490 2.3731 4.0985 3.0205 3.0724 2.6641 2.6641 2.8469 2.8902 3.2951 4.7194 2.6298 2.8156 2.8902 2.7368 2.6641 3.0205 2.6998 2.7368 2.1929 2.4675 3.8112 3.1558 3.3287 2.8575 2.6641 2.9473 2.6048 3.6200 4.4988 3.5555 2.7853 3.6651 3.1133 2.9241 2.7953 1.3817 2.9591 2.6298 2.6048 2.4963 2.3925 2.5490 2.6998 3.0859 2.9126 3.5766 2.8575 2.4746 2.5036 2.5185 2.6907 3.3118 4.0669 2.5413 2.7559 2.6818 2.8363 3.2466 2.8575 2.3416 2.5413 3.2625 3.4747 3.2309 2.9126 2.6468 3.9472 2.1465 2.5110 3.1414 2.6907 3.6423 2.6298 4.3791 2.7463 2.5567 3.5555 1.9896 3.0205 2.6907 2.9241 3.2309 3.4177 2.9241 4.6730 2.5966 2.9356 3.0205 3.8373 3.1704 2.8683 2.6214 2.4963 2.6818 3.9761 2.7181 2.8575 2.9126 2.4534 3.0724 1.8591 0.0000 2.7754 2.9711 3.0332 2.9955 2.8156 2.9473 3.2002 3.7856 3.0461 2.7656 2.7754 2.8792 3.2154 5.2581 3.4747 2.6998 3.6200 2.9356 2.8363 2.7181 2.2306 2.3991 2.4818 2.9955 3.3993 3.3812 2.6818 4.0057 2.4675 2.9356 2.6298 2.7559 3.0724 2.8575 3.5144 2.3354 3.8112 2.7853 3.2466 2.2473 2.1668 2.8683 2.9591 3.1852 3.3993 2.3795 2.7559 2.4963 3.2951 3.8911 3.2309 2.6298 2.4604 2.9126 4.2322 3.7360 2.6818 3.0592 2.7368 3.2625 3.6200 3.4553 3.6883 3.4747 2.7368 2.3925 2.9473 3.4363 1.9400 2.1772 2.9832 3.8373 3.1133 2.6298 3.0859 2.2529 3.6200 2.9241 3.2309 1.9083 2.6554 3.0995 3.4177 3.1133 3.2002 2.1929 3.4177 2.9832 2.8363 3.1133 2.9126 3.0079 2.6298 2.9591 2.5413 2.4258 2.5885 2.3231 3.8639 3.3118 3.0461 3.3459 2.3991 2.5805 2.6641 3.1133 2.4675 3.0332 2.6729
FJTB_Royal_Farm_virus_from_Afghanistan_E_281-676_AlphaFold 3.0461 2.1168 3.1558 1.2520 3.1133 2.8469 4.8160 3.4553 3.2466 1.1641 2.7656 3.3287 1.3281 3.8639 4.3791 2.3171 3.1704 1.5273 2.5725 1.4109 1.3281 2.5885 1.2540 2.8259 3.0995 3.3287 3.0205 1.4481 1.2617 1.3386 0.3267 4.3039 3.5766 1.3449 1.2973 1.1298 1.2754 2.6468 1.5915 3.4553 1.3556 3.3812 1.4601 3.2951 1.3773 2.2417 2.4534 1.6398 2.3925 2.0834 2.6214 3.2154 2.7368 3.3634 3.1558 1.7644 2.4395 1.4224 2.4818 0.4335 2.6818 3.1273 1.2406 1.3535 3.0859 1.4993 2.8259 2.8792 0.3317 1.0758 2.7274 3.1852 3.4177 0.4399 2.9014 2.6818 1.6026 2.8156 3.2951 2.8259 1.3621 1.2540 1.3513 0.7013 2.9241 1.1399 1.1747 1.4577 1.2482 1.2406 1.0113 3.4363 2.9832 2.9711 2.6729 2.6641 1.3034 1.2425 2.7368 2.3991 1.1659 3.1414 0.7482 4.3039 1.3116 0.4209 0.8011 2.2035 2.7463 3.4363 1.0934 0.6824 2.8575 0.3741 1.3492 2.2197 3.7605 3.0724 1.2520 3.6200 3.5981 0.3622 1.2444 2.6907 3.7119 1.4109 3.1414 2.9711 1.3556 1.2598 1.2349 3.4363 0.4099 2.4675 1.3492 2.9832 2.1316 2.7754 0.0000 1.2274 3.5766 2.8469 1.5723 3.1852 2.8683 3.3812 1.3428 2.3354 3.5981 1.3578 2.9014 0.4107 2.6818 1.3621 2.8054 2.1365 1.4155 3.2154 1.5642 3.3287 3.0079 1.4270 1.4410 3.5555 2.4057 1.9981 1.2578 1.3239 3.1133 1.9686 1.2873 3.1704 2.6641 1.1747 1.3075 1.3929 2.8363 1.2162 1.1835 1.3795 2.8259 1.3773 3.0461 2.5725 1.2893 2.8902 1.3428 1.9562 3.0461 1.4918 0.3375 2.8259 2.9356 1.9896 3.8911 2.9126 4.9177 0.3375 2.9832 3.8373 1.1315 2.5036 3.7360 4.7194 3.2625 2.7368 1.6604 2.7754 3.5555 1.4387 1.0143 3.2466 1.3407 3.1704 2.7559 1.3198 2.8054 1.8158 2.9832 2.8259 4.3791 4.0669 1.2482 2.7463 2.9126 1.5750 3.0724 3.6651 1.1065 2.5885 2.6382 2.9591 3.4177 5.0250 3.0859 1.3198 1.3116 3.0859 2.8363 2.9241 2.7368 3.2309 2.4534 1.2181 3.8112 3.5766 3.1852
FJMB_Bamaga_virus_isolate_CY4270_E_280-771_AlphaFold 2.6214 2.4818 3.2154 0.8673 2.9014 2.6214 2.5413 2.4746 2.3354 1.2774 2.3991 2.4327 1.2893 2.6641 3.7360 3.3634 2.6214 1.0616 2.2700 1.1315 1.0083 2.6048 1.0553 2.5336 2.5036 2.7754 2.3603 1.1298 1.0585 1.1641 1.1659 3.4177 2.4327 1.1298 1.1081 1.2793 1.1214 2.6214 1.1147 2.5885 0.9721 2.4327 0.9413 2.8792 1.1032 1.9562 2.4534 1.1332 2.5567 1.4201 2.4395 2.4464 2.4464 2.3860 2.1929 1.6398 2.3860 0.7131 2.5260 1.3116 2.8792 2.8156 1.1131 1.0187 2.0602 1.0679 3.2002 2.6214 1.1694 1.2368 2.5805 2.5336 2.2991 1.3386 2.5646 2.4963 1.4481 2.6554 2.7181 3.7605 1.1349 0.5903 1.0128 1.1281 2.4534 1.0999 0.6219 1.1332 0.6113 1.0414 1.1979 3.0724 2.3731 3.1133 2.4890 2.2757 1.0158 1.0098 1.6694 2.2700 1.2255 2.4604 1.2913 2.4746 1.2070 1.3795 1.2636 2.3991 2.2252 2.8363 1.2199 1.1641 2.6998 1.1729 1.0553 2.4395 2.4395 2.5567 1.0461 2.2586 2.7368 1.2125 1.2255 2.3795 2.3603 1.1065 3.0724 2.3991 1.0631 0.8251 0.6477 2.6729 1.2734 2.5413 1.1147 2.7463 1.5832 2.9711 1.2274 0.0000 2.4327 3.1133 1.2953 2.3925 2.4464 2.4124 1.0616 2.3540 2.6998 1.0967 2.2874 1.1729 2.9356 1.1098 2.1876 1.7611 1.1382 2.5036 1.5018 2.3292 2.1617 1.0870 1.2125 2.3603 2.5966 2.2362 1.1131 1.2368 2.5567 1.9320 1.0507 2.3111 2.9711 1.1694 0.6638 1.1349 2.5805 1.2107 0.8622 0.9864 2.4963 1.1589 2.4963 2.1668 1.0024 2.1023 1.2330 1.9280 2.7853 1.0369 1.1907 2.6298 2.3860 1.2933 2.6298 2.2874 4.1976 1.2598 2.3292 2.8469 1.3239 2.3925 2.3051 3.0461 2.6298 2.4890 1.3929 2.4258 2.3540 1.1131 1.1764 2.4604 1.0247 3.5981 2.4124 1.1871 2.2362 1.4434 3.5981 2.5966 3.0461 2.9711 0.6249 2.5725 2.9955 1.5377 2.5805 2.9711 1.2368 3.4747 2.3860 3.1133 2.2473 3.8639 2.6214 0.8435 0.5452 2.3051 2.2586 2.8259 3.2309 2.5567 2.5185 0.6547 2.7463 2.4258 2.3292
PLLG_Flaviviridae_sp._isolate_TIGMIC_39_E_865-1337_ESMFold 0.2642 2.3171 3.8112 2.8156 2.4963 2.7754 2.3731 0.0035 2.1120 3.4177 2.6907 0.2176 2.6382 2.8469 2.7274 2.9356 0.2001 2.7853 2.8683 2.9473 2.9014 3.0724 3.1273 3.2466 2.6554 2.6214 0.2246 2.8792 2.6130 3.0332 3.2951 2.4464 0.0000 2.8469 2.8792 4.1976 3.0461 3.4747 3.0461 0.2374 2.8054 0.2316 2.8259 2.7463 2.8902 3.3118 3.0995 3.0724 2.7656 2.7853 2.6298 0.2439 2.8575 0.2265 2.5567 3.0461 2.2035 2.5036 2.3731 3.2309 2.0510 2.6998 2.6907 3.1704 2.5885 3.3634 2.9241 2.5413 3.3118 2.8054 2.8575 3.3993 0.2151 3.1558 2.8469 2.8792 2.7368 4.1308 3.2625 2.5413 2.9241 2.6214 2.9473 2.9014 3.2625 2.7754 3.0205 3.0859 2.9955 2.5110 2.8259 2.4746 0.2413 2.7656 2.5805 2.4124 3.0724 2.7368 2.7559 2.3603 2.8575 0.1994 2.4675 2.4604 2.5567 3.6423 2.7089 2.9126 2.1929 2.6998 2.7463 2.5336 2.6641 3.4553 2.7853 2.7754 2.4395 0.2246 2.7559 0.2367 3.1133 3.5144 3.3634 3.0859 0.2239 2.8054 2.6818 0.2517 2.6214 2.8683 2.8054 0.2316 3.7605 3.0724 3.3812 0.2182 2.7463 3.0332 3.5766 2.4327 0.0000 3.1558 2.5966 0.1994 2.8902 3.0205 2.7368 3.0592 2.1929 2.8469 2.5805 3.0724 2.8363 3.0079 2.6729 2.3860 3.1704 0.2189 2.5966 0.2393 2.8156 2.6298 2.8259 0.2252 2.4464 2.2035 3.1704 3.4944 0.2239 2.7181 2.7754 3.3993 2.4675 3.2951 2.7181 2.7089 3.2002 2.6641 3.1414 2.6214 2.6641 2.5036 4.1638 2.8156 2.4124 2.7559 2.6468 2.4057 2.8792 2.8792 3.4747 2.7089 2.8683 2.5413 0.2458 2.9955 2.1824 3.6423 2.6998 3.1704 2.9241 3.1414 0.2265 6.7197 2.7274 2.5336 3.1852 2.9014 0.2406 2.8902 3.1704 0.2157 3.0332 2.5185 2.9356 2.5567 2.3354 2.5966 2.8363 2.5490 2.5805 2.8156 2.5036 2.8792 2.9711 2.5966 2.7656 2.8792 2.9241 3.1558 3.0859 3.2154 0.2239 3.5555 1.8336 2.5336 2.6468 2.4124 2.9832 2.4890 2.3478 2.2643 2.8469 3.0859 2.6298 0.0050 0.2432
FJJI_Jingmen_tick_virus_isolate_JMTVPteropus_lyleiCambodia_segment_2_orfVP1_E_110-384_AlphaFold 2.9832 2.7274 0.9036 3.1558 3.0461 3.8373 3.1273 3.1558 2.0510 3.1273 2.8902 2.3795 3.2309 2.5966 3.0592 2.4057 2.4818 4.2677 3.2787 2.9356 3.3812 3.0724 3.5981 2.4464 2.9832 2.8054 2.4395 3.3118 3.0859 3.6651 3.2625 2.6554 3.1558 3.0079 3.2002 2.8683 3.2309 4.7194 3.8639 3.0079 3.5981 2.6130 3.4177 3.5555 3.3287 3.0859 3.4553 3.5347 1.0217 3.2002 3.4747 2.2757 3.0724 2.7181 2.9955 3.2309 3.2951 3.1852 1.8628 3.1133 3.7605 2.5646 3.2154 3.0592 3.9472 4.1976 4.1308 2.9014 2.9591 2.7089 2.6998 3.2951 2.4890 2.8902 3.8112 0.8226 2.7463 3.2002 3.0859 2.5646 2.9126 3.1704 3.2002 2.7368 2.9473 2.9591 3.3634 3.4944 3.0079 3.0724 2.7656 4.1308 2.3991 1.3621 3.4177 3.2951 2.6130 3.8911 2.8683 2.9955 3.0205 2.7089 2.7463 3.1133 3.2154 3.1558 3.2625 1.5998 2.9356 3.0859 3.2466 3.1133 1.1659 2.8469 3.1414 5.9719 3.4944 2.7463 2.8902 2.5110 2.6998 3.7605 4.2322 3.3812 2.8792 2.9955 2.7368 2.4191 3.2466 4.0057 3.8373 2.4191 3.0592 2.7656 3.9472 2.7274 5.3848 2.9955 2.8469 3.1133 3.1558 0.0000 2.8683 2.6214 3.3118 3.6883 2.4604 0.9236 2.5966 3.4363 3.1133 3.2787 2.5036 3.1414 3.0592 2.9014 3.0079 2.9126 3.4553 2.3860 2.6298 4.0057 3.3634 2.8156 0.9707 3.9188 3.3287 3.4363 2.6048 2.9832 3.0995 2.5805 1.6224 2.6554 3.2466 3.5981 3.3459 3.7119 3.0859 2.7559 0.9749 3.4553 3.0332 3.1704 3.3812 3.9472 3.3993 3.1704 3.7119 3.2154 2.9711 1.0158 3.2002 3.3118 2.4057 3.5347 3.0859 2.9955 3.2787 3.2787 3.1704 3.2787 2.5646 3.3812 3.3634 0.9922 2.6641 3.9472 2.4258 3.4747 2.5336 2.3540 2.9832 3.1852 3.1852 3.1558 2.9955 2.8469 3.4177 0.9678 3.2625 3.1273 2.9832 3.1852 2.7559 3.2787 3.2309 3.2625 2.6641 1.2482 2.9711 3.0461 2.7953 3.1273 3.4553 2.9126 3.0461 1.3708 3.0724 3.4944 2.6048 3.2625 2.6048 2.8792 2.7368 3.1558 2.4890
FJFL_Salmon_flavivirus_strain_Davis_UGA_orf_1_E_279-768_AlphaFold 2.4258 2.4534 2.5885 1.3386 2.8259 2.5260 3.1414 2.5805 2.2700 1.7711 2.5966 2.7274 1.5222 2.7089 2.7754 3.2466 2.4675 1.6876 2.5036 1.3884 1.3862 2.8575 1.4943 2.5336 3.0079 2.3860 2.6641 1.5069 1.4317 1.4819 1.8891 3.1558 2.5966 1.4577 1.3817 1.5018 1.4577 2.5567 1.4918 2.3667 1.3773 2.5336 1.3449 3.0461 1.4601 2.0602 2.1929 1.5562 2.9591 1.7812 2.7853 2.8575 2.3925 2.7754 2.2643 1.4410 2.3540 1.3034 2.6130 1.9161 2.9955 2.7463 1.4601 1.4132 2.4258 1.4869 2.8469 2.6468 1.5589 1.8264 3.2309 2.7181 2.4890 1.5750 2.5185 2.6641 1.5696 2.6048 2.8259 2.9473 1.5482 1.3686 1.3996 1.3729 2.5805 1.4505 1.2973 1.4993 1.3449 1.4601 1.5403 2.5725 2.4327 2.7656 3.7856 2.0694 1.5094 1.4155 1.8336 2.4191 1.7413 2.6214 1.6938 3.2466 1.6515 1.6938 1.3817 2.2473 2.3478 2.9473 1.3449 1.4673 3.3459 1.6545 1.4844 2.2089 2.4327 2.8683 1.5482 2.3860 3.7119 1.4795 1.4553 2.6298 2.7463 1.3840 2.4675 3.2951 1.5696 1.3239 1.4178 2.6554 1.8554 2.4464 1.6456 2.6818 1.8264 2.8156 1.5723 1.2953 2.5966 2.8683 0.0000 2.8575 2.2362 2.4534 1.3906 2.8683 2.6907 1.4770 2.4890 1.5145 2.5567 1.4869 2.0556 1.7157 1.7381 2.7463 1.6139 2.5567 2.1982 1.5069 1.5325 2.4395 2.9356 2.5885 1.3621 1.4968 2.6729 1.9939 1.3344 2.7754 2.9711 1.4201 1.2520 1.4894 2.6641 1.5832 1.2425 1.4317 2.6130 1.7062 2.8469 2.4327 1.4317 2.3731 1.4481 1.6785 3.0205 1.3136 1.4458 3.1133 2.5036 1.8088 2.4534 2.2089 2.7853 1.8628 2.3231 3.0205 1.6167 2.6298 2.4534 2.2417 2.8902 2.8575 0.9908 2.7368 2.4746 1.5642 1.7644 2.8683 1.5044 2.7368 2.2815 1.4894 2.3603 1.5778 2.4604 2.7853 2.7181 3.3812 1.3929 2.5336 3.0592 1.5069 2.9473 3.2625 1.4722 2.7463 2.4746 2.6998 2.4604 3.9472 2.8683 1.2893 1.4625 2.3478 2.3860 2.1772 2.9356 3.0592 2.7463 1.2349 3.1133 2.5725 2.5567
PLLG_Bole_tick_virus_4_isolate_GSC346flaviV_E_877-1348_ESMFold 0.1780 2.4604 3.5347 2.5490 2.1516 2.7274 2.4191 0.1988 2.1120 3.3287 2.7559 0.0859 2.5725 2.8156 3.2154 3.1414 0.0399 2.7274 2.6554 2.7463 2.9473 2.4327 3.0461 2.5646 2.5725 2.5646 0.0264 2.8259 2.5885 3.1704 3.3812 2.2473 0.1994 2.5646 2.4395 2.7181 2.7656 3.2002 2.4890 0.1600 2.7953 0.1529 2.6130 2.8156 2.9473 2.8683 2.6818 2.9014 2.8469 2.7274 2.6468 0.1702 2.6998 0.1482 2.7754 3.4177 2.2089 2.4395 2.6818 3.0332 1.9769 2.7181 2.8575 3.0205 2.5336 2.8259 2.7559 2.9591 4.7194 2.5490 2.2874 3.2154 0.1636 3.3993 2.5805 2.8259 2.5185 3.2002 3.3287 2.4675 2.7368 2.3603 2.5110 2.7953 2.6130 2.6048 2.5885 2.5185 2.5413 2.6818 2.6907 2.3860 0.1506 2.8683 2.9955 3.1704 2.6298 2.7463 2.5336 2.9711 2.8259 0.0440 2.7274 2.6998 2.7754 2.6818 3.0332 2.8156 2.4057 2.7559 2.8156 2.6048 2.5185 2.7368 2.6048 3.1133 2.8469 0.0419 2.8792 0.1529 3.0332 3.1414 2.7089 2.5110 0.1482 2.5567 2.9591 0.1732 2.6818 2.6907 2.3231 0.1400 3.6200 3.0995 3.0592 0.0461 2.7656 2.9473 3.1852 2.3925 0.1994 2.6214 2.8575 0.0000 2.8683 3.4553 2.7853 3.2466 2.1516 2.8902 2.6382 3.1704 3.3118 2.6468 2.3540 2.2417 3.1558 0.0399 3.0724 0.1529 2.9832 2.5336 2.8792 0.1506 2.6298 2.2035 2.9356 2.6048 0.1459 2.8259 2.7853 2.6382 2.6382 3.3993 2.6554 2.6048 2.9473 2.8054 2.4890 2.4057 2.6818 2.6554 2.9356 3.1133 2.5885 2.5966 2.6554 2.5336 2.9356 2.6298 3.3993 2.6298 2.6468 2.4604 0.1576 3.1558 2.7754 3.4747 2.7181 3.4363 3.0332 3.0332 0.1506 4.0360 2.9241 2.6729 2.7089 2.9955 0.1553 2.5567 4.0057 0.0131 2.7181 2.6998 2.4890 2.7853 2.2643 2.8792 2.6554 2.6818 2.8156 2.7953 2.4963 2.5725 3.1273 2.3860 3.0079 2.7853 2.8683 2.6818 3.4944 2.9473 0.1506 2.8469 1.6634 2.4675 2.5336 2.2874 2.5646 2.4746 2.4464 2.0510 2.8575 2.8683 2.8902 0.1964 0.1529
FJIS_Mac_Peak_virus_isolate_McPV_150840_E_263-626_AlphaFold 3.8639 2.2874 3.2154 2.7656 4.3410 1.8229 2.7274 2.9356 2.9832 2.5185 1.6545 2.7368 2.3731 2.8054 4.0057 2.7463 2.5490 2.7368 1.5642 2.3603 2.4534 2.3667 3.2002 2.4464 2.4191 1.8702 2.7953 2.4057 2.2529 2.4327 2.8683 2.5725 2.8902 2.5336 2.4057 2.1566 2.3667 1.8480 2.3731 2.9955 2.3231 2.9241 2.2197 2.9473 2.2473 3.1704 0.1976 2.6554 2.6641 2.4604 2.8902 2.9126 1.7125 2.8156 1.7031 2.4604 1.4505 2.4057 2.4327 3.2002 3.5981 3.3459 2.8683 2.4818 1.4224 2.5413 2.9126 1.5723 2.9241 2.4124 2.2586 2.8902 2.9591 3.0332 3.0461 2.8363 2.6468 3.2787 3.1704 2.6998 2.6298 2.3231 2.5490 2.2874 1.6369 2.0787 2.3860 2.1982 2.2991 2.1566 2.2417 2.5260 3.0205 3.4747 1.3686 1.3621 2.2991 2.1465 2.6998 1.4943 2.4057 2.6818 2.3860 2.3731 2.3731 3.1133 2.0834 2.2362 1.2255 2.6214 2.3991 2.3925 2.5185 2.4395 2.1120 1.5482 1.5094 2.4963 2.2643 2.6729 2.6214 2.8902 2.1668 1.3556 3.1414 2.5336 2.8902 2.7853 2.4124 2.4124 2.4327 2.7559 3.3287 2.2700 2.3111 2.6048 2.3603 3.2002 2.8683 2.4464 2.8902 3.3118 2.2362 2.8683 0.0000 1.6253 2.2700 3.3634 2.5567 2.4057 1.7381 3.0592 1.4993 2.4604 1.2540 2.5567 2.3171 2.7368 2.3478 3.0995 2.6468 2.8259 2.5490 3.0995 2.3051 2.1720 2.4395 2.8054 2.7181 2.4963 2.1217 1.6253 2.1929 2.0928 2.2815 2.4746 3.0332 2.7754 2.3416 2.1120 2.4534 2.4963 3.3459 1.7094 2.0648 2.7274 2.2757 2.3416 2.7754 2.2362 2.5336 2.6298 1.8891 2.6554 2.7754 2.1023 2.2362 3.3459 2.1365 1.5069 2.2417 1.7744 2.7656 4.2322 3.0332 2.3603 3.0995 1.7479 2.7089 2.6818 3.1558 2.8683 2.4890 4.2322 2.5260 2.6214 1.4293 2.1772 2.9014 2.3925 2.7089 2.6818 2.3731 2.7754 2.7656 2.3540 1.7062 2.9832 2.3731 2.8363 1.7125 3.1133 2.8792 3.4944 2.7953 2.2197 2.5966 2.2197 1.3729 0.1841 2.7656 2.7656 2.7181 2.2757 2.7953 2.8902 3.0724
FJIS_Mosquito_flavivirus_isolate_LSFlaviV-A20-09_E_331-677_AlphaFold 2.6130 2.6298 2.8469 2.3292 3.6423 0.3869 3.0995 2.9473 2.7656 2.4534 0.6960 3.1414 2.7559 2.9832 3.5347 2.4818 3.4177 2.6907 0.2763 2.2252 2.5260 1.8891 2.5185 2.5185 2.9014 0.0435 2.7853 3.0079 2.5336 2.6468 3.2154 2.6554 3.0205 2.6998 2.2586 2.5885 2.1824 0.2776 2.7089 2.8683 2.3667 2.7754 2.8363 2.7853 2.8469 2.8363 1.9044 2.8683 2.7463 2.7953 3.0859 3.2951 1.4132 2.6818 1.9240 2.2932 1.0553 2.7181 3.1414 3.5347 2.9832 2.8259 2.5490 2.6130 1.3054 2.3111 3.2154 1.9320 3.0205 2.6554 2.7089 2.3731 3.3287 2.9014 2.8363 2.4963 2.6298 3.7360 3.5144 2.5646 2.4124 2.6729 2.6729 2.9591 1.8628 2.7559 2.3416 2.6907 2.9241 2.2417 2.7463 2.4675 2.5885 2.6468 1.4894 1.1502 2.4534 2.8363 2.4464 0.9023 2.3478 2.9832 2.4191 2.7181 2.7463 2.8792 2.9014 2.5885 1.5094 3.0859 2.6382 3.0205 3.1133 2.6554 2.7463 1.0461 1.3449 2.8683 2.6468 2.4746 2.5185 2.4395 2.5185 1.9044 2.8054 2.4124 2.7754 3.2309 2.4746 2.3478 2.8469 2.6818 3.2625 2.8469 3.0995 3.1704 2.9014 3.7856 3.3812 2.4124 3.0205 3.6883 2.4534 3.4553 1.6253 0.0000 2.4675 4.1976 3.4747 2.3171 1.3996 2.8259 2.2417 2.2252 0.9692 2.5336 2.5646 3.1852 2.3051 2.6468 2.5966 2.5646 2.8792 2.9473 2.6907 2.4818 2.5725 2.6907 2.7463 2.3051 2.2815 0.6142 2.2991 2.9241 2.7463 2.2362 2.7559 2.6641 2.5260 2.7181 2.9126 3.3459 2.9591 0.1865 2.6641 2.4604 2.4604 2.2932 3.5981 2.6214 2.6641 3.2154 0.0546 2.6729 3.2309 2.8156 2.2417 2.8156 2.0648 1.8554 2.4675 0.2576 2.6729 3.6423 2.9955 3.0592 2.9955 0.3022 2.7656 2.5185 2.5966 3.0332 2.6468 3.2625 2.2529 3.0205 0.6210 2.5185 2.5966 3.1558 3.1273 2.7754 2.6382 2.7463 2.7754 2.1516 0.3711 2.6468 2.9711 3.5766 1.1032 2.9473 2.5490 2.7368 3.5347 3.1852 3.2309 2.5260 1.0128 1.8967 2.8363 4.6730 2.6998 2.6998 2.7089 3.0461 2.5805
FJMB_Murray_Valley_encephalitis_virus_E_294-788_AlphaFold 2.6998 2.4057 2.8792 0.9036 2.9473 2.3925 2.4818 2.8054 2.2089 1.3708 2.6554 2.7368 0.8435 3.5766 3.6651 5.5190 2.4963 0.7777 2.4327 0.8459 0.5282 2.6048 0.7964 3.5347 2.3991 2.8683 2.3991 0.8023 0.2885 0.8275 1.5145 2.2815 2.7368 0.5177 0.3175 1.4458 0.7493 2.6130 0.7527 2.7656 0.5134 2.6214 0.3375 2.7953 0.8905 1.8853 2.3051 0.9893 2.6130 1.0838 2.4746 2.5036 2.4604 2.5725 2.1071 1.4553 1.9769 0.9223 2.2417 1.5170 2.8902 2.9832 0.9692 0.8348 2.2252 0.7163 2.6907 2.5260 1.3708 1.5094 3.0205 2.6214 2.7181 1.3621 3.0461 2.6641 1.0399 2.2586 2.7559 2.6554 0.5744 0.9792 0.6793 1.2933 2.4258 0.2891 0.9879 0.1768 0.9721 0.2844 1.3686 2.8363 2.6214 2.6998 2.3051 2.2197 0.9331 0.2432 1.9280 2.1266 1.5970 2.4890 1.3578 3.7360 1.1016 1.3428 1.2893 2.2417 2.3171 3.3459 1.1800 1.4293 2.6468 1.2125 0.2932 2.3231 2.2252 2.6729 0.2946 2.5805 3.1852 1.2636 0.8762 2.5567 2.6818 0.3218 3.3118 2.5725 0.9102 1.0113 1.0232 2.7656 1.4625 2.4464 0.9778 2.6130 1.7812 3.0461 1.3428 1.0616 2.7368 2.4604 1.3906 2.7853 2.2700 2.4675 0.0000 2.2815 3.2951 0.5004 2.3860 1.5069 2.4124 0.5064 2.1415 2.0024 0.7382 2.5805 1.7031 2.8054 2.1516 0.7110 0.8572 2.7274 2.6641 2.6048 0.8251 0.5300 2.6729 2.1365 0.6567 2.5567 2.4191 1.4387 0.9678 0.5560 2.6641 1.0445 0.9608 0.1732 2.5036 0.6992 3.0995 2.5110 0.6782 2.3051 0.9650 1.8517 2.5185 0.7697 1.4340 2.5725 2.5413 1.0187 2.6729 2.6818 2.4890 1.6515 2.4327 2.8902 1.3906 2.6468 2.5966 3.1852 3.5347 2.6468 1.5222 2.6998 2.6214 0.7685 1.3177 2.5646 0.7218 2.9832 2.5567 0.9482 2.2586 1.6196 2.8259 2.6907 2.8363 2.8156 0.9636 3.2466 2.9591 1.4673 2.5646 3.6423 1.4064 3.0859 2.4124 3.4177 2.6907 2.5646 2.7368 0.9441 1.0158 2.2306 2.1266 2.3603 3.0995 3.3634 2.3667 0.9995 2.9014 2.7953 2.8792
FJJI_Takachi_virus_IM-OI110_segment_2_orfVP1a_E_114-399_AlphaFold 3.2002 0.9062 0.5151 2.9591 2.9591 3.0995 4.0057 3.0592 2.7754 2.8792 3.2951 3.0079 3.0205 2.5413 3.2466 2.2815 3.0859 2.2473 2.9473 2.8575 2.6641 2.9126 2.9356 2.7181 2.4675 3.0079 3.6200 2.8156 2.8792 2.8902 2.8156 2.6130 3.0592 3.0995 3.3459 3.5144 2.7089 2.9591 2.9014 2.6641 2.5185 2.9832 2.8683 3.0332 2.5885 2.8575 2.6641 2.5413 0.7743 2.7559 2.7368 3.1133 2.5646 3.0461 2.9126 2.7463 3.0079 2.9711 0.9062 2.7274 3.3118 2.6641 3.0461 2.4818 2.8259 2.3478 2.5110 2.9591 2.3416 2.8363 2.7853 2.4746 2.6298 2.3478 2.9832 0.7035 3.0995 4.1976 2.8683 2.7754 2.8902 2.5260 2.5805 2.6214 2.8259 2.9711 2.5036 2.8683 2.8469 2.8792 2.8469 3.6200 3.3993 0.9594 2.2035 2.8054 2.8683 3.0332 3.0079 3.2951 3.1133 3.2951 2.7181 2.7274 3.0859 2.1982 2.5336 0.8853 3.1273 2.9126 2.5110 2.3478 0.9937 2.4464 2.7853 3.3287 2.9014 3.3634 2.6298 3.3634 2.4604 2.7274 2.5567 2.5490 2.9832 3.1852 3.1852 3.8373 2.8259 2.8683 2.6818 2.8683 2.5966 2.9241 3.1558 3.2309 2.8469 2.7656 2.3354 2.3540 3.0592 0.9236 2.8683 3.2466 3.3634 4.1976 2.2815 0.0000 2.8156 2.7181 3.1414 2.5490 2.9014 2.6298 2.8469 2.8792 3.0205 3.9188 2.7089 3.1133 2.8575 2.8054 2.5260 2.8683 0.7294 2.4746 3.2309 2.7181 3.2625 2.6130 3.1273 2.6468 0.9009 2.5260 3.0995 3.2002 3.1133 3.2002 2.9955 2.6818 0.7685 2.9955 2.5490 4.4180 3.1133 3.3812 2.8054 2.8054 2.1824 2.9591 2.8156 0.7527 2.7853 3.3459 3.2951 2.5567 1.8018 2.8902 2.8792 2.9014 2.8054 2.9711 2.9356 11.1006 2.6729 0.7685 2.5966 3.5347 2.9711 2.7089 2.6554 3.5555 2.3925 3.1704 2.9014 2.5646 2.9356 2.4191 3.5144 0.7685 3.2787 3.1852 2.8469 2.6907 3.0592 3.2154 3.4177 3.5144 2.9711 1.0369 2.9356 2.7559 3.1704 2.7953 3.0332 2.5966 2.5413 0.9995 3.0461 3.2466 2.6998 2.9241 3.3634 2.6214 3.0332 3.0592 3.2951
PLLG_Beihai_barnacle_viurs_1_strain_BHGZ_E_914-1399_ESMFold 2.1168 2.1720 3.3993 2.4675 3.3118 3.3118 3.5144 2.1929 2.1982 3.9188 3.2625 2.2362 2.6554 3.1852 3.0332 2.5413 2.0834 2.8156 3.0079 2.4464 2.8259 2.8792 3.4177 2.9832 2.6729 3.7605 1.9981 2.6907 3.4177 2.7089 2.9241 2.6554 2.1929 2.9711 2.8469 3.1558 2.5567 3.3118 3.1852 2.2874 2.5413 2.0286 2.8792 3.6883 3.1133 3.5144 3.3118 3.0995 2.7274 2.6554 2.8363 2.1516 2.7089 2.0198 2.7754 2.6554 2.8792 2.5413 2.1120 3.0592 2.7274 3.2154 2.8683 2.7089 3.2002 2.8363 3.0859 2.5885 3.6423 3.1414 3.0205 2.3231 2.4534 3.2002 2.7656 2.7274 3.2002 2.6298 2.4890 3.3118 2.6907 2.5336 2.4675 2.7656 2.4395 3.1704 2.6048 3.2002 2.9955 2.9241 2.7274 2.8683 1.9280 2.7463 2.8259 2.5490 2.5185 3.0332 3.0461 2.9591 3.1414 2.0694 3.2625 2.7953 2.9832 3.2951 3.0995 2.2362 2.8259 2.8156 3.0859 2.9591 2.7656 2.8363 3.1414 2.3860 2.6907 2.1668 3.5766 2.0465 2.8054 2.8792 2.5885 2.8683 2.0154 3.0995 2.8054 2.0556 2.5110 2.3991 2.9832 2.0648 2.8683 2.9591 2.9473 2.0976 3.6200 2.7754 3.5981 2.6998 2.1929 2.5966 2.6907 2.1516 2.5567 3.4747 3.2951 2.8156 0.0000 2.4890 2.5490 3.4747 2.6998 2.5413 2.9014 2.8363 3.2466 2.0976 2.6048 1.9939 2.4746 2.7463 2.6729 2.0198 2.3051 2.2529 2.5725 2.8683 1.9896 2.7559 2.6214 3.1133 2.2473 3.3118 2.4534 2.6554 2.7754 3.2309 2.2586 3.3634 2.6554 2.6554 3.3634 3.4553 2.8575 2.7089 2.9241 2.8259 2.8156 2.8469 2.7274 2.5725 3.3993 2.5110 2.1929 2.8054 2.3540 3.2309 2.9126 3.4177 2.8259 3.3287 2.0111 3.5766 3.7119 2.4258 2.7656 3.8112 1.9728 3.0079 3.1133 2.1316 2.6214 2.6298 2.8902 2.6468 2.3292 3.0205 2.6130 2.7953 3.0859 4.5837 2.7559 2.8902 2.7368 3.2002 3.6883 3.1704 3.3287 3.8911 3.0079 3.2466 2.0286 2.7181 2.3171 2.5110 2.7853 2.0286 3.2787 2.7181 2.8363 0.3175 3.2466 2.6554 2.8363 2.1982 1.9521
FJMB_T_Ho_virus_strain_T_Ho-Mex07_E_287-783_AlphaFold 2.6048 2.3111 2.7463 1.0158 3.5555 2.5490 3.0592 2.9241 2.1071 1.2793 2.4258 2.5110 0.9622 2.5646 4.4988 3.2625 2.6554 0.7731 2.3540 0.9372 0.3930 2.2362 0.8957 2.3540 2.5567 2.3991 2.9591 0.7617 0.4375 0.8484 1.5456 2.8363 2.8469 0.4456 0.4635 1.4577 0.5425 2.7089 0.7294 2.6641 0.3937 2.5805 0.5056 2.8902 0.9468 2.1720 2.3925 0.9413 3.1133 0.9850 2.6998 2.7559 2.4464 2.6729 2.1266 1.5696 2.2306 1.0414 2.4057 1.3034 2.8054 2.6468 0.9594 0.8853 2.2586 0.6367 3.3118 2.9356 1.4363 1.4064 2.6048 2.4395 2.6729 1.3365 3.0724 3.2625 0.9835 3.3118 2.8156 3.0205 0.4718 1.1114 0.6814 1.3407 2.5885 0.4327 1.0631 0.5004 1.0918 0.4209 1.4270 2.5490 2.6641 2.9832 2.4604 2.4258 0.9115 0.4520 2.0556 2.3171 1.3973 2.6818 1.2833 5.6611 0.9427 1.2349 1.2793 2.6048 2.2874 2.8469 1.5778 1.3014 3.3459 1.4155 0.4439 2.1266 2.2529 2.9356 0.4602 2.6729 3.2625 1.2793 0.9538 2.7853 2.7274 0.4668 2.9126 2.7368 0.8324 1.0491 1.1382 2.5490 1.3535 2.2197 1.0323 2.6214 1.6139 2.8792 1.3578 1.0967 2.8469 3.4363 1.4770 2.8902 2.4057 2.3171 0.5004 2.7181 2.4890 0.0000 2.3111 1.3729 2.3171 0.4488 2.1772 1.8739 0.7606 2.8683 1.4458 2.8792 2.3603 0.6537 0.8750 2.8792 3.1273 2.4124 0.8094 0.5064 2.5885 2.0740 0.7024 2.3171 2.5490 1.4201 1.0414 0.4701 2.5567 0.9510 1.1065 0.5195 2.7089 0.7583 2.8259 2.6214 0.6918 2.1316 0.8422 1.8554 3.5981 0.8879 1.2311 2.6818 2.6130 0.9864 2.5885 2.4395 2.8054 1.4625 2.5490 2.9473 1.3116 2.3111 2.7463 3.2002 3.3634 2.9014 1.5642 2.2874 2.5567 0.6446 1.4434 2.9014 0.5642 3.8373 2.7463 0.9636 2.6729 1.5351 2.9014 3.0995 3.3634 3.1414 1.0414 2.8469 2.9126 1.4770 2.4818 2.8363 1.2973 3.6200 2.6818 3.2002 2.5336 2.7754 3.3993 1.0569 1.1281 2.4534 2.2035 2.5110 3.9761 2.6818 2.8259 1.0854 2.6907 2.8259 2.7853
FJIS_Aedes_flavivirus_strain_AEFV-SPFLD-MO-2011-MP6_E_326-700_AlphaFold 2.6554 2.0787 2.9473 2.7463 2.9356 1.3929 2.7656 2.7463 2.3540 2.4395 1.1519 2.6382 2.4327 2.8054 3.0859 2.3540 2.8575 2.6729 1.3157 2.1668 2.3731 3.0859 2.5725 2.2643 2.7368 1.2695 2.6554 2.5260 2.4327 2.6048 2.5490 3.0592 2.5805 2.2362 2.2417 2.2197 2.2362 1.4018 2.5646 3.0592 2.1720 2.4124 2.2932 3.1414 2.4890 2.7754 1.7220 2.3171 2.6048 2.4746 2.7656 2.9356 0.0357 2.6729 1.7220 2.0111 1.1694 2.5966 2.1415 3.0079 2.8575 2.7368 2.6468 2.3231 0.4375 2.4395 2.5413 1.7284 2.4675 2.4534 2.9832 2.7463 2.8156 2.7754 2.8792 2.6818 2.7559 2.9591 3.0995 2.9832 2.6554 2.5885 2.5185 2.8902 1.7252 2.1071 2.4124 2.2529 2.6641 2.2417 2.4604 2.7656 2.6468 2.4057 1.7778 1.3054 2.4057 2.2417 2.6468 1.1231 2.3171 2.7853 3.3812 3.1558 2.4191 3.2787 2.4258 2.2089 1.6054 2.7368 2.1365 2.4746 2.3292 2.5336 2.2252 1.3884 0.0274 2.8683 2.0928 2.6729 2.7853 2.5885 2.3540 1.6026 2.5966 2.4395 3.7605 3.0461 2.4675 2.5567 2.4327 2.6641 2.6048 2.8259 2.4818 2.4604 2.8054 3.2154 2.9014 2.2874 2.5805 3.1133 2.4890 2.6382 1.7381 1.3996 2.3860 3.1414 2.5490 2.3111 0.0000 3.0724 2.0111 2.2252 1.2089 2.3171 2.7463 2.7853 2.7463 2.7274 2.3667 2.4395 2.2529 2.5336 2.2586 2.2700 2.8054 2.4057 2.6998 2.0242 2.3111 1.4869 2.3860 2.2197 2.3603 2.4258 2.5185 2.6130 2.4604 2.4818 2.3111 2.5260 3.0205 1.2237 2.5336 2.7559 2.5336 2.0834 3.0079 2.2586 2.5336 2.2757 1.3621 2.3292 2.7559 2.8683 2.2643 2.5805 2.2874 1.7778 2.5110 1.3578 2.8683 2.6554 4.0669 2.3111 2.4604 1.3365 2.7274 2.4395 2.6214 2.4604 2.4675 2.8575 1.9896 2.6641 1.1818 2.0928 2.6641 2.3860 2.9832 2.9356 2.2035 2.5413 3.0205 1.9562 1.3116 2.6729 2.6048 3.0205 1.1694 2.6729 2.6818 2.9126 2.6130 2.8156 2.3171 2.2362 1.2482 1.6574 2.0111 3.1558 3.2002 2.5036 2.5185 2.6130 2.8363
FJTB_Karshi_virus_strain_WJQ16209_E_280-675_AlphaFold 2.9832 2.4818 3.1704 1.2368 2.5490 2.6907 2.9591 3.1414 3.1852 1.0430 3.3118 3.7856 1.3862 3.5144 3.4177 2.5413 4.0669 1.7094 2.5567 1.2501 1.1231 2.5260 1.3664 2.4124 2.5885 2.9126 3.2154 1.2734 1.3302 1.3095 0.3726 2.9955 3.0724 1.4317 1.2034 0.9951 1.2774 2.8156 1.5018 3.4944 1.3323 3.0995 1.2656 2.5567 1.2715 2.0787 2.7274 1.4869 3.2466 1.7000 2.3231 3.5144 3.0592 3.0592 2.7274 1.8300 2.2529 1.3281 2.9711 0.3945 2.3603 3.2309 1.1606 1.1925 2.7853 1.4270 2.5805 2.3111 0.3667 1.0278 3.0724 2.5646 3.5766 0.3741 3.1558 2.7368 1.5860 2.6554 2.7463 3.2951 1.3302 1.0902 1.3281 0.6876 2.5260 1.3996 1.1181 1.3513 1.2559 1.2349 1.0726 3.2625 3.0995 3.1273 2.1982 2.4464 1.1164 1.3556 2.1929 2.5567 1.1131 3.3634 0.9482 3.0859 1.2853 0.3600 0.8410 2.5036 2.6214 3.1558 1.1315 0.7449 2.8469 0.4512 1.1800 2.5185 2.8156 3.3287 1.2444 3.0724 2.1071 0.3274 1.2933 2.1720 2.8792 1.2444 2.6214 3.4944 1.1997 1.2162 1.1032 2.9126 0.3741 2.5966 1.2559 3.5555 1.9728 5.2581 0.4107 1.1729 3.0724 3.2787 1.5145 3.1704 3.0592 2.8259 1.5069 2.5490 3.4747 1.3729 3.0724 0.0000 2.6554 1.4410 2.5805 2.2035 1.5325 3.4553 1.5887 3.3118 2.4675 1.4819 1.3729 2.8575 2.9591 2.0465 1.2482 1.3535 3.0205 2.2529 1.4132 3.5766 2.5885 1.0854 1.2218 1.3862 2.7754 1.3773 1.2482 1.5377 3.1558 1.4018 3.4553 2.6298 1.2774 2.4534 1.4201 2.4963 2.7953 1.3219 0.3289 2.8054 3.0332 1.7511 3.4363 3.4363 4.7194 0.3786 3.1273 2.7754 1.2368 3.6651 3.3993 3.0461 3.8112 2.4124 1.4819 2.2757 3.1273 1.5669 1.1468 3.1558 1.4819 3.0079 2.5413 1.5044 2.6907 1.5943 3.0332 3.3812 3.3634 2.7853 1.1676 2.6298 2.7656 1.4577 3.4553 3.4553 1.0870 3.0592 2.6298 2.9711 3.0461 4.4579 3.2951 1.4247 1.3075 2.8469 2.9955 3.0461 2.5646 3.3287 3.0724 1.0631 2.8792 3.0724 3.5766
FJIS_Mercadeo_virus_isolate_ER-M10_E_271-643_AlphaFold 3.0461 2.6729 3.3459 2.2473 2.6998 1.4577 2.8469 2.7656 2.1617 3.2002 1.3862 2.9126 2.8683 3.2002 3.5144 2.6468 2.6468 2.6214 1.4317 2.3795 2.3795 2.2417 2.4395 2.3925 2.2417 2.1120 3.2154 2.3603 2.4395 2.4534 2.5567 2.1617 2.8363 2.8575 3.7360 2.5805 2.1617 1.4943 2.5805 2.8683 2.8469 2.5805 2.3795 2.5567 2.3416 2.3051 1.4746 2.4890 2.5646 2.1120 3.2002 2.8363 1.6969 2.5725 2.5110 2.4604 1.3884 2.6554 2.4057 2.4746 2.9126 2.9591 2.5110 2.9955 1.5170 2.6907 2.6907 0.8094 2.7274 2.8575 2.4327 2.5885 3.1704 2.5036 2.8363 2.5260 2.6641 2.4818 3.2309 3.2787 2.5260 2.3171 2.8469 3.1558 0.8011 2.4534 2.5185 2.6554 2.5036 2.2035 2.9832 3.0724 2.5805 2.9832 0.9250 1.4155 2.1566 2.8469 2.5413 1.6754 3.2951 2.5036 2.0787 2.5413 2.1316 3.2951 2.6998 2.2473 0.3615 2.9473 2.1617 3.2466 2.6214 4.0360 2.5110 1.3034 1.6369 2.7853 2.5567 2.5413 2.8683 2.6048 2.3667 1.4601 2.7089 3.5144 2.7953 2.6468 2.1668 2.7463 2.5646 2.4963 2.3051 2.8575 2.7754 2.9241 2.8363 3.4747 2.6818 2.9356 2.8363 2.5036 2.5567 3.3118 1.4993 2.2417 2.4124 2.9014 2.6998 2.3171 2.0111 2.6554 0.0000 2.9955 1.2330 2.1023 2.3991 2.7853 2.4534 2.5490 2.3171 2.6907 2.3925 2.6130 2.4890 2.4464 2.1617 2.7656 2.4464 2.8575 2.7853 1.3642 2.0556 2.6130 2.4604 2.6382 2.8054 2.2700 2.5336 2.3540 2.8054 2.1982 3.1273 1.6111 3.0461 2.3292 3.3287 3.1273 2.5885 2.6048 2.5036 2.6818 1.7446 2.3667 2.9591 2.8902 4.8661 2.5260 2.6298 0.9049 2.8792 1.5562 2.5336 1.8018 3.7605 2.7656 2.9711 1.4993 2.6214 2.4963 2.3540 3.1133 2.6048 3.0592 2.3231 3.0995 1.2218 2.1120 2.7181 2.9356 3.0079 2.9955 2.4604 2.6468 2.9126 2.7953 1.5860 2.6298 2.4327 2.6130 1.4943 2.8363 2.6554 3.0205 3.3459 3.4944 2.8363 2.5885 1.2482 1.5562 2.7089 2.9473 2.6130 2.4395 2.5966 2.8575 2.4675
FJMB_Bagaza_virus_strain_DakAr_B209_E_290-786_AlphaFold 2.8156 2.2643 3.4747 1.0143 2.7559 2.4963 2.7274 2.8902 2.3925 1.2933 2.2991 2.6130 0.9835 2.7368 2.9955 3.7605 2.4464 0.8348 2.5490 1.0353 0.5160 2.7274 0.8905 2.4327 2.2089 2.6818 2.5036 0.8299 0.4343 0.9009 1.5915 2.6998 3.0079 0.0264 0.4496 1.3136 0.6055 2.4395 0.6803 2.5336 0.4504 2.6729 0.4953 2.6729 0.9236 2.1465 2.6214 0.9304 2.6818 1.2274 2.5413 2.5413 2.3603 2.7181 2.1023 1.4697 2.2529 1.0128 2.3667 1.3344 2.6468 2.6130 0.8918 0.8559 2.5490 0.6103 2.9126 3.8911 1.3642 1.6224 2.7181 2.8575 2.6818 1.2715 2.8792 3.4747 0.9524 3.5766 2.9591 6.9379 0.1853 1.0616 0.6897 1.3556 3.2625 0.4107 1.0902 0.5186 1.0202 0.4296 1.4018 2.5567 2.8054 3.1273 2.9591 2.5490 0.8522 0.4569 2.0834 2.3051 1.4434 2.6554 1.1641 3.1704 0.9524 1.2387 1.1468 2.1720 3.5766 3.3287 1.4387 1.2893 2.8683 1.1694 0.4504 2.3860 2.3603 2.6641 0.4818 2.6214 3.6883 1.2463 0.9496 2.5336 2.6048 0.4743 2.7853 2.6554 0.8750 1.0902 1.1997 2.6298 1.2754 2.5036 0.9580 2.6048 1.6196 2.6998 1.3621 1.1098 3.0079 3.1414 1.4869 2.6468 2.4604 2.2252 0.5064 2.6298 2.5413 0.4488 2.2252 1.4410 2.9955 0.0000 2.0694 1.9896 0.8011 2.4327 1.5325 2.6818 2.3795 0.6426 0.9196 2.6130 2.8363 2.3667 0.9277 0.1103 2.5567 2.0602 0.7708 2.5885 2.5805 1.4673 1.0491 0.1853 2.1824 0.9538 1.0999 0.4902 2.5805 0.8142 3.0724 2.4534 0.6960 2.2035 1.0491 1.8853 2.7274 0.8724 1.1925 2.5567 2.5260 1.0476 2.6907 2.5490 4.9177 1.5509 2.8469 2.9711 1.3095 2.1566 2.5567 4.2677 2.8683 2.8363 1.5403 2.6907 2.6554 0.6229 1.3556 2.5336 0.6026 2.9591 2.5490 1.0069 2.3231 1.6876 3.6651 2.7463 3.1704 3.0461 1.1434 3.0205 3.0859 1.5509 2.5725 2.7656 1.2675 3.3459 2.5036 3.2309 2.5490 3.3459 2.7368 0.9879 1.1659 2.0740 2.2362 2.6998 2.8469 2.7368 2.2362 1.1065 2.4191 2.9356 2.6641
FJIS_Hanko_virus_E_319-713_AlphaFold 2.5725 3.3118 2.8683 2.1415 2.9832 0.8775 2.7853 2.8683 2.1824 2.4327 0.8648 2.5036 2.3860 2.6641 4.1976 2.8683 2.3051 2.2643 0.8106 1.9400 2.1720 2.1929 2.0881 2.2035 2.4534 1.0445 2.4890 2.1772 2.0602 2.0331 2.6382 2.1415 2.6729 2.3731 2.1982 2.3925 2.1720 0.9594 2.2197 2.6382 2.1415 2.7656 1.9603 2.6214 2.2757 2.4675 1.4247 2.2362 3.1133 2.2815 2.2586 2.3667 1.2330 2.7181 1.7677 2.5885 0.9331 2.1824 2.7754 2.5336 2.8156 2.9241 2.3991 2.0881 1.0430 2.3231 2.4746 1.3198 2.6907 2.4327 2.9126 3.8639 2.5725 2.2700 2.4604 3.6423 2.2643 3.0205 2.9591 2.8469 2.3292 2.5966 2.1120 2.5490 1.3535 2.0154 2.1617 2.1720 2.2700 1.9769 2.6298 2.1720 2.4890 2.8792 1.4018 0.9594 2.1217 1.9811 2.8469 0.9850 2.6468 2.6048 2.5490 4.8661 2.3795 2.3860 2.7368 2.5185 1.3365 2.4963 2.3416 2.3667 2.7754 2.9356 2.0420 0.3816 1.2293 2.5260 2.2586 2.8363 3.0205 2.3795 1.9603 1.3157 2.4534 2.2035 2.7754 2.3667 2.0648 2.2197 2.3540 2.7656 2.7274 2.1266 2.3731 2.5646 2.6214 3.6200 2.8054 2.1876 2.6729 3.0592 2.0556 2.3540 1.2540 0.9692 2.1415 2.8469 2.9014 2.1772 1.2089 2.5805 1.2330 2.0694 0.0000 2.1415 2.4464 2.7853 2.8054 2.6818 2.2991 2.5646 2.2197 2.5567 2.9356 2.2874 2.0331 2.1720 2.7656 2.2991 1.9521 0.8572 2.6214 2.5490 2.0465 2.1982 2.5036 2.2197 2.0694 2.1023 2.8792 2.3925 2.8902 0.8142 2.1316 2.4675 2.5036 1.8193 2.7656 2.1415 1.9981 2.8683 1.0113 2.3292 2.7754 2.6729 2.3603 2.8469 2.1617 1.3751 2.5567 0.9995 2.6214 2.6641 3.4177 2.6298 2.0694 0.9345 2.7853 2.3860 2.3991 2.4534 2.4675 2.6554 2.2991 2.2700 0.7812 1.9320 2.5036 2.9473 2.4604 3.7119 2.2089 2.4258 2.7368 2.2035 0.8622 2.5110 2.4746 2.7368 1.1519 2.8683 2.7559 3.9472 3.0592 2.4191 2.3795 2.7181 0.0451 1.3884 2.6641 2.6998 2.6298 2.1929 3.1852 2.6298 2.6729
FJFL_Chowder_bay_tunicate_associated_flavi_like_virus_orf_1_E_336-811_AlphaFold 2.4124 2.4818 2.4604 1.9769 2.4258 2.2473 2.5966 2.3478 2.2932 1.9896 2.6641 2.1566 1.9811 2.6468 4.4988 3.2309 2.1668 2.3171 2.4395 1.8408 1.7446 2.8792 1.9044 2.6641 2.5725 2.3860 2.0976 1.9645 1.8372 1.8300 2.0242 2.4818 2.3860 2.0154 2.1415 1.7544 1.9083 2.4464 1.9981 2.3795 1.8372 2.3111 1.9161 2.6554 2.2529 2.1023 2.4327 2.2197 2.5805 2.2991 2.7181 2.1720 2.1668 2.4124 2.2529 2.1720 2.1071 1.8372 2.7368 2.2089 2.5185 2.9473 1.9122 2.0067 2.2417 1.9122 2.6818 2.3991 1.9161 1.9896 3.3634 2.2586 2.2089 2.1982 2.7463 2.5413 1.9044 2.7656 2.8902 2.9473 2.0420 1.8444 2.1316 1.9939 2.5413 1.8517 1.9006 2.0602 1.8815 1.8554 2.0465 2.3540 2.2932 3.5347 2.3603 2.0331 1.8739 1.8088 1.9320 2.1023 2.0420 2.2529 2.0928 2.6130 2.1772 2.1516 1.9122 2.6554 2.1982 3.1704 1.9854 2.1023 2.7274 1.9083 1.7778 2.1071 2.1120 2.2035 1.9562 2.3111 3.6423 1.9645 2.0556 2.3795 2.2874 2.1168 2.3991 2.1929 1.9044 1.9645 1.8264 2.3540 2.1982 2.2197 2.0198 2.2700 1.9769 2.9356 2.1365 1.7611 2.3860 2.9014 1.7157 2.2417 2.5567 2.5336 2.0024 2.8792 2.8363 1.8739 2.3171 2.2035 2.1023 1.9896 2.1415 0.0000 2.1876 2.1217 2.3051 2.3231 2.1023 2.0286 1.8815 2.3111 2.5413 2.0602 1.9280 2.0375 2.4327 2.1071 2.0111 2.1120 2.1772 1.7711 2.0648 2.1365 2.6468 2.1465 2.0154 1.9440 2.5336 2.3540 3.6423 2.2143 1.9811 2.0881 2.1120 1.8967 2.8683 2.1266 1.9360 2.7463 2.0976 2.5036 2.2932 2.4818 2.1720 2.0465 2.7559 2.5413 2.0928 2.5805 2.3478 3.4553 2.8902 2.8259 1.8739 2.2815 2.3292 1.8665 2.1516 2.2035 1.7479 2.5805 2.6048 2.2143 1.9686 1.9161 2.4258 2.5413 2.5725 3.3459 1.8053 2.4604 2.9711 2.0834 2.4395 2.4395 2.1929 2.6382 2.3667 3.7856 2.3731 3.8911 2.7754 2.0510 1.8739 2.9014 1.9360 2.6998 2.6998 3.0205 2.8792 1.9280 2.6818 2.3860 2.4258
FJMB_Naranjal_virus_strain_25008_E_293-794_AlphaFold 3.3118 2.3925 3.5144 1.1979 3.7605 2.7656 3.1273 3.2787 2.4124 1.5351 2.4124 3.2154 1.0507 2.6998 4.5407 2.9711 3.0859 0.7929 2.5805 1.2617 0.8263 2.2529 0.8660 2.2362 2.4124 2.6818 2.9126 0.8931 0.7088 0.9277 1.5430 2.8156 3.1704 0.7858 0.7561 1.4553 0.6219 2.2417 0.7527 3.3812 0.7640 2.9955 0.8142 2.5036 0.9075 2.2643 2.5885 1.1332 2.7463 1.0822 3.2466 3.2625 2.5260 3.2154 2.0242 1.6724 2.2643 1.2387 2.5185 1.4770 2.5185 2.6130 0.9922 0.8635 2.4464 0.7045 2.7853 2.7463 1.5247 1.6545 4.1308 2.8156 3.4363 1.4363 3.0079 3.2154 1.1048 2.9591 2.8683 3.2309 0.7835 1.1181 0.6710 1.5170 2.7089 0.7110 1.1197 0.7504 1.1676 0.6876 1.4458 2.8683 3.3287 3.3118 2.5885 2.4258 0.9678 0.6908 1.9811 2.1415 1.5669 2.7953 1.3116 2.8792 1.0742 1.4505 1.3492 2.4675 2.4327 2.9711 1.4746 1.4697 3.2309 1.4434 0.7207 2.2473 2.5885 3.0205 0.7110 3.1852 2.8469 1.4746 1.0217 2.5966 2.9241 0.8130 2.5725 3.4177 0.9664 1.2813 1.1979 3.4363 1.5299 2.7368 1.0263 3.0592 1.9896 2.8363 1.4155 1.1382 3.1704 3.0079 1.7381 3.1558 2.3171 2.5646 0.7382 3.0205 3.2466 0.7606 2.7463 1.5325 2.3991 0.8011 2.4464 2.1876 0.0000 2.9014 1.5535 3.4944 2.4057 0.7640 0.9277 3.3118 2.4890 2.3795 0.9608 0.7731 3.4747 2.1120 0.6960 2.5185 2.7754 1.4064 1.2218 0.7561 2.4746 0.9236 1.2734 0.8459 2.6554 0.1660 3.0995 2.6729 0.7393 2.4327 1.1098 1.9645 3.1273 0.8610 1.3428 2.7181 2.3111 1.0553 3.3812 2.7089 2.8054 1.6054 2.9126 2.8792 1.4410 2.4327 3.5144 3.2154 3.9188 2.8902 1.7189 2.3991 3.2787 0.7024 1.5482 2.9955 0.7067 2.9832 2.6998 1.1835 2.5036 1.4968 2.7754 2.7559 4.1976 4.2322 1.0983 3.1273 2.9126 1.6938 2.7853 3.0724 1.2893 3.6883 2.5805 3.3634 3.2154 3.3118 3.1273 1.1485 1.3095 2.0740 2.3416 2.5110 2.8363 2.9591 2.9832 1.1281 2.8259 3.1414 2.9955
PLLG_Bole_tick_virus_4_isolate_TIGMIC_1_E_854-1324_ESMFold 0.1829 2.4057 3.5555 2.3292 2.2306 2.6641 2.3731 0.2144 2.0198 3.2309 2.5413 0.0440 2.6298 2.8902 3.2309 3.2002 0.0446 2.6907 2.5490 2.7089 2.8259 2.5567 2.6382 2.7559 2.4395 3.0079 0.0440 2.3540 2.3478 3.0079 3.8112 2.4395 0.2189 2.3860 2.5260 3.3993 2.5185 2.8363 2.6554 0.1780 2.5336 0.1612 2.4464 2.6818 2.5646 2.7368 2.9126 2.5885 2.4464 2.3416 2.4124 0.1756 2.6468 0.1565 2.6998 3.2951 2.1876 2.4534 2.4395 2.9241 1.9728 2.7274 2.8363 2.5336 2.4675 2.7089 2.8363 3.2309 4.0360 2.5336 2.3354 2.8575 0.1708 3.1704 2.6818 2.7181 2.4534 2.7463 3.0995 2.7754 2.5110 2.3603 2.4604 2.5885 2.9014 2.5336 2.3111 2.3925 2.6554 2.4395 2.6468 2.3354 0.1506 3.0859 2.3860 3.0724 2.6641 2.4327 2.5110 2.4534 2.9014 0.0326 2.5490 2.7463 2.5805 2.4818 2.6729 2.5490 2.3731 2.8792 2.6048 2.7181 2.6214 3.4363 2.4675 2.8363 2.8792 0.0326 2.5966 0.1648 3.0592 3.5766 2.5185 2.9832 0.1565 2.5805 3.2154 0.1780 3.1704 2.4675 2.2874 0.1612 2.9832 2.8902 3.4177 0.0378 2.4675 2.7181 3.2154 2.5036 0.2189 2.9126 2.7463 0.0399 2.7368 3.1852 2.5805 3.9188 2.0976 2.8683 2.7853 3.4553 2.7853 2.4327 2.7853 2.1217 2.9014 0.0000 2.7953 0.1576 2.9711 2.4191 2.8156 0.1588 2.4746 2.2586 2.7463 2.5725 0.1612 2.9014 2.4534 2.6554 2.4963 3.1133 2.6818 2.4604 3.6200 2.6729 2.4327 2.3354 2.5885 2.3991 3.2787 3.0079 2.1415 2.8259 2.5885 2.6382 3.0079 2.6907 3.0079 2.7559 2.4890 2.2143 0.1636 3.0461 2.3925 3.5766 2.6214 4.0669 2.9955 2.7853 0.1588 3.1133 2.4890 2.7559 2.6382 3.1133 0.1636 2.6729 2.9711 0.0419 2.8683 3.2002 2.5185 2.4675 2.1929 2.9711 2.9241 2.6907 2.5336 2.8792 2.2529 2.5490 2.6998 2.3540 2.8792 2.7559 2.7089 2.9832 3.2466 3.1558 0.1588 3.2787 1.7252 2.5725 2.4890 2.5413 2.8902 2.5260 2.2991 2.1566 2.7181 2.6998 2.6048 0.2157 0.1576
FJAF_Gammarus_chevreuxi_flavivirus_isolate_100_1_orf_1_E_354-838_AlphaFold 2.6468 3.0461 2.9955 1.5915 3.9188 2.4963 2.6818 2.5725 2.8054 1.7189 3.0995 2.6298 1.7189 2.9591 3.2625 2.8469 2.5567 1.7284 2.6130 1.9521 1.4410 2.9955 1.7577 2.6382 2.4464 2.5036 2.7754 1.4869 1.4577 1.6139 1.7611 2.9126 2.5966 1.5377 1.5915 1.6026 1.4410 2.7853 1.5170 2.7853 1.5887 2.9014 1.6664 2.9473 1.4918 1.9939 2.6298 1.7914 2.6907 1.6545 2.3991 3.1273 2.4963 2.9356 2.5490 1.3751 2.1566 1.7094 3.2002 1.8018 2.7559 3.0724 1.6969 1.5325 2.6048 1.5299 2.5646 3.0332 1.6340 1.5970 2.9014 1.9939 2.8259 1.7577 2.9955 2.8156 1.6456 2.9832 3.4747 2.9591 1.4553 1.6082 1.5120 1.5887 3.5981 1.5377 1.6282 1.5299 1.5589 1.4529 1.6724 2.8156 2.9126 3.2951 2.5260 2.3860 1.4649 1.5222 1.7189 2.2306 1.8777 2.7853 1.6664 3.2951 1.6486 1.6876 1.6111 3.1273 2.3292 3.1414 1.6694 1.6167 3.2787 1.7252 1.4918 2.5567 2.3860 2.9241 1.4869 2.8902 3.0592 1.4943 1.7349 2.2757 2.7463 1.6311 2.5805 2.7656 1.4993 1.6340 1.5509 2.8469 1.8554 2.3991 1.4770 2.8363 1.7349 2.2306 1.5642 1.5018 2.5966 3.4553 1.6139 3.0724 2.3478 2.3051 1.7031 2.7089 2.6048 1.4458 2.7463 1.5887 2.4534 1.5325 2.8054 2.3051 1.5535 2.7953 0.0000 2.7953 1.9603 1.7349 1.7983 2.7754 2.7953 2.3354 1.5860 1.6545 2.8902 2.1982 1.5222 2.5966 3.0205 1.7381 1.6054 1.4577 3.0859 1.7511 1.5120 1.6456 2.9014 1.6486 3.1704 2.7368 1.4018 2.6214 1.6369 1.7381 2.6214 1.5887 1.7000 3.3634 2.5413 1.6111 2.8575 2.6729 2.9014 1.6754 2.1876 3.4363 1.6026 2.7754 2.7754 4.6730 2.9832 3.0859 1.6054 2.6214 2.8902 1.6545 1.5723 2.8792 1.4697 3.1558 2.8469 1.6938 2.3231 1.4363 3.4747 3.0461 2.7656 4.1308 1.6634 2.9014 2.8683 1.1907 2.7853 3.0995 1.6340 3.4177 2.6729 2.7089 2.7953 2.9126 2.9591 1.5196 1.7220 2.6907 3.0859 2.8683 2.8259 3.1558 3.1558 1.5482 2.6998 2.7754 2.7853
PLLG_Flaviviridae_sp._isolate_TIGMIC_5_E_886-1355_ESMFold 0.0243 2.5336 3.3634 2.3292 2.4191 2.7853 2.6468 0.2348 2.1668 3.0079 2.8683 0.1877 2.7953 2.8259 3.1133 2.9241 0.1804 2.7463 2.8683 2.6554 2.6382 2.5646 3.2309 3.6651 2.1772 2.3354 0.1553 2.6214 2.5490 2.8683 3.1852 2.4818 0.2393 2.5646 2.5036 3.0592 2.7953 2.7656 3.1273 0.1182 2.4191 0.0274 2.6298 2.6729 2.4675 2.6729 2.9591 2.5567 2.4464 2.7181 2.5413 0.0925 2.9014 0.0187 2.6382 3.8112 2.2874 2.4395 2.6998 3.2309 2.0111 2.8902 2.7754 2.7853 2.4124 2.5966 2.7656 2.6729 3.4944 2.6214 2.3354 3.0461 0.1262 3.3634 2.9473 2.6468 2.9591 2.8363 2.8054 2.8683 2.9356 2.5036 2.7754 3.0995 2.8363 2.8575 2.3925 2.6907 2.5567 2.7754 2.8683 2.3731 0.0151 2.6468 2.4534 2.7089 2.8054 2.6298 2.5885 2.2417 2.5805 0.1871 2.4057 2.5885 2.6818 3.1852 2.5567 2.9126 2.6641 2.8469 2.5567 2.9711 2.6907 3.0332 2.8054 2.9591 2.3603 0.1600 2.8683 0.0243 3.5766 4.0985 2.9473 2.9591 0.0254 2.6298 2.7559 0.0947 2.4963 2.5260 2.3795 0.0254 3.3459 2.4124 2.9711 0.1672 2.5185 2.3991 3.3287 2.3292 0.2393 2.3860 2.5567 0.1529 3.0995 2.6468 2.8054 3.1133 1.9939 2.8792 2.7274 3.3118 2.5490 2.6818 2.6818 2.3231 3.4944 0.1576 2.7953 0.0000 2.8156 2.5260 2.9473 0.0233 2.4327 2.3667 2.6818 2.8259 0.0167 2.7274 2.6818 2.5646 2.3171 3.2625 2.4675 2.6214 2.8575 2.5966 2.6907 2.5805 2.4464 2.7559 3.3287 2.7953 2.5646 2.7754 2.7274 2.3860 3.2154 2.7656 4.1976 2.5490 2.4675 2.4963 0.1829 3.2466 1.9440 3.9188 2.5805 2.9356 2.6048 2.4464 0.0213 3.0995 2.7274 2.5413 3.0205 3.1133 0.0187 2.5725 3.0079 0.1553 2.6214 2.6554 2.5336 2.7559 2.4675 2.7754 2.6554 2.6907 2.3925 3.3118 2.3731 2.7853 2.5646 2.4057 2.5336 2.8363 3.1852 2.4746 3.3993 3.2787 0.0187 3.0995 1.7983 2.5336 2.4963 2.3991 3.0332 2.8054 2.4258 2.1824 2.8156 2.5260 2.5185 0.2400 0.0111
FJFL_Embiopteran_flavi-related_virus_isolate_OKIAV324_E_318-771_AlphaFold 3.0724 2.6214 3.1133 2.0375 3.2625 2.5567 3.0332 2.8259 2.2197 2.1465 2.3354 3.1133 2.2035 2.7463 2.5725 3.3812 2.8683 2.2700 2.7853 2.1824 2.5336 3.0724 2.2306 2.3416 2.4890 2.2757 2.7368 2.3111 2.1120 2.0510 3.5766 3.0859 2.8156 2.4124 2.2815 2.3111 2.2417 2.3171 2.3416 2.8156 2.3171 3.0079 2.2815 2.8363 2.1168 2.3540 2.2991 2.0375 2.6130 2.2700 2.9832 2.8792 2.0928 2.9711 2.5567 2.1316 2.2417 2.3860 2.7559 2.7368 2.6468 2.8469 2.4395 2.0465 2.1772 2.5885 2.7754 2.6130 2.9356 2.5805 2.4057 1.8444 3.2002 3.3118 3.4177 2.8363 2.3231 2.5567 2.4464 4.1976 2.3795 2.1566 2.1772 2.6907 2.5490 2.3354 2.0740 2.2417 2.2197 2.1516 2.1929 2.8575 2.7181 3.2154 2.3667 2.3478 2.1465 2.1415 1.9201 2.6214 2.1929 2.8683 2.6907 2.7953 2.2473 3.0859 2.9832 2.7754 2.4464 2.7368 2.3292 2.8575 3.0995 2.7656 2.0694 2.5260 2.2473 2.6998 2.0787 2.9126 2.4675 3.2787 2.1876 2.6998 2.9955 2.3540 2.6298 2.5567 2.1566 2.2089 2.1617 2.9241 3.0995 3.1558 2.2757 2.6729 1.7949 2.4818 3.0079 2.1617 2.8156 2.6298 2.1982 2.9832 2.6468 2.5966 2.1516 2.8575 2.4746 2.3603 2.3667 2.4675 2.3171 2.3795 2.2991 2.1023 2.4057 2.9711 1.9603 2.8156 0.0000 2.5805 2.2089 2.8259 2.7656 2.2143 2.0602 2.4464 3.2154 2.1516 2.2417 2.3292 2.5805 2.3416 2.2815 2.5110 2.7953 2.1365 1.9896 2.4604 2.6048 2.2700 2.3925 2.4464 2.5567 2.5036 2.3231 2.2197 3.0724 2.1365 2.7953 2.8156 2.3991 2.3478 2.9014 2.9241 3.1133 3.5766 2.4327 2.6729 2.3171 2.1566 2.9014 4.4579 3.0859 3.1558 2.1266 2.3540 2.7559 2.6641 2.2700 2.8054 2.4675 3.1414 2.7953 2.1617 2.4464 2.3051 3.1852 2.8363 2.6998 2.5260 2.1120 2.5490 3.0592 2.1824 2.5185 2.7463 2.4818 2.9473 2.7089 2.7953 3.1414 2.4604 3.0724 1.9603 2.0740 3.0724 2.2529 2.9711 3.0724 2.5805 3.0079 2.1824 2.8792 2.8054 2.6382
FJMB_Stratford_virus_isolate_22911_E_288-786_AlphaFold 2.4604 2.2362 3.4363 1.0838 3.0332 2.7754 3.2309 2.5567 2.3416 1.4894 2.5966 2.5185 0.9622 2.9832 3.9472 4.0669 2.4890 0.7606 2.8902 1.0217 0.7088 2.5646 0.8522 2.1982 2.4534 2.5490 2.5185 0.8788 0.5988 0.9552 1.5456 2.5336 2.6298 0.6249 0.6249 1.5044 0.4472 2.4890 0.7077 2.5885 0.6288 2.2643 0.6527 3.1133 1.0983 2.4963 2.8054 0.9482 2.8469 1.0967 2.8575 2.5490 2.4395 2.4057 2.2197 1.6167 2.2473 1.2425 2.0834 1.2406 3.0995 2.5413 0.8348 0.9510 2.4604 0.1988 3.0859 2.9591 1.4458 1.5589 2.5413 2.9356 2.6468 1.4577 3.1852 3.1414 0.9196 3.9761 3.0079 4.1976 0.6327 1.2349 0.7697 1.5170 2.6468 0.6357 1.2387 0.6497 1.1835 0.6142 1.3817 2.6998 2.5185 2.7368 3.1133 2.4890 1.0323 0.5988 2.0556 2.2874 1.4529 2.5725 1.2598 2.6468 0.9980 1.4224 1.2913 2.2473 2.4327 3.1558 1.5145 1.4869 3.5347 1.3751 0.7261 2.3991 2.5185 2.6382 0.6992 2.5567 3.6423 1.2181 0.9707 2.3478 2.5110 0.6426 3.7119 2.5490 0.9980 1.2199 1.2695 2.5260 1.4178 3.2309 1.1181 2.6907 1.8967 2.9955 1.4270 1.0870 2.6298 4.0057 1.5069 2.5336 2.8259 2.5646 0.7110 2.8054 2.7463 0.6537 2.4395 1.4819 2.6907 0.6426 2.5646 2.0286 0.7640 2.4191 1.7349 2.5260 2.5805 0.0000 1.0217 2.5110 2.9126 2.4890 1.0308 0.5978 2.5966 2.2700 0.5940 2.5490 2.6554 1.5805 1.2070 0.5903 2.7181 1.0934 1.1315 0.7077 2.5966 0.8584 2.6907 2.6554 0.6055 2.4963 0.9594 1.8264 2.9591 0.9951 1.2913 3.0724 2.3925 0.9792 2.6048 2.5966 3.1414 1.5430 2.9241 3.4747 1.3686 2.4534 2.4327 7.0524 3.1133 2.2473 1.5403 2.4464 2.3860 0.1002 1.6634 2.5336 0.2214 3.5766 2.6641 1.0679 2.6298 1.7511 3.2154 2.8259 3.3459 3.4747 1.1589 3.3118 3.0724 1.6082 2.9591 3.5981 1.4270 3.0724 3.2002 3.5981 2.5413 3.3634 2.6130 1.0647 1.2016 2.1617 2.4746 2.4604 3.2466 2.7274 2.2815 1.1764 3.0332 2.6214 2.4746
FJMB_Chaoyang_virus_E_293-788_AlphaFold 3.0724 2.3478 3.3118 1.2636 3.1704 2.8469 3.3287 2.7181 2.2362 1.6311 2.9711 3.2466 0.5398 3.0724 2.7754 2.8683 2.7656 1.0585 2.6729 1.1417 0.8275 2.3354 1.0967 3.0724 2.3051 2.6382 2.9473 0.2898 0.8673 0.6762 1.3578 2.8575 2.8259 0.9524 0.8312 1.2873 0.9089 2.5725 1.0069 3.0461 0.8827 2.8259 0.8422 2.4604 1.1264 2.4534 2.5036 0.7207 2.6818 0.9413 3.1414 3.7856 2.5490 2.8469 2.2757 1.6282 2.3603 1.0726 2.5110 1.4317 2.6382 2.6729 0.9290 1.0967 2.5110 0.9764 3.1558 2.9473 1.3260 1.5351 3.2309 2.4258 3.0592 1.3664 2.6818 2.8575 1.1800 2.6554 2.6641 3.5981 1.0323 1.2520 0.9850 1.3302 2.5336 0.8497 1.1181 0.8559 1.1315 0.8635 1.5805 2.9126 3.0592 2.7656 2.2586 2.4963 0.9441 0.8058 1.8229 2.5490 1.5723 2.9591 1.3884 2.8363 0.9879 1.3929 1.3686 2.2473 2.5413 2.8363 1.2933 1.2833 3.0859 1.4458 0.8788 2.0834 2.5336 2.7089 0.8996 2.9473 3.3287 1.3136 1.0054 2.6641 3.0592 0.8534 2.4963 3.7856 0.9129 1.1281 1.2833 2.8575 1.4340 2.4124 1.1231 3.0079 1.9360 3.3993 1.4410 1.2125 2.8259 3.3634 1.5325 2.8792 2.5490 2.8792 0.8572 2.5260 2.6729 0.8750 2.2529 1.3729 2.3925 0.9196 2.2197 1.8815 0.9277 2.8156 1.7983 2.9473 2.2089 1.0217 0.0000 3.0205 2.8683 2.4534 0.5606 1.0024 2.8575 2.1876 0.8866 2.6641 2.4395 1.4270 1.0967 0.9441 2.6382 0.7142 1.1835 0.9372 2.6907 0.9386 3.0859 2.3925 0.9075 2.2700 1.1247 1.9939 3.2002 1.0522 1.2695 2.8054 2.7274 0.8801 3.2002 2.5885 3.0859 1.4224 2.5885 3.2625 1.4505 2.6554 3.0859 4.0985 4.0669 2.6729 1.6545 2.6298 3.0592 0.9566 1.4553 2.8902 0.9155 2.6298 2.5413 0.6417 2.5725 1.6139 2.7953 2.8902 3.6883 3.2951 1.2482 2.4746 3.0205 1.6815 3.3118 3.0461 1.5120 2.8683 2.5413 3.0592 2.9241 3.6423 2.6907 1.1889 1.2973 2.5567 2.2473 2.5036 3.3459 2.7368 2.6214 1.1382 2.6468 2.7089 2.8469
PLLG_Flaviviridae_sp._isolate_TIGMIC_25_E_884-1354_ESMFold 0.0274 2.4395 3.7605 2.4464 2.3354 2.8363 2.5805 0.2297 2.1668 3.1414 2.8683 0.2082 2.6298 2.9473 2.7656 3.0079 0.1792 2.7463 2.6818 2.6641 2.7754 2.8054 2.9126 2.9356 2.0648 2.6729 0.1541 2.6298 2.5110 2.6998 3.0332 2.4818 0.2252 2.6554 2.4534 2.9711 2.4963 2.8363 2.8902 0.1239 2.4890 0.0223 2.3991 2.6818 2.5336 2.9241 2.8469 2.5725 2.9473 2.5885 2.4890 0.0958 2.7754 0.0091 2.6382 3.0205 2.1415 2.6298 2.5966 2.9473 1.9686 2.7656 2.6998 2.8259 2.3292 2.5646 2.9591 2.5646 3.3634 2.6998 2.5185 2.8575 0.1331 2.8469 2.8156 2.5646 3.0859 2.6641 2.8363 2.7853 2.6907 2.5490 2.5490 2.9014 3.0461 2.5966 2.4124 2.5805 2.7274 2.5110 2.7089 2.4124 0.0213 2.7754 2.3354 2.4327 2.6907 2.5490 2.6998 2.1516 2.6130 0.1884 2.5966 2.6729 2.7368 3.0205 2.6298 2.7089 2.8792 2.7274 2.6468 2.8363 2.5966 2.9955 2.5966 2.8683 2.7754 0.1612 2.8902 0.0223 3.2625 2.9126 2.6130 2.8054 0.0111 2.4963 2.8575 0.0980 2.5885 2.7559 2.4327 0.0172 2.9711 2.5885 2.7089 0.1600 2.4534 3.3812 3.5555 2.3603 0.2252 2.8156 2.4395 0.1506 3.0995 2.9473 2.7274 2.8683 2.0198 2.8792 2.5336 2.8575 2.6130 2.6130 2.5567 2.3111 3.3118 0.1588 2.7754 0.0233 2.8259 2.5110 3.0205 0.0000 2.6998 2.4327 2.7656 2.8902 0.0070 2.6048 2.5725 2.2991 2.2815 3.4177 2.6214 2.8259 2.6298 2.7754 2.5885 2.5805 2.5260 3.0079 3.3287 2.9591 2.3478 2.7754 2.8792 2.3540 3.3287 2.7274 3.4363 2.6641 2.4675 2.6214 0.2107 2.9711 2.1465 3.6883 2.7368 2.9014 2.8902 2.7368 0.0111 2.6048 2.7853 2.5413 3.0592 3.1852 0.0223 2.9711 3.3993 0.1529 2.5567 2.6998 2.8575 2.9832 2.3731 2.5885 3.0724 2.9356 2.6382 3.2466 2.3795 2.7853 2.5413 2.3795 2.6468 3.0332 3.3287 2.6729 2.7656 3.0461 0.0131 2.6729 1.8554 2.4395 2.5490 2.3231 2.5567 2.6554 2.7181 2.2815 2.4327 2.7754 2.6048 0.2278 0.0254
FJJI_Rhipicephalus_associated_flavi-like_virus_isolate_YNTV4_segment_2_orfVP1_E_217-509_AlphaFold 2.6048 0.1696 0.8011 2.6214 3.1704 2.6907 3.0592 2.4464 2.8683 2.3925 2.4258 2.7368 3.1273 2.7089 9.9269 2.6130 2.4534 2.5885 2.9711 3.0079 2.6048 2.8575 2.9241 2.4963 2.7181 3.0859 2.5336 2.6818 2.5490 2.7368 3.0592 3.2002 2.4464 2.6382 2.8683 2.3111 3.2466 2.8363 2.4395 2.6048 2.6641 2.3051 2.4057 2.4327 2.9241 2.5966 2.6998 2.6382 0.0826 3.2309 2.6298 2.6554 2.3416 2.3354 2.3795 2.9711 2.8363 2.7181 0.0409 3.0995 3.0995 2.6641 2.3603 2.8792 2.6468 2.4057 3.5144 2.4057 3.1414 2.7463 3.0079 2.8469 2.5725 2.8792 3.3634 1.0445 2.8902 2.8902 2.5725 3.0859 3.2787 2.8259 2.6298 3.2787 2.4534 2.5646 2.7181 2.6818 2.8259 2.5805 2.5885 2.7953 2.4124 0.0947 3.6200 2.6907 2.4890 2.7754 2.7274 3.0205 2.9014 2.5110 2.1720 3.7856 3.1704 2.9126 3.0859 0.1553 2.7181 3.2002 3.1414 3.0461 0.0717 2.5336 2.5885 3.0461 2.2932 2.5413 2.5567 2.4746 3.1273 2.5567 3.5347 2.3051 2.5336 2.9014 3.1558 2.4818 2.7656 2.3991 2.3991 2.3925 3.1133 3.2787 2.6130 2.5725 2.5336 2.6818 2.4057 2.5966 2.4464 0.9707 2.9356 2.6298 2.3051 2.6907 2.6641 0.7294 2.3051 3.1273 2.2586 2.9591 2.4890 2.8363 2.9356 2.5413 2.4890 2.4746 2.7953 2.4327 2.7656 2.9126 2.8683 2.6998 0.0000 2.1824 2.4818 2.7463 2.4534 2.4464 2.7559 2.9356 0.1424 2.5185 3.2466 3.0205 2.8363 2.9014 2.7559 2.7274 0.0793 2.8683 2.7181 2.9241 3.0461 2.8575 3.1704 2.6298 2.8792 2.6130 2.8792 0.0357 2.7089 2.8156 2.4890 2.6130 2.1266 2.6468 2.3292 2.5885 3.1273 3.2787 2.2874 2.5336 3.2309 0.0567 2.6554 2.7754 2.4258 2.8683 2.5336 2.6048 2.6641 3.5347 2.8156 2.8259 2.4890 2.9473 3.1133 0.0717 2.6214 3.2625 2.8469 2.8469 14.9678 3.0724 2.9014 2.8363 2.6382 1.0553 2.6554 2.6554 2.4890 3.3634 2.6048 2.6907 2.9832 0.1159 3.0332 2.5110 3.0332 2.6214 3.9472 2.8156 4.3410 2.5110 2.4534
PLLG_Bemisia_tabaci_pesti-like_virus_1_isolate_ZJU-Q2_E_1429-1600_ESMFold 2.6298 2.2815 2.6998 2.3603 2.9473 2.5966 2.6048 2.2035 2.3795 2.4124 2.5260 2.3051 2.1566 2.5336 6.5149 2.4191 2.2035 3.0332 2.1824 2.2473 2.1266 3.5766 2.0787 3.6423 1.9320 2.6298 2.0067 2.3540 2.5336 2.2473 2.2932 1.9645 2.2035 2.3667 2.7181 2.1120 2.4395 2.3292 2.1266 2.2473 2.0928 2.1023 3.0332 2.2089 2.1516 2.2932 2.0694 2.2417 2.3231 1.9811 2.7089 2.3795 2.1120 2.3991 2.4746 2.2473 2.1023 2.4675 2.3731 2.2643 0.3593 2.6468 2.3991 2.6818 2.5490 3.2466 2.0976 3.6423 2.0024 2.3171 6.2309 1.5915 2.1876 2.1929 2.5966 4.3791 2.2362 7.5496 2.2089 2.4675 2.1772 2.0331 2.6907 2.3603 3.2951 2.3603 1.9769 2.5805 2.2197 2.5336 2.3603 2.3540 2.3667 2.0111 2.2089 2.4963 2.7089 2.7274 2.1415 2.1566 2.5567 2.2643 3.1852 1.9939 2.6468 2.4191 3.6883 2.9711 3.8373 2.7754 2.6729 2.3603 2.4818 2.0154 2.3540 2.6998 2.2700 2.3991 2.2306 2.2643 3.3459 2.4746 2.2035 2.3111 2.3991 2.5036 3.2625 2.4746 2.2473 1.9645 1.9521 2.3991 2.2473 3.0724 2.9473 2.3051 2.4534 4.0057 1.9981 2.2362 2.2035 3.9188 2.5885 2.2035 2.1720 2.4818 2.6048 2.4746 2.2529 2.4124 2.2700 2.0465 2.4464 2.3667 2.2874 2.0602 2.3795 2.2586 2.3354 2.3667 2.2143 2.4890 2.4534 2.4327 2.1824 0.0000 2.2815 2.2473 2.5036 2.2815 2.2700 2.1365 2.7089 2.9955 2.3051 2.4464 2.6468 2.0465 2.2362 2.2089 2.3860 2.4818 4.3039 3.0724 2.0465 2.2143 2.7368 2.1316 2.7368 2.4395 2.4395 2.5336 2.5036 2.0242 2.0740 1.7949 2.6298 2.3051 3.2466 3.1852 2.6130 2.7463 2.3667 3.0079 3.6200 2.2529 2.3171 2.6998 2.4395 2.6818 2.7274 2.2362 2.7559 8.2714 2.0834 2.4746 2.2089 2.6298 2.1824 2.3667 2.6729 2.8363 2.0834 2.3111 2.2417 2.3795 2.7274 2.1415 2.1415 2.7953 2.6641 3.0332 2.2700 2.7754 1.6369 2.2143 2.0465 2.4464 2.5490 2.0198 5.7354 2.6048 1.9562 2.1415 2.3478 2.1668 2.3667
FJMB_Donggang_virus_E_303-793_AlphaFold 2.9014 2.2700 2.7463 1.0600 3.6883 2.4327 2.9711 3.2787 2.2473 1.3365 2.9832 2.6468 0.4784 3.0205 2.7656 3.5981 2.8683 0.9413 2.6130 0.9650 0.7917 2.6214 0.8737 2.7953 3.1414 2.7953 2.7463 0.5353 0.7964 0.2290 1.3599 3.0592 3.1704 0.9223 0.8312 1.2913 0.9223 2.6382 0.9182 2.6130 0.8094 2.7089 0.7987 2.7953 1.0902 2.2874 2.5185 0.5108 2.5110 0.9223 2.8902 2.8792 2.7463 2.8902 2.2815 1.6907 2.2932 0.9980 2.4534 1.3929 3.0995 2.5567 0.8931 1.0010 2.2991 0.9345 2.8259 2.5966 1.3556 1.5299 3.1273 3.1414 2.6382 1.4270 2.6130 3.0724 1.1502 2.9126 2.7754 2.8902 0.9277 1.0553 0.8385 1.2893 2.6130 0.8788 1.1081 0.8361 0.9764 0.8275 1.5589 2.7559 2.6382 2.6130 2.5110 2.7953 0.8142 0.7617 1.9769 2.2529 1.4178 3.1558 1.2953 3.4944 0.8484 1.5145 1.4155 2.3111 2.2252 2.9832 1.4340 1.2349 2.6998 1.2933 0.8597 2.2757 2.4534 2.9014 0.8275 2.8469 3.5144 1.2973 0.9496 2.4890 2.7463 0.8398 2.7181 3.0205 0.7754 1.0278 1.1264 2.8792 1.4224 2.1316 1.0039 2.8156 1.8967 2.4675 1.2578 1.1131 3.1704 3.3287 1.3621 2.9356 2.4395 2.5725 0.8251 3.2309 2.5725 0.8094 2.8054 1.2482 2.1617 0.9277 2.0331 1.9280 0.9608 2.7463 1.5860 2.6818 2.0602 1.0308 0.5606 2.7656 2.4818 2.2815 0.0000 0.9821 3.0332 2.0111 0.9386 2.5805 2.3416 1.4178 0.9778 0.8892 2.7853 0.7731 1.0247 0.8435 2.4191 1.0187 3.4177 2.5036 0.8905 2.2473 0.9893 1.7778 3.3287 0.9277 1.2501 2.6298 2.6907 0.9277 2.6907 2.9014 3.3993 1.4943 2.4604 2.7953 1.4529 2.5185 2.7754 3.2154 2.8054 2.6048 1.5562 2.2932 2.8683 1.0217 1.2993 2.9473 0.8775 2.6729 2.5725 0.5697 2.8156 1.6969 3.0995 2.4675 2.9591 3.0592 1.0679 2.8792 2.5646 1.4387 2.5646 3.2154 1.3862 2.9241 2.9711 3.7856 2.8575 2.8683 3.2002 1.0128 1.1231 2.3292 2.1566 2.4327 2.6048 2.6998 2.5260 1.0742 3.0461 3.2787 2.6048
FJMB_Ntaya_virus_E_290-785_AlphaFold 2.8054 2.3354 3.0079 1.1231 2.4395 2.5413 3.0592 3.3459 2.6382 1.2636 2.4890 2.6468 1.0854 2.8156 3.6423 3.3634 2.6214 0.8118 2.6641 1.0742 0.5606 3.2002 0.9331 2.2874 2.7656 2.6468 2.8469 0.8711 0.4651 0.9721 1.4918 2.8156 3.4944 0.1273 0.4751 1.3386 0.6436 2.5413 0.7720 2.5185 0.5569 2.6641 0.5344 2.9591 0.9455 2.3925 3.2466 1.0217 2.5646 1.2070 2.7853 2.6998 2.5567 2.8469 2.1266 1.4894 2.3051 1.1764 2.3925 1.2520 2.7656 2.4191 0.9250 0.9169 2.6048 0.6210 3.0724 2.9955 1.3578 1.4993 2.7559 2.7181 2.5805 1.3323 2.7559 2.3925 1.0010 3.9188 3.2951 5.8119 0.1804 1.1818 0.7917 1.5170 2.8259 0.4618 1.1332 0.5186 1.1181 0.4610 1.4270 2.5490 2.8469 3.1133 2.5036 2.6214 0.9951 0.4793 2.0331 2.4395 1.3973 2.6998 1.2387 2.9014 1.0173 1.2016 1.1907 2.0834 2.6641 2.9711 1.4625 1.2293 3.0592 1.1676 0.4693 2.2932 2.4191 2.6641 0.5651 2.7656 2.6907 1.2873 0.9263 2.5646 2.8575 0.4793 2.7853 2.7463 0.9304 1.1659 1.1997 2.8363 1.3773 2.6818 0.9023 2.7274 1.8591 2.9356 1.3239 1.2368 3.4944 3.4363 1.4968 2.6048 2.8054 2.6907 0.5300 2.7181 2.8683 0.5064 2.4057 1.3535 2.7656 0.1103 2.1720 2.0375 0.7731 2.5725 1.6545 2.8259 2.4464 0.5978 1.0024 2.8902 2.7463 2.2473 0.9821 0.0000 2.8054 2.5490 0.7905 2.2586 2.5336 1.3795 1.1519 0.1988 2.6382 0.9864 1.1694 0.5371 2.5885 0.8348 2.9356 2.7853 0.7426 2.4604 1.0247 2.0694 3.1852 0.9155 1.1871 2.5567 2.4963 1.0024 2.6468 3.1273 3.7856 1.4458 2.6214 2.8683 1.2993 2.2529 2.6907 2.5885 2.3416 2.6998 1.5018 2.6729 2.8902 0.5865 1.4132 2.7089 0.6132 3.4177 2.8054 1.2715 2.1071 1.7062 3.6883 2.5413 3.2309 3.9761 1.2218 3.0592 3.5766 1.4553 2.7274 2.7463 1.3219 3.2002 2.8575 3.3118 2.7953 2.8259 2.9955 1.0616 1.2734 2.3860 2.3111 2.9591 3.1704 2.8902 2.2815 1.1468 2.7656 3.4363 2.9473
PLLG_Flaviviridae_sp._isolate_TIGMIC_28_E_884-1354_ESMFold 0.0213 2.4395 3.5347 2.3603 2.4963 2.8156 2.5185 0.2284 2.1668 3.2309 2.7656 0.2182 2.6554 2.8469 3.1133 3.7605 0.1865 2.6907 2.9356 2.5490 2.8683 2.5805 2.9591 2.9591 2.0928 2.3540 0.1612 2.5725 2.4890 2.7274 3.2309 2.6214 0.2239 2.4464 2.5490 2.9473 2.8259 2.7656 2.8792 0.1171 2.4963 0.0151 2.5185 2.8156 2.7559 2.5110 2.6048 2.4746 2.7368 2.6907 2.5646 0.0958 2.9356 0.0030 2.6048 3.3993 2.2035 2.5110 2.5966 3.2154 2.0787 2.8259 2.8902 2.8259 2.3667 2.5646 2.8469 2.8683 3.3459 2.4675 2.3731 2.8363 0.1251 3.1273 2.6298 2.5646 2.8902 3.2002 3.0332 2.8902 2.7953 2.5646 2.7274 2.8792 3.4747 2.6729 2.4464 2.7089 2.6998 2.6554 2.4258 2.3292 0.0213 2.6468 2.3603 2.6641 2.7089 2.5805 2.5725 2.2417 2.5036 0.1933 2.3795 2.9473 2.5185 3.1133 2.6298 2.7089 2.5185 2.7953 2.6729 3.3812 2.5110 2.6382 2.7089 2.9832 2.3540 0.1660 2.7853 0.0151 4.1308 2.9591 2.7089 2.9591 0.0091 2.5725 2.5966 0.0914 2.5885 2.6641 2.5036 0.0111 3.1133 2.4395 3.5347 0.1672 2.4057 2.6298 3.1133 2.5567 0.2239 2.6048 2.6729 0.1459 2.7181 2.7463 2.6729 3.2625 1.9896 2.5885 2.6998 3.0205 2.4464 2.5567 2.7656 2.4327 3.4747 0.1612 2.8902 0.0167 3.2154 2.5966 2.8575 0.0070 2.4534 2.5036 3.0332 2.8054 0.0000 2.4890 2.6729 2.5490 2.3292 3.1133 2.6729 2.6298 2.6048 2.7953 2.7181 2.5260 2.5185 3.1133 3.5766 2.8683 2.4258 2.5646 2.7656 2.4464 3.0332 2.7559 3.4553 2.5413 2.4327 2.5805 0.1890 2.7368 2.0375 3.3287 2.7181 2.8902 2.6998 2.3925 0.0050 3.1133 2.9832 2.5036 3.1704 3.1133 0.0151 2.7089 3.1704 0.1482 2.6729 2.7274 2.9955 2.8792 2.6729 2.8156 2.7853 2.6729 2.8683 2.9014 2.4890 2.4890 2.5260 2.4395 2.4818 2.6729 2.9473 2.5567 3.4944 3.1852 0.0070 2.9473 1.7446 2.3292 2.5725 2.3231 2.8792 2.7368 2.7181 2.2089 2.4258 2.9014 2.5185 0.2265 0.0187
FJAF_Harrimaniidae_flavivirus_E_257-629_AlphaFold 2.3991 2.2586 2.5646 1.9083 3.1273 2.4124 3.2309 2.7181 2.6907 1.9896 2.2757 2.9473 2.1617 2.9126 3.6883 1.9896 3.0461 2.1071 2.2529 2.2586 2.3416 2.3795 2.0154 2.0024 2.4963 2.3795 2.9126 2.2035 1.8967 1.9854 2.4963 2.8902 2.7181 2.0242 2.1824 2.0242 1.9769 2.6048 1.9603 2.9014 1.9240 2.5805 2.0740 2.8054 1.8777 2.3925 2.5110 2.0740 2.6382 2.4124 2.5885 2.9473 2.2362 2.7368 2.4963 1.9521 2.1929 1.9854 2.0928 1.8193 2.8469 3.0205 2.3354 2.1415 2.0881 1.9981 3.0859 3.1273 1.9728 2.1566 2.9591 1.9161 2.7853 1.8300 3.0859 2.6298 2.1168 2.9832 2.9473 2.5725 1.9400 1.8264 1.8628 1.8123 2.8259 1.9161 2.0694 2.1824 1.9122 1.9161 1.9521 2.5110 2.4818 2.6048 2.4327 2.1982 2.3478 1.9896 2.1566 2.1516 2.6641 3.0859 2.1668 2.5036 2.3171 1.8891 1.8967 2.1266 2.4327 3.3993 1.8229 1.8891 2.5966 1.8853 1.9896 2.6048 2.2252 3.0079 2.0024 2.6048 2.3667 2.0787 1.9939 2.7089 2.4191 1.9854 2.4746 2.9356 2.1023 1.9645 2.0111 2.7953 1.8853 2.1929 2.2815 3.0205 2.0928 2.7559 1.9686 1.9320 2.7181 2.9832 1.9939 2.8259 2.4963 2.3051 2.1365 2.6130 2.7559 2.0740 2.0242 2.2529 2.8575 2.0602 2.2991 2.1071 2.1120 2.9014 2.1982 2.7274 2.1516 2.2700 2.1876 2.6048 2.4464 2.2815 2.0111 2.5490 2.4890 0.0000 2.2035 2.3111 2.2197 1.9981 1.9400 1.9939 2.3111 2.0834 2.1668 2.0834 2.6998 2.1415 2.4818 2.0331 2.1023 2.3171 2.2089 1.5094 3.1558 1.7157 1.8777 2.7089 2.3354 2.8156 2.6907 2.5805 2.5490 2.2143 2.3860 2.9014 2.0834 2.3111 2.4818 3.2787 2.9014 2.6298 1.9201 2.4124 2.4818 2.3354 1.9645 2.8683 2.0286 3.0461 2.4534 2.4191 2.7754 1.9686 2.6048 2.7089 3.0461 3.1133 1.8929 2.8156 3.3118 1.9240 2.4464 3.8112 2.0787 2.8792 2.2252 2.7181 2.4890 4.7671 2.6298 2.0024 2.3540 2.0602 2.3292 2.5036 2.9955 3.1558 2.8363 2.0242 2.6907 2.7181 3.0205
FJMB_Aroa_virus_strain_Macaray_01809_E_287-778_AlphaFold 2.7853 2.3231 2.9955 0.9864 3.1558 2.0740 3.1852 2.8469 2.3354 1.3535 2.2991 2.7274 0.9169 2.9014 2.8363 3.7360 2.5646 0.7940 2.3478 1.0476 0.7999 2.8902 0.8622 2.9955 3.4177 2.6998 2.7559 0.9062 0.6772 0.9049 1.6574 2.6907 2.7754 0.7754 0.6659 1.4363 0.6122 2.1617 0.7824 2.6130 0.6278 2.5646 0.6608 2.9711 0.9735 2.2586 2.3231 0.9441 2.7181 1.1961 2.8575 2.5490 2.3991 2.8363 2.0420 1.6604 2.1465 1.0113 2.3051 1.1624 2.5336 2.6907 0.8447 0.8970 2.5336 0.5969 2.7853 2.4057 1.3116 1.5403 3.4747 2.9832 2.6907 1.2559 2.9126 3.2951 1.0024 3.0592 3.0592 3.1133 0.7437 1.0679 0.7824 1.3116 2.4191 0.6960 1.0247 0.6700 0.9692 0.6731 1.4968 2.8469 2.5646 2.8259 2.4124 2.2529 0.9386 0.6608 1.8193 2.0602 1.3323 2.6998 1.1835 3.0079 1.0647 1.2218 1.1468 2.4057 2.1720 2.8363 1.2311 1.2893 2.7754 1.1835 0.6834 2.1720 2.2700 2.7559 0.7228 2.7181 2.9356 1.1382 0.9441 2.2586 2.6298 0.6929 2.7754 2.5567 0.9182 1.0278 1.0999 2.6729 1.2406 2.4604 1.0999 2.6907 1.7577 3.0724 1.2873 1.0507 2.7754 3.0995 1.3344 2.7853 2.1217 2.2815 0.6567 3.1273 2.6214 0.7024 2.3111 1.4132 2.7853 0.7708 1.9521 2.0111 0.6960 2.4534 1.5222 2.6818 2.2417 0.5940 0.8866 2.5725 2.7559 2.2700 0.9386 0.7905 2.6729 2.2035 0.0000 2.1617 2.2991 1.4746 1.0010 0.7415 2.8054 0.9496 1.0461 0.6659 2.6641 0.6908 3.3993 2.2643 0.1194 1.9481 1.0553 1.6846 3.2309 0.8892 1.2425 2.5966 2.4963 1.0726 2.8054 2.5966 5.0250 1.7094 2.8792 2.9955 1.3840 2.1876 2.7463 6.5149 3.0461 2.7274 1.5430 2.7656 2.6554 0.5818 1.4601 2.7559 0.5978 2.8792 2.4675 0.9879 2.3540 1.5430 2.9473 2.9126 3.6423 3.5555 1.1382 2.8363 2.5413 1.5750 2.2643 3.0461 1.3136 3.1558 3.0859 3.2787 2.6382 3.2154 3.0995 0.9707 1.1606 2.2035 2.0375 2.3111 2.6818 2.8156 2.5646 1.0323 3.0332 2.6554 2.8054
FJIS_Nienokoue_virus_isolate_B51CI2004_E_315-698_AlphaFold 2.5260 3.1704 2.7559 2.4327 2.6729 0.6377 2.5110 3.3812 2.4890 2.5966 0.7153 2.5805 2.5567 2.9591 3.6651 3.0995 2.8156 2.9473 0.6268 2.3991 2.3051 2.5646 2.5646 2.3795 2.8259 0.6397 2.6298 2.3051 2.2815 2.3111 2.6641 2.9955 3.3993 2.4890 2.4124 2.4534 2.3051 0.7640 2.5185 2.4395 2.3171 2.5260 2.3795 2.9241 2.3991 2.3603 1.7252 2.3051 3.0995 2.6641 2.8259 2.4818 1.4317 2.5413 1.6545 2.4890 1.1519 2.5490 3.1133 2.8156 2.6382 2.5805 2.3991 2.4890 1.2520 2.5036 2.4464 1.5750 2.1465 2.2586 3.0724 2.2586 2.4395 2.8469 2.8259 2.7089 2.5336 2.4604 2.9955 3.0205 2.3860 2.4890 2.4464 2.9356 1.3795 2.2700 2.2143 2.3416 2.4675 2.2473 2.2529 2.5336 2.2815 2.7656 1.5860 1.0902 2.1876 2.3478 2.4534 1.0384 2.3731 2.4604 3.0205 3.1558 2.5490 2.7559 3.0079 2.4395 1.1694 3.1558 2.8469 3.0461 3.0461 2.4395 2.3416 0.9622 1.4722 2.5646 2.1365 2.2991 2.9832 2.4191 2.2700 1.4340 2.6641 2.4191 2.7274 2.4191 2.2473 2.2932 2.6468 2.4534 3.1273 2.8469 2.6998 2.4604 3.0079 2.8575 3.1704 2.3111 3.3993 2.5805 2.7754 2.6382 1.6253 0.6142 2.5567 2.6468 3.1133 2.3171 1.4869 3.5766 1.3642 2.5885 0.8572 2.1120 2.5185 2.6554 2.5966 2.5646 2.3292 2.5490 2.6641 2.2991 2.9356 2.1365 2.5805 2.2586 2.5490 2.3111 2.1617 0.0000 2.5567 2.4534 2.4746 2.3603 2.7656 2.5036 2.4124 2.4464 3.0724 2.6818 2.6214 0.5353 2.3603 2.1120 2.4395 2.5110 3.0859 2.3171 2.0242 3.1133 0.6477 2.5885 2.3667 2.9955 2.2473 2.8156 2.4327 1.5247 2.4604 0.6876 2.5966 2.5805 4.4579 2.9473 2.1617 0.5950 2.4327 2.6818 2.2473 2.6130 2.5110 2.9832 2.4395 2.6554 0.6992 2.3416 2.5885 2.8575 2.4534 3.0461 2.3991 2.7463 3.2466 2.2417 0.6229 3.0859 2.6382 2.8259 1.0967 2.8683 2.6468 2.9014 3.2466 2.4746 2.3111 3.2625 0.8983 1.6634 2.3478 3.1273 2.5036 2.2089 2.9126 3.2154 2.4395
FJJI_Jingmen_tick_virus_isolate_TTP-Pool-3b_segment_2_orfVP1_E_325-528_ESMFold 2.3478 0.0837 0.6731 2.6907 3.4177 2.3731 2.5725 2.4675 2.4327 3.2625 2.2035 2.7463 2.9591 2.9241 10.6058 2.4327 2.4395 2.5805 2.9356 3.1852 2.7559 2.2417 2.4464 2.6130 3.7360 2.9591 2.4746 2.9014 2.9356 2.3540 2.6729 3.2787 2.4675 2.5185 2.2089 3.1133 2.7754 3.0332 2.6048 2.2586 2.3051 2.2874 2.6468 2.2529 3.2466 2.6214 2.6641 2.8363 0.1853 2.7656 2.7368 2.3231 2.8575 2.3354 2.3731 2.7754 2.5036 2.8683 0.1412 2.8363 2.9591 2.3231 2.6382 2.7754 2.3860 2.5567 2.6130 2.6907 3.5144 2.4604 3.9472 2.4464 2.1929 2.6818 3.5144 1.2368 2.4746 2.6907 3.2309 3.7119 3.5981 2.7274 2.4963 3.0724 2.3795 2.6998 2.7274 2.5966 2.6048 2.7463 2.3540 2.5336 2.3171 0.2138 3.8112 2.5336 3.1704 2.7754 3.3812 2.6907 2.9711 2.3603 2.0602 4.8661 2.9126 3.0461 2.5725 0.0717 2.3603 3.1704 2.4746 2.5336 0.1148 2.2643 2.6641 2.5260 2.3171 2.5567 2.5185 2.2306 2.9955 2.9014 3.6423 1.9854 2.3292 2.3292 3.4944 2.2586 3.0592 2.6998 2.4327 2.2991 2.7559 2.7368 2.3795 2.3354 2.5490 3.5144 2.6641 2.9711 2.4675 1.6224 2.9711 2.6382 2.1929 2.2991 2.4191 0.9009 2.2473 2.5490 2.3860 2.5885 2.0556 2.5805 2.6214 2.1772 2.7754 2.4963 3.0205 2.3171 2.5805 2.6554 2.4395 2.2815 0.1424 2.7089 2.3416 2.5336 2.3292 2.2197 2.2991 2.5567 0.0000 2.7953 2.5885 3.2625 3.0724 2.5966 3.2466 2.6818 0.1792 2.6298 2.3603 3.7119 3.9472 2.6907 5.5190 2.3231 2.5413 3.3459 2.6468 0.1553 2.7181 2.7368 2.6130 1.9562 2.2757 2.6729 2.2473 2.9711 2.5805 2.7754 2.3540 4.4579 5.1383 0.1342 2.4057 2.3540 2.3051 2.6468 2.4963 2.5725 2.5885 4.3791 2.1316 3.0592 2.9711 3.3993 2.1929 0.1744 2.7089 2.8259 2.6641 2.5646 2.7463 3.0079 2.6641 2.8156 2.2473 1.0278 3.0995 3.1273 2.4327 3.0995 2.2197 2.8259 3.0592 0.2038 2.7559 3.3118 2.5260 2.2932 2.9955 2.3667 2.6998 2.4534 2.2874
FJNV_Phnom_Penh_bat_virus_strain_30834_A38_E_274-662_AlphaFold 2.6130 2.8792 2.7368 1.2675 3.9188 2.7274 2.6048 3.2625 3.0995 0.6866 2.2089 3.6200 1.5750 3.4363 2.5885 2.6998 3.3287 1.6082 2.7853 1.5377 1.3862 2.4818 1.4625 2.6641 2.7368 2.7559 3.0461 1.5778 1.2734 1.3884 1.1181 2.9955 3.2951 1.4819 1.4993 0.0367 1.4387 2.7274 1.4458 3.2154 1.2793 3.2625 1.4132 2.9473 1.2598 2.3795 2.1772 1.5696 2.4057 1.5723 3.1273 3.0205 2.1023 3.0724 2.1876 1.8967 2.1365 1.2444 3.2787 1.0854 2.9356 3.1273 1.5669 1.3751 2.6729 1.5778 3.0079 2.3354 1.1365 0.7606 2.6382 2.5413 2.8683 1.0870 2.9955 3.0859 1.5696 2.4604 2.8469 3.1273 1.4844 1.2125 1.3642 1.0173 2.3860 1.2734 1.3198 1.3795 1.2199 1.2695 0.7283 2.7089 3.1414 2.8792 2.8683 2.1929 1.2973 1.3386 1.9440 2.2197 0.6649 3.2002 1.1114 2.8054 1.5145 1.0553 1.0934 2.6130 2.3416 3.1852 0.7595 0.9980 2.7181 0.9879 1.2598 2.6998 2.4604 3.9472 1.2893 3.0724 2.6554 1.0507 1.5247 2.4604 2.9356 1.4844 2.9832 3.1704 1.3578 1.3471 1.3260 3.1133 1.1081 2.6048 1.4844 3.0724 2.0648 2.3354 1.1747 1.1694 3.2951 2.6554 1.4201 3.3993 2.0928 2.9241 1.4387 2.5260 3.3118 1.4201 2.2197 1.0854 2.6130 1.4673 2.5490 1.7711 1.4064 3.1133 1.7381 3.2625 2.3416 1.5805 1.4270 3.4177 2.5185 2.9955 1.4178 1.3795 3.1133 1.9981 1.4746 2.4534 2.7953 0.0000 1.2144 1.4697 2.8575 1.5094 1.2559 1.3795 2.6298 1.4529 2.9126 2.5805 1.3973 2.0375 1.5482 1.8554 5.5890 1.3344 0.9707 2.8902 2.6382 1.5273 2.9832 2.1217 4.1308 1.1264 2.4191 2.4395 0.7327 2.8363 3.2002 3.5555 3.0592 2.7953 1.5044 2.5185 3.2154 1.5482 0.7360 3.1558 1.4481 2.6641 2.6818 1.7189 2.3231 1.6369 2.9014 2.5336 2.8363 3.2466 1.2933 2.4534 2.7656 1.4458 2.9126 3.3459 1.1711 2.6468 2.7559 2.9591 3.0859 2.9711 2.6818 1.2034 1.3428 3.3287 2.4258 2.6298 2.9356 2.7274 2.4890 1.3535 3.4944 3.2951 3.6200
FJMB_Fitzroy_River_Virus_strain_K73884_E_283-765_AlphaFold 2.5805 2.3354 2.6998 0.7437 3.0205 2.5567 2.9832 2.7181 2.1566 1.5069 2.3731 2.5036 1.1764 2.8156 2.5885 3.7360 2.4534 1.0414 2.4675 1.0399 1.0631 2.2815 1.0083 3.3459 2.5413 2.6214 2.5885 1.1571 0.9922 0.9922 1.1889 2.6818 2.7181 1.0983 1.0616 1.2107 1.0143 2.6298 1.0445 2.5966 0.9821 2.4124 0.9399 2.9473 1.0616 2.3795 2.5490 1.1231 3.0332 1.2933 2.3416 2.5036 2.3795 2.5805 2.1929 1.5222 2.1465 0.0760 2.4464 1.2813 2.9126 2.7181 1.0522 0.8983 2.9126 1.1782 2.6729 2.9591 1.2070 1.3054 2.6907 3.1273 2.4890 1.3951 2.9014 2.6641 1.2893 2.9832 2.7853 3.1133 1.0854 0.5799 0.9441 1.1606 2.8259 1.0886 0.5309 0.9966 0.0409 0.9893 1.3686 2.8363 2.7089 2.7656 2.3171 2.3354 1.0069 0.9922 1.8967 2.1316 1.3323 2.6382 1.3492 3.0859 1.1925 1.4178 1.1247 2.4604 2.4604 2.9832 1.0967 1.1659 2.6130 1.2349 0.9650 2.2643 2.4534 2.4675 1.0069 2.6468 4.3039 1.1853 1.0491 2.2991 2.4963 1.0553 2.5110 2.8902 1.0187 0.7272 0.5282 2.6998 1.3365 2.4124 1.0476 2.7368 1.8702 3.8112 1.3075 0.6638 2.7181 3.2466 1.2520 2.6554 2.2815 2.7463 0.9678 3.0995 2.4534 1.0414 2.3603 1.2218 2.4604 1.0491 2.0465 2.0648 1.2218 2.6818 1.6054 2.4675 2.2815 1.2070 1.0967 2.6214 3.2466 2.3051 0.9778 1.1519 2.6729 1.9400 1.0010 2.4746 2.5885 1.2144 0.0000 1.0663 2.8683 1.1782 0.7999 0.9922 3.1704 1.1943 2.7559 2.5336 1.0173 2.2874 1.1871 1.7880 2.6818 0.9749 1.2052 3.1273 2.9832 1.3578 2.6130 2.5260 3.2625 1.3686 2.4191 3.1414 1.3599 2.6729 2.6048 3.3459 2.5260 3.0859 1.3973 2.5966 2.5725 1.2293 1.1382 2.6554 1.1332 2.8363 2.8156 1.3014 2.2932 1.5351 2.4124 3.7856 3.2309 2.8792 0.5353 2.9356 2.8792 1.3578 2.7181 2.5885 1.3054 2.6907 2.6554 3.0461 2.6048 3.0592 2.7368 0.6982 0.4709 2.7656 2.3416 2.4124 2.6468 2.7559 2.4604 0.5203 2.7181 2.6130 2.6214
FJMB_Tembusu_virus_flavivirus_E_288-785_AlphaFold 2.8469 2.5490 3.9472 1.0600 3.1414 2.4890 3.1133 2.7089 2.2252 1.2406 2.3925 2.6729 1.0308 2.8363 3.1133 4.1638 2.4327 0.7940 2.5966 1.0369 0.5452 2.5260 0.8686 2.4534 3.2466 2.7368 2.5185 0.8178 0.4280 0.9263 1.4993 2.5567 2.7089 0.2013 0.5039 1.3664 0.5959 2.4464 0.6577 2.6468 0.4635 2.6998 0.5134 2.7274 0.9496 2.0154 2.5725 0.9223 3.3993 1.2034 2.4818 2.6468 2.3860 2.6641 2.0694 1.8158 2.1516 1.0822 2.6554 1.2578 3.2951 2.5725 0.9622 0.9036 2.3478 0.6055 3.0205 3.9188 1.3471 1.3951 3.3118 2.1566 2.7853 1.3219 3.5144 2.6818 0.9678 3.6200 2.8156 4.0669 0.0378 1.0854 0.7067 1.4132 2.8575 0.4784 1.1032 0.5195 1.0187 0.4391 1.4293 2.5490 2.7953 2.9955 2.4124 2.3231 0.9427 0.4375 2.0465 2.2932 1.4064 2.6048 1.2349 3.0461 0.9650 1.1365 1.3773 2.4395 2.6214 2.8259 1.5535 1.2330 2.8575 1.2181 0.4529 2.2362 2.3540 2.6468 0.5056 2.6998 3.6651 1.2016 0.9223 2.4534 2.7181 0.4936 3.2787 2.6554 0.8788 1.1451 1.1399 2.7089 1.2973 2.5885 1.0010 2.7656 1.6456 2.7853 1.3929 1.1349 2.7089 3.5981 1.4894 2.6048 2.4746 2.2362 0.5560 3.2002 2.6554 0.4701 2.4258 1.3862 2.6382 0.1853 2.1982 2.1365 0.7561 2.4604 1.4577 2.6214 2.5110 0.5903 0.9441 2.8259 3.0205 2.4464 0.8892 0.1988 2.6298 1.9939 0.7415 2.3603 3.2625 1.4697 1.0663 0.0000 2.6554 0.9036 1.1365 0.5762 2.7368 0.7471 3.0461 2.2473 0.6537 2.2586 0.9966 1.8853 3.1704 0.8944 1.2293 3.1558 2.6554 1.0010 2.6818 2.8054 4.8160 1.4317 2.5490 3.3459 1.2387 2.1266 2.6554 3.7360 2.9241 2.9591 1.5778 2.7089 2.7089 0.5922 1.5170 2.6641 0.5679 3.1558 2.5336 1.1098 2.3111 1.7189 3.3812 3.0079 3.2951 4.4988 1.1434 3.0461 2.9126 1.5669 2.4258 2.9014 1.3260 3.2154 2.6729 3.3993 2.7274 2.8683 2.7953 1.0679 1.0983 2.5725 2.2362 2.5885 3.8112 3.4363 2.6998 1.1197 2.5725 2.8054 2.7274
FJUN_flavi_salt_marsh_ORF170_SRR11829261_E_276-745_AlphaFold 3.4363 3.0859 3.0592 3.0724 3.2625 2.4818 3.0461 3.2002 2.3991 2.5490 2.6048 2.8902 2.5725 3.1558 3.6423 2.3991 3.2951 2.4395 2.9014 2.6214 2.8469 2.6907 2.7463 2.6214 2.5646 2.6554 2.7089 2.7853 2.4675 2.5413 2.8902 2.1824 3.2002 2.1929 2.7953 2.6214 2.2815 2.8792 2.5110 2.8469 2.7368 2.5490 2.7754 3.0724 2.5966 2.7853 2.6554 2.2035 2.9832 2.6554 2.7656 3.2154 2.8363 2.7274 3.4553 3.1414 2.5490 2.9126 3.7605 2.8054 2.6729 3.3118 2.8259 2.5567 3.1704 2.6468 2.9014 2.5036 2.5805 2.8902 4.4579 2.1168 3.1852 2.8156 2.6298 2.8469 2.9241 3.0332 2.6554 2.4464 2.5413 2.9356 2.4746 2.5966 2.6729 2.6130 2.7274 2.9711 2.3171 2.7274 2.6048 2.9126 2.8259 2.7463 2.3795 2.5725 2.5260 3.0205 2.5336 2.5413 2.4191 3.6651 2.9241 2.5185 2.6554 2.7181 2.4191 3.3287 2.5110 3.1414 2.6729 3.4363 3.0724 2.8054 2.5966 2.5885 2.6818 3.1704 2.5725 2.6998 3.3118 2.7953 2.7853 2.6729 2.6298 2.9126 3.4747 3.2787 2.7089 3.3812 2.5185 2.5725 3.1414 2.6130 2.6298 3.2951 2.7656 3.2466 2.8363 2.5805 3.2002 3.3459 2.6641 2.9473 3.0332 2.7559 2.6641 3.1133 2.7754 2.5567 2.5185 2.7754 2.8054 2.1824 2.5036 2.6468 2.4746 3.6200 3.0859 2.8575 2.7953 2.7181 2.6382 2.6298 2.8363 2.6468 2.7853 2.6382 2.6048 2.3111 2.8054 2.7656 3.0724 2.8575 2.8683 2.6554 0.0000 2.4395 2.9126 2.6818 2.8469 2.6818 2.6382 2.8363 2.4746 2.7656 2.7853 2.6554 2.9832 2.6641 2.1516 3.1558 2.6818 2.3540 3.2154 2.6641 2.3603 2.8575 2.7853 2.4258 2.7656 2.7181 2.6130 3.5981 4.0985 2.9591 2.6298 2.6048 2.8902 2.7559 2.9356 2.9241 2.7559 2.7181 2.9832 3.0079 2.1023 2.6298 2.8156 3.0592 2.8792 3.5144 2.4746 2.3540 2.9591 2.5567 2.6818 2.9591 2.5413 3.0592 2.4327 2.8469 2.5490 3.7605 3.3812 2.6214 2.6907 2.8902 2.4057 2.1982 2.8575 3.2625 2.9356 2.5646 3.0461 3.3118 2.6298
FJMB_Binjari_virus_isolate_BFTA20_E_294-788_AlphaFold 2.9711 2.3171 2.9832 1.2425 3.5981 3.0079 2.6130 2.6641 2.2757 1.4109 2.6298 2.7463 0.9566 3.0995 3.0592 3.9188 2.8054 1.0098 2.6641 1.2675 1.0039 4.3039 1.0187 2.5805 2.2757 2.9591 2.8054 0.7077 0.9538 0.7777 1.4968 2.7754 2.6641 0.9664 0.9879 1.4410 0.9236 2.3860 1.0054 2.8469 0.9608 2.8363 0.9980 2.8469 1.0600 2.2700 2.5725 0.8214 3.2154 0.9209 2.5805 2.6729 2.6214 2.6729 2.3603 1.7413 2.0648 1.1961 2.7953 1.3973 2.2252 2.8575 0.9821 1.1729 2.3667 1.0232 2.7181 2.9241 1.3556 1.3471 5.3848 2.5646 2.8575 1.3795 2.7853 3.1133 1.2052 3.1704 3.0205 3.3118 0.9209 1.1907 0.9538 1.4201 2.6554 0.8497 1.1835 1.0113 1.1451 0.9937 1.4770 2.7089 2.8792 3.1133 2.1929 2.3416 0.9196 0.9735 2.1415 2.0648 1.4943 2.8575 1.4505 2.6468 0.9937 1.3492 1.3260 2.6468 2.3354 3.5555 1.5430 1.3095 3.3812 1.3621 0.9441 2.3171 2.3731 2.9832 0.9413 2.8054 2.4890 1.3664 1.0491 2.5413 2.7089 0.9937 3.3812 2.5725 0.8673 1.3095 1.1711 2.7754 1.3795 2.5885 1.0774 3.1852 1.9240 2.2473 1.2162 1.2107 2.6641 3.7119 1.5832 2.8054 2.7754 2.6641 1.0445 3.2002 3.2309 0.9510 2.6130 1.3773 2.2700 0.9538 2.2197 2.1465 0.9236 2.6729 1.7511 2.5966 2.1365 1.0934 0.7142 2.7754 2.9014 2.0465 0.7731 0.9864 2.7953 2.0834 0.9496 2.5036 2.5966 1.5094 1.1782 0.9036 2.4395 0.0000 1.2501 0.9850 2.9591 1.0143 2.3603 2.4963 0.9749 2.4327 1.0967 2.0375 2.9241 0.9908 1.2274 2.8902 2.6130 0.8866 2.7274 2.6907 2.6641 1.5482 2.7089 3.8112 1.5018 2.4191 2.7089 3.5347 2.8363 3.0995 1.6167 2.5336 2.5490 1.0870 1.3996 2.8575 1.0054 2.9241 2.6298 0.8447 2.3416 1.5805 4.1638 3.2466 3.6200 2.9356 1.0774 2.6214 2.9241 1.6369 2.9126 3.3459 1.4317 3.0461 2.5036 3.8373 2.8054 3.7605 2.5036 1.2368 1.2237 2.8259 2.2362 3.2309 2.8469 3.4944 3.6883 1.1641 4.2322 2.7089 2.6130
FJMB_Yokose_virus_E_298-786_AlphaFold 2.6907 2.9126 2.8792 0.4060 2.6729 2.6130 2.6907 3.2309 2.5260 1.2873 2.5885 2.5490 1.1197 3.1273 3.5555 2.7368 2.6048 1.2636 2.5966 1.0822 0.9937 2.4818 1.0232 2.7181 3.1414 2.6554 2.6907 1.0538 1.0010 1.0902 1.2052 3.7605 3.1414 1.1048 1.0790 1.2125 1.0445 2.6729 1.1434 2.5805 0.9893 2.5110 1.0069 2.7089 1.1468 2.0928 2.5185 1.1818 2.5805 1.3556 2.4534 3.1414 2.6298 2.6048 2.2586 1.5562 2.2586 0.7987 2.6214 1.3219 2.6298 2.5336 0.9650 1.0742 2.2362 1.1131 2.6641 2.5260 1.1676 1.3840 2.3231 2.3354 2.5966 1.2913 3.0079 2.7754 1.1485 2.7754 2.6818 3.0461 1.1298 0.8610 1.0399 1.1502 2.3231 0.9893 0.8597 1.0323 0.7708 1.0024 1.2070 2.7463 2.7754 3.4553 2.2306 2.5185 1.0323 1.0247 1.7711 2.1516 1.3054 2.5490 1.3219 2.6907 1.1907 1.3302 1.2833 3.1704 2.1982 3.0995 1.1181 1.1606 2.9832 1.2237 1.0054 2.1365 2.5185 2.9126 1.0338 2.6998 2.4191 1.1997 1.1147 2.7274 2.7754 1.0726 4.0360 2.9955 1.0308 0.3593 0.8398 2.8156 1.2913 2.1365 1.0128 2.7463 1.8444 2.1668 1.1835 0.8622 3.1414 3.0859 1.2425 2.4890 2.3416 2.5260 0.9608 2.9955 2.2586 1.1065 2.4604 1.2482 2.5336 1.0999 2.0694 2.0154 1.2734 2.4327 1.5120 2.6907 1.9896 1.1315 1.1835 2.5885 2.7559 2.2362 1.0247 1.1694 2.7181 2.1668 1.0461 2.4124 3.2466 1.2559 0.7999 1.1365 2.9126 1.2501 0.0000 0.9721 2.6130 1.2406 2.9955 2.3991 1.0399 1.9981 1.1871 1.8408 2.8363 1.0870 1.0679 2.7953 2.6554 1.2734 2.4890 2.6298 4.7194 1.3556 2.4327 2.5725 1.5069 2.6554 2.6907 3.3287 3.4177 2.6468 1.2636 2.5725 2.5646 1.0806 1.1589 2.7181 1.1032 2.7368 2.2143 1.1098 2.3925 1.5018 2.6554 2.7853 2.6729 3.1273 0.8324 2.8792 2.8469 1.4746 2.8469 2.6382 1.3535 2.9356 2.3667 2.9955 2.6907 3.1558 2.6729 0.8070 0.7964 2.5490 2.0465 2.2991 2.8575 2.3795 3.1558 0.8226 2.9126 3.0461 2.7274
FJMB_Alfuy_virus_strain_MRM3929_E_295-790_AlphaFold 2.8902 2.3925 2.7181 0.9427 2.7559 2.6907 2.5725 2.6214 2.3540 1.4317 2.2197 2.6729 0.8762 2.9126 3.2002 3.7360 2.3667 0.7549 2.8683 0.8853 0.5697 2.3478 0.8398 2.6554 2.3991 2.7089 2.3354 0.8944 0.2851 0.9236 1.6369 2.6298 2.6214 0.5195 0.3937 1.3906 0.7583 2.7089 0.7754 2.5185 0.5004 2.5336 0.3403 2.7754 0.8472 2.0602 2.2417 0.9707 2.8156 1.1399 2.6214 2.6130 2.4464 2.4464 2.3991 1.5723 2.0694 0.9413 2.3416 1.4529 2.6818 2.9356 0.9023 0.8166 2.3925 0.7538 2.8054 2.9711 1.3686 1.4270 3.6883 2.4057 2.5336 1.3556 2.9473 2.8469 1.0663 3.6883 2.7754 3.3287 0.5950 0.9893 0.6407 1.2754 2.4534 0.2981 0.9075 0.2563 0.9622 0.3077 1.3449 2.6818 2.5725 2.7953 2.2417 2.5805 0.9707 0.2589 1.8777 2.4191 1.4132 2.4464 1.3386 2.4327 1.0999 1.4293 1.3095 2.1929 2.1982 2.7656 1.2162 1.4041 2.9126 1.4529 0.3043 2.1824 2.2197 2.3667 0.3689 2.5336 3.4553 1.2463 0.8410 2.5336 2.6214 0.3861 2.5885 2.6468 0.9062 0.9937 0.9678 2.5036 1.4387 2.3478 1.0293 2.4258 1.7983 2.8683 1.3795 0.9864 2.6214 2.7559 1.4317 2.4057 2.1120 2.7181 0.1732 2.6818 3.3634 0.5195 2.4818 1.5377 2.3540 0.4902 2.1023 1.9440 0.8459 2.3354 1.6456 2.5805 2.4604 0.7077 0.9372 2.5805 2.7274 2.2089 0.8435 0.5371 2.5260 2.0834 0.6659 2.4464 2.6818 1.3795 0.9922 0.5762 2.6818 0.9850 0.9721 0.0000 2.5413 0.8142 2.8054 2.7089 0.7120 2.1929 0.9850 1.9645 2.7368 0.8239 1.3621 2.5490 2.6298 1.1782 2.3731 3.0205 2.3051 1.5778 2.4327 2.6998 1.3471 2.5725 2.6998 3.0332 2.5336 2.8575 1.4918 2.7089 2.6907 0.7516 1.2636 2.3991 0.7067 3.4363 2.5646 0.9062 2.3860 1.6196 2.9832 3.0592 3.0332 3.0461 0.9566 2.5885 2.9241 1.4673 2.8363 3.0724 1.3535 2.7181 2.6641 2.9711 2.5413 3.2787 2.7089 0.9089 0.9835 2.3231 2.3231 2.2586 2.7853 3.4363 2.1982 1.0158 2.8792 2.5805 2.6214
FJJI_Jingmen_tick_virus_isolate_JTMV_3_segment_2_orfVP1_E_203-545_AlphaFold 2.4818 0.1696 0.7800 2.5036 3.1852 2.9473 2.9832 2.6641 2.9955 3.1558 2.5185 2.7181 2.9955 2.9241 4.8160 3.0995 2.6554 2.3731 2.6818 2.7368 2.7953 2.3603 2.5413 2.5036 2.9473 2.7853 2.7656 2.6998 2.5646 2.8575 3.6200 2.9591 2.6641 2.2529 3.1852 2.5805 3.7856 2.6554 2.6298 2.5260 2.5805 2.3416 2.7181 2.6214 2.6907 2.6554 2.7274 2.6382 0.0336 2.8902 2.5413 2.6468 2.3795 2.5413 2.9126 2.8156 3.3459 2.8156 0.0472 3.1273 3.0592 2.5885 2.5110 2.6382 2.7853 3.0461 3.2787 2.6998 3.6423 2.5336 3.2787 3.0079 2.3603 3.1414 4.1308 1.0600 3.0205 2.4534 2.7559 3.7605 2.8902 2.8792 2.6729 3.0079 2.6298 2.4818 3.1133 2.7089 2.7953 2.5413 2.7853 3.0724 2.5413 0.1541 3.1414 2.7754 2.5036 2.7181 2.4124 3.4363 2.9955 2.5966 2.4395 2.6554 3.0079 2.9356 2.8792 0.1624 2.5805 3.6651 2.8792 2.9473 0.0750 2.6907 2.9356 2.6998 2.3860 2.7656 2.5966 2.5336 3.5766 3.1273 3.9761 2.6554 2.6298 3.1558 3.0592 2.6818 2.5110 2.1120 2.5413 2.4890 3.2951 2.7559 2.4395 2.8469 2.5567 2.9591 2.8259 2.4963 2.6641 0.9749 2.6130 2.6818 2.4534 2.9126 2.5036 0.7685 2.6554 2.7089 2.3111 3.1558 2.8054 2.5805 2.8792 2.5336 2.6554 2.5885 2.9014 2.4464 2.6048 2.5966 2.6907 2.5260 0.0793 2.3860 2.4191 2.5885 2.5185 2.6998 2.6641 3.0724 0.1792 2.6298 3.1704 2.7368 2.8469 2.9591 2.6130 2.5413 0.0000 2.9241 2.6998 2.8792 2.6907 2.7953 3.1852 2.6818 2.8259 2.8575 3.4553 0.0588 2.8792 3.6200 2.5966 2.5413 2.1720 3.3287 2.6382 3.0461 3.1133 2.7953 2.4675 3.0079 3.1414 0.0663 2.5966 2.6641 2.3292 3.0332 2.4327 2.6907 3.1852 3.0332 2.7274 2.8259 3.0332 3.2002 3.1852 0.0202 2.6298 3.0995 3.1133 2.6048 2.9955 2.6468 3.1704 2.9241 2.7368 1.0445 2.8575 2.7953 2.2932 3.2154 2.2035 2.5966 3.0592 0.0399 3.0205 2.6641 3.0724 2.8363 2.4057 2.4963 3.6200 2.6468 2.4258
FJMB_Bussuquara_virus_E_293-789_AlphaFold 2.8054 2.2874 3.1133 1.2636 3.6883 2.7559 2.9473 2.5185 2.1982 1.5832 2.4395 2.5646 1.1818 2.7853 2.9955 2.4675 2.5413 0.9182 3.0724 1.3599 0.8082 2.4464 0.9075 2.3478 2.4327 2.9955 2.4890 0.9023 0.7338 0.9129 1.5222 2.6729 2.5036 0.7720 0.7110 1.5589 0.6446 2.6554 0.8312 2.5110 0.7404 2.6907 0.7976 2.6729 0.9893 2.3111 2.4746 1.0902 2.8792 1.2973 2.9126 2.5336 2.5725 2.7274 2.3231 1.6026 2.1516 1.2349 2.5110 1.3344 2.5185 2.6729 0.9441 0.9023 2.5725 0.8435 2.5336 2.4604 1.3014 1.6785 2.9711 2.9356 2.4818 1.3198 3.2002 3.2309 1.1502 3.1852 2.8469 2.6298 0.7766 1.1264 0.6950 1.5482 2.4057 0.6897 1.0491 0.7595 1.1571 0.7067 1.5615 2.8902 2.7368 3.4363 2.4890 2.4746 0.9524 0.8142 2.2252 2.3731 1.5222 2.5413 1.4387 3.4944 1.3034 1.3157 1.2793 2.3111 2.4327 2.8792 1.3386 1.4481 3.1558 1.3621 0.7316 2.5260 2.4746 2.6382 0.6588 2.7754 2.5185 1.3996 1.1032 2.9356 2.9832 0.7882 3.3634 2.7463 1.0293 1.2675 1.1147 2.8156 1.3034 2.7559 1.2107 2.7089 2.2306 3.1852 1.3773 1.1589 2.5036 3.4553 1.7062 2.6554 2.4963 3.3459 0.6992 2.9955 2.6554 0.7583 2.5260 1.4018 2.1982 0.8142 2.3925 2.3540 0.1660 2.3991 1.6486 2.7559 2.2700 0.8584 0.9386 3.0079 2.8683 2.4818 1.0187 0.8348 3.1133 2.1415 0.6908 2.6818 2.6298 1.4529 1.1943 0.7471 2.6818 1.0143 1.2406 0.8142 2.9241 0.0000 2.9241 2.9591 0.7415 2.7656 1.1925 2.2757 2.8575 0.9538 1.3471 3.4177 2.4604 1.1676 2.5036 2.9711 3.2787 1.5120 3.4553 3.0461 1.5196 2.7754 2.7853 2.6907 3.8639 3.1273 1.7031 2.5805 2.6214 0.8202 1.4363 2.5966 0.8094 3.8639 2.8156 1.2598 2.7463 1.5998 2.7463 2.9955 3.5144 3.0461 1.1114 2.9955 2.8902 1.5750 2.6729 3.3118 1.2501 3.0995 2.3667 3.1414 3.0592 2.9126 2.7274 1.0838 1.1889 2.2991 2.3354 2.5805 3.0724 2.7559 3.0724 1.0934 3.1414 2.4124 2.7559
PLUN_Shayang_spider_virus_4_strain_SYZZ-1_E_1837-2097_ESMFold 2.7368 2.4464 3.0461 3.5766 3.5981 3.2466 3.2466 4.0360 2.8054 2.9955 2.7181 2.7089 2.7853 2.9591 2.9241 2.7853 3.3459 3.0332 2.9356 3.0859 3.2951 3.2787 2.9955 2.8054 2.6729 2.3731 2.8469 2.9711 3.4747 4.2677 2.6729 2.1876 4.1638 2.9356 2.8575 2.7754 3.3459 3.3287 2.8575 2.6298 2.7181 3.6651 2.7274 2.3991 2.9014 2.5567 2.8902 2.5260 2.6998 2.8156 3.4177 2.9356 2.4675 3.4747 3.3118 3.4553 2.5966 3.2951 3.5347 3.2002 3.2951 2.8792 2.7181 2.8469 2.3860 2.5725 2.4890 2.9241 2.8683 2.7274 3.3634 2.3667 2.5966 3.2787 2.3731 2.9356 2.8363 2.9591 3.0995 2.4963 3.2154 3.2154 3.2787 3.4363 3.0332 2.9711 2.9591 4.4180 2.4464 3.3459 2.9832 3.1414 3.1852 2.6907 3.1414 3.0724 2.6907 3.9761 2.9955 2.4057 3.0079 3.3812 3.3287 2.0198 2.7853 3.2466 3.3459 3.7605 2.5805 3.4944 2.8054 3.5347 2.7853 2.6214 2.9832 3.0724 2.7559 2.5725 2.9241 3.7360 1.6139 3.7856 3.0995 2.7089 3.2002 2.9711 3.1704 3.2002 2.5260 2.7274 3.0592 3.4363 3.1558 2.6554 2.7853 3.6423 2.7274 3.3993 3.0461 2.4963 4.1638 3.0332 2.8469 2.9356 3.3459 2.9591 3.0995 2.5490 3.3634 2.8259 3.0205 3.4553 3.1273 3.0724 2.8902 3.6423 3.0995 3.2787 3.1704 3.3287 2.3925 2.6907 3.0859 3.3287 2.7181 4.3039 3.4177 2.9356 3.5766 2.4818 3.3993 2.6214 2.3603 2.9126 2.7559 3.0461 2.6382 2.3603 2.9955 2.8054 2.6998 2.9241 0.0000 2.9241 3.1852 3.0859 2.4191 2.7368 2.4963 3.5347 3.8112 2.6998 2.8683 2.8792 3.2309 4.1308 3.0859 3.2309 3.0995 2.8259 2.9356 3.0592 4.2322 2.5260 2.3667 2.6907 2.9711 4.2322 4.2322 3.2466 2.4327 2.8363 3.5766 3.5347 2.9014 3.1558 2.2529 3.0859 2.5036 2.4124 3.2466 3.3634 2.8469 3.1273 2.8469 3.4944 3.5555 3.0461 2.8902 3.1133 4.0057 2.8469 3.1852 3.0859 2.5885 2.6130 2.5725 2.4963 2.7368 2.9473 2.3354 3.2625 1.7711 2.7953 3.4747 4.1638 3.2625
FJIS_Mosquito_flavivirus_YDFVOct2013_E_331-674_AlphaFold 2.7463 2.5413 2.9356 2.2417 3.8373 0.3756 2.5490 2.7274 2.3416 2.7656 0.7685 3.2154 2.5110 2.4534 3.5347 2.6130 3.2154 2.7559 0.2885 2.1824 2.5036 2.7368 2.4890 2.2932 2.7953 0.1726 2.8683 2.4963 2.3540 2.5260 3.2002 2.5885 2.8156 2.8156 2.3731 2.3795 2.3231 0.3168 2.7559 2.8363 2.3991 2.6641 2.5490 2.8054 2.6818 2.6998 1.7677 3.0859 2.7274 2.8054 3.3287 2.8469 1.2559 2.7656 1.9854 2.4534 0.9510 2.6048 3.3993 3.6651 3.5555 2.7754 2.5725 2.3111 1.1298 2.3795 3.9472 1.5456 3.0995 2.4604 2.4191 3.4177 2.6048 2.9356 2.6998 2.5336 3.2625 3.7605 3.0592 2.6468 2.5646 2.4746 2.5260 2.5725 1.5642 2.4818 2.0976 2.3860 2.6729 2.4191 2.5490 2.6048 2.7181 3.2154 1.3365 1.0113 2.4963 2.5260 2.6048 0.9427 2.3111 3.0724 2.4191 2.4963 2.5725 2.6818 2.7089 2.7463 1.4340 2.9473 2.3111 2.6907 3.0332 2.5185 2.2143 1.0353 1.2125 3.2309 2.5110 2.7953 3.3812 2.3478 2.4534 1.4553 2.7559 2.5036 2.6130 2.8575 2.2529 2.4464 2.3731 2.8363 2.9955 2.3416 2.9711 3.0724 3.0079 2.3795 2.5725 2.1668 2.8156 3.1704 2.4327 3.1133 1.7094 0.1865 2.5110 4.4180 3.4553 2.6214 1.2237 2.6298 1.6111 2.4534 0.8142 2.2143 2.6729 3.0079 2.7368 2.7953 2.4464 2.6554 2.3925 2.9591 2.9241 3.0724 2.5036 2.7853 2.8683 2.0331 2.2643 0.5353 3.7119 2.5805 2.5336 2.2473 2.8363 2.4963 2.3991 2.7089 2.8792 2.9591 2.9241 0.0000 2.8259 2.4395 2.6130 2.0976 3.2625 2.6130 2.9241 3.2466 0.1768 2.6214 2.8259 3.2951 2.2089 2.8363 2.1982 1.7711 2.4191 0.3375 3.1133 12.5070 3.6651 3.0079 2.4395 0.3749 2.7559 2.5885 2.7181 2.8792 2.3478 2.7953 2.2362 2.7463 0.6628 2.1876 2.3051 2.9473 2.9711 2.9955 2.3667 2.9126 3.2309 2.2035 0.3778 2.6382 2.8054 3.0724 1.1281 3.3993 2.9126 3.2625 3.7856 3.2787 2.4395 2.9591 0.8154 1.7316 3.6423 4.0669 2.3603 2.3171 2.7953 2.8156 2.8363
FJMB_Iguape_virus_strain_SPAn_71686_E_287-780_AlphaFold 2.6214 3.2951 3.7856 1.0024 3.0592 2.3051 2.7274 2.4534 2.5646 1.3344 2.5646 2.2643 0.9594 2.7853 3.0205 3.0332 2.4057 0.8398 2.5185 1.0522 0.7393 2.5413 0.8166 2.9955 2.0198 3.3993 2.5725 0.9036 0.6210 0.9345 1.2993 3.5347 2.4124 0.7131 0.6824 1.2973 0.6567 2.3354 0.8648 2.5036 0.6700 2.2991 0.6887 2.5885 1.0173 2.3051 2.1720 0.9386 2.9591 1.2089 2.8156 2.4890 2.6907 2.4258 2.3111 1.8053 2.1876 1.0758 3.0205 1.1468 2.8792 2.3795 0.8610 0.8398 2.6998 0.6249 2.7754 2.6907 1.1961 1.5120 2.9356 2.6641 2.5110 1.1853 3.1133 3.0724 0.9778 2.4124 2.7953 2.8363 0.6690 1.0054 0.8711 1.4109 2.6048 0.7003 1.0384 0.7731 1.0293 0.6397 1.4844 2.6214 2.3416 2.8259 2.5336 2.3860 0.9209 0.6397 2.1023 2.1617 1.3751 2.4963 1.1694 2.3603 0.9636 1.1016 1.1298 2.9241 2.3540 2.8363 1.3239 1.2598 3.2309 1.1800 0.7035 2.3540 2.6298 2.4464 0.7163 2.4604 3.6423 1.1081 0.9749 2.3111 2.3416 0.6679 3.3287 2.4675 0.9102 1.0430 1.1247 2.4258 1.1502 2.3051 1.1264 2.3292 1.6785 2.7559 1.2893 1.0024 2.4124 3.3812 1.4317 2.5885 2.0648 2.6641 0.6782 3.1133 2.8575 0.6918 2.5336 1.2774 3.0461 0.6960 2.1316 1.9811 0.7393 2.1415 1.4018 2.5646 2.5567 0.6055 0.9075 2.3478 3.0461 2.0465 0.8905 0.7426 2.4258 2.1023 0.1194 2.3603 3.9472 1.3973 1.0173 0.6537 2.4746 0.9749 1.0399 0.7120 2.6907 0.7415 3.1852 2.8259 0.0000 2.2035 0.9664 1.7778 3.0592 0.9427 1.1925 3.0205 2.9473 1.0710 2.6818 2.7181 2.9014 1.2953 2.8575 5.4509 1.4340 2.2252 2.4057 5.7354 2.9711 3.3287 1.5351 2.8792 2.4258 0.6055 1.4746 2.3991 0.5828 3.0724 2.5725 0.9023 2.2143 1.5482 3.4553 2.9832 3.0859 3.4747 1.0679 2.5336 2.6298 1.4673 2.3603 3.0205 1.3729 3.2309 2.6729 3.2951 2.4395 3.8373 2.7754 0.9538 1.0967 2.5336 2.0331 2.1929 3.4944 2.5805 2.7089 1.0631 3.2002 2.4191 2.6298
FJFL_Cyclopterus_lumpus_virus_isolate_R170217-6L_orf_1_E_365-863_AlphaFold 2.8683 2.8156 3.1704 2.0510 2.8054 2.5490 2.8156 2.7853 2.1929 2.1566 2.2643 2.2643 2.1566 2.9014 2.5036 3.7605 2.6382 2.5413 2.4746 2.2035 2.3991 3.3459 2.3051 2.5336 2.9711 2.3925 2.6468 2.1876 2.1772 2.0694 2.3478 2.9241 2.7559 2.1929 2.1316 2.0928 2.2197 2.1415 2.5110 2.5336 2.2252 2.9591 2.1316 2.9356 2.3051 1.9201 3.3287 2.0198 2.6554 2.1824 2.9473 2.9356 2.8575 2.8575 2.2529 2.1929 2.1465 2.2362 2.5966 2.8363 2.7656 3.0205 2.3667 2.3731 2.4395 2.2815 3.4944 2.5185 2.5567 2.2035 3.1852 2.2586 2.5567 2.5036 2.7853 3.0079 2.3925 2.9832 2.7953 3.0461 2.2143 2.3051 2.0556 1.9603 2.5885 2.2417 2.1168 2.2700 2.2306 2.1617 2.1824 3.1704 2.8469 2.7656 3.1852 2.9473 2.2362 2.1023 2.0881 2.2306 2.1120 2.4890 2.3354 3.2951 2.2700 2.5805 2.1982 2.6214 2.1266 2.8363 1.9854 2.1566 2.5805 2.2757 2.1824 2.2306 2.5885 3.0592 2.1217 2.6729 3.2154 2.1929 2.3292 2.9014 2.7853 2.1772 2.6382 3.1558 2.2991 2.2252 2.1316 2.5336 2.5966 2.2417 2.5567 2.7089 2.2643 2.4963 2.8902 2.1023 2.7559 3.9472 2.3731 2.5966 2.7274 2.4604 2.3051 3.3812 2.7089 2.1316 2.7559 2.4534 2.3292 2.2035 2.4675 2.0881 2.4327 2.8259 2.6214 2.7754 2.5036 2.4963 2.2700 2.7754 2.8575 2.2143 2.2473 2.4604 2.5646 2.3171 1.9481 2.1120 2.6907 2.0375 2.2874 2.2586 2.7656 2.4327 1.9981 2.1929 2.7953 2.7656 3.0859 2.4395 2.2035 0.0000 2.1415 2.5805 3.5981 2.2700 2.3667 2.7559 2.4963 2.4890 2.8683 2.3860 2.3795 2.3991 2.4124 2.4890 2.1516 2.2306 2.6907 2.6130 3.2625 2.4124 2.0242 2.1465 2.7559 2.4963 1.9481 2.9014 2.3540 2.9711 3.1704 2.7089 2.1824 2.3925 2.6818 2.5260 2.9126 2.9014 2.0928 3.5766 2.6468 2.0024 2.6554 2.9241 2.0375 2.8156 2.6907 3.3118 2.7559 2.9241 2.7274 2.2306 2.0286 2.6554 2.2586 2.6468 3.0205 3.2309 2.8683 2.3292 3.2466 2.7181 2.7853
FJMB_Nounane_virus_E_286-790_AlphaFold 2.5646 3.3118 2.7754 1.1729 2.6298 3.0592 2.6554 2.6729 2.1929 1.5120 2.6998 2.6818 1.0838 2.8902 5.5890 2.9955 2.6554 1.2107 2.4746 1.0870 1.0054 2.3860 1.1016 2.6130 3.1133 2.8054 2.6729 1.0647 0.9664 1.0278 1.5069 2.7368 2.6468 1.0158 0.9142 1.4993 0.9966 2.9356 1.0538 2.7181 0.9608 2.7368 1.0024 2.9356 1.0999 2.8469 2.4327 1.0083 3.5144 1.1835 3.0461 2.6641 2.4395 2.7181 2.3051 1.7094 2.3925 1.2199 3.7605 1.2578 2.9832 2.6907 0.9399 1.0999 2.4258 1.0445 2.4604 2.8259 1.3302 1.4270 3.1133 2.7853 2.9955 1.2873 2.7181 2.8156 1.0010 2.7089 2.7754 3.1133 1.0113 1.1164 0.9879 1.5642 2.8363 0.9764 1.1332 1.0507 1.1800 0.9951 1.5273 2.7559 2.7089 3.5144 2.8259 2.6907 0.9115 0.9209 1.9896 2.8259 1.5832 2.6998 1.6224 2.3667 0.9263 1.2559 1.3951 3.4944 2.4191 3.2787 1.6754 1.6139 3.5555 1.3884 1.0430 2.5567 2.5805 2.6382 1.0461 2.6298 2.5725 1.2793 1.1181 2.7463 2.6214 0.8996 2.7181 2.7656 0.9223 1.2501 1.2016 2.7853 1.2734 2.4890 1.2578 2.7089 1.7511 3.2951 1.3428 1.2330 2.6468 3.3993 1.4481 2.6554 2.2757 2.4604 0.9650 2.8054 2.9241 0.8422 2.5336 1.4201 3.3287 1.0491 2.5036 2.1120 1.1098 2.5885 1.6369 2.7274 2.3231 0.9594 1.1247 2.8792 3.1704 2.7368 0.9893 1.0247 2.7656 2.2089 1.0553 2.4395 5.5190 1.5482 1.1871 0.9966 2.7853 1.0967 1.1871 0.9850 3.1852 1.1925 2.4191 2.6130 0.9664 2.1415 0.0000 2.0510 2.9591 1.1032 1.3095 3.5347 2.7754 1.2482 2.8259 2.9832 2.6048 1.4943 2.9955 3.6651 1.6196 2.8259 2.5567 2.4890 3.2309 3.5144 1.7949 2.5885 2.5260 1.0293 1.5430 2.7463 0.9678 2.7559 2.8469 0.9995 2.4963 1.7711 2.9356 3.5347 2.6554 5.3848 1.0553 3.0592 3.2154 1.4918 2.5646 3.5555 1.6515 3.0461 2.5646 2.9955 2.6382 2.4675 3.4944 1.1098 1.2144 3.0995 2.2252 2.5336 2.8259 2.8469 2.7463 1.1197 3.1558 2.6998 2.6641
FJAF_Cnidaria_flavivirus_E_278-749_AlphaFold 2.5413 1.8777 2.8575 1.7949 3.2625 2.4818 2.6130 2.4057 3.1852 1.8665 2.3292 2.6641 1.8444 2.7368 3.2625 2.9014 2.3991 2.1824 2.2529 1.8665 1.9440 2.1876 1.9006 2.3231 2.7754 2.3540 2.5413 2.1929 1.9161 1.8891 2.2643 2.5185 2.4057 1.7677 1.9603 1.8628 1.8264 2.2529 2.1023 2.6907 1.8193 2.6382 1.7577 2.6298 1.9240 2.1415 2.3292 1.9320 2.6818 2.1516 2.6641 2.7274 2.2874 2.4258 2.2417 1.9240 1.9440 1.7812 2.2643 2.1168 2.6298 3.1704 1.9981 1.9645 2.1415 1.8336 3.0079 2.4534 2.0375 2.1982 2.4057 1.6969 2.6907 2.2991 2.6214 2.7559 2.0602 2.3231 2.9014 2.7089 1.8777 1.8018 1.8739 1.6282 2.7559 1.9811 1.8480 1.9240 1.8777 1.8929 1.8929 2.7754 2.3795 3.0859 3.1133 2.0375 1.8591 1.7677 1.8702 2.1617 2.2252 2.3354 1.9161 3.0079 1.9320 2.1023 1.8444 1.9521 2.2932 3.1133 2.0331 1.8554 2.9591 1.9562 1.8444 2.2143 2.0648 2.5725 1.9360 2.4258 3.5144 2.1617 1.9939 2.3292 2.3292 2.0375 2.3540 2.8902 1.8229 1.9854 1.8591 2.4057 2.1516 2.3860 2.0420 2.7274 2.0154 3.8911 1.9562 1.9280 2.4057 3.1704 1.6785 2.5336 2.3416 2.2932 1.8517 2.8054 2.8259 1.8554 2.0834 2.4963 3.1273 1.8853 1.8193 1.8967 1.9645 2.6382 1.7381 2.3860 2.2197 1.8264 1.9939 2.3540 2.6298 2.1316 1.7778 2.0694 2.4464 1.5094 1.6846 2.5110 2.3231 1.8554 1.7880 1.8853 2.6554 2.0375 1.8408 1.9645 2.6818 2.2757 2.7368 2.0976 1.7778 2.5805 2.0510 0.0000 2.7181 1.9201 2.1071 2.5260 2.3051 2.2529 2.6818 2.7953 3.2309 2.2035 2.2932 3.0079 2.1824 2.3991 2.4675 5.8907 3.3634 2.5725 1.8628 2.2362 2.4604 1.9562 2.0787 2.5490 1.8053 2.9591 2.2757 2.0242 2.2362 1.7983 2.8156 2.6382 2.8469 2.8575 1.9320 2.6048 3.0461 1.6754 2.5966 3.2951 1.6139 3.7360 2.5490 3.2002 2.4124 2.7853 2.7368 1.7157 1.9603 2.2089 1.8408 2.4818 3.5981 2.9014 2.4604 1.6907 2.7274 2.4258 2.4124
PLLG_Sonchus_asper_flavi-like_virus_E_2250-2699_AlphaFold 3.0205 2.6729 2.6214 2.9126 3.2787 3.2787 2.4963 2.9014 2.3231 3.8112 2.7368 2.9126 2.6554 2.5490 3.2466 3.2951 3.3118 3.2625 3.4747 2.6214 2.9591 2.1266 3.5555 2.3991 2.2757 3.3993 3.1133 2.9955 2.6298 2.9711 3.4747 2.2089 2.8792 2.8575 2.7274 3.7119 3.1852 2.6907 3.3993 2.8575 2.6554 2.6468 2.6298 2.9832 2.8902 2.8363 2.7368 3.0995 2.8259 2.6130 2.9356 2.6130 2.5805 2.8792 2.8156 3.1704 2.8792 2.9126 2.6468 4.1976 3.0859 3.3118 2.6214 2.5567 2.6468 2.8683 0.5461 2.8156 2.7181 3.6883 1.6969 2.4534 3.2466 3.0859 2.3292 2.5260 2.9356 2.1876 1.3386 3.2002 3.4747 2.7754 2.9014 3.9472 2.7656 2.7274 2.8469 2.8792 2.8156 2.7089 3.5347 2.4890 2.8792 2.7368 3.4944 3.0592 2.7953 3.1133 2.8902 3.0592 2.7656 3.5144 2.8054 1.8408 2.6130 4.5407 2.7181 2.5185 3.2002 2.7463 2.9014 3.1558 2.5805 2.7089 2.5646 2.8054 2.9955 3.1414 3.3118 3.1273 3.8112 2.7853 2.9473 2.7754 2.9356 2.6382 1.7031 2.7853 2.7181 3.0079 2.6818 3.1414 2.8575 3.6651 3.2787 3.3812 2.9591 3.2309 3.0461 2.7853 2.8792 3.7119 3.0205 2.9356 2.7754 3.5981 2.5185 2.1824 2.8156 3.5981 3.0079 2.7953 2.5885 2.7274 2.7656 2.8683 3.1273 3.0079 2.6214 3.2154 3.0724 2.9591 3.2002 3.3287 2.8792 2.7368 3.3287 3.1852 3.0332 3.1558 3.2309 3.0859 2.5413 5.5890 2.6818 3.1704 2.9832 2.9241 2.8363 2.7368 2.8259 2.8575 2.4963 3.2625 3.0592 3.5981 2.9591 2.7181 0.0000 2.4395 3.0205 3.0859 3.2309 2.9126 2.8683 3.5347 3.0461 3.2787 3.1414 2.7463 3.1414 3.2466 3.0995 3.2625 2.8902 2.7754 2.9591 2.8902 3.1133 2.4124 2.7559 2.9832 2.8363 2.6907 2.5966 2.9591 2.5413 2.8575 2.3731 2.8156 2.1617 2.5110 2.7089 2.3860 1.7711 3.4363 2.8902 2.1929 2.9356 3.2002 2.8683 2.5805 3.1273 2.4534 2.6048 2.7853 2.7953 2.5805 3.0859 2.3731 2.2700 3.0995 2.4327 2.5490 2.2089 2.9356 3.3118
FJMB_Dengue_virus_1_E_281-775_AlphaFold 2.6382 2.6641 2.8054 1.0308 3.3287 2.5725 2.2417 2.9711 2.8469 1.3535 2.4818 2.7463 1.0384 3.0461 3.0079 3.0592 2.7463 0.7404 2.3731 0.9608 0.8410 2.1168 0.5238 3.4944 2.6382 2.5646 2.6818 0.9372 0.7824 1.0024 1.5044 2.8259 2.8792 0.9089 0.8214 1.2255 0.8918 2.4604 0.7283 3.0592 0.8118 2.6818 0.7812 3.0995 0.2709 2.1415 2.4746 1.0507 3.0332 1.2125 2.6048 3.0332 2.3416 2.7181 2.2417 1.6111 1.9686 1.0278 2.7953 1.3075 2.9473 3.3812 0.9594 0.3983 2.3860 0.9331 3.0205 2.9126 1.2853 1.2715 2.8792 2.4604 3.0079 1.2754 2.8792 3.2309 1.2578 2.9241 2.7181 2.4057 0.8737 1.0293 0.6074 1.2181 2.6298 0.7617 1.0010 0.7789 0.9331 0.7685 1.2598 2.8469 2.5490 3.0079 2.1217 2.2252 1.0069 0.8035 1.7812 2.0154 1.2833 2.8683 1.3708 2.7181 1.1961 1.2893 1.1349 2.7368 2.2417 2.9473 1.3177 1.2734 2.8363 1.1147 0.7142 2.1266 2.4327 2.8156 0.7449 2.9356 2.9832 1.1925 1.0039 2.5036 2.8054 0.8572 3.1852 2.9241 0.9441 1.0430 0.9850 2.7754 1.2501 2.5036 1.0774 3.0592 1.7413 2.6298 1.4918 1.0369 2.8792 3.2154 1.3136 2.6298 2.2362 2.6214 0.7697 2.9591 2.8469 0.8879 2.2586 1.3219 2.6048 0.8724 2.1415 2.1266 0.8610 2.6907 1.5887 2.7656 2.1365 0.9951 1.0522 2.7274 2.6130 2.4395 0.9277 0.9155 2.7559 1.7157 0.8892 2.3171 3.3459 1.3344 0.9749 0.8944 2.6641 0.9908 1.0870 0.8239 2.8575 0.9538 3.5347 2.6130 0.9427 2.2700 1.1032 1.9201 2.4395 0.0000 1.2933 2.8259 2.6298 1.1247 2.8363 2.6130 5.4509 1.5750 2.6214 2.6048 1.4293 2.4963 2.7089 3.3634 4.7194 2.9126 1.4293 2.5646 2.7274 0.9707 1.1468 2.5805 0.8572 2.8363 2.1415 1.1537 2.6048 1.3906 2.8054 3.1704 2.6214 3.2951 1.0187 2.8575 3.1414 1.5145 2.7089 3.1273 1.2463 3.3634 2.4258 3.6200 2.8792 2.9591 2.9711 1.0113 0.9735 2.7089 1.9400 2.2089 3.2154 3.5144 2.7089 0.9277 3.5766 2.7656 2.7181
FJTB_Omsk_hemorrhagic_fever_virus_strain_Bogolubovka1048_E_280-675_AlphaFold 3.3993 2.4963 3.1852 1.1417 2.6468 2.5725 2.7274 3.4553 2.7368 0.9980 2.2529 3.3118 1.3177 3.1704 3.2154 2.6818 3.2466 1.3906 2.5725 1.3075 1.3260 2.5260 1.2578 2.3540 2.8469 2.3051 3.2787 1.3795 1.2559 1.3014 0.2151 3.3287 3.4747 1.1782 1.2349 0.9636 1.1925 2.6468 1.3513 3.6883 1.2853 3.6423 1.1537 3.1273 1.4819 2.1365 2.4890 1.3407 3.4553 1.5170 2.5646 3.5347 2.5490 3.7119 2.4818 1.6664 2.2874 1.2520 2.8575 0.1624 2.5185 3.4747 1.2181 1.1764 2.6214 1.3365 3.0205 2.2529 0.1331 1.0758 2.8902 2.1415 3.2002 0.1360 2.6130 2.7181 1.5615 2.3292 2.7754 2.7274 1.2406 1.0491 1.1835 0.6547 2.1071 1.2774 1.1065 1.4746 1.2444 1.3407 0.9735 3.3459 3.3993 3.1852 2.5567 2.5185 1.2237 1.1485 2.1316 2.2252 1.1315 3.3459 0.7504 2.5567 1.2162 0.1069 0.6731 2.6468 2.5490 3.2466 1.1164 0.5606 2.8469 0.3563 1.2520 1.9896 2.6130 3.0332 1.3323 3.0461 2.7463 0.2576 1.2237 2.2700 3.6883 1.3449 3.0859 3.3812 1.2181 1.1332 1.1571 3.4177 0.1325 2.0740 1.1729 3.0205 2.0111 2.4604 0.3375 1.1907 3.4747 2.9711 1.4458 3.3993 2.5336 2.6641 1.4340 2.8156 2.7274 1.2311 2.5336 0.3289 2.5036 1.1925 1.9981 1.9360 1.3428 3.0079 1.7000 4.1976 2.7953 1.2913 1.2695 3.4363 2.8792 2.4395 1.2501 1.1871 3.4553 1.8777 1.2425 2.0242 2.6468 0.9707 1.2052 1.2293 2.1516 1.2274 1.0679 1.3621 3.4553 1.3471 3.8112 2.9241 1.1925 2.3667 1.3095 2.1071 3.0205 1.2933 0.0000 2.9473 2.4395 1.5482 3.0592 2.9126 8.2714 0.2329 2.6298 2.4746 1.1589 2.5110 3.9188 2.8156 3.3287 3.2309 1.5120 2.5036 3.8373 1.3817 1.0113 3.3634 1.3095 3.2951 2.5490 1.5120 2.1876 1.6253 3.4553 3.5981 2.9955 2.9473 1.1606 3.2309 3.0079 1.4746 2.6729 2.9955 1.0838 2.9711 2.5110 2.8575 3.6651 3.4747 3.5981 1.2444 1.2853 2.6214 2.0375 2.6729 3.2309 2.7089 2.7463 1.1197 3.1273 3.4747 3.3993
FJJI_Jingmen_tick_virus_strain_JTVHAHH7_segment_2_orfVP1_E_217-517_ESMFold 2.7559 0.1829 0.8398 2.9955 2.8902 2.7559 2.9014 2.7089 2.7754 2.7089 2.4327 2.5966 2.8469 3.6651 13.4836 2.7754 2.7089 3.0461 2.6907 2.8902 2.8363 3.2154 2.5725 2.4963 2.7656 3.5347 2.5336 2.8156 2.6468 2.6818 3.0205 3.0205 2.7089 2.7089 2.6641 2.4191 2.8469 3.0079 2.5725 2.6641 2.6998 2.5646 2.6468 2.4395 2.5260 2.5725 2.7559 2.7368 0.0771 3.2309 2.8902 2.7559 2.4124 2.5490 2.3667 2.8363 2.6298 3.1558 0.0182 3.3459 3.0332 3.0995 2.8902 3.0724 2.6818 2.8054 2.7559 2.7368 3.1273 2.7089 3.2002 2.2529 2.4963 2.6468 3.0461 1.1048 3.0205 2.4191 2.6641 3.5144 3.1558 2.7656 2.8469 3.1273 2.4675 2.6048 2.6729 2.5336 2.5413 2.6998 2.6641 3.0079 2.5966 0.0685 3.6200 2.6641 2.5185 2.7274 2.7181 2.9955 3.0859 2.7089 2.3292 5.7354 3.1704 3.0859 2.6729 0.1756 2.5110 3.1558 2.8363 2.5260 0.0493 2.5966 2.7181 2.9241 2.3051 2.8259 2.6298 2.5413 3.6651 2.9955 3.6423 2.8683 2.6298 2.8054 2.6998 2.9711 2.7089 2.5725 2.5336 2.5567 2.9832 2.9832 2.4963 2.8054 2.5567 2.9126 2.8259 2.6298 2.7089 1.0158 3.1133 2.6298 2.6298 3.2154 2.5725 0.7527 2.5725 2.6818 2.2757 2.8054 2.6818 2.5567 2.8683 2.7463 2.7181 2.7559 3.3634 2.5490 2.8156 3.0724 2.8054 2.6641 0.0357 2.5336 2.6298 2.5567 2.5413 2.7089 2.5966 3.1133 0.1553 2.8902 3.1273 3.1558 3.1558 2.8902 2.7953 2.5490 0.0588 3.4177 2.6998 3.2466 3.0205 2.7559 3.5347 2.5260 3.0859 2.8259 2.9473 0.0000 3.1852 3.7360 2.5966 2.5413 2.0834 2.4395 2.5966 2.8259 3.0724 3.1414 2.6048 2.6298 2.9955 0.0357 2.5567 2.5805 2.6468 2.9832 2.7274 2.7853 3.3287 3.2466 2.9591 2.7463 3.0724 3.3812 3.5144 0.0567 2.7368 2.5490 2.7274 2.7853 3.5981 3.2154 2.9591 2.7656 2.8792 1.0414 3.0205 2.5260 2.5413 3.1704 2.3171 2.6818 2.9955 0.0980 2.9591 2.5966 3.3993 2.6641 2.9955 2.4675 3.3459 2.7274 2.5260
FJIS_Quang_Binh_virus_E_331-704_AlphaFold 2.2643 2.6729 2.9473 2.5413 3.1414 0.3498 2.7089 2.7656 2.2932 3.3993 0.7382 2.5885 2.5567 2.6382 3.7605 2.4963 2.5036 2.7089 0.2729 2.3925 2.5567 3.4944 2.6468 2.6298 2.9356 0.0378 2.3991 2.7559 2.5567 2.4746 2.9711 2.3231 2.8683 2.6554 2.7181 2.8259 2.2306 0.2994 2.7656 2.6818 2.3991 2.4124 2.5725 2.9126 2.7089 2.6998 1.9481 2.9356 2.7089 2.7274 3.0592 2.4963 1.4270 2.3231 1.8408 2.3731 1.0414 2.8683 2.6214 2.9473 3.0332 3.1133 2.6382 2.3416 1.2953 2.3051 2.8575 1.8123 2.8902 2.6554 2.5490 2.6468 2.7368 2.9473 2.7368 3.1133 2.7656 3.9188 3.3459 3.3118 2.7368 2.7656 2.4057 2.9241 1.7031 2.4327 2.2815 2.6468 2.8792 2.3925 2.7559 2.3731 2.2932 3.1558 1.5535 1.1676 2.1316 2.6298 2.4746 0.9075 2.4534 2.4604 2.8683 4.0985 2.8792 2.5490 3.0859 2.5567 1.3906 3.2002 2.6048 2.9711 2.9126 2.6382 2.3667 1.1298 1.3281 2.5260 2.3171 2.4191 4.0669 2.5725 2.5725 1.9400 2.4818 2.8792 2.8902 2.4124 2.2643 2.5885 2.5110 2.3111 3.1414 2.5260 3.0079 2.5966 3.0592 4.2322 2.9356 2.3860 2.8683 3.2002 2.5036 2.6468 1.8891 0.0546 2.5413 2.7853 3.3993 2.6130 1.3621 3.0332 1.7446 2.5260 1.0113 2.0976 2.3111 2.4890 2.5413 2.4675 2.3991 2.3925 2.7274 2.4675 2.7089 2.5036 2.6907 2.4963 2.4327 2.3354 2.4963 0.6477 2.7181 2.6382 2.9832 2.6554 2.6818 2.6130 2.6554 2.6298 2.8792 2.4604 2.8683 0.1768 2.9473 2.4963 2.7754 2.3051 3.2309 2.6298 2.4395 3.1852 0.0000 2.8054 2.5725 3.1133 2.3731 2.7656 2.2932 2.0787 2.4124 0.2857 2.3416 4.5837 3.5981 2.8792 2.5413 0.3498 2.3731 2.2529 2.6907 2.5885 2.5036 2.9955 2.3292 2.7089 0.6278 2.4327 2.9473 2.7559 2.9241 3.3812 2.5336 2.9126 2.9711 2.2089 0.3689 2.5490 2.8792 3.0332 1.1519 2.9832 2.3478 2.9955 3.3118 2.6818 3.0461 2.2991 1.0538 1.8665 2.5490 4.1308 2.6729 2.7953 2.8156 2.9126 2.4258
FJMB_Psorophora_flavivirus_bvmq18-51_E_293-792_AlphaFold 2.9014 2.4746 4.0669 1.1997 2.9014 2.7754 3.0592 2.5260 2.5185 1.5943 3.0332 2.4818 0.9692 2.9832 3.2787 3.0079 2.4464 1.1853 2.5490 1.2368 1.0647 2.2586 1.2255 3.0205 2.5646 2.9591 2.5336 0.7917 1.0217 0.9277 1.6456 2.8156 2.5413 1.0430 1.0278 1.5094 0.8918 2.6468 1.1098 2.6048 1.1729 2.4963 1.0600 2.6729 1.0999 2.1217 2.3292 0.9650 3.3459 0.0880 2.4818 2.7953 2.4818 2.5725 2.3603 1.6456 2.2473 1.4109 2.8363 1.4270 2.6554 2.8156 1.1676 1.1016 2.4675 1.1048 2.3731 2.8469 1.6139 1.5535 3.0859 2.9955 2.9832 1.5120 2.6641 3.2466 1.0854 3.1273 3.0205 3.4553 1.0083 1.1907 1.0663 1.6139 3.0461 1.0663 1.2255 1.0278 1.2833 1.0232 1.5562 3.0205 2.4890 3.0592 2.3171 2.3416 1.1624 0.9966 2.1217 2.2874 1.5430 2.4258 1.3951 2.5413 1.2199 1.3302 1.3751 2.6729 2.3171 3.1852 1.6846 1.5915 2.7656 1.5805 0.9835 2.4124 2.5260 2.6382 1.0399 2.6907 2.9014 1.5377 1.0726 2.4604 2.5336 1.0710 3.6651 2.8469 1.1247 1.2578 1.2754 2.5490 1.4458 2.5567 1.4155 2.5110 2.0375 3.7360 1.9896 1.2933 2.5413 3.3118 1.8088 2.4604 2.6554 2.6729 1.0187 3.3459 2.5110 0.9864 2.3292 1.7511 2.3667 1.0476 2.3292 2.5036 1.0553 2.2143 1.6111 2.4963 2.3478 0.9792 0.8801 2.6214 2.8156 2.0242 0.9277 1.0024 2.5805 2.8156 1.0726 2.5885 2.7368 1.5273 1.3578 1.0010 2.3540 0.8866 1.2734 1.1782 3.6200 1.1676 2.8792 2.6214 1.0710 2.4890 1.2482 2.2529 2.9126 1.1247 1.5482 3.7360 2.8054 0.0000 2.7656 2.2757 3.1852 1.5589 2.6998 3.1704 1.5325 2.5336 2.5413 3.3634 2.9473 3.3459 1.7189 2.4818 2.4327 1.0934 1.7062 2.6048 1.0158 2.6468 2.7656 0.8957 2.5805 1.6196 2.9356 3.4553 3.4747 4.6730 1.1782 2.5966 3.0995 1.5299 2.9473 3.2951 1.3471 3.1852 2.5110 3.3993 2.6382 3.0461 2.7853 1.2349 1.3686 2.9832 2.3667 2.5725 2.9126 2.7368 2.8363 1.2973 2.7656 2.5646 2.5966
PLLG_Camel_tick_virus_isolate_Alain_E_878-1348_ESMFold 0.1890 2.3925 3.0079 2.6298 2.7368 3.0592 2.7368 0.2413 2.6641 3.4944 2.6729 0.1829 2.8792 3.0995 3.5347 3.1133 0.1853 2.9473 2.7559 2.5490 2.5966 2.3795 2.9832 3.0461 2.4604 2.8683 0.1624 2.8902 2.4191 2.8902 3.8911 2.6382 0.2458 2.6729 2.5036 2.9241 2.5185 3.1852 2.9591 0.1829 2.6468 0.1920 2.6048 3.0724 2.8902 2.7463 2.8683 3.0205 2.7089 2.7559 2.8469 0.1600 2.6998 0.1816 2.7089 3.1704 2.4057 2.4746 2.5805 3.3812 2.2089 2.6214 2.8575 3.2002 2.4675 2.7754 2.7463 2.5036 4.0360 2.6468 2.6641 3.3459 0.1636 3.7119 2.7754 3.1852 2.5185 2.6907 3.4944 2.6130 2.7274 2.4604 2.7953 2.9241 2.6298 2.5725 2.3731 2.5260 2.6554 2.6641 2.7181 2.3731 0.1804 2.7953 2.5413 2.4890 2.5966 2.6554 2.5646 2.3731 2.7559 0.1768 2.9473 2.8469 2.6818 3.3118 2.7754 2.6298 2.4258 2.6298 2.6214 3.2154 2.6130 3.7119 2.6554 2.9955 2.1415 0.1576 2.8792 0.1933 3.0859 3.8373 2.6998 2.7368 0.2132 2.6468 3.1273 0.1678 2.6048 2.4818 2.3171 0.1914 3.9188 3.0859 3.0592 0.1588 2.7559 2.6818 3.8911 2.6298 0.2458 2.4057 2.4534 0.1576 2.7754 3.2309 2.6729 3.2951 2.1929 2.5885 2.7559 3.4363 2.9591 2.6907 2.7754 2.2932 3.3812 0.1636 2.8575 0.1829 2.9014 2.6048 3.2002 0.2107 2.4890 2.0740 2.6907 2.6468 0.1890 2.6907 2.8054 2.3667 2.6130 2.9832 2.6130 2.6818 3.2154 2.7274 2.4890 2.3731 2.5966 2.5036 3.2309 2.8259 2.6818 2.8683 2.8259 2.6818 2.8683 2.8363 3.0592 2.5966 2.5725 2.7656 0.0000 2.9832 2.3231 5.1383 2.4395 2.8054 2.7274 2.5336 0.1865 3.4177 2.6048 2.5567 3.0724 2.7656 0.1841 2.9356 3.0205 0.1606 2.9241 2.7559 2.5110 2.9014 2.1465 2.8259 3.1704 2.6298 2.3795 2.5413 2.4191 3.0079 2.6998 2.6214 2.8683 2.7181 3.8112 3.0859 3.0461 3.8911 0.1841 2.8363 1.7880 2.6641 2.6214 2.3731 2.6907 2.8156 2.3667 2.0556 2.6998 2.4534 2.3731 0.2478 0.1829
FJFL_Flavivirus_sp._isolate_sequence_91_orf_1_E_128-379_AlphaFold 3.0332 1.9481 2.8902 1.9811 2.5185 3.0332 2.6998 2.9955 2.7274 2.2362 2.8259 2.6468 2.5725 2.8683 2.9711 2.7656 2.3795 2.7368 4.0057 2.4675 2.6641 2.1120 2.6729 2.5185 3.4363 2.6130 2.8054 2.8902 2.7274 3.3459 2.8683 2.4604 2.9955 2.6554 2.9711 2.1071 2.4327 3.0592 2.4890 2.7089 2.4746 2.6729 2.8363 3.0859 3.0332 2.9711 2.1876 2.4395 2.7559 2.2643 2.3860 3.2951 2.7181 2.7559 2.4124 2.3171 2.7656 3.1414 1.8929 2.4534 2.1023 2.8469 2.9473 2.5490 2.8792 2.5966 2.6554 3.0592 2.7754 1.9360 3.1558 2.6298 2.9711 2.7089 2.5185 4.9706 2.0740 3.7360 3.0332 3.3993 2.5413 2.6998 2.5260 3.0724 3.1414 2.2932 3.0859 2.9473 2.3731 2.6907 2.0242 2.9711 2.7463 3.1852 2.9955 3.3812 2.4818 2.4746 2.2700 3.3118 2.0976 2.8575 2.9126 2.9955 2.8469 2.7274 2.8156 1.9122 2.6468 3.4177 2.9473 3.8639 3.1558 2.4604 2.7463 2.9955 2.6298 3.0205 2.7559 2.7463 2.9241 3.7360 2.8792 3.4553 3.1558 3.1558 2.4057 2.9014 2.7853 2.3051 2.3991 2.7754 2.9711 2.1415 2.7559 3.2309 2.4675 3.0592 2.9126 2.2874 2.9955 3.5347 2.2089 3.1558 2.1023 2.8156 2.6818 2.5567 2.8054 2.4395 2.8683 3.4363 2.8902 2.5490 2.6729 2.4818 2.7089 3.0461 2.6729 3.2466 2.9241 2.5966 2.5885 2.9711 2.6130 1.7949 2.9014 3.1273 2.7368 2.5805 2.5966 2.9955 1.9562 2.1217 2.5260 2.8054 2.6641 2.6907 2.6298 3.0205 2.5413 2.9711 4.1308 3.2951 2.7181 2.3860 2.9832 2.7953 3.5347 2.6130 2.9126 2.5413 3.1133 2.2757 2.9832 0.0000 3.7119 2.7274 2.4675 3.4747 2.0976 3.3993 2.8469 2.9832 2.4963 2.5885 2.4464 2.9591 3.3287 3.1704 2.3354 2.6554 2.4890 2.9126 3.6423 2.8902 2.2757 2.4464 2.4746 2.5413 2.9241 4.0985 2.3795 3.4944 3.9188 2.9955 3.2002 3.2466 2.2529 2.9473 2.6818 2.9126 2.9241 3.1704 2.6818 2.3416 2.4327 1.9769 2.8469 2.1023 2.6998 3.1414 2.6907 2.5413 3.2625 2.9591 3.0205
PLUN_Xiamen_fanray_pesti-like_virus_strain_XMTSYG10372_E_796-960_ESMFold 2.1516 2.0834 2.8156 7.6844 2.6468 2.5646 3.6651 2.1824 2.7181 4.3039 2.0694 2.2932 3.1852 2.5260 3.5555 3.4747 2.4124 2.6554 2.5110 3.2309 3.5981 2.8363 3.5981 2.2757 4.5407 2.5567 2.6818 2.7463 2.8363 3.2154 4.0985 3.2625 2.1824 4.9706 2.8259 4.2677 2.7853 2.3860 3.3459 2.2700 3.0995 2.2586 2.9711 2.9711 3.0079 2.8259 2.1120 3.3812 2.2306 2.8259 2.6468 2.1415 2.5110 2.0375 2.4124 3.5144 2.5185 2.7656 1.9939 7.2928 3.1273 2.9356 3.1704 2.8054 2.5185 2.8363 2.7181 2.8156 3.4177 2.9832 5.1383 2.4258 2.2586 4.3791 3.2154 2.3292 2.9126 2.2757 2.5260 3.5555 3.6651 2.9014 3.3287 4.9177 2.2417 3.1704 3.0592 2.8259 3.1273 2.8363 2.8683 2.7953 1.9400 2.0331 1.9201 2.9711 4.7194 3.7605 2.8259 2.3731 2.8156 2.6818 4.3410 2.9955 3.9472 11.6326 5.6611 2.1824 2.8683 3.0724 4.6278 4.3039 2.3171 4.3039 3.4944 2.0834 2.3416 2.1415 2.7463 2.1168 4.7671 4.5837 2.9711 2.6382 2.0375 3.5347 2.1516 2.2306 3.4553 5.8119 3.7605 2.0375 8.7669 3.0592 2.4963 2.4395 2.6298 2.7368 4.9177 4.1976 2.1824 3.0859 2.7853 2.7754 2.2362 2.2417 2.4890 1.8018 2.3540 2.8054 2.2643 4.7194 4.8661 4.9177 2.3603 2.1720 2.8054 2.3925 2.9014 1.9440 3.1133 3.1414 3.0859 2.1465 2.1266 2.6298 3.3993 3.7856 2.0375 2.5490 5.0250 2.2473 2.2757 4.1308 3.2625 4.8160 2.3603 2.6641 4.7194 2.3051 2.1720 3.2787 3.0859 2.2089 2.9014 2.3795 2.6048 3.2309 3.0461 5.4509 8.2714 2.0834 2.3731 3.1852 2.3231 3.7119 0.0000 2.5036 2.8792 2.9014 3.3287 2.4746 2.0834 2.7181 3.5347 2.0928 2.7754 2.4746 1.9240 2.5725 4.7194 2.6298 2.6298 2.0740 2.7368 2.7754 2.6554 3.5144 2.4464 2.2035 3.6651 5.9719 3.3634 2.4534 3.0332 3.0461 2.4057 2.6818 14.5756 2.6048 2.2586 3.2466 2.0111 2.8792 2.7953 4.8160 5.4509 2.3231 2.1772 2.3416 2.0465 2.5260 2.1365 2.4604 3.0859 2.1168 1.9896
FJTB_Alkhumra_hemorrhagic_fever_virus_strain_Zaki_2_E_283-676_AlphaFold 3.2466 2.7754 2.7656 1.3344 2.7559 3.4747 3.9761 3.7360 4.2677 1.1711 2.5725 3.7856 1.7031 3.2466 3.1852 2.2417 3.4747 1.4795 2.6048 1.4968 1.4819 2.6641 1.6724 2.4464 2.7368 2.8259 3.5981 1.6574 1.4746 1.4317 0.0161 3.3812 3.6423 1.6427 1.3177 1.1231 1.3198 2.5490 1.6311 3.6423 1.3034 3.8112 1.3365 3.0332 1.5170 2.0198 3.0205 1.9320 3.2787 1.6369 2.9955 3.0461 2.3925 3.4553 2.6818 1.7544 2.8156 1.4178 2.3416 0.3077 3.4363 3.4177 1.3157 1.3840 3.2309 1.5998 2.9955 3.9188 0.2642 1.1016 3.0205 2.8363 2.9591 0.3310 3.0205 2.5567 1.8372 2.7181 3.1273 2.5646 1.5247 1.1997 1.3751 0.6337 2.7181 1.3535 1.1676 1.6724 1.2953 1.4109 1.1032 2.9832 3.0205 3.4177 2.8054 2.5110 1.3302 1.3407 2.1365 2.3991 1.2406 3.3812 0.7493 3.4177 1.4317 0.3425 0.7572 2.9126 2.7274 4.4180 1.0414 0.6731 3.2625 0.3505 1.3862 2.5885 2.5966 3.4553 1.4041 3.4944 2.8902 0.2550 1.6604 2.2529 3.0724 1.4293 2.9473 3.2625 1.4770 1.4109 1.2255 3.4177 0.3346 2.7656 1.3492 3.2466 2.3540 3.2625 0.3375 1.2598 3.6423 2.9955 1.8628 3.4747 3.3459 2.8156 1.6515 2.8902 3.2309 1.4625 2.5805 0.3786 2.5260 1.5509 2.8469 2.0465 1.6054 3.5766 1.6754 3.9188 3.5766 1.5430 1.4224 3.6883 2.6468 2.3051 1.4943 1.4458 3.3287 2.2143 1.7094 2.8156 2.6729 1.1264 1.3686 1.4317 2.8575 1.5482 1.3556 1.5778 3.3287 1.5120 3.2309 2.8363 1.2953 2.3991 1.4943 2.2035 3.2787 1.5750 0.2329 2.4395 2.7656 1.5589 5.1383 2.7274 2.5036 0.0000 2.8156 2.8683 1.1729 2.3051 3.8911 3.2154 3.1558 2.8054 1.6340 3.2625 4.1976 1.8123 1.0445 4.2677 1.5145 3.2002 3.0205 1.5778 4.1638 1.8158 3.2625 3.5347 4.8160 4.3791 1.2973 3.2625 2.8575 1.6054 2.8902 3.4944 1.1979 2.9955 2.9356 3.5555 3.3459 3.6883 3.1133 1.5887 1.3513 2.4191 2.8683 3.4177 3.0724 2.4395 2.9126 1.1729 3.8112 3.6423 3.8639
FJUN_flavi_freshwater_ORF52_SRR12063566_orf_1_E_332-718_AlphaFold 2.5885 2.3231 3.0205 2.3795 3.7856 2.3667 2.8469 2.6382 2.7559 2.5490 2.0602 2.6298 2.3540 3.0724 3.3993 2.9356 2.5260 2.7754 2.0740 2.6214 2.2991 3.0995 2.8902 2.3478 2.8363 2.4327 2.5490 2.5966 2.7181 2.3231 2.5490 2.9126 2.6998 2.8054 2.6214 2.1071 2.5725 2.4534 2.6130 2.7181 2.5490 2.5490 2.6468 3.3634 2.6641 2.4963 2.4818 2.5805 2.4818 2.8259 3.9761 2.4327 2.1876 2.6382 2.0154 2.7656 2.1668 2.6048 2.3478 3.0079 2.7463 2.9711 2.5725 2.5336 2.3667 3.0205 3.2002 2.5805 2.9241 2.5805 2.6554 2.9955 2.9591 2.8902 2.9014 2.7559 3.2466 2.7853 2.8792 3.5555 2.4818 2.5260 2.4191 3.0332 2.6729 2.5805 2.5110 2.4327 2.6298 2.5036 3.0724 2.9711 2.7953 2.6214 2.5036 2.0976 2.3795 2.7559 2.5646 2.3603 2.5725 2.4963 2.8363 2.4327 2.7754 2.6048 2.6048 2.6818 2.6554 2.8469 2.2932 2.9711 2.6907 2.8575 2.3603 2.2932 2.0556 2.5885 2.3478 2.7953 2.7754 2.4534 2.6641 2.6554 2.7953 2.6298 2.8902 2.7853 2.3171 2.6641 2.9711 2.6130 2.4746 2.7754 2.4746 2.4395 2.6468 3.6200 2.9832 2.3292 2.6998 3.2787 2.3231 2.7181 2.1365 2.0648 2.4327 2.8792 2.9126 2.5490 2.2874 3.1273 2.6298 2.8469 2.1617 2.7559 2.9126 2.6214 2.1876 2.5805 2.4327 2.9241 2.5885 2.7368 2.3292 3.2466 2.4604 2.6214 2.7181 2.3860 2.8792 2.4327 2.2473 2.4191 2.4191 2.5490 2.7853 2.7089 2.4327 2.4327 2.6382 3.4553 3.0995 2.1982 2.8575 2.4124 2.9955 2.2932 3.1414 2.6214 2.6298 2.5966 2.2932 2.6998 2.4395 2.4675 2.8792 2.8156 0.0000 2.9014 2.7853 2.1929 2.7368 4.0669 2.6554 2.6048 2.3051 2.3925 2.6382 3.3812 2.0154 2.6382 2.5805 2.7274 3.1414 2.7853 2.3667 2.4963 3.8911 2.6468 2.6641 3.4177 2.6641 3.1852 2.6998 2.3860 2.2197 3.0332 2.7656 2.4057 2.2700 2.5036 2.6641 3.3287 2.6641 2.6554 2.2586 3.1414 2.9356 2.3292 2.7368 3.3118 2.2757 2.4327 3.0205 2.6998 2.5413
FJIS_Culex_Flavi-like_virus_strain_CFVLSan_Francisco_E_209-568_AlphaFold 3.0592 2.7089 3.3287 2.5885 5.0809 1.6311 3.0079 3.4944 2.6468 2.9591 1.8444 3.4553 2.9014 4.4988 4.9177 3.5144 3.8112 3.0859 1.7413 2.9014 2.7656 2.0740 3.2002 4.0985 2.5036 1.8088 3.3812 2.7656 2.4327 2.5646 2.4675 2.5966 3.1704 3.4177 2.3925 2.4890 2.5413 1.9360 2.9473 2.8792 3.3287 2.8363 2.6729 3.9188 2.6468 2.4746 1.5196 3.2154 2.6298 3.0592 2.9241 3.2625 1.7880 3.1852 2.4604 2.6729 1.8193 3.4363 2.5036 3.4177 3.0724 3.3459 3.1704 2.5413 1.9122 3.6651 4.1308 0.0131 2.3991 2.3354 2.3991 1.9521 2.9832 3.3459 2.9955 2.6468 2.9473 3.6200 3.6883 3.2787 2.7463 3.4177 2.8469 2.6818 0.0378 2.7274 2.8902 3.0724 3.0724 2.4746 2.8363 3.2309 2.9832 2.8259 0.9764 1.6054 2.4818 2.6998 2.9356 2.0242 2.1720 3.5144 2.9591 3.3459 2.5260 2.9591 3.0592 2.7853 0.9115 3.2787 2.2306 2.9126 3.1558 2.9591 2.2643 1.5430 1.7577 2.8792 2.3292 2.8683 2.9356 2.4890 2.9241 1.2734 2.9014 2.3354 3.2625 3.4363 2.5966 2.9473 2.6907 3.1133 3.3459 2.7274 3.0995 3.2625 3.4747 3.4553 3.8373 2.8469 3.1704 3.2787 3.0205 3.4363 1.5069 1.8554 2.8902 2.9014 3.4177 2.9473 1.7778 2.7754 0.9049 2.9711 1.3751 2.5413 2.8792 4.0669 3.4363 2.9356 2.6729 3.4747 3.2625 2.9014 2.5885 3.1852 2.7953 2.8683 2.8902 2.9014 2.9955 1.5247 2.9711 2.4395 3.1414 3.3459 2.4258 3.8112 2.5725 2.6998 3.0461 3.0461 2.8259 1.7711 5.4509 2.4890 3.6651 3.0079 2.7463 2.6048 2.4746 2.8259 2.0787 3.1704 2.8054 3.4747 2.9014 2.8683 2.9014 0.0000 2.6729 1.7644 2.9473 3.3993 2.7463 2.6298 2.6130 1.5723 3.1133 5.5190 2.7754 3.6883 3.7605 3.0079 3.0461 3.3459 1.4410 2.5885 2.5260 2.9832 2.9832 3.9472 2.5336 3.0205 3.3118 2.2362 1.5222 3.9472 3.2625 3.4363 2.1023 3.7360 2.8902 3.2625 3.3812 2.6130 3.3118 2.8363 1.3198 1.4363 3.5347 2.9126 4.1308 2.7953 2.9473 3.4363 2.8683
FJNV_Montana_myotis_leukoencephalitis_virus_E_272-750_AlphaFold 2.8156 2.4890 3.5347 1.3578 2.4604 2.5567 3.2154 2.9241 2.7181 0.5651 2.4890 2.9014 1.5351 2.8902 3.2466 3.2002 2.7754 1.4041 2.6468 1.3929 1.5044 2.9955 1.4943 2.9356 2.7463 2.3416 2.7953 1.4041 1.4387 1.3513 1.1519 2.9832 2.9241 1.3136 1.4918 0.7196 1.3054 2.3540 1.3428 2.5725 1.4270 2.6641 1.4795 2.5966 1.3642 2.6048 2.2417 1.4247 3.1273 1.7000 2.5805 2.9241 2.5885 2.6641 2.0976 1.8702 2.6729 1.4505 2.8259 1.0967 2.9591 2.9591 1.5403 1.4270 2.5805 1.2368 3.6883 2.8259 1.1979 0.7316 2.7754 2.5110 2.8054 1.2540 3.0724 2.7368 1.2833 3.7360 2.9473 2.0928 1.2311 1.3513 1.1835 1.1247 2.5185 1.3471 1.2311 1.5145 1.4722 1.4293 0.7153 2.6298 2.9126 3.4177 2.5725 2.5805 1.5145 1.3996 2.0067 2.4818 0.5707 2.6998 0.8918 3.4177 1.4064 1.0822 0.9023 2.5646 2.6641 3.1558 0.7218 1.0308 2.7953 1.0369 1.4340 2.4258 2.6048 2.8469 1.5299 2.6048 3.3993 1.0742 1.5018 2.4675 2.8575 1.4340 2.5805 3.0995 1.4155 1.3428 1.2793 2.7463 1.2125 2.2815 1.4529 2.9955 1.9645 3.6883 1.1315 1.3239 2.9241 3.1704 1.6167 3.0332 2.2417 2.4675 1.3906 2.8054 2.8259 1.3116 2.5110 1.2368 2.8792 1.3095 2.5567 2.0928 1.4410 2.9955 1.6026 2.6048 2.3171 1.3686 1.4505 2.8902 3.1273 2.6130 1.4529 1.2993 2.6998 2.0834 1.3840 2.4604 2.5805 0.7327 1.3599 1.2387 2.7656 1.5018 1.5069 1.3471 3.1133 1.5196 2.9356 2.4191 1.4340 2.1516 1.6196 2.1824 3.1414 1.4293 1.1589 3.0724 2.4124 1.5325 2.7274 2.0976 3.3287 1.1729 2.7853 2.6729 0.0000 2.4464 2.7656 3.6423 2.6554 2.8575 1.7511 2.2417 2.5725 1.3075 0.6700 2.9473 1.3386 3.0461 2.8683 1.5970 2.9241 1.7220 2.8259 2.9473 2.7559 3.1133 1.3556 2.6048 2.9473 1.6938 2.3795 3.3993 1.1729 2.7754 2.7274 3.6423 2.8156 3.1704 2.9473 1.4041 1.2656 2.6214 2.5185 2.4890 2.4818 2.8469 2.2417 1.2695 2.5805 2.9126 2.6998
FJIS_Culex_theileri_flavivirus_RP-2011_E_331-699_AlphaFold 2.7181 2.7368 3.3459 2.6382 3.5981 0.2484 2.8792 3.0332 1.9201 2.6298 0.6855 2.9591 2.8259 3.1704 2.4464 2.9473 3.3287 2.5490 0.2057 2.2529 2.7368 2.8259 2.4963 2.2643 2.4818 0.2400 2.5567 2.7181 2.3171 2.4124 2.4604 2.1824 3.1414 2.3731 2.5110 2.7559 2.4675 0.0367 2.7853 2.8683 2.3354 2.6818 2.2362 2.6298 2.4963 2.9356 2.0602 2.7368 2.6382 2.8469 3.2951 2.6818 1.3664 2.4464 1.8372 2.4675 1.0098 2.7463 2.9473 2.5646 2.6382 2.6048 2.6554 2.3925 1.3034 2.2197 3.2002 1.5998 2.7274 2.6468 2.5805 1.9044 2.6130 3.2625 2.6818 2.4818 2.7754 2.7274 3.4363 2.4258 2.2089 2.8054 2.4534 3.2154 1.5943 2.5185 2.4057 2.5805 2.6468 2.4675 2.5885 2.4534 2.5646 3.2787 1.6427 1.1624 2.3051 2.7853 2.6998 0.9749 2.6554 2.7953 2.4124 3.4747 2.5966 2.7953 3.1133 2.5567 1.3817 2.9126 2.7656 2.7853 3.3118 3.0205 2.6298 1.0806 1.3795 3.0079 2.5805 2.3603 3.0859 2.5885 2.4395 1.7446 2.4395 2.2700 2.4890 2.6298 2.1876 2.6382 2.4464 2.5567 2.7181 2.8259 3.0079 2.7953 3.0461 3.4747 2.5036 2.3925 3.1414 3.2787 2.6298 3.0332 1.7744 0.2576 2.6468 2.9711 3.3287 2.3111 1.3578 3.6651 1.5562 2.1566 0.9995 2.5805 2.4327 2.7853 2.7754 2.4464 2.1566 2.4534 2.6554 2.7368 3.2787 2.7463 2.5185 2.2529 2.3925 2.3111 2.1876 0.6876 2.7754 2.8363 2.6729 2.1266 2.7181 2.4191 2.6554 2.5725 2.7953 2.7754 3.0592 0.3375 2.2252 2.2306 2.8259 2.3991 3.2466 2.4963 2.5110 3.1414 0.2857 2.5336 2.5336 3.3993 2.4746 2.3051 2.1929 1.7644 2.4464 0.0000 2.4191 15.7979 2.9473 3.1273 2.6468 0.3175 2.5413 2.3667 2.6298 3.0332 2.3292 3.2625 2.4675 3.0461 0.6151 2.4191 2.3051 2.9126 3.1133 2.8575 2.3231 2.6907 2.6641 2.4890 0.2471 2.7274 3.0724 3.3812 1.0338 3.2625 2.3731 2.9014 3.2625 2.5260 3.1133 2.6818 0.9538 1.8554 3.2309 3.3634 2.6048 2.4124 2.9473 3.1852 2.4464
PLLG_Flaviviridae_sp._isolate_TIGMIC_20_E_884-1354_ESMFold 0.0254 2.4395 3.4177 2.3540 2.5260 2.7463 2.6468 0.2310 2.1772 3.2154 2.8792 0.1884 2.8902 2.9241 3.2625 3.4177 0.1823 2.7274 2.8683 2.5260 2.8363 2.6729 2.9711 2.8575 2.0881 2.2815 0.1565 2.5646 2.5036 2.7754 3.4553 2.6818 0.2265 2.5336 2.5036 3.2466 2.8363 2.7754 2.8575 0.1216 2.5036 0.0202 2.5805 2.7754 2.6298 2.6641 2.9014 2.6554 2.7559 2.6998 2.6729 0.0936 2.9711 0.0070 2.5490 3.7360 2.2362 2.5036 2.5966 3.2625 2.0648 2.9126 2.8575 2.7953 2.4464 2.6130 2.6130 2.8156 3.6651 2.6048 2.2473 2.9832 0.1296 3.4747 2.6818 2.5966 2.8792 2.8792 3.1558 2.8792 2.7181 2.4675 2.5805 3.2154 3.5144 2.7656 2.3354 2.6998 2.6729 2.5885 2.6048 2.3731 0.0187 2.5185 2.3416 2.6048 2.6382 2.6130 2.6048 2.2700 2.9711 0.1884 2.6048 2.9473 2.6554 2.8469 2.6298 2.7089 2.7559 2.9241 2.6907 3.3459 2.4963 2.6468 2.8054 2.7656 2.3540 0.1612 2.7953 0.0202 3.3459 3.6883 2.4963 2.7953 0.0131 2.5966 2.6554 0.0958 2.6130 2.6130 2.5110 0.0151 3.3287 2.5185 3.2154 0.1660 2.3354 2.7368 3.7360 2.3051 0.2265 2.5646 2.4534 0.1506 2.7656 2.6729 2.5966 2.9356 2.0111 2.7463 2.8683 3.3993 2.5336 2.5567 2.6214 2.3478 3.5144 0.1588 2.7754 0.0213 2.9014 2.4327 3.0859 0.0111 2.2874 2.3667 2.7754 2.6907 0.0050 2.4818 2.7463 2.5966 2.3540 3.2002 2.6048 2.6554 2.6130 2.7089 2.6907 2.6998 2.4675 2.7853 4.2322 3.1133 2.4057 2.6907 2.5567 2.4675 3.0995 2.7089 3.9188 2.6048 2.3416 2.5413 0.1865 2.8469 2.0834 3.8911 2.7368 2.9473 2.7656 2.4191 0.0000 2.8054 2.7656 2.4604 3.2154 3.2625 0.0202 2.5567 2.9014 0.1529 2.5805 2.7656 2.6907 2.8259 2.6818 2.8902 2.6554 2.6729 2.7274 3.1704 2.4327 2.4464 2.8683 2.4327 2.6468 3.0079 3.0205 2.5725 3.5981 3.5144 0.0111 5.0809 1.7949 2.3354 2.4464 2.3231 2.8259 2.6818 2.7656 2.1516 2.5646 2.8575 2.6214 0.2290 0.0233
FJJI_Trichopteran_jingmen-related_virus_isolate_OKIAV337_segment_2_orfVP1_E_57-215_AlphaFold 4.2322 3.5766 2.6130 5.6611 2.5336 3.1852 3.1414 6.7197 3.2787 3.1414 3.5555 3.2625 2.8575 3.2625 3.9472 3.7360 3.0592 4.0360 4.9706 3.6651 3.6883 2.4464 4.5407 2.5805 2.5567 2.8363 3.6651 3.2787 2.9711 3.0332 3.2951 2.8259 6.7197 3.6651 3.4363 3.2787 2.9955 4.7671 2.4746 3.3634 2.8259 2.8792 4.0985 2.9711 2.9473 4.0985 2.8683 4.6278 3.2154 3.0724 3.2625 2.4963 2.6907 3.3634 2.7559 4.3039 10.6058 1.9400 1.7544 6.4173 3.1852 3.2787 3.5981 3.5347 4.7194 2.1365 2.9241 3.1273 2.7656 3.5347 3.1704 3.3993 3.5347 3.7856 4.0985 2.1876 2.0510 3.2466 3.9472 2.2252 4.2677 2.8902 2.9014 2.8683 4.8160 3.0079 3.0592 3.9761 3.0461 3.4363 3.4177 3.5981 2.7368 2.2757 2.9241 3.7605 2.5110 3.1852 4.4579 3.9472 4.8661 3.0592 3.1558 2.7368 2.7463 4.7671 3.2466 3.5766 2.8469 2.7368 3.4177 3.4553 3.0592 3.0859 4.0057 3.6651 4.8160 3.1273 3.6200 2.7089 3.7605 9.5129 3.5981 3.8112 3.2787 3.5347 2.6641 2.6729 3.0995 3.0461 2.5336 3.0724 4.2677 6.2309 3.3459 3.9761 3.1852 2.3925 4.7194 3.0461 6.7197 3.3812 2.2417 4.0360 4.2322 3.6423 3.1852 11.1006 3.5766 3.2002 2.6554 3.0461 1.8018 4.2677 2.6641 3.4553 3.2154 3.1133 4.6730 3.0995 4.4579 7.0524 4.0985 2.6048 2.5336 3.0079 3.2154 2.5885 3.1133 3.2787 6.5149 2.5805 4.4579 3.5555 3.3459 3.7360 3.5981 3.5347 3.3287 3.0332 3.0079 2.6907 2.5260 12.5070 5.7354 2.6130 2.4890 5.8907 3.2625 3.3634 2.8156 2.6298 4.5837 3.3634 3.4177 2.9832 2.7181 3.2154 4.0669 3.3993 3.6423 15.7979 2.8054 0.0000 2.8156 2.1120 2.8902 6.3226 2.5966 9.3165 3.0332 3.4177 3.4363 3.0859 3.9472 2.8575 4.4988 2.9591 3.1852 2.6382 3.9761 3.3287 3.2154 3.1704 2.1929 2.4890 3.6423 3.2309 3.3812 5.5890 3.3459 3.8112 3.0205 3.1273 2.3795 3.4553 2.7754 3.5766 2.4258 3.0995 3.2002 2.9126 2.6554 2.8156 3.0205 6.7197 3.3634
PLLG_Xinzhou_spider_virus_2_strain_XZZZ-7_E_2362-2589_AlphaFold 3.0079 5.1383 4.4180 3.3118 1.9521 3.3118 1.9769 2.7274 3.2466 2.9241 3.2466 2.7181 3.2787 2.5805 4.0985 3.6651 2.9126 2.5036 3.3287 2.9126 3.8373 2.6907 3.5347 2.9356 2.8259 3.7119 2.6298 3.0205 3.1852 2.3231 3.0332 2.7559 2.7274 2.7853 3.0461 3.4177 3.0205 3.5347 2.3731 2.5260 2.7754 2.6214 3.2951 3.1273 2.8575 6.1419 3.2625 2.9591 3.3634 4.0360 2.8792 2.7089 3.5555 2.6298 3.0995 3.3287 3.3287 2.6130 3.7360 3.4553 3.2951 2.9241 3.0461 3.2625 2.7368 3.5981 2.4534 2.7274 3.5144 3.6651 2.4534 2.4963 2.4191 3.4363 2.5260 2.5185 2.4675 2.7089 2.9591 2.0331 3.3459 2.5260 2.3860 2.4818 2.4818 3.0724 2.9473 3.8112 3.3812 3.2951 3.5347 2.3416 2.6907 4.1308 3.2466 3.3459 3.2309 2.4057 3.1273 2.9126 3.5981 2.9832 3.0461 2.3354 3.0079 3.5144 2.5966 4.7671 4.1976 3.1133 4.0057 2.9832 3.2625 2.7368 4.0057 3.6883 3.7360 2.7368 3.0205 2.5490 3.5555 2.8469 2.7754 3.4177 3.1704 2.6214 2.2035 2.7181 3.1852 3.5981 2.6998 2.9356 3.7605 2.9955 2.4963 3.2002 2.6382 2.9473 3.2625 2.6298 2.7274 3.3634 2.8902 2.9241 3.0332 2.9955 3.5347 2.6729 3.7119 3.3634 4.0669 3.8112 3.7605 2.8683 3.4177 2.8902 3.9188 2.4890 2.9832 2.7274 3.0859 3.1133 4.0669 2.7853 3.2309 3.6200 2.8054 2.3416 2.9832 2.9014 3.0461 4.4579 5.1383 3.0592 2.5260 2.9241 4.0985 2.8363 3.4177 2.5336 3.1414 3.8639 2.3667 3.6651 2.9711 3.2625 3.2309 3.3634 2.8902 4.7194 3.3287 2.9955 3.5981 2.9473 2.6048 2.4963 3.5347 3.1558 2.6554 2.7463 2.6554 2.9473 2.7656 2.8156 0.0000 3.3812 2.8902 3.4177 2.8054 2.8259 2.8469 2.4534 2.7181 2.5966 3.5766 2.7754 2.9711 2.9126 2.4963 3.8373 1.8853 2.9241 2.6907 2.1772 2.0556 3.0995 3.1558 2.4327 3.5981 2.8156 4.4988 3.2154 2.8054 2.8902 3.1704 2.8156 2.6048 4.1638 3.0995 3.1414 2.3991 2.8575 2.3991 2.9832 1.7031 2.7274 2.8363
FJJI_Heilongjiang_tick_virus_isolate_HLJ41_segment_2_orfVP1_E_210-511_AlphaFold 2.6048 0.1624 0.8202 2.9955 2.9241 2.9241 3.1133 2.5336 2.5805 3.2625 2.5413 2.5413 3.0592 3.0724 6.4173 2.9832 2.5646 2.5336 2.9591 2.9591 2.6818 2.6818 2.6818 2.4057 2.8259 3.2951 2.6130 2.6382 2.8683 2.6998 2.6729 2.7463 2.5336 2.5646 3.0995 2.3860 2.7089 2.9014 2.6382 2.5805 2.5885 2.4963 2.5725 2.7559 2.7274 2.5725 2.4464 2.6554 0.0837 3.1558 2.9711 2.5885 2.5185 2.5490 2.4890 2.5336 2.6382 2.8054 0.0172 3.3993 3.2154 2.7853 2.8683 2.9711 2.8363 3.1414 3.1852 2.6998 3.2951 2.9126 3.0995 2.5805 2.3231 2.5567 2.9473 1.0631 2.5805 2.2815 2.7274 2.9832 3.4553 2.6130 2.6382 3.0859 2.3795 2.8054 2.7089 2.5413 2.8054 2.9473 2.7089 2.8902 2.7559 0.1194 3.1273 2.5185 2.3991 2.6641 3.0079 3.0332 2.8792 2.7089 2.2815 3.5144 3.0859 3.0332 2.9591 0.1553 2.4818 4.6730 2.9832 2.5966 0.0378 2.8363 2.9591 2.8683 2.2643 2.6729 2.7181 2.6554 3.0724 2.9711 3.8639 2.6641 2.5725 3.0995 3.0205 2.7181 2.9955 2.5567 2.3603 2.4258 3.0205 2.9241 2.6468 2.6554 2.5413 3.4363 2.7368 2.4890 2.5336 0.9922 2.8575 2.6729 2.3603 3.0592 2.6468 0.7685 2.4258 2.9014 2.3111 2.4124 2.7656 2.8363 2.6298 2.8259 2.8902 2.7559 3.0859 2.5413 3.1558 2.2473 2.6729 2.5413 0.0567 2.2529 2.6048 2.6998 2.5036 2.6298 2.7274 2.9473 0.1342 2.7953 3.0859 2.9591 2.9591 3.0995 2.6468 2.8575 0.0663 3.1273 2.6907 3.0079 3.3287 2.4124 3.5144 2.5725 2.7754 2.9126 3.2309 0.0357 2.8792 3.3459 2.5567 2.5885 2.0928 2.8054 2.6048 2.6298 2.8575 3.1273 2.4604 2.1120 3.3812 0.0000 2.6998 2.8792 2.4818 2.9711 2.7559 2.5966 3.4553 2.9473 2.6641 2.6554 2.8792 3.2002 2.8683 0.0695 3.1133 2.8156 2.7953 2.7754 4.6730 3.0592 3.0205 2.5260 2.8469 1.0399 2.6048 2.5260 2.3667 3.2002 2.4818 2.5725 2.7368 0.0903 2.7463 2.6214 3.0079 2.6729 3.0079 2.8575 3.4553 2.5110 2.5725
FJFL_African_cichlid_flavi_like_virus_E_278-770_AlphaFold 2.7181 2.3731 2.8902 1.3198 2.7181 2.6998 2.9356 3.1704 3.3993 1.5273 2.4963 2.5725 1.6340 2.8792 2.4746 2.4124 2.7368 1.5943 2.6554 1.4918 1.4505 2.9014 1.5069 2.5567 2.2306 2.9014 2.7274 1.5403 1.5170 1.6427 1.5860 2.9014 3.1852 1.5860 1.6054 1.5509 1.5430 2.4675 1.5750 2.5805 1.4649 2.9955 1.4844 3.2625 1.5562 2.0286 2.5646 1.5943 2.5567 1.7284 2.6048 2.8469 2.4327 3.1273 2.2586 1.5696 2.1876 1.4086 2.3795 1.4410 2.7181 2.5490 1.5589 1.4649 2.4395 1.5943 2.5885 2.7754 1.3884 1.5222 4.0669 2.4675 2.7181 1.5887 2.9832 3.1852 1.5943 2.7953 2.5036 2.2991 1.5377 1.5120 1.5299 1.4649 2.4890 1.5482 1.5456 1.6574 1.3906 1.5403 1.4317 2.9473 2.8792 2.7853 2.5805 2.4258 1.3884 1.5778 1.8554 2.3860 1.4943 2.9014 1.6754 2.9356 1.5915 1.4649 1.5273 2.4395 2.4191 2.8469 1.4993 1.3817 2.7853 1.5247 1.4869 2.2306 2.2757 2.8054 1.5998 2.8363 2.8469 1.5915 1.5430 2.4818 3.2154 1.6574 2.8902 3.1558 1.4270 1.3795 1.5247 3.1273 1.4577 2.0928 1.6427 2.8469 1.9481 1.9400 1.6604 1.3929 3.1852 2.6641 0.9908 2.7089 3.0995 2.9955 1.5222 2.5966 2.7656 1.5642 2.4604 1.4819 2.9711 1.5403 2.0694 1.8739 1.7189 2.6382 1.6054 3.0205 2.1266 1.5403 1.6545 3.0592 2.6554 2.3171 1.5562 1.5018 3.1704 1.9201 1.5430 2.1617 2.4057 1.5044 1.3973 1.5778 2.6298 1.6167 1.2636 1.4918 2.5966 1.7031 2.9711 2.4395 1.5351 2.0242 1.7949 1.8628 2.9591 1.4293 1.5120 2.5567 2.5413 1.7189 3.0724 2.4464 2.7754 1.6340 2.3051 2.6130 1.7511 2.6468 3.2154 2.8902 2.8902 2.6998 0.0000 2.7274 2.8902 1.7544 1.3471 2.6998 1.6224 2.7853 2.8054 1.6398 2.5646 1.6282 3.1558 2.7089 2.9014 3.7856 1.5377 2.7953 2.7368 1.5430 2.7853 2.8259 1.5273 3.0592 2.2586 3.0724 2.9955 3.0205 2.8683 1.4132 1.5615 2.2143 2.7089 2.5567 3.2951 2.5567 3.4363 1.5120 2.6818 3.1273 3.0724
FJIS_Culex_flavivirus_E_336-676_AlphaFold 2.7181 2.4604 3.1273 2.3731 2.5725 0.3771 2.6298 3.1852 2.6130 2.8259 0.7606 2.8792 2.4963 2.8792 3.0079 3.4177 3.1414 2.4818 0.3447 2.3292 2.7754 3.3287 2.4534 2.1465 2.4675 0.3239 3.0592 2.5646 2.3051 2.3354 3.2951 2.1929 2.9014 2.7181 2.7368 2.6641 2.4818 0.3432 2.5036 2.7089 2.6641 2.6998 2.4890 3.0995 2.7853 2.6214 1.7744 2.2815 2.5725 2.4464 3.3634 2.8363 1.3513 3.2002 1.9320 2.5885 0.9908 2.7953 2.6048 3.3287 2.9241 2.8902 2.6298 2.6729 1.4041 2.3925 2.7953 1.6224 2.8363 2.2197 2.9126 2.1982 2.9126 2.9955 2.7274 2.5036 2.5036 2.9473 3.4177 2.7559 2.8575 2.4890 2.3416 2.5966 1.5351 2.5260 2.4890 2.6907 2.4890 2.3171 2.2143 2.4604 3.2154 2.8054 1.5299 1.1961 2.1023 2.5336 3.3287 0.9358 2.4675 2.7181 2.3860 2.9014 2.8054 2.7853 2.3416 2.3603 1.3973 2.7953 2.4124 2.4604 3.1558 2.3540 2.2991 1.1264 1.3535 2.6729 2.2362 3.1414 2.4746 2.6554 2.3991 1.7446 2.9711 2.8054 2.9591 3.0724 2.4534 2.7463 2.5036 2.9126 2.8792 2.2586 2.7181 2.6554 2.9591 2.1772 2.7754 2.4258 2.9014 3.9472 2.7368 2.9955 1.7479 0.3022 2.6998 3.5347 3.8112 2.2874 1.3365 2.2757 1.4993 2.6907 0.9345 2.2815 2.3991 3.1133 2.6214 3.1133 2.3540 2.4464 2.6298 3.1852 2.7754 2.6998 2.2932 2.6729 3.1133 2.4124 2.7656 0.5950 2.3540 2.5185 2.5966 2.7089 2.6048 2.5336 2.5725 2.7089 2.6641 2.5805 4.2322 0.3749 2.8792 2.1465 2.5885 2.2362 2.8902 2.5646 2.5036 2.5805 0.3498 2.4818 2.7656 2.9591 2.4746 3.2625 2.3925 1.5723 2.2417 0.3175 3.2625 6.3226 3.4177 2.8792 2.7274 0.0000 3.6883 2.6048 2.3478 3.0332 2.4057 3.3812 2.1023 2.6641 0.5809 2.4124 2.4464 2.7274 2.7181 3.2309 2.3795 2.9591 2.8054 2.4818 0.4091 2.9832 2.5260 2.6130 1.2482 2.9955 3.0205 3.0332 3.4177 2.3354 2.5885 2.5805 0.9250 1.8554 3.0859 3.5555 2.6214 2.3991 3.0461 3.0205 3.2466
PLLG_Bole_tick_virus_4_strain_NE-ShL2_E_884-1355_ESMFold 0.0254 2.4818 3.1852 2.3603 2.4191 2.8902 2.5885 0.2452 2.0556 3.2787 2.9356 0.2013 2.9591 2.9711 3.1273 3.3634 0.1970 2.7853 2.7853 2.5336 2.7559 2.5805 2.9832 2.9241 2.2197 2.2473 0.1612 2.6641 2.5036 2.7274 3.0592 2.9126 0.2406 2.6048 2.4890 3.3459 2.6554 2.8363 2.8156 0.1239 2.6130 0.0264 2.6818 2.8683 2.5567 2.7274 3.0079 2.6998 2.5336 2.6907 2.7953 0.0980 2.6641 0.0177 2.7274 4.1308 2.3478 2.4604 2.6554 3.2002 2.1516 2.9014 2.8792 2.7368 2.4327 2.4963 2.7274 2.8259 3.6883 2.5260 2.2757 3.1852 0.1296 3.2951 2.7274 2.8259 2.9711 3.4363 2.8469 2.7656 2.6818 2.5110 2.4818 3.4944 2.9014 2.6907 2.4327 2.7181 2.5490 2.6130 2.8575 2.3171 0.0213 2.5646 2.4534 2.5567 2.7853 2.6468 2.6214 2.2700 2.7656 0.1970 2.5725 2.5413 2.6998 2.6729 2.6729 2.6130 2.5110 2.8902 2.6729 3.2625 2.6214 2.9356 2.6818 2.7181 2.5413 0.1660 2.7656 0.0223 3.5347 3.8373 2.8156 2.8363 0.0243 2.5725 2.7656 0.1002 2.5110 2.5490 2.4258 0.0243 3.1852 2.6382 2.8792 0.1708 2.3925 2.9832 3.5555 2.3540 0.2406 2.4258 2.4746 0.1553 2.7089 2.7656 2.6214 2.9711 1.9728 2.5567 2.7274 3.1273 2.6214 2.6554 2.7853 2.3292 3.2787 0.1636 2.8902 0.0187 2.7559 2.3860 3.0592 0.0223 2.4258 2.4395 2.8683 2.8902 0.0151 2.4818 2.6554 2.4327 2.3051 3.2154 2.5725 2.7089 2.8902 2.5490 2.5646 2.6907 2.3292 2.6214 4.2322 2.7559 2.4258 2.7559 2.5260 2.4604 3.1133 2.7274 3.8373 2.6468 2.3731 2.4327 0.1841 3.3287 1.9240 4.1976 2.6382 3.1133 2.5725 2.5413 0.0202 2.5966 2.8054 2.4818 2.8902 3.6883 0.0000 2.5110 2.9356 0.1576 2.5567 2.7181 2.7754 2.8054 2.4604 2.6907 2.9591 2.6729 2.7274 3.1704 2.5260 2.6641 3.0079 2.4534 2.6998 2.9126 3.0205 2.5036 3.3812 3.5555 0.0131 2.7368 1.7413 2.3292 2.5036 2.1982 2.9014 2.8792 2.5966 2.1929 2.7656 2.7656 2.7754 0.2419 0.0213
FJMB_Torres_virus_strain_TS5273_E_288-783_AlphaFold 2.8469 2.3540 3.8639 1.1281 4.2322 2.9591 2.9356 2.8575 2.3667 1.4458 2.5336 2.7463 0.9455 2.6998 4.4579 2.7463 2.9126 0.7460 2.6130 1.0616 0.6679 2.2417 0.8348 2.3231 2.5805 2.3478 2.7754 0.8788 0.6219 0.9835 1.7949 3.5555 2.8902 0.6151 0.6845 1.4918 0.4216 2.4746 0.7777 2.9832 0.6074 2.5413 0.6618 3.5766 0.9807 2.5646 2.6554 0.9792 2.6382 1.1729 3.1558 2.6554 2.3925 2.6130 2.2089 1.5998 2.2757 1.2107 2.6641 1.3260 2.8156 2.6729 0.8178 0.8970 2.6214 0.1435 3.1704 3.1852 1.6311 1.5456 3.3459 2.7953 2.8259 1.4505 3.1133 3.7119 0.9372 3.5766 3.1704 4.3791 0.6669 1.2463 0.7766 1.4505 3.0205 0.6337 1.3862 0.7142 1.2293 0.6845 1.4247 3.1414 2.7089 2.7463 3.3812 3.1414 1.0187 0.5997 2.2035 2.7463 1.3556 3.1133 1.3449 2.7953 1.0232 1.5145 1.2973 2.3478 2.5885 3.3118 1.5482 1.5069 3.7605 1.4201 0.7283 2.3540 2.1720 2.7656 0.7294 2.6382 3.3459 1.2893 0.9764 2.4057 2.7853 0.6918 5.0250 2.9356 1.0098 1.1782 1.3054 2.6907 1.4993 3.0205 1.1554 3.1133 1.7914 3.8373 1.4387 1.1131 2.8902 3.4747 1.5642 2.5567 2.6818 2.5185 0.7685 2.7089 3.0079 0.6446 2.4395 1.5669 2.4963 0.6229 2.3860 1.8665 0.7024 2.6729 1.6545 2.5725 2.6641 0.1002 0.9566 2.9711 2.8683 2.6818 1.0217 0.5865 2.7089 2.3354 0.5818 2.6818 2.6468 1.5482 1.2293 0.5922 2.7559 1.0870 1.0806 0.7516 3.0332 0.8202 3.2466 2.5885 0.6055 2.4963 1.0293 1.9562 2.4124 0.9707 1.3817 2.9832 2.2529 1.0934 2.9356 3.1704 2.5725 1.8123 3.3812 5.5190 1.3075 2.3667 2.5567 9.3165 2.8259 2.9711 1.7544 2.6048 2.5110 0.0000 1.6604 2.7368 0.1459 3.3812 2.6382 1.0918 2.5966 1.6876 3.2625 3.1852 3.4363 3.1704 1.2387 2.8156 3.8112 1.5299 2.7463 3.2951 1.4132 4.1308 2.9356 3.5981 2.6998 2.4191 3.2951 1.1519 1.2675 2.6214 2.4124 2.6998 2.8683 3.0332 2.0556 1.1818 2.9014 2.8363 2.7181
FJNV_Rio_Bravo_virus_strain_M64_E_269-655_AlphaFold 2.7463 2.8792 3.3459 1.3157 2.9356 2.9014 3.3812 3.2002 4.2322 0.5615 2.4395 3.3993 1.5299 3.0724 3.3993 2.8575 3.0079 1.4132 2.7559 1.3075 1.2734 2.3231 1.3075 2.3667 3.2154 2.9955 2.9126 1.3471 1.2873 1.2387 0.9850 3.1273 3.1704 1.3840 1.3323 0.7067 1.3535 2.5725 1.4601 2.9832 1.2853 3.3634 1.3219 2.7953 1.2181 2.3540 2.6641 1.5145 2.7656 1.7000 3.0205 2.8575 2.4327 2.9473 2.2362 1.7094 3.0995 1.1164 2.8792 1.0854 3.3812 2.7853 1.2833 1.2774 2.2586 1.5482 2.6130 2.8792 1.0918 0.6084 2.6382 2.5185 2.7754 1.1298 3.0461 2.5885 1.6969 2.5490 4.2322 3.4747 1.4529 1.2330 1.2311 0.9622 2.6468 1.2406 1.1764 1.3428 1.0726 1.2181 0.5707 2.4890 3.0592 2.7853 2.4124 2.5036 1.2199 1.2617 2.0154 2.5413 0.5309 3.4553 1.2181 2.6907 1.4697 1.1181 0.9995 2.5110 2.2306 4.0669 0.6628 0.9566 3.0205 0.9636 1.1571 2.4963 2.4534 3.2154 1.1747 2.7853 3.7856 1.0414 1.4041 2.5567 2.9591 1.3095 2.6048 2.5885 1.2993 1.2873 1.2274 3.3459 1.0902 2.5567 1.4387 3.1852 2.2252 3.1133 1.0143 1.1764 3.1704 2.5336 1.7644 4.0057 3.1558 2.5966 1.3177 2.6554 3.1133 1.4434 2.6214 1.1468 2.3540 1.3556 2.3991 2.1516 1.5482 2.9711 1.5723 3.0079 2.2700 1.6634 1.4553 3.3993 2.5336 2.7274 1.2993 1.4132 3.1704 1.9645 1.4601 2.2473 2.4963 0.7360 1.1382 1.5170 2.9356 1.3996 1.1589 1.2636 2.4327 1.4363 2.4327 2.7181 1.4746 1.9481 1.5430 2.0787 2.7559 1.1468 1.0113 2.7274 2.6907 1.7062 3.0205 2.3354 4.7194 1.0445 2.0154 2.7754 0.6700 2.6298 2.9014 3.0332 2.8469 2.7559 1.3471 2.3478 2.9356 1.6604 0.0000 3.1273 1.4458 3.1558 2.8792 1.5482 2.7368 1.6724 3.0079 2.5036 3.0859 2.8902 1.1098 2.8683 3.4553 1.6311 2.7953 3.4553 1.1164 3.0205 2.7181 3.0079 3.2951 3.8112 3.0724 1.1889 1.2237 2.6382 2.3731 3.0205 2.7089 3.2466 3.3812 1.1835 3.4177 3.2002 2.9591
PLLG_Bole_tick_virus_4_strain_BLP-1_E_877-1348_ESMFold 0.1804 2.3292 3.6200 2.3603 2.3925 2.8054 2.4191 0.2144 2.0154 3.4553 2.6998 0.0815 2.5885 3.2002 3.0724 3.1133 0.0562 2.7853 2.3860 2.8054 2.8902 2.8363 2.8363 2.6382 2.3667 3.5555 0.0305 2.5646 2.5413 3.0592 4.3410 2.1668 0.2157 2.4818 2.5805 3.3287 2.8683 3.3812 2.6048 0.1648 2.6641 0.1553 2.4890 3.1558 2.9473 2.6998 3.4177 2.9832 2.8054 2.6298 2.5885 0.1732 2.7463 0.1482 2.6729 3.1558 2.2306 2.5725 2.6130 3.2951 2.0928 2.6729 3.1414 2.7754 2.5336 2.7656 2.6298 2.9014 3.9188 2.6382 2.3795 2.6298 0.1660 3.2787 2.7274 2.6729 2.5260 2.9711 3.2154 2.9711 2.8363 2.3667 2.5567 2.7853 2.5185 2.5567 2.5567 2.5036 2.5725 2.7853 2.6048 2.2757 0.1529 3.0724 2.7754 3.2002 2.5885 2.6554 2.4057 2.9356 2.6641 0.0482 2.9591 2.3991 2.9014 2.6554 2.7853 2.6468 2.9473 2.6641 2.5966 2.7853 2.6130 2.8363 2.5260 2.7953 2.8054 0.0419 2.8683 0.1553 3.2002 3.3993 2.4818 2.5490 0.1506 2.6298 2.8054 0.1756 2.7181 2.7181 2.3051 0.1424 3.1133 2.9241 3.1133 0.0461 2.6214 2.6298 3.2466 2.4604 0.2157 2.3540 2.8683 0.0131 2.8683 3.0332 2.5646 3.5555 2.1316 2.9014 2.4604 3.1558 3.1133 2.5336 2.4534 2.2035 2.9955 0.0419 2.8792 0.1553 2.8054 2.5336 2.8902 0.1529 2.6048 2.2362 2.9473 2.7089 0.1482 2.8683 2.7559 2.6130 2.5725 3.1558 2.6554 2.6641 2.9241 2.8575 2.7181 2.3991 2.6907 2.5966 2.8363 2.8792 2.3991 2.9014 2.7463 2.5490 2.9832 2.5805 3.3634 2.7853 2.5885 2.6048 0.1606 2.6554 2.6298 4.2677 2.6382 3.6883 2.9473 3.0332 0.1529 3.4177 2.4534 2.5966 2.6998 3.0332 0.1576 2.7368 3.1273 0.0000 2.8902 2.7953 2.5567 2.7656 2.1720 2.5725 2.6998 2.7181 2.7274 3.2154 2.2700 2.6298 2.9014 2.3231 2.6298 2.5413 3.0205 2.7754 3.3287 3.1852 0.1529 3.2309 1.6398 2.4963 2.5885 2.3603 2.6907 2.6554 2.2700 2.0648 2.6214 2.9014 2.7089 0.2119 0.1553
FJMB_Bainyik_virus_strain_MK7979_E_287-786_AlphaFold 2.7463 2.2874 2.9356 1.0083 4.7671 2.5185 2.9473 3.0995 2.2089 1.3599 2.4675 2.8259 0.9023 2.9832 3.1558 3.7605 2.8902 0.7437 2.5805 0.9455 0.6064 2.9014 0.7847 2.1266 3.0859 2.6048 2.7853 0.8202 0.5856 0.9142 1.5562 3.1704 3.0332 0.5865 0.6113 1.4601 0.3726 2.4675 0.6950 2.7089 0.5344 2.5185 0.6142 2.9711 0.9792 2.2991 2.3795 0.9250 3.2002 1.2034 2.6130 2.6907 2.4124 2.5490 2.2089 1.6846 2.0198 1.1298 2.7754 1.3449 3.0079 2.8156 0.8788 0.9023 2.7274 0.0859 3.1414 2.5805 1.4649 1.4247 4.0057 2.1720 2.8792 1.4247 2.8259 3.0859 0.9524 5.2581 2.9473 3.0592 0.5524 1.1016 0.7663 1.4247 2.3540 0.5799 1.0790 0.7250 1.1537 0.6477 1.4018 2.8792 2.7754 2.6468 3.1133 2.6554 0.8597 0.5624 1.8193 2.2874 1.3773 3.0995 1.3556 2.4963 0.8853 1.3817 1.2675 2.3478 2.2757 3.2466 1.5044 1.3386 3.0205 1.3686 0.6908 2.2874 2.5185 2.8575 0.5997 2.6818 2.8902 1.3075 0.9263 2.2700 2.6729 0.6229 3.0332 2.8363 0.8361 1.0128 1.1164 2.6998 1.4224 2.3991 1.1098 2.9473 1.7062 3.0859 1.3407 1.0247 3.0332 2.9832 1.5044 2.7181 2.4890 2.6468 0.7218 2.3925 2.6214 0.5642 2.4675 1.4819 2.6048 0.6026 2.4675 1.7479 0.7067 2.8683 1.4697 2.6214 2.4675 0.2214 0.9155 2.5567 2.6641 2.7559 0.8775 0.6132 2.6729 2.0286 0.5978 2.5110 2.5885 1.4481 1.1332 0.5679 2.7559 1.0054 1.1032 0.7067 3.1852 0.8094 3.5766 2.3478 0.5828 2.3540 0.9678 1.8053 2.8363 0.8572 1.3095 3.3287 2.5036 1.0158 2.9241 2.4890 2.6298 1.5145 2.5805 3.7605 1.3386 2.3292 2.5805 3.4363 2.7181 3.4553 1.6224 2.4057 2.5567 0.1459 1.4458 2.8902 0.0000 2.9955 2.5110 0.9622 2.3292 1.5805 2.8683 3.1704 2.9473 5.8907 1.1081 2.5805 2.9473 1.4434 2.8054 2.8156 1.3621 3.3287 2.8792 2.9473 2.5966 3.7360 2.3795 1.0870 1.1065 2.2757 2.4057 2.2586 2.8259 2.7463 2.4818 1.1081 2.6907 3.1414 2.6729
PLLG_Macrosiphum_euphorbiae_virus_1_isolate_K01_E_1818-2099_AlphaFold 2.8054 3.1558 2.8156 3.8639 2.6818 2.7853 2.6298 2.5185 3.2466 2.8683 3.1133 2.7089 2.9014 2.2089 2.8792 2.6214 2.6554 3.1852 3.1704 3.3459 3.7360 3.2154 3.0859 2.9711 2.6214 3.0995 2.7368 2.7953 3.7360 3.2951 3.0461 3.3812 2.5185 2.9014 2.8792 2.7953 2.3991 3.0995 3.0859 3.2154 3.1273 2.7953 3.0205 2.6214 2.7853 3.6200 3.1852 2.8792 2.6382 3.1133 2.8054 2.7559 2.9591 2.7754 2.9955 3.4944 2.6554 3.0332 2.5110 3.0079 2.9126 2.3051 2.8156 2.6214 3.4747 2.8363 3.0995 3.2951 3.1273 3.2951 3.1133 4.0985 3.1273 2.6998 2.4258 2.7274 3.4177 2.8792 2.4604 2.4057 2.9832 2.8156 2.6641 2.9832 3.4747 3.0332 3.6883 2.9955 3.5555 2.9356 3.3812 2.0510 2.8363 2.5966 3.3118 2.8156 2.9832 3.2625 3.5981 2.8363 2.8902 2.8792 3.1704 3.3812 3.0592 3.0461 3.2154 3.7360 2.9126 1.9562 2.9591 3.2787 3.0461 2.7953 2.9955 3.3459 2.9356 2.9241 3.6883 3.0079 2.9014 3.3459 3.1558 2.6998 2.7181 2.6641 2.9473 2.6907 3.2309 3.0859 3.0332 2.6048 2.9014 3.1273 3.3993 2.9014 2.7368 2.2529 3.1704 3.5981 2.5185 3.1852 2.7368 2.6998 4.2322 3.2625 2.9832 3.1704 2.6298 3.8373 2.8575 3.0079 3.0592 2.9591 2.6554 2.5805 2.9832 3.2002 3.1558 2.6554 3.1414 3.5766 2.6298 2.6998 3.5347 8.2714 2.6729 3.4177 2.7274 3.0461 2.8792 2.9832 4.3791 2.6641 2.8363 3.1558 2.7181 2.9241 2.7368 3.4363 3.0332 3.8639 3.5347 2.7953 3.0724 2.9711 2.7559 2.9591 2.6907 2.8363 3.2951 3.2466 2.9955 2.6468 2.7559 2.9126 2.0740 3.2002 2.7274 3.0079 3.0461 3.2625 2.7656 3.0859 2.5966 2.9473 2.7853 3.3812 2.7181 3.3812 3.1558 2.7953 2.9955 0.0000 3.0724 3.0332 3.0332 3.2002 2.9955 3.0995 2.4395 2.6907 3.1273 2.4963 2.3478 3.5144 2.5110 2.9014 3.3993 3.0859 2.9126 2.4464 2.6729 2.8792 3.2309 3.0724 3.6651 2.8469 2.5966 2.9711 0.4784 3.0461 2.7953 3.2002 2.2197 2.5185 2.6907
FJUN_XiangYun_flavivirus_isolate_XY61577_orf_1_E_267-667_AlphaFold 3.1852 2.5966 2.8156 2.6130 3.2951 2.4963 2.8902 2.8902 2.9591 3.0079 2.5336 2.5885 2.4534 3.0332 3.8112 2.9126 2.9126 2.9356 2.2874 2.7368 2.4675 2.8792 2.4464 2.1465 2.8575 2.4057 2.6382 2.7274 2.5336 2.3925 2.7656 2.4675 2.9356 2.6298 2.7181 2.6641 2.5966 2.5966 2.5490 2.9126 2.5966 2.9832 2.3540 3.2309 2.4124 2.7656 2.3795 2.8575 2.6729 2.7853 3.3634 2.6998 2.0242 2.6298 2.5567 2.7656 2.0602 2.5725 2.4534 2.9711 3.0079 3.1558 2.6818 2.6130 1.8628 2.6729 3.0332 2.4818 2.6729 2.7463 2.8054 5.1383 2.6298 2.7754 3.2466 2.4124 2.4327 3.6423 3.1558 2.8054 2.5336 3.1273 2.5036 3.5981 2.2473 2.3667 2.6382 2.5646 2.8156 2.4395 3.0079 2.8054 2.6382 2.6907 3.1704 2.1023 2.6468 2.4963 3.1852 2.4327 2.4534 2.7559 3.0461 2.1071 3.0859 2.8469 2.6998 2.2874 2.2143 2.6729 2.5490 3.3812 2.2874 2.7368 2.5490 2.1876 1.9400 2.7559 3.0205 2.8054 3.0592 2.6729 2.6298 2.4327 3.2154 2.5646 3.4747 2.8363 2.5725 2.8792 2.6907 2.8363 2.6641 2.6641 3.0079 2.6048 2.5260 3.6200 2.7559 2.4124 2.9356 3.1852 2.2815 2.4890 2.5260 2.2529 2.5567 2.9014 2.8902 2.7463 1.9896 2.5413 2.3231 2.5490 2.2991 2.6048 2.6998 2.5185 2.8469 2.5336 2.7953 2.6641 2.5413 2.8575 2.8156 2.0834 2.5725 2.8054 2.9955 2.4534 2.4675 2.4395 2.1316 2.6818 2.8156 2.5336 2.9832 2.6298 2.2143 2.5646 2.7274 2.8156 2.9014 2.2362 2.5725 3.1704 2.8469 2.2757 2.5966 2.1415 2.5490 2.9591 2.3292 2.7656 2.5110 3.6423 2.7368 3.0205 3.1414 3.0461 2.8683 2.4675 2.6907 3.9472 3.5766 2.6641 2.8054 2.1023 2.7754 2.6382 2.8792 2.5567 2.5110 3.0724 0.0000 2.9356 2.5036 2.8363 3.0995 2.8156 2.9014 3.5555 2.6554 2.9711 2.9832 2.6468 2.4057 3.0332 2.8363 2.8792 2.7274 2.6998 2.7953 4.1308 2.8054 2.6818 2.8259 2.4746 2.4258 2.4604 2.6907 2.9241 3.2154 2.5885 2.3603 2.8902 2.7853
FJMB_Ilomantsi_virus_isolate_M0724_E_299-792_AlphaFold 3.2002 2.6298 2.8469 1.2349 3.2951 3.2787 2.8792 2.5966 2.8259 1.7381 2.5185 2.6048 0.1780 2.5966 3.3118 3.2309 2.6214 1.1081 2.9591 1.1519 0.9331 2.8259 1.0491 3.3634 2.2643 3.2309 2.7559 0.6288 0.9263 0.5597 1.4722 2.8054 2.5567 1.0616 0.9552 1.4553 1.1164 2.9711 1.2089 3.0332 1.0232 2.5725 0.9386 2.7953 1.2913 2.7656 2.7953 0.5837 2.6048 1.1032 2.9241 3.1414 2.5110 2.8792 2.6214 1.7983 2.4890 1.2387 2.9473 1.6907 3.0724 2.8792 1.0569 1.1782 2.6214 0.9707 2.6554 2.7754 1.4968 1.6574 4.3039 2.8363 2.9241 1.6545 2.7181 3.3459 1.3556 2.5805 3.0724 2.8575 1.1197 1.1571 1.1434 1.4224 2.8902 1.0854 1.2181 1.0293 1.2070 0.9386 1.4943 2.8054 2.9014 3.2154 2.7181 2.3731 0.9951 0.9182 1.9603 2.4258 1.8264 2.9014 1.4943 5.0250 1.1181 1.6340 1.3951 2.7754 2.5036 2.5110 1.7252 1.4201 2.5885 1.7446 0.9821 2.6818 2.7089 2.7559 0.9650 3.0995 2.9955 1.4018 1.0507 2.6048 2.9241 1.0039 2.8156 3.1558 0.9358 1.1606 1.4018 2.8792 1.7094 3.2002 1.2520 2.6130 1.9083 2.9241 1.3198 1.1871 2.5567 3.1558 1.4894 2.7853 2.6214 3.0205 0.9482 2.5646 2.6468 0.9636 2.6641 1.5044 3.0995 1.0069 2.2700 2.2143 1.1835 2.4675 1.6938 2.7559 2.1617 1.0679 0.6417 2.9832 2.8259 2.4746 0.5697 1.2715 2.8792 2.4191 0.9879 2.6554 3.0592 1.7189 1.3014 1.1098 3.0079 0.8447 1.1098 0.9062 2.8259 1.2598 3.1558 2.7463 0.9023 2.7089 0.9995 2.0242 2.9591 1.1537 1.5120 2.7463 2.7089 0.8957 2.9014 2.8902 2.7754 1.5778 2.7853 3.3459 1.5970 3.0461 2.8259 2.8575 2.7754 2.6554 1.6398 2.6641 2.8054 1.0918 1.5482 2.7656 0.9622 3.0332 2.9356 0.0000 2.5336 1.7446 2.8792 2.8792 2.6382 4.3791 1.2813 2.5646 3.0859 1.6486 3.5766 3.1704 1.6369 2.5885 3.0592 5.1383 2.7274 3.4944 2.6729 1.1332 1.2598 2.5413 2.2417 2.2932 3.0592 2.9241 3.1852 1.2181 3.1133 2.6048 2.9711
FJIS_Palm_Creek_virus_isolate_56_E_336-664_AlphaFold 2.5490 3.0592 2.9711 2.7853 3.3634 0.5912 2.6214 2.3111 2.6468 2.6818 0.6210 2.4327 2.4890 2.4675 2.7953 2.8363 2.3292 2.0787 0.6036 2.2586 2.3171 2.5260 2.4534 2.1929 2.5567 0.6608 2.1566 2.5490 2.1668 2.6998 2.7656 2.5805 2.3354 2.3051 2.4395 2.3731 2.3416 0.6055 2.4746 2.3925 2.4327 2.5260 2.6382 2.7181 2.8902 2.7463 1.3996 2.5646 3.1414 2.2874 2.5490 2.5885 1.1315 2.7274 1.8665 2.7181 0.9441 2.4124 3.2154 3.4177 2.7953 3.0461 2.6130 2.5966 1.1889 2.5490 2.6641 1.3973 3.0592 2.3051 2.9356 2.7181 2.1720 2.1566 2.4057 2.4604 2.9356 3.1704 2.4534 2.9711 2.2089 2.3991 2.4534 2.4604 1.3407 2.5336 2.3667 2.2700 2.2417 2.1929 2.4191 2.6818 2.6554 3.1273 1.3708 0.9821 2.4057 2.4464 2.5413 0.9538 2.7274 2.2417 2.9711 2.9473 2.3991 2.5260 2.9473 3.2787 1.2368 2.5036 2.4890 2.9832 2.4464 2.6998 2.3354 0.8202 1.0918 2.3416 2.5336 2.5260 3.8911 2.6298 2.7953 1.4673 2.6130 2.4124 2.9832 2.7953 2.4057 2.4604 2.2991 2.7463 2.6554 2.1516 2.9014 2.2874 3.0332 3.2309 2.8054 2.2362 2.3354 2.9955 2.3603 2.2643 1.4293 0.6210 2.2586 2.9356 2.3292 2.6729 1.1818 2.6907 1.2218 2.3231 0.7812 1.9686 2.5036 2.1929 2.3231 2.4675 2.4464 2.6298 2.5725 2.3731 2.4890 2.2089 2.8156 2.1071 2.6729 2.7754 2.3540 0.6992 2.9711 2.3231 2.2932 2.3111 2.1023 2.3416 2.3925 2.3860 3.0332 2.7463 2.2529 0.6628 2.2143 2.1824 2.4963 2.2362 2.5413 2.6048 2.1876 3.0724 0.6278 2.5805 2.1465 2.2757 2.6554 4.1638 2.3667 1.4410 2.9241 0.6151 2.6818 4.4988 2.9711 2.8792 2.5646 0.5809 2.4604 2.5966 2.7368 2.1720 2.3292 3.0332 2.5036 2.5336 0.0000 2.3925 2.5336 3.1273 2.4604 2.8792 2.3667 2.6382 3.5144 2.4890 0.5969 2.7274 2.4890 2.9832 1.0854 3.0995 2.3171 2.9241 2.9014 2.3540 2.7181 3.0205 0.8202 1.3973 2.7368 2.7368 2.5413 2.3991 2.3111 2.3354 2.4604
FJAF_Crangon_crangon_flavivirus_orf_1_E_310-786_AlphaFold 2.6214 2.8575 2.3354 1.5299 3.4363 2.3111 3.0724 2.5966 3.3287 1.6456 2.1566 2.7656 1.5562 2.9832 3.8639 2.4746 3.1704 1.5170 2.1772 1.5430 1.5222 2.3795 1.6815 2.1168 2.7089 2.5336 2.8683 1.4918 1.5535 1.7778 1.8372 3.0205 2.5966 1.6604 1.7062 1.4109 1.4553 2.3171 1.5832 2.7953 1.4770 2.7274 1.5723 3.2309 1.4410 2.2815 2.4395 1.6282 3.0205 1.6604 2.8156 2.7181 2.1168 3.0079 2.0602 1.2853 1.8372 1.5642 2.7754 1.6456 2.8683 2.7463 1.7125 1.5430 2.2306 1.6167 2.4675 2.2035 1.7711 1.6815 2.6468 2.7953 2.5725 1.6253 2.7181 2.6468 1.7611 2.7754 2.7181 2.7754 1.6253 1.5915 1.5325 1.4601 2.4057 1.4722 1.6111 1.7511 1.5120 1.5299 1.5247 2.8683 2.4604 3.2154 1.9939 2.0694 1.4869 1.5750 1.9400 1.9728 1.6694 3.2309 1.6398 2.8469 1.7744 1.8053 1.6664 3.7360 1.9811 3.2154 1.6167 1.5509 3.1558 1.7125 1.5642 2.1168 2.1465 2.8575 1.5535 2.6048 2.5036 1.6724 1.5696 2.1316 2.6641 1.7220 2.5805 2.8683 1.4722 1.4943 1.6224 2.7656 1.6724 2.5260 1.5456 3.0332 1.9854 1.9083 1.8158 1.4434 2.5966 2.8469 1.5778 2.8792 2.1772 2.5185 1.6196 2.4191 3.0205 1.5351 2.0928 1.5943 2.1120 1.6876 1.9320 1.9161 1.4968 2.9711 1.4363 2.7754 2.3051 1.7511 1.6139 2.5885 2.9473 2.6298 1.6969 1.7062 2.8156 1.9686 1.5430 2.3416 3.3993 1.6369 1.5351 1.7189 2.6298 1.5805 1.5018 1.6196 3.2002 1.5998 3.0859 2.1876 1.5482 2.3925 1.7711 1.7983 2.8575 1.3906 1.6253 3.3812 2.4327 1.6196 2.8259 2.4464 3.5144 1.8158 2.4963 2.5885 1.7220 2.4191 2.8902 2.9591 2.9126 3.2002 1.6282 2.4124 2.6907 1.6876 1.6724 2.5725 1.5805 3.2002 2.8363 1.7446 2.3925 0.0000 2.5885 3.3287 2.8156 3.0592 1.5915 3.3993 3.1852 1.2754 2.3731 2.4818 1.5723 2.8259 2.2815 2.9241 2.6468 2.9126 2.9241 1.6486 1.7189 2.5885 2.0067 2.6818 2.6382 3.5144 2.3603 1.5562 3.0724 2.6468 2.6818
PLLG_Apis_flavivirus_isolate_RI-A_E_1343-1777_AlphaFold 3.2002 2.2757 2.8363 2.4395 2.2700 2.6298 2.2252 2.8363 2.5336 3.4363 2.6998 2.6641 2.5885 2.9356 3.9472 2.5725 2.5966 2.7953 2.5185 2.9241 2.4675 2.8575 2.4675 2.8259 2.2874 2.6130 2.8792 2.7953 2.7463 3.7119 3.1704 2.0067 2.8363 3.4553 2.6907 2.6907 2.5805 2.1465 3.0079 3.2951 2.5646 2.7463 2.7656 2.4191 3.2154 2.8902 3.0461 2.5725 2.9473 3.0724 2.0694 3.0079 2.6468 3.0461 2.7274 3.5981 2.5185 2.9591 2.8259 4.0057 2.7559 2.5725 2.8363 2.6907 2.7559 2.9241 2.2362 2.5805 2.8259 2.6818 2.4675 2.9356 3.4553 3.0859 2.6554 3.2466 3.2154 2.7274 2.7754 2.5490 3.0079 3.4553 2.8902 2.4258 2.4191 3.0205 2.8575 2.7089 2.7089 2.9711 2.8156 2.4963 2.5885 2.9955 3.3993 2.5110 3.0724 2.7559 3.1133 2.4746 2.8363 2.7089 2.5885 2.1772 3.2002 3.7360 2.9955 2.5966 2.1772 2.6298 3.2002 3.1273 2.8902 2.6818 2.7463 2.6907 2.5036 2.8902 2.6468 2.7656 3.2951 3.3812 3.0205 2.6468 2.8683 2.6641 2.2306 2.8363 2.9711 2.5725 2.7754 2.8575 3.3118 3.0592 3.1852 3.0724 2.8575 2.6554 2.9832 3.5981 2.8363 3.4177 2.4604 2.6554 2.9014 2.5966 2.8259 3.5144 2.6130 2.9014 2.6641 3.0332 2.7181 3.6651 2.5036 2.4258 2.7754 2.9241 3.4747 2.6554 3.1852 3.2154 2.7953 3.0724 3.1133 2.1824 3.0995 3.6883 2.7853 2.6048 2.9473 2.5885 2.1929 2.9014 2.4124 3.3812 2.8156 4.1638 2.6554 2.9832 3.1852 2.7463 2.5036 2.3051 3.4553 2.6818 2.9356 2.8156 2.3731 2.8054 3.4553 3.5144 2.9473 2.9356 3.1704 2.4746 2.4464 3.2625 3.8911 2.5260 2.8259 2.3051 2.6554 3.1852 2.4963 2.8683 3.1558 2.4464 2.9591 3.2625 3.0079 2.6998 2.8683 2.9955 3.0995 2.8792 2.5336 2.5885 0.0000 3.2154 2.4258 3.2951 2.7656 2.3860 2.2089 2.4746 2.6554 2.1316 2.6382 3.1414 2.5036 2.2932 2.6048 2.9126 3.3459 2.8363 3.0079 3.1852 2.6818 2.7853 2.5725 3.0461 2.4746 3.5766 2.0694 2.8054 2.7559
FJJI_Kindia_tick_virus_isolate_KITV20182_segment_2_orfVP1_E_203-511_AlphaFold 2.8363 0.1829 0.7800 2.6468 3.2002 2.9591 2.7368 2.5490 2.5336 2.5885 2.5646 2.8363 2.9955 3.3993 4.4988 3.5766 2.7274 2.5646 2.6130 3.1852 2.8259 2.3603 2.3925 3.0332 2.9126 3.0332 2.5567 2.7656 2.7463 2.8259 3.7856 2.7656 2.5490 2.4464 3.0859 2.4675 3.0995 2.8259 2.6641 2.6130 2.6554 2.5805 2.6554 2.6641 2.7953 2.8156 2.5885 2.7559 0.0264 2.8363 2.4963 2.7559 2.4395 2.7089 2.4604 3.0859 3.2625 3.1273 0.0535 3.3459 3.2625 2.8054 2.5260 2.9711 2.8054 2.7463 3.4363 3.0995 3.5555 3.0079 3.2787 2.8054 2.3860 2.9241 3.8911 1.0758 3.0592 2.4191 2.6554 2.9955 3.3459 2.8575 2.5185 3.1414 2.6130 2.5413 3.3459 2.7463 2.8575 2.9473 2.7274 3.0724 2.7274 0.1465 3.4944 2.6641 2.6729 2.6998 2.6048 3.3812 3.0461 2.6907 2.4191 3.3634 3.2002 3.0724 2.9014 0.1624 2.7754 3.7856 2.7463 3.0724 0.0782 2.7181 3.1704 2.8469 2.3171 2.6729 2.6468 2.7089 5.3206 3.3634 3.4177 2.5413 2.6998 3.3118 3.2309 3.0079 2.9473 2.3478 2.6298 2.6048 3.2309 2.6641 2.3171 2.6048 2.7463 3.0995 2.8259 2.5966 2.5490 0.9678 2.7853 2.6818 2.3925 3.1558 2.6907 0.7685 2.7953 3.0995 2.3860 3.3812 2.9356 2.7463 2.9473 2.5413 2.7559 2.6907 3.0461 2.6907 2.8363 2.8259 2.8902 2.9356 0.0717 2.3667 2.4675 2.5413 2.6729 2.7089 2.9126 2.8575 0.1744 2.5336 3.7856 3.0079 3.0592 3.2466 2.7853 3.0592 0.0202 2.9955 2.4124 2.9473 2.9832 2.5260 3.5347 2.6382 2.8156 3.1704 3.5981 0.0567 2.7559 3.4553 2.6298 2.5413 2.2035 3.5347 2.6468 2.9832 2.9473 2.9126 2.6729 2.6382 3.8373 0.0695 2.7089 2.7274 2.6729 3.1852 2.5036 2.7181 3.1704 3.0995 2.8156 2.8792 3.1273 3.3287 3.2154 0.0000 2.5885 3.0205 3.2466 2.4890 3.0332 3.0859 3.0205 2.6468 2.6729 1.0553 2.7181 2.5567 2.5110 3.3287 2.4464 2.8363 2.8902 0.0525 3.1414 2.4963 3.0859 2.6818 2.8156 2.7368 3.7119 2.5725 2.8363
PLLG_Eriocheir_sinensis_cholera_like_virus_E_2053-2494_ESMFold 3.1414 2.2757 4.2322 3.0724 2.6907 2.6729 0.2151 2.7089 2.0976 3.2951 2.4124 2.6468 3.5144 2.4327 3.1273 3.7605 2.6048 3.3287 2.5646 3.1133 2.9241 3.0592 2.8363 2.9955 2.5260 3.2154 2.7368 3.5144 2.9241 3.1558 4.0985 2.0602 2.5805 3.0205 2.6907 2.8575 3.2787 3.1558 3.0859 2.7754 2.8792 2.5260 2.9241 2.1516 2.7181 3.2309 2.5567 3.3812 2.9014 3.2002 2.0834 2.3667 3.1558 2.6382 2.4191 2.8469 2.6214 3.4177 2.7656 3.3459 2.6048 2.7089 4.0985 2.5185 2.7559 3.1273 2.4327 2.7853 3.5555 2.9473 2.6641 2.6729 2.5805 3.4177 2.5413 2.3292 3.5981 2.2991 2.6729 2.4534 3.2466 3.2625 2.6214 3.1273 2.8054 3.0859 2.5260 2.7274 3.5981 2.7656 2.8902 2.1566 2.7463 2.5110 2.6298 2.7754 3.3287 3.1558 2.9832 2.6729 3.0724 2.7089 2.8469 4.6278 2.6298 2.7853 2.6554 2.2932 2.6554 2.4327 3.2787 3.4944 2.9014 3.3287 2.4395 2.6998 2.6729 2.6048 3.0724 2.8792 2.3731 2.9356 3.1414 2.4464 2.6214 2.6998 2.5336 2.3860 2.7463 3.1852 3.1414 2.7559 2.8902 2.9955 3.1133 2.5966 2.6818 3.4177 4.3791 3.0461 2.5805 3.2625 2.7181 2.8156 2.7089 3.1273 2.8363 3.2787 3.0859 3.3634 2.9832 3.3634 3.0079 3.1704 2.4604 2.5725 4.1976 2.5336 2.7656 2.3925 2.6998 3.3459 3.6883 2.6382 2.6214 2.6729 2.9591 3.2309 2.8683 3.0461 3.6423 2.4534 2.7089 2.8363 3.2309 3.2951 2.8792 3.6200 2.6729 3.0332 2.6298 3.5144 3.2466 2.9711 3.0859 2.9126 2.6554 2.8469 2.1617 2.6214 2.9955 2.7368 2.9241 3.4747 2.3795 2.9241 3.6651 4.8160 2.6641 2.9832 2.7559 3.1133 2.7274 3.9761 1.8853 3.1133 2.9014 2.7181 2.7274 3.4363 3.0859 2.7274 2.9473 2.4395 2.9014 2.6382 2.4604 2.8156 2.4258 2.5885 0.0000 3.5555 3.1704 2.0976 2.5490 2.9591 2.6382 2.3051 3.3118 3.1133 2.6298 2.4534 2.7953 2.9832 2.4191 2.7089 3.8639 2.6048 2.6554 2.8902 2.7853 3.2309 2.6554 2.7089 2.4464 2.6214 2.6818
PLLG_Sanxia_water_strider_virus_6_strain_SYSZZ-2_E_1800-2096_AlphaFold 3.2309 3.3812 3.3634 3.4363 2.8363 3.5555 3.0592 2.8902 3.4747 2.9591 3.0079 3.5766 5.0809 2.9473 3.3459 2.6298 3.2625 4.1976 3.6423 4.6730 4.3791 2.3478 3.6423 2.7089 2.8259 3.0079 3.4944 3.5347 3.4177 3.8112 3.7360 2.9241 2.8156 2.9711 3.0592 3.2787 2.8363 3.4363 3.7605 2.8259 3.6423 3.2309 3.2309 3.1414 3.1133 3.0205 3.8639 3.0079 3.9472 3.8911 2.9711 3.6200 4.1638 3.0461 2.8683 3.6200 3.7605 3.6651 3.8911 4.0057 3.0332 2.2143 4.8661 3.9472 4.1308 3.9472 3.1414 3.5347 3.5766 3.0205 2.9955 2.4604 3.3812 4.4579 2.8575 3.0205 4.5407 2.8683 2.8259 3.3287 3.2466 2.9591 3.3993 4.7194 3.2002 3.2625 3.0461 3.0995 3.1414 3.4177 2.7368 2.1120 3.3118 2.9832 3.0724 2.8054 3.0461 3.1133 3.3459 3.4177 3.5347 3.2309 3.1133 3.3118 2.7853 3.4553 4.0669 3.4944 2.5805 2.6729 3.6651 4.5407 2.5567 2.4890 2.7953 3.2466 3.3459 2.8902 2.9711 3.1273 3.9472 4.3039 3.0995 2.9955 3.2787 4.8661 2.4963 4.6278 3.8911 2.9356 3.2787 2.8575 4.1638 3.5766 4.3410 3.4553 3.3118 3.1133 4.0669 2.9711 2.8156 3.1273 3.3812 2.7953 2.6818 2.7754 2.8156 3.1852 4.5837 3.1414 2.9356 2.7853 2.9955 3.0461 3.7119 3.3459 4.2322 2.8792 4.1308 3.3118 2.5260 3.4747 3.2951 3.2466 3.2625 2.8363 3.0592 3.9761 2.9014 3.1133 3.5555 3.0461 2.8259 3.2466 2.8792 4.4988 3.5144 2.9356 3.1273 3.0461 3.0995 3.0461 3.3634 2.9955 3.4747 2.9014 5.3848 2.8575 2.5110 3.2951 2.9473 2.5490 3.3812 4.6730 2.5413 4.0985 5.9719 4.3791 3.4177 3.9472 3.1133 2.8575 3.1704 3.3287 2.9241 2.8156 3.7856 3.2309 3.1704 3.1704 2.8902 3.2154 5.8907 2.6907 3.5555 4.3791 2.8792 3.0592 3.2951 3.0205 3.5555 0.0000 3.0724 2.8156 3.1273 3.8911 4.3039 4.0985 3.7856 2.9955 2.6214 2.0024 4.3410 3.2309 3.2625 3.1273 4.5407 4.1638 4.7194 2.7754 2.3860 4.4579 3.0205 2.9473 2.6907 2.8156 3.1273
FJMB_Potiskum_virus_strain_IBAN_10069_E_273-762_AlphaFold 2.4464 2.1120 3.0079 0.8724 3.2154 2.6048 2.5260 2.4534 2.4191 1.3177 2.4191 2.4464 1.2070 2.5646 3.2787 2.6130 2.4534 1.0010 2.5260 1.1065 1.0158 2.6554 1.0491 2.3540 2.6298 2.7463 2.2306 1.1889 0.9455 1.0491 1.3034 2.7463 2.5036 1.1554 1.0293 1.3708 1.0663 2.5490 1.0694 2.4327 0.9636 2.4124 0.9922 2.6298 1.0710 2.1023 2.3478 1.1853 2.8575 1.1997 2.3540 2.5413 2.4818 2.3667 2.1516 1.6311 2.0154 0.5597 2.5185 1.2034 2.7853 2.6998 1.0187 0.9664 2.1668 1.1451 2.8363 2.6298 1.2774 1.2559 2.7754 2.2991 2.5490 1.2368 2.7559 3.0592 1.2293 2.7754 2.8792 2.8792 1.1589 0.2316 0.9778 1.1782 2.3991 1.0069 0.2278 0.9966 0.5168 0.9372 1.2406 2.8054 2.3667 2.6729 2.2035 2.3478 0.9749 1.0399 1.9400 2.1929 1.2774 2.4963 1.1281 2.6818 1.2162 1.2617 1.1451 2.1365 2.4746 2.9591 1.2293 1.1997 2.9711 1.2754 0.9455 2.2197 2.2089 2.2700 0.9622 2.5885 3.2466 1.2274 1.0414 2.5646 2.4534 1.0538 2.5036 2.6554 1.0010 0.8547 0.1506 2.5110 1.1907 2.0375 0.9636 2.4746 1.8815 3.2002 1.2482 0.6249 2.5036 2.9832 1.3929 2.4963 2.3731 2.6382 0.9636 2.8469 2.7559 1.0414 2.2035 1.1676 2.4604 1.1434 2.2089 1.8053 1.0983 2.2529 1.6634 2.3731 2.1120 1.1589 1.2482 2.3795 2.8469 2.0834 1.0679 1.2218 2.4890 1.8929 1.1382 2.3991 2.6641 1.2933 0.5353 1.1434 2.4746 1.0774 0.8324 0.9566 3.1133 1.1114 2.8469 2.3667 1.0679 2.0928 1.0553 1.9320 2.7089 1.0187 1.1606 2.7274 2.5336 1.1782 2.4191 2.3795 3.3634 1.2973 2.6641 2.5336 1.3556 2.3231 2.4327 3.2154 2.6907 2.7953 1.5377 2.3795 2.5260 1.2387 1.1098 2.2700 1.1081 3.1273 2.6554 1.2813 2.3667 1.5915 2.7656 3.2466 3.1704 3.0724 0.0000 2.7368 2.9356 1.3642 2.2089 2.8054 1.2793 3.0332 2.2197 2.8259 2.5567 2.8469 2.8363 0.7088 0.4668 2.5725 2.1023 2.2197 2.9126 2.7463 2.4534 0.2201 2.5805 2.4464 2.5110
PLLG_Locusta_migratoria_associated_flavi-like_virus_E_1633-2113_AlphaFold 3.5766 2.1617 3.1273 3.0205 1.8967 2.4604 2.0602 2.8792 2.4746 2.6818 3.6651 2.4890 2.5966 1.8158 3.3287 2.9955 2.5966 2.7181 2.7368 2.7656 2.6382 2.7853 2.7089 2.4604 2.1266 2.6818 2.5413 2.3603 2.6907 2.9955 3.2002 1.9811 2.8792 2.9241 2.9473 2.5646 2.9955 2.7274 2.6907 2.4395 2.6554 2.6382 2.7853 1.9981 2.9014 2.8363 2.6298 2.6298 2.6907 2.5336 2.3540 2.8902 2.6818 2.5413 2.8054 3.4944 2.7656 2.9711 2.6214 3.4177 2.4890 1.8158 3.2309 2.6729 2.6298 2.5725 2.3231 3.0995 2.9591 3.1133 2.2089 2.6214 2.8259 3.0859 1.8336 2.5413 2.7754 2.5725 2.7853 2.0111 2.9832 2.6554 2.9711 2.5260 2.6468 2.8683 2.7656 2.8156 2.8054 3.0724 2.7463 1.8158 2.5966 3.1558 2.5805 2.4057 2.9356 2.8902 2.8469 2.8469 2.8683 2.6818 2.8575 3.2309 3.2002 3.0332 2.8469 2.4258 2.6298 1.8053 2.4395 2.5336 2.5567 3.3118 3.0205 2.5260 2.7368 2.6998 2.8363 2.6130 2.6729 3.2466 2.4464 2.8363 2.9241 2.8259 2.3292 2.7089 2.8259 2.7754 3.0859 2.5413 3.4177 2.8363 2.9241 2.7754 2.6729 2.1929 2.7463 2.5725 2.8792 3.1852 2.5336 2.5725 2.7754 2.7463 3.2466 2.6907 2.8902 2.8469 2.5413 2.6298 2.6468 3.0205 2.4258 2.4604 3.1273 2.5490 2.9014 2.7853 2.5490 3.3118 2.4746 2.7853 2.8469 2.3111 2.8792 3.0592 2.4890 2.8156 2.8363 2.7463 2.5646 2.4534 2.9356 3.0461 2.3540 2.6214 2.8792 2.5885 2.6048 2.9955 3.1273 2.9126 2.5336 3.5766 3.0592 2.6048 2.3860 2.8575 3.2309 2.7853 2.9126 2.5966 3.0079 3.4944 2.4534 3.2625 3.1852 3.0205 2.6048 2.6907 2.4464 3.1704 2.1772 2.7754 2.7953 2.9591 2.6641 2.8156 2.8683 2.6298 2.5805 2.4963 2.9711 2.5646 2.6382 3.3993 2.3860 2.4890 2.0976 2.8156 2.7368 0.0000 2.3231 2.8156 2.5260 2.5260 3.1414 2.9473 3.0079 1.3578 2.5490 1.7284 2.4191 2.4963 2.4818 2.3991 2.4464 2.5036 2.2991 2.7953 2.7368 2.6048 2.2932 2.8363 2.8469
PLLG_Wuhan_centipede_virus_strain_WHWG-11_E_2033-2299_AlphaFold 2.8054 2.8363 3.0079 2.4534 1.9981 3.8639 2.1516 2.9473 2.9014 2.5725 3.1704 2.4963 3.5981 2.4746 3.0592 3.2625 3.0592 2.9955 3.7360 3.5981 3.0332 1.5915 2.9126 3.0724 2.1023 2.7853 3.1414 3.0724 3.2154 3.3634 2.8054 2.8259 2.9711 2.9014 2.9955 3.1273 2.7368 2.9591 3.3993 2.5966 2.9126 2.7559 2.5567 2.7089 2.4963 2.8054 3.0592 2.8156 3.0205 3.3459 2.6641 2.5110 3.0995 2.9241 3.1558 3.0995 2.5885 2.8575 2.9955 2.8156 3.4363 2.6818 3.0079 3.2154 2.7559 2.9591 2.6130 3.0859 2.8792 3.5766 2.1617 3.0592 2.5805 3.3993 2.9711 2.7463 2.6468 2.4818 2.4327 1.9981 3.0724 2.8792 3.3812 2.6468 2.5805 2.9014 2.7089 3.0724 2.7559 2.9955 3.2002 2.3111 3.2002 3.3993 2.7274 2.6468 2.5885 3.3812 3.3287 2.5805 2.7754 2.7274 3.6423 2.4258 3.2309 3.2002 3.4363 2.6214 2.5413 2.6907 2.9356 3.0205 2.8469 3.0079 3.2787 2.6818 3.0079 3.6651 2.9473 2.8575 2.6907 2.6554 2.8902 3.2787 2.5885 2.9955 1.9854 2.4963 2.9241 2.6907 2.2035 2.5725 3.0205 2.8054 2.9356 3.2625 2.8902 3.4177 2.9126 2.9955 2.9711 2.7559 3.0592 3.1273 2.7656 2.7754 2.9591 3.0592 2.7368 2.9126 3.0205 2.7656 2.9126 3.0859 2.7368 2.9711 2.9126 2.6998 2.8683 2.5646 3.0592 3.0724 3.0205 2.5413 14.9678 2.2417 2.5646 3.5766 2.5260 3.3118 2.5413 3.2466 2.7463 2.7656 2.8792 2.9126 2.9591 2.9241 2.8469 2.9241 2.9955 2.8902 2.8469 3.2309 2.6298 2.6468 3.2154 3.0461 1.7711 3.1414 3.0079 3.5981 2.9711 3.0995 2.6998 3.9188 3.0332 2.8575 2.6998 3.3118 2.9473 2.6641 2.8683 2.1929 2.0556 4.6730 2.7368 2.8054 3.0079 3.8112 3.4553 2.9014 2.9473 2.3478 2.9832 3.0859 3.5144 3.1852 2.2089 3.0332 2.5490 3.1273 2.9356 2.3231 0.0000 2.7089 3.1273 2.1365 2.7274 3.6883 2.6214 3.2154 2.5185 2.6998 2.6382 3.0332 2.8469 3.2466 2.9473 3.1704 2.2417 2.6382 2.5110 3.0995 1.8229 2.9711 2.6048
FJAF_Sea_firefly_flavivirus_orf_1_E_289-775_AlphaFold 2.5336 2.7559 2.5490 1.3428 3.2951 2.2362 2.8259 2.6298 2.1566 1.4529 2.6998 2.4124 1.4673 2.8902 3.3993 2.7953 2.5185 1.7677 2.2815 1.6253 1.5044 3.6423 1.5377 2.2417 2.9241 2.3478 2.3231 1.4064 1.4109 1.4458 1.7062 2.9241 2.5966 1.5456 1.4697 1.4577 1.4247 2.3478 1.5562 2.3991 1.4625 2.4963 1.3729 2.9591 1.6196 1.9122 2.0787 1.5145 2.7754 1.5642 2.8575 2.7656 2.1365 2.3603 2.0694 0.6908 2.1824 1.3773 2.6468 1.6486 2.7463 3.3118 1.5998 1.6846 2.0976 1.4132 2.6554 2.0976 1.5094 1.5778 2.6382 2.0331 2.4395 1.4481 3.1852 2.6214 1.4746 2.5260 2.7274 2.7181 1.4064 1.4770 1.4247 1.5778 2.4534 1.4064 1.3492 1.4247 1.3281 1.4387 1.5750 2.2306 2.3354 3.3459 2.5490 2.1772 1.4577 1.4410 2.0331 2.0556 1.8229 2.3111 1.4894 2.9241 1.6846 1.5430 1.5196 2.6298 2.2306 3.4944 1.6082 1.6026 2.8902 1.6253 1.4317 2.0694 1.9521 2.3354 1.4553 2.3925 2.6907 1.4697 1.4943 2.2473 2.3860 1.5120 2.2932 2.8054 1.6111 1.4018 1.4722 2.4604 1.5589 2.4675 1.6754 2.4191 1.9562 2.9832 1.5750 1.5377 2.5966 3.2787 1.5069 2.3860 2.3540 2.1516 1.4673 3.2154 3.2002 1.4770 1.9562 1.4577 2.7953 1.5509 2.2035 2.0834 1.6938 2.3540 1.1907 2.4057 2.1824 1.6082 1.6815 2.3795 3.0724 2.3795 1.4387 1.4553 2.4395 1.9240 1.5750 2.2417 3.0079 1.4458 1.3578 1.5669 2.5567 1.6369 1.4746 1.4673 2.6468 1.5750 3.4944 2.2035 1.4673 2.0024 1.4918 1.6754 3.4363 1.5145 1.4746 3.2154 2.2089 1.5299 2.6214 2.9955 3.0461 1.6054 2.3860 2.2362 1.6938 2.4890 2.4327 2.4890 3.0995 3.0592 1.5430 2.4818 2.4534 1.5299 1.6311 2.3231 1.4434 3.5144 2.6468 1.6486 2.4890 1.2754 2.4746 3.0859 2.9591 3.8911 1.3642 2.8156 2.7089 0.0000 2.1824 2.6998 1.4673 2.8792 2.3991 3.1558 2.3795 3.2625 2.5413 1.4434 1.7000 2.4464 2.2362 2.0286 2.8363 3.1704 2.1415 1.4458 2.5413 2.5567 2.4464
FJIS_Cell_fusing_agent_virus_strain_2_E_331-674_AlphaFold 2.9591 2.7559 2.9126 2.7656 3.4553 0.0336 2.6998 2.8156 2.0510 2.6641 0.8275 2.6048 2.5110 2.4746 3.8911 2.6468 3.5347 2.8575 0.2523 2.0556 2.7089 2.4675 2.6729 2.3478 3.2951 0.3534 2.6907 2.5336 2.2757 2.5260 3.0332 2.9711 2.7656 2.3925 2.3795 2.7089 2.5490 0.2722 2.7368 2.6998 2.7368 2.6130 2.4395 2.6130 2.7953 2.6818 1.6634 3.1558 2.9711 2.4890 3.5766 3.2466 1.3054 2.4258 1.7446 2.9241 1.0263 3.0205 2.5413 2.8363 3.3118 2.6468 2.6998 2.6130 1.1485 2.6641 2.8363 1.4746 3.1558 2.7463 2.3667 2.7559 2.5490 3.7605 3.0592 2.9955 3.1133 4.0057 3.5144 2.8156 2.5646 2.4534 2.6729 2.6554 1.5069 2.2089 2.2643 2.6130 2.7368 2.2932 2.8259 3.0995 2.6214 3.0461 1.6282 1.0491 2.2643 2.4818 2.6130 0.8686 2.6214 2.8792 2.6554 4.1308 2.7656 3.4944 2.4963 2.5567 1.3302 3.1273 3.0079 2.6818 2.9955 2.6729 2.5036 0.9937 1.2368 2.7853 2.6818 2.4746 2.7656 2.7089 2.6382 1.6224 2.5490 2.4818 2.7463 2.4818 2.1876 2.7656 2.4534 2.5185 3.1704 2.3991 2.6468 2.7559 3.1704 2.8363 3.0724 2.5805 2.7656 3.2309 2.9473 3.0079 1.7062 0.3711 2.5646 3.4177 3.6883 2.4818 1.3116 3.4553 1.5860 2.5725 0.8622 2.4395 2.7853 2.8792 2.7853 2.5336 2.5185 2.9591 3.3118 2.6468 2.9014 2.7274 2.5646 2.7274 2.4818 2.4464 2.2643 0.6229 2.6641 2.9126 2.7181 2.4258 2.6818 2.9126 2.8469 2.8363 3.1704 2.6729 3.5555 0.3778 2.3603 2.6554 2.5646 2.5966 2.8902 2.7089 2.6729 2.9591 0.3689 2.9473 2.8683 3.2002 2.4057 2.8902 2.2197 1.5222 2.3795 0.2471 2.6468 3.6423 3.1558 3.0205 2.7853 0.4091 2.6998 2.7463 2.7953 2.6298 2.8054 2.5110 2.4057 3.5766 0.5969 2.3731 2.6554 3.0205 2.6382 4.3039 2.2089 2.5260 3.1273 2.1824 0.0000 2.7089 3.4747 3.1704 1.0967 3.3118 2.6998 2.8054 3.8911 2.4675 2.8469 2.9014 0.9023 1.6694 3.5766 3.6423 3.1133 2.3416 2.8469 2.8363 2.6214
PLLG_Lampyris_noctiluca_flavivirus_1_isolate_17FIN1_E_1105-1565_AlphaFold 3.1558 3.1273 3.7605 2.8902 2.2197 2.7853 2.5966 2.9473 2.4464 3.2951 3.1704 2.9473 3.0995 2.5260 3.2002 2.8902 2.9356 3.8911 2.9356 2.7559 2.6298 2.4534 3.0205 2.7953 2.1566 2.8575 2.9126 3.0995 2.9591 2.9126 3.7119 2.0648 2.8792 2.7559 2.9473 2.8792 3.3459 3.9188 3.1558 2.9955 2.8575 2.7953 3.0461 2.8156 2.9241 3.6883 3.0205 2.9591 3.2309 3.3459 2.3111 3.2787 2.8156 2.8469 2.6468 3.5555 2.7181 2.7274 2.6729 3.6200 2.7559 2.8683 3.5766 2.6907 2.5567 3.0724 2.1071 3.2625 3.6651 3.4177 1.9686 2.7368 2.8054 3.2625 2.4818 3.2625 3.1558 2.5490 2.1120 1.9686 2.7754 2.8683 2.9711 2.7754 2.9955 3.0995 2.6907 4.1976 2.6382 2.9473 3.0995 2.3416 2.5646 2.3925 3.9188 2.3603 3.6883 3.0592 3.1273 2.9356 4.1308 2.9473 3.0859 2.2252 3.0995 3.5555 3.3459 2.9014 3.2787 2.6554 4.3791 3.4363 2.5567 2.8363 2.9241 2.6907 2.5567 2.9126 3.0592 2.8259 4.2677 2.9014 2.9955 2.5725 2.8575 3.2154 2.1982 3.2002 3.0859 2.6130 2.7089 2.6554 3.1558 3.0332 3.4177 2.7656 2.7559 3.1133 3.6651 2.9711 2.8792 3.2625 3.2625 2.7853 2.9832 2.6468 3.6423 3.5144 3.1704 2.8363 2.6729 3.4553 2.6298 2.7656 2.5110 2.4395 3.0724 2.7559 3.0995 2.8363 2.7463 3.5981 3.0461 3.0332 2.8363 2.1415 3.2154 2.7463 2.6729 3.8112 3.0461 3.0859 2.8156 3.3459 2.5885 2.9014 2.9591 3.3459 2.6382 3.0724 2.9241 3.3118 3.0461 2.6382 3.0205 2.9241 3.5555 3.2951 2.1929 3.1273 2.9955 2.7656 2.5490 3.2951 2.7181 3.2466 2.6818 3.4944 3.0332 3.9472 3.3993 2.7274 3.0079 3.2309 2.4327 2.5260 2.8259 2.9832 2.9126 3.2951 3.4553 2.5413 2.8156 2.9014 3.0332 3.1704 2.7274 2.4818 2.1316 2.6468 2.3051 4.0985 2.8054 2.5260 2.1365 2.6998 2.7089 0.0000 3.9188 3.3634 2.9126 3.0592 2.8363 3.0205 2.7656 2.9356 3.1133 2.7368 2.6298 2.9126 2.6468 3.0461 2.0067 3.1273 2.0648 2.9711 2.9126
FJUN_Mpulungu_flavivirus_ZT17-1078_E_265-660_AlphaFold 3.1704 2.3860 2.7274 1.3116 2.6729 3.0332 3.2309 2.9955 3.5555 1.1485 2.6298 2.6818 1.5247 2.5110 3.3634 3.3993 2.9711 1.5723 2.9014 1.3513 1.3054 2.3991 1.4109 3.0079 2.6998 2.6048 2.8792 1.4064 1.3407 1.3795 1.1537 4.4988 2.9241 1.2695 1.2813 1.1818 1.2107 3.5144 1.3386 2.9356 1.2144 2.6048 1.3136 3.0205 1.2734 2.5336 2.4258 1.5044 2.4746 1.4041 3.2951 3.0995 2.5490 2.6298 2.5725 1.7062 2.3991 1.3386 2.4327 1.1365 2.3795 3.0079 1.3599 1.2833 2.5336 1.3095 2.8575 3.9761 1.1659 1.2107 3.2466 1.6026 3.1704 1.0742 3.2625 2.6998 1.4577 2.7559 3.4363 3.5981 1.3157 1.2734 1.2695 1.0024 3.5555 1.3260 1.2387 1.3556 1.2715 1.3578 1.2034 3.4747 2.7089 3.1414 2.5413 2.6818 1.3973 1.3428 2.1365 2.6382 1.0854 2.7274 0.9075 2.6907 1.3996 1.0790 1.0538 2.3540 3.0592 2.8902 1.2482 1.1065 3.0079 0.9821 1.2933 2.7656 2.3667 2.6818 1.3862 3.1133 2.9241 1.1181 1.4746 3.2787 3.3993 1.2993 3.0332 3.2154 1.4247 1.3929 1.2675 2.9356 1.0983 3.3287 1.3996 2.8363 2.0024 2.9126 1.1065 1.2368 2.9241 2.6641 1.4722 2.8683 2.3731 2.9711 1.4064 2.9711 3.3287 1.2973 2.6048 1.0870 2.4327 1.2675 2.4746 2.1929 1.2893 2.7089 1.6340 3.1852 2.4818 1.4270 1.5120 3.3287 2.6382 2.1415 1.3862 1.3219 2.9473 2.0787 1.3136 2.6382 2.2473 1.1711 1.3054 1.3260 2.5413 1.4317 1.3535 1.3535 2.7368 1.2501 2.8902 2.8054 1.3729 2.0375 1.6515 1.6139 2.9356 1.2463 1.0838 2.8792 2.8792 1.3471 3.8112 2.2529 14.5756 1.1979 2.7656 3.2625 1.1729 3.0724 3.0205 3.3812 3.5981 2.8469 1.5273 2.5260 3.0205 1.4132 1.1164 3.0205 1.3621 3.3993 2.8363 1.6369 2.4890 1.5723 2.6382 2.6729 3.3118 3.7856 1.2793 3.1414 2.7274 1.4673 3.4747 3.9188 0.0000 3.1273 2.7089 3.7119 3.2951 2.5885 2.9356 1.1747 1.1925 2.4395 2.6214 2.7181 2.7754 2.6907 3.3634 1.2482 3.6883 2.9241 3.0859
FJJI_Guangdong_Jingmen-like_virus_isolate_118R-174486_segment_2_orfVP1_E_127-513_AlphaFold 2.5885 1.0806 1.0522 3.0724 3.2951 3.0332 2.7656 3.0332 2.6729 3.5981 4.0360 2.8363 3.0332 3.0724 3.2154 2.3354 2.8575 3.3459 3.3812 3.4553 3.2002 2.7559 3.0995 2.6729 2.0928 3.4944 2.7368 3.0592 3.5555 3.2154 2.6554 3.5144 3.1558 3.0205 2.7656 2.9126 2.5336 2.8259 3.1704 2.4675 3.0724 2.8683 2.9832 3.0724 3.2625 2.6907 2.9711 2.9356 1.0616 3.1133 2.9356 2.6048 2.9711 2.4963 2.8792 2.7463 3.0995 3.1273 0.9893 3.1558 2.9591 2.9832 2.6382 3.0592 3.0461 3.1704 3.2787 3.1273 3.0995 2.9356 3.5555 2.6130 2.6298 3.0461 3.3993 1.1315 3.1414 3.6200 2.9711 2.3051 3.5981 2.5966 2.8259 3.5144 3.1133 3.6200 2.8792 2.7853 2.5110 3.0995 2.7559 4.0057 2.7559 1.2540 3.2154 2.7181 3.0461 3.7119 3.1133 2.9241 3.3812 2.7754 3.5766 2.8363 2.9241 3.6651 2.8259 1.0999 2.8156 3.9472 2.6998 2.5110 1.1571 3.0205 3.1704 2.8902 2.7274 2.8156 2.8792 2.5490 3.3812 2.7853 2.9832 3.1414 2.8259 2.7559 2.8792 2.5260 2.6554 2.8792 2.6298 2.6048 3.0859 3.2625 3.3287 2.6818 3.2787 3.0079 2.5885 3.4747 3.1558 1.2482 2.7463 2.6818 2.8363 3.5766 3.0859 1.0369 3.8911 3.6200 3.0205 3.0592 2.6130 3.3459 2.7368 2.6382 3.6883 2.9832 3.4177 2.4746 2.9473 3.0724 2.8683 2.6729 1.0553 2.7953 2.9241 3.2002 2.5567 2.8792 3.1558 2.8259 1.0278 2.6468 2.6907 3.2154 3.0592 3.0461 2.9356 2.7181 1.0445 3.0995 3.1133 3.0724 3.2309 2.8156 3.0461 3.7360 3.2002 3.3634 2.9711 1.0414 3.0332 3.1852 3.0859 2.9473 2.6048 2.9955 2.4057 3.4363 2.7754 3.3812 2.5725 5.5890 2.8156 1.0399 3.0592 2.6130 2.5036 4.1308 3.0205 2.7754 3.3287 3.0859 2.8792 2.5885 2.9832 2.8259 3.1414 1.0553 3.1133 2.9955 3.0332 2.9473 3.6883 2.8792 3.1704 3.3634 3.1273 0.0000 3.2002 2.6382 2.7368 2.5413 3.5347 2.9356 3.3118 1.0247 2.8469 2.8683 3.0995 3.0995 2.9126 2.6729 2.9955 3.2625 2.4890
FJIS_Kilpisjarvi_flavivirus_isolate_FINL-201890_E_314-717_AlphaFold 3.3634 2.7953 3.1273 2.2473 2.4191 1.0098 2.2932 3.0205 2.6554 2.8469 1.1399 3.2951 2.9591 2.9955 3.2787 2.4675 3.0859 2.6214 1.0934 2.4818 2.6214 2.6907 2.6907 1.9603 2.9014 1.2311 3.3287 2.4890 2.6214 2.5260 2.7853 2.4675 3.0859 2.6998 2.4890 2.8792 2.6048 1.1349 2.3795 3.4944 2.7953 3.1704 3.0592 2.5646 2.6554 2.6214 1.6515 2.5036 2.6818 2.5725 2.8683 3.0859 1.1081 3.5347 1.9044 2.4258 0.5846 2.5567 2.2643 2.8469 3.0079 2.3478 2.3051 2.5725 1.1281 2.6130 2.8792 2.0242 2.6998 2.6468 2.6907 2.3860 3.4363 2.7368 2.7089 2.8902 2.6554 2.8683 2.6130 3.1133 2.7368 2.6382 2.5336 2.5966 2.0648 2.8259 2.7656 2.7181 2.7463 2.5646 2.6048 2.5725 3.2154 2.7274 1.8702 0.5624 2.5185 2.5413 2.8054 0.5533 2.9014 2.9473 3.3812 2.3795 2.5413 3.4363 2.4890 2.4534 1.4481 2.5260 2.6298 2.9241 2.7089 3.7605 2.4890 1.1315 1.1925 3.0724 2.3231 3.4944 3.4553 2.0834 2.8156 1.6139 2.8902 2.5725 2.7463 3.1852 2.2991 2.4818 2.5413 3.5555 2.6214 3.1133 2.3991 3.0205 3.2951 2.6298 2.6382 2.3860 3.0859 2.9711 2.4746 3.4944 1.7125 1.1032 2.4124 2.9356 3.0079 2.6818 1.1694 2.6298 1.4943 2.5036 1.1519 2.3667 2.5805 3.2466 2.6729 3.3993 2.7089 3.2002 2.5413 2.7656 2.6554 2.6641 2.9711 2.8575 3.4944 2.2252 3.0859 1.0967 3.0995 2.7559 2.6554 2.6729 2.4327 2.5036 2.3667 2.6641 2.8575 2.3667 4.0057 1.1281 2.6729 2.6907 2.5646 2.5490 2.8683 2.4258 2.5110 3.0205 1.1519 2.5110 3.0461 2.6818 2.2586 2.9356 2.2700 2.1023 2.7274 1.0338 3.5981 3.3459 4.4988 2.6048 2.2586 1.2482 3.3812 2.9356 2.7181 3.3287 2.8792 2.9126 2.7274 3.0592 1.0854 2.2815 2.5036 2.7181 2.6298 2.6214 2.2197 3.0079 2.6214 2.3991 1.0967 2.9126 2.7089 3.2002 0.0000 2.8575 3.4363 2.9955 3.2951 2.9241 3.0724 2.5966 1.0476 1.5860 3.2309 3.4363 2.5725 2.4818 2.7089 3.0859 3.3118
PLLG_Shuangao_lacewing_virus_2_strain_SCL_E_770-1195_AlphaFold 2.9955 3.2309 3.3459 3.0724 2.7853 3.7605 2.1316 3.2625 2.5805 3.2625 2.6998 3.3118 4.0669 1.7000 3.0079 2.7953 3.1273 3.7605 3.5555 3.3118 4.2677 2.9241 3.4553 3.3287 2.8054 3.6423 2.9356 3.3634 4.0057 3.8112 3.3287 2.5725 3.2154 3.5766 3.0859 3.0995 3.1558 3.4944 3.3812 3.0461 3.0205 3.2625 3.3634 2.0024 3.2466 2.8363 2.9711 3.5766 2.8902 3.6200 2.6729 3.5555 2.5885 3.1558 2.8469 3.1704 3.2787 3.7360 2.9832 2.6818 2.9711 1.4178 3.3118 3.1852 2.8902 3.4944 2.6998 3.6883 3.2309 3.2309 4.0985 2.5490 3.1704 2.8792 1.7446 2.8054 3.0205 2.7853 2.2757 2.2757 3.7119 2.7368 3.5144 4.0985 3.0592 3.1414 2.7953 3.4553 3.3993 3.5981 3.0592 1.7983 3.2787 2.9955 2.7274 2.7463 3.2625 3.2625 3.4747 2.8259 2.9711 3.0461 4.4988 2.3171 3.0461 3.1133 3.3287 3.8112 2.9126 1.4410 3.0859 2.9832 2.6729 2.9955 2.9126 3.0724 2.6130 3.3634 2.9832 3.1133 2.6214 3.0205 3.7856 3.0205 3.0332 3.1704 2.9473 3.2154 2.8054 3.3287 3.1558 3.0205 2.7559 3.0995 3.0332 3.2002 2.4464 2.9591 2.9591 3.1133 3.2154 3.0461 2.6998 2.9473 3.1133 2.9473 3.4177 2.7559 3.2466 3.2002 2.6729 2.9711 2.8363 3.2309 2.8683 3.7856 3.3634 3.1558 2.7089 3.2787 2.7953 3.5981 3.0592 3.0461 2.6554 3.0332 3.7856 3.3118 3.1852 2.7181 3.2787 2.8683 3.1273 2.9591 3.0461 3.3993 2.8469 3.8373 2.9955 2.9711 2.7953 3.1414 2.8469 3.3993 3.2951 3.3118 2.9955 3.2002 2.5805 3.6200 2.8575 2.5260 2.9832 3.3993 3.8911 2.9126 3.2466 3.5555 2.5036 3.7360 3.6423 3.2625 3.5144 3.8112 3.2154 2.5260 3.0724 2.9955 3.5555 3.5981 3.0079 3.1852 2.9473 2.4464 2.6998 5.1383 3.0995 2.9241 2.2932 2.5567 2.4534 2.0024 2.8259 1.3578 3.2154 3.1558 3.3118 3.0592 3.7119 2.6382 2.8575 0.0000 3.5347 1.9122 3.1852 3.5981 3.2466 2.9473 3.0724 2.8683 2.2815 3.5347 3.0995 3.4177 2.7656 3.1852 3.7360
PLLG_Flaviviridae_sp._isolate_TIGMIC_12_E_884-1354_ESMFold 0.0233 2.5413 3.0859 2.4746 2.4746 2.8259 2.6214 0.2284 2.1772 3.4177 2.6729 0.2132 2.7559 2.8792 2.9832 3.5981 0.1823 2.7953 2.8259 2.6468 2.8156 2.4963 2.9473 2.8156 2.0928 2.5110 0.1565 2.5646 2.4534 2.6998 3.0461 2.6048 0.2239 2.5646 2.5725 2.9241 2.6468 2.7463 2.8363 0.1239 2.4327 0.0223 2.5413 2.6214 2.6048 2.7559 2.5336 2.5336 2.6998 2.6818 2.5413 0.0914 3.0079 0.0091 2.6641 3.1704 2.1824 2.6048 2.4191 3.2309 2.1465 2.6554 2.8054 2.7656 2.3111 2.5805 2.9014 2.6729 3.4363 2.4604 2.3171 2.5490 0.1273 3.4944 2.6641 2.5885 2.8902 3.2002 3.4177 2.7853 2.7853 2.4258 2.5110 3.0859 2.9832 2.7089 2.3292 2.7089 2.7089 2.5885 2.5110 2.2874 0.0167 2.5725 2.3860 2.6214 2.6818 2.6818 2.5490 2.2143 2.6214 0.1859 2.5567 2.7953 2.7089 3.0592 2.6130 3.0859 2.6214 2.8363 2.7368 2.9711 2.4890 2.7656 2.6298 2.8259 2.7853 0.1612 2.9126 0.0151 3.0995 3.7605 2.5805 2.9241 0.0151 2.6382 2.7656 0.0936 2.4963 2.7181 2.4464 0.0172 3.2154 2.4395 2.9356 0.1660 2.4746 2.5413 3.4177 2.2473 0.2239 2.7953 2.4604 0.1506 2.8792 2.5490 2.6907 3.1704 2.0286 2.5336 2.6818 3.0461 2.6554 2.5490 2.7559 2.3731 3.2154 0.1588 2.7953 0.0187 3.1414 2.5413 2.9241 0.0131 2.4890 2.2700 2.8575 2.7953 0.0070 2.4890 2.6382 2.6468 2.4327 3.0859 2.6048 2.7274 2.5490 2.8054 2.6907 2.5413 2.2932 3.0592 3.1852 2.9126 2.4395 2.7559 2.6382 2.4124 3.1273 2.8792 3.6651 2.5413 2.3478 2.6382 0.1841 2.9241 2.0111 3.3459 2.6641 2.8902 2.8156 2.3731 0.0111 3.0205 2.8054 2.3667 2.9955 3.0205 0.0131 2.6998 3.2951 0.1529 2.5966 2.6729 2.7953 2.7274 2.3171 2.6468 2.6048 2.5110 2.7953 4.3410 2.5567 2.5490 2.5185 2.3795 2.6998 2.8363 3.2951 2.7368 3.4363 3.5347 0.0000 3.2951 1.7349 2.3860 2.4890 2.2757 3.1273 2.7559 2.8469 2.2757 2.4464 2.8902 2.6907 0.2278 0.0213
PLLG_Fushun_laodelphax_striatellus_flavivirus_1_isolate_HFSFS147_orf_1_E_2114-2370_AlphaFold 2.7853 2.9955 3.2625 2.9014 2.8054 2.6907 3.2002 3.4747 2.8363 2.7089 2.9711 3.5347 3.1852 1.9161 3.0461 3.4177 3.3459 4.0057 3.2466 3.8112 3.1704 3.0995 3.3634 2.6998 2.1071 2.8469 2.8792 2.7853 3.2002 3.0592 3.3287 2.4963 3.5555 3.3287 3.7360 2.7853 2.7754 3.2466 3.8373 3.0079 3.4553 3.4553 2.6298 2.2874 2.9241 3.2625 3.6651 2.5805 3.5144 2.8575 3.1558 3.0332 2.7853 3.4747 3.3287 3.0592 2.5567 3.2625 3.1852 2.9241 3.1852 1.9280 2.5260 3.5981 3.9188 3.2309 2.6907 3.0995 2.7463 3.0724 2.9356 2.7656 3.1852 2.6907 1.6604 3.0859 2.7274 2.7368 2.5260 2.6729 3.2625 3.1852 2.9126 3.1704 3.3118 2.9356 3.6200 2.7559 2.9711 2.8469 3.1558 2.0067 3.2309 3.2625 3.2309 3.2002 3.5144 2.7754 3.2625 2.9955 3.1133 3.4177 2.8902 2.5567 3.2002 2.7953 3.5981 3.3287 2.8902 2.0375 2.6907 3.9188 3.1133 4.0360 3.5347 2.9832 3.2309 2.8792 3.1133 2.7953 2.6048 3.7856 3.2951 2.8469 2.7274 4.2677 2.7181 2.8156 3.1558 3.0332 2.7656 2.9473 3.0724 2.5646 3.6883 3.0079 3.6883 2.4258 5.0250 3.8639 3.5555 3.1273 3.9472 2.8469 3.4944 2.7368 2.5646 2.7953 2.7181 2.7754 2.9126 4.4579 3.0205 3.3459 3.9472 3.8911 3.3118 3.2787 2.9126 3.0995 2.4604 3.3634 3.6423 2.6729 3.3634 2.7754 2.8683 2.8259 2.9473 4.7671 3.2154 2.9014 3.0995 2.9711 3.0592 2.8683 3.7605 3.7605 3.1558 3.2787 3.2154 2.9126 3.0859 3.2625 3.8373 2.9241 2.4675 2.7853 2.4534 2.9591 3.4747 3.1704 2.9955 3.0461 2.8363 3.1704 2.8792 3.6883 3.3287 3.2625 3.1704 2.9014 5.0809 3.1273 2.8902 3.2002 3.0205 3.0332 2.7368 2.4191 3.8112 3.2309 3.7360 2.8792 4.1308 3.4944 2.9241 2.9126 2.9126 3.3287 2.9832 3.2309 2.8469 1.7284 2.6998 3.2625 2.8054 3.0205 2.5885 2.5413 2.9955 1.9122 3.2951 0.0000 2.9014 3.2154 2.9356 3.2787 3.0592 3.5555 2.5567 3.3812 2.6998 2.7754 3.3993 3.5555 3.0332
PLLG_Artemia_sinica_associated_flavi-like_virus_E_919-1383_AlphaFold 1.8408 2.1772 3.1414 2.6048 3.9472 3.9188 2.4604 1.8372 2.6998 2.8792 3.1852 1.7413 2.4604 2.4746 2.3231 3.0079 1.6545 2.6641 3.7856 2.7463 2.7368 2.6468 2.6729 3.0461 2.7754 3.1852 1.6664 2.4327 2.8575 3.3459 3.4747 3.1273 1.8336 2.6214 2.9014 3.1273 2.7656 3.0724 2.9126 1.7914 3.1133 1.7031 2.7953 3.3993 3.0079 3.5766 2.8902 2.9591 2.4258 2.6641 3.0724 1.7284 2.5805 1.7677 3.2625 2.5413 2.5646 2.7853 2.4395 3.0859 1.8300 2.8902 3.0332 3.1273 3.2154 2.7181 2.6641 3.2625 3.3118 2.9473 2.5413 2.2417 1.7744 3.0859 3.0332 2.3925 3.0461 3.2625 2.5805 2.9955 3.0995 2.8156 3.1133 3.0332 3.5981 2.7656 2.6907 2.8259 2.8259 2.7559 2.8683 2.8259 1.8123 2.9126 3.4747 2.6214 2.7463 2.5110 2.8683 2.9711 3.1852 1.6815 2.9591 2.9832 2.5185 3.1414 3.1133 2.2473 3.9761 3.3812 3.2625 3.0461 2.6468 2.8902 2.9832 2.6818 2.7368 1.6253 3.0205 1.7677 2.8054 2.9126 3.0079 2.5966 1.8336 2.8792 2.5966 1.7284 4.7194 2.9356 3.1704 1.7479 2.8902 3.6423 3.3812 1.6196 2.8156 2.5885 3.0859 2.6214 1.8336 3.4553 2.8683 1.6634 2.7953 3.5347 2.7368 3.0332 2.3171 3.3993 2.6130 3.2951 3.3459 2.7368 3.0592 2.7754 3.1273 1.7252 2.9591 1.7983 3.0724 2.6130 2.6907 1.8554 2.6048 1.6369 3.2002 2.9955 1.7446 2.6298 3.0995 3.2466 2.2197 2.6818 2.7368 2.7953 3.3812 2.5036 2.6729 2.7089 2.2035 2.7274 2.5885 3.7856 2.7754 2.7274 3.4944 2.7368 2.6048 2.9711 3.5981 2.3171 3.3118 2.7853 1.7880 2.6818 2.7953 3.1133 2.6641 3.3812 2.9473 3.2625 1.7949 2.3795 3.1704 2.4818 2.8683 3.4177 1.7413 3.2951 3.0724 1.6398 2.3795 3.2309 2.8054 2.6729 2.9014 2.9241 3.3459 2.4464 2.4191 3.2625 2.8363 2.4191 2.6382 2.5413 3.8911 2.7656 2.9356 3.5347 3.2951 3.1852 1.7349 2.9014 0.0000 2.7463 2.8259 2.2089 3.0461 2.8054 2.5036 2.2089 3.0724 2.9126 2.7274 1.8702 1.7544
FJMB_Yellow_fever_virus_E_286-776_AlphaFold 2.3603 2.4746 3.6423 0.7527 2.7656 2.4534 2.6382 2.5885 2.4604 1.2463 3.1273 2.6998 1.1298 3.2309 3.0205 3.2466 2.5885 1.1016 2.3603 1.0616 0.9358 2.5885 1.0934 2.5336 2.4818 2.9356 2.4746 1.1231 0.9510 1.0232 1.4270 3.1133 2.5336 1.0293 0.9821 1.1818 1.0553 2.8683 1.0083 2.5646 0.9129 2.4258 1.0338 2.7656 1.0663 2.2991 2.3111 1.1231 2.7368 1.2873 2.4963 2.5966 2.8259 2.3603 2.1266 1.5750 2.4191 0.6939 2.5185 1.2734 2.8156 2.6382 1.0983 0.8918 2.2252 1.0886 2.4327 2.5185 1.2833 1.3054 2.3991 2.4534 2.6298 1.2311 2.9473 2.4258 1.2559 2.7089 2.6729 2.7559 1.0934 0.7316 1.0039 1.1147 2.5336 1.0202 0.6229 0.9636 0.6720 0.9778 1.1853 2.7463 2.4258 2.9473 2.3860 2.0286 1.0616 0.9372 1.7479 2.8259 1.2715 2.9473 1.2853 3.0859 1.3034 1.2913 1.0445 2.7274 2.6214 2.9955 1.0538 1.2218 2.8683 1.1764 0.9209 2.5646 2.4746 2.4124 0.9441 2.4191 2.9832 1.1537 1.0232 2.2417 2.3731 1.0054 2.8156 2.4395 1.0790 0.7549 0.6960 2.3795 1.2913 2.8054 0.9664 2.6298 1.8891 2.3231 1.3198 0.8435 2.5336 2.9126 1.2893 2.4675 2.2197 3.1852 0.9441 2.5966 2.5110 1.0569 2.8156 1.4247 3.4944 0.9879 2.4191 2.0510 1.1485 2.5725 1.5196 2.5336 1.9603 1.0647 1.1889 2.4395 2.6907 2.2143 1.0128 1.0616 2.3292 2.0024 0.9707 2.4746 2.8259 1.2034 0.6982 1.0679 2.6214 1.2368 0.8070 0.9089 2.5966 1.0838 2.6130 3.2787 0.9538 2.2306 1.1098 1.7157 2.7853 1.0113 1.2444 2.6818 2.6818 1.2349 2.6641 2.3416 4.8160 1.5887 2.6554 2.6130 1.4041 2.5260 2.3354 3.4553 2.8156 2.5725 1.4132 2.3354 2.3292 1.1519 1.1889 2.4963 1.0870 3.0724 2.6818 1.1332 2.3540 1.6486 2.8363 2.8363 2.7089 3.1273 0.7088 2.4963 3.0332 1.4434 2.4675 2.9356 1.1747 2.9356 2.9241 3.5981 2.3860 3.2154 2.7463 0.0000 0.7349 2.5336 2.9711 2.4057 2.9014 3.0332 2.6818 0.6387 2.5110 2.5336 2.4890
FJMB_Edge_Hill_virus_strain_YMP_48_E_282-772_AlphaFold 2.7089 2.6298 3.0724 0.7239 3.3812 3.2154 3.0859 2.7559 2.3540 1.4064 2.6998 2.5805 1.2016 3.1133 4.1638 3.4177 2.7559 1.0679 2.9473 1.1485 1.0338 2.4890 1.0039 3.5555 2.5336 3.0724 2.5490 1.1554 1.0173 1.0967 1.3034 3.1414 2.6468 1.1835 1.0918 1.2813 1.0569 2.8792 1.1835 2.5966 0.9908 2.4057 1.1016 2.7754 1.0323 2.3731 2.4057 1.1606 2.8902 1.4201 2.7656 2.4124 2.4191 2.5966 2.3354 1.6196 2.4464 0.4618 2.8683 1.2482 2.8156 2.9356 1.0187 1.0278 2.3231 1.1181 2.8792 3.0995 1.3323 1.2463 2.9591 2.5110 2.4818 1.3260 2.6468 3.1852 1.3344 3.1852 2.8469 2.7463 1.1606 0.4030 1.0647 1.2034 2.8156 1.0522 0.4520 0.9922 0.4877 0.9807 1.2482 2.9473 2.4818 3.3634 3.3993 2.3603 1.1641 1.0476 1.9122 2.3603 1.3075 2.5260 1.1114 4.2322 1.1961 1.2734 1.2255 2.6048 2.7656 2.8683 1.2349 1.1659 3.1133 1.1676 0.9622 2.2932 2.3292 2.4258 1.0491 2.5490 3.1133 1.1519 1.2656 2.6130 2.5885 1.1181 2.6554 2.4963 1.1747 0.7940 0.4684 2.5646 1.2089 2.5805 1.1624 2.6554 1.8517 3.8639 1.3116 0.5452 2.6468 3.0461 1.4625 2.5336 2.5966 3.2309 1.0158 2.5413 2.7853 1.1281 2.3171 1.3075 2.8363 1.1659 2.3795 1.8739 1.3095 2.4890 1.7220 2.4963 2.0740 1.2016 1.2973 2.5490 2.9832 2.0465 1.1231 1.2734 2.5725 2.3540 1.1606 2.3111 3.0592 1.3428 0.4709 1.0983 2.6907 1.2237 0.7964 0.9835 3.0592 1.1889 2.5725 2.4395 1.0967 2.0286 1.2144 1.9603 2.7953 0.9735 1.2853 2.9955 3.0461 1.3686 2.6214 2.4327 5.4509 1.3513 2.2586 3.3118 1.2656 3.1133 2.4464 2.7754 2.6048 2.7368 1.5615 2.5885 2.5036 1.2675 1.2237 2.5885 1.1065 3.6651 2.8259 1.2598 2.7181 1.7189 3.0079 2.8902 3.8639 4.5407 0.4668 2.4818 2.8469 1.7000 2.8469 3.1133 1.1925 3.3118 3.0724 3.2466 2.4890 2.9356 2.8259 0.7349 0.0000 2.5110 2.3478 2.6468 2.4890 3.1133 2.3171 0.4660 2.7754 2.6130 2.5646
FJJI_Mogiana_tick_virus_isolate_MGTVV411_segment_2_orfVP1_E_334-542_ESMFold 2.4327 0.1829 0.8724 2.7559 2.8156 3.1133 2.8156 2.4124 2.7754 3.3812 2.3171 2.3603 2.6048 3.0079 7.6844 3.2309 2.2417 2.2757 2.8054 2.4746 2.5413 2.6298 2.3925 3.1704 4.0360 3.0592 2.3478 2.7463 2.4124 2.5110 2.4191 2.6468 2.4124 2.0420 2.4464 3.7360 2.6468 2.4534 2.2089 2.3051 2.1617 2.4818 2.4818 2.2874 2.3292 2.7089 2.6298 2.5336 0.0652 2.5646 2.5725 2.3795 2.3603 2.3292 2.4818 2.2417 2.7559 2.4818 0.0837 3.7119 2.9955 2.2586 2.1316 2.5185 2.3292 2.2252 2.9955 2.6298 3.1558 2.7368 3.2466 2.1465 2.0881 2.4746 4.6278 1.1519 2.6298 2.9356 3.0724 4.1308 2.6048 2.6554 2.3795 2.7953 2.0976 2.4124 2.3795 2.3354 2.3925 2.2362 2.3111 2.9356 2.5490 0.1780 4.3039 2.4258 2.3292 2.4464 2.5336 3.7119 2.7368 2.3292 2.1120 4.4579 2.4534 2.8363 2.1566 0.1756 2.7853 3.5347 2.5490 2.3231 0.0837 2.1168 2.3231 2.4818 2.1929 2.3051 2.2362 2.4057 2.8363 2.6907 2.8575 2.3795 2.3231 2.4191 2.8683 2.4258 2.5336 2.0331 2.3795 2.2874 3.0332 2.2586 2.2035 2.3231 2.3731 3.3118 3.0859 2.3051 2.4124 1.3708 2.3478 2.2874 2.2197 2.5260 2.2306 0.9995 2.0286 2.4534 2.2362 2.8469 2.5885 2.0740 2.7181 2.9014 2.0740 2.5413 2.6907 2.3991 3.0724 2.1617 2.5567 2.3231 0.1159 2.4464 2.3292 2.3860 2.3231 2.0602 2.2035 3.2625 0.2038 3.3287 2.7656 2.5725 2.8902 2.8259 2.5490 2.3231 0.0399 2.2991 2.4963 2.9591 2.5336 2.6554 3.0995 2.2089 2.5805 2.7089 2.6214 0.0980 2.2991 2.9832 2.3731 1.9769 2.3231 2.4191 3.1414 2.8363 2.6214 2.6818 2.3231 3.5766 4.1638 0.0903 2.2143 2.5805 2.1982 2.6214 2.6382 2.3603 2.2757 2.8469 2.4746 2.5413 3.0205 2.5885 3.1852 0.0525 2.6048 4.1638 2.5725 2.3991 3.2466 2.4464 2.9014 2.7368 2.4395 1.0247 2.5966 2.9473 2.2757 3.2787 2.2089 2.5336 2.5110 0.0000 2.9955 2.3171 2.5110 2.3795 2.2586 2.3478 3.1558 2.2757 2.3667
FJIS_Ochlerotatus_caspius_flavivirus_isolate_1608_E_319-712_AlphaFold 2.5336 2.5966 2.9356 2.0602 3.0592 0.9317 2.7089 2.9832 2.2586 2.5725 0.9115 2.7656 2.1617 2.5885 3.6200 2.2089 2.6641 2.3991 0.9036 1.9201 2.2473 2.1365 1.9603 1.9981 2.5646 1.0679 2.6382 2.1516 1.9811 2.0976 2.8363 2.2035 2.9832 2.1824 2.3051 2.3795 2.3051 0.9792 2.2815 2.9832 2.3795 2.8363 2.0510 2.4675 2.1824 2.5336 1.5069 2.2035 3.1558 2.4057 2.2874 2.3540 1.2540 3.0461 1.9562 2.7274 0.9345 2.2932 3.0592 2.4327 2.7463 3.3118 2.2529 2.0465 1.0308 2.3731 2.7754 1.3116 2.8156 2.4464 2.2815 2.8363 2.8792 2.2473 2.5646 3.0724 2.3478 2.7463 3.0079 2.9711 2.3795 2.3540 2.2089 2.5336 1.4086 1.9521 2.3354 2.4395 2.3925 2.0286 2.6554 2.2529 2.7656 2.7953 1.4018 1.0039 2.2932 2.0465 2.9126 1.0010 2.6468 2.7953 2.5805 3.5555 2.3292 2.5567 2.8469 2.4604 1.3513 2.5966 2.7754 2.3991 2.9955 3.2787 2.0976 0.4154 1.2953 2.7089 2.3667 2.9832 2.9955 2.3051 1.8967 1.4064 2.5260 2.3416 2.9591 2.4057 2.2417 2.2252 2.2586 2.7853 2.3051 2.1566 2.3667 2.9473 2.7853 3.0461 2.8363 2.2586 2.9832 3.0724 2.3860 2.5646 1.3729 1.0128 2.1266 3.0461 3.2787 2.2035 1.2482 2.9955 1.2482 2.2362 0.0451 1.9360 2.3416 2.8902 3.0859 3.0332 2.2529 2.4746 2.2473 2.5567 3.0332 2.5490 2.1566 2.3111 2.8792 2.3292 2.0375 0.8983 2.7559 2.4258 2.3416 2.2362 2.4057 2.2362 2.0465 2.3231 3.0205 2.3354 2.7368 0.8154 2.0331 2.2586 2.2252 1.8408 3.0859 1.9400 2.0375 2.9591 1.0538 2.3667 2.6907 2.8469 2.1772 2.8683 2.9356 1.3198 2.5185 0.9538 2.8259 2.4258 3.0995 2.7463 2.7089 0.9250 2.9014 2.4124 2.3731 2.6907 2.4057 2.5966 2.4258 2.2417 0.8202 2.0067 2.6818 3.1414 2.6554 4.7194 2.1023 2.4464 2.9473 2.2362 0.9023 2.6298 2.6214 2.8469 1.0476 3.0724 3.1273 3.0592 3.0461 2.9711 2.3478 2.9955 0.0000 1.4224 2.7181 2.5885 2.5725 2.2700 2.8683 3.0079 2.9356
FJIS_Karumba_virus_isolate_KRBV_Kim1_E_263-654_AlphaFold 2.9014 2.6298 2.8902 2.1720 3.4747 1.6876 2.5805 2.6554 5.5190 2.6468 1.7446 2.5885 2.2035 2.9832 4.1638 3.1558 2.4534 2.8156 1.5325 2.1668 2.4534 2.6641 3.4177 2.3795 2.5336 2.0331 2.5567 2.7368 2.2417 2.7181 3.9472 2.8902 2.4890 2.4746 2.3925 2.2473 2.1668 1.9896 2.7754 2.6468 2.2700 2.6907 2.1465 2.5110 2.4124 3.1704 0.1939 2.6468 2.7274 2.5490 2.6554 2.4818 1.7744 2.6818 1.9240 2.3478 1.3428 2.7274 2.2991 3.6200 2.7274 3.0079 2.5805 2.2932 1.4993 2.2757 2.5036 1.5299 3.2787 2.4124 3.0995 3.2466 2.4818 2.7656 2.7463 2.7754 2.4258 3.1558 3.3287 3.0995 2.5885 2.2586 2.6729 2.3795 1.6111 2.1982 2.5036 2.3292 2.4890 2.2417 2.2700 2.8575 2.5805 3.1852 1.3578 1.3323 2.2874 2.2306 2.8469 1.5094 2.5646 2.5725 2.3667 3.1133 2.1720 3.0995 2.7368 2.5567 1.2754 2.5336 2.4746 2.6214 2.7463 2.6818 2.0740 1.4434 1.6026 2.6641 2.3231 2.6298 3.1558 2.9591 2.2529 1.3054 2.5110 2.3667 2.9473 2.6048 2.1929 2.3795 2.2700 2.6048 2.8259 2.7853 2.3603 2.7853 2.5110 3.3459 2.9241 2.8259 2.4890 3.4944 2.1772 2.4746 0.1841 1.8967 2.3603 3.2466 2.7181 2.5110 1.6574 3.0461 1.5562 2.6998 1.3884 2.6998 2.5110 2.5260 2.8683 2.8054 2.9711 2.4604 2.5036 2.6554 2.5110 2.0198 2.4327 2.9591 2.7368 2.5036 2.3111 1.6634 3.3118 2.6298 2.4124 2.5885 2.1982 3.2309 2.2991 2.2586 2.6641 2.5805 2.9473 1.7316 2.1929 2.6468 2.5336 2.4818 2.3731 2.2089 2.6729 2.5966 1.8665 2.5725 2.8156 2.1023 2.3416 3.4177 2.3292 1.4363 2.4890 1.8554 2.6818 3.0995 3.1414 2.6214 2.5567 1.8554 2.8792 2.6998 3.0205 2.6554 2.2586 2.9711 2.4604 2.2932 1.3973 2.6818 2.7853 2.4963 2.8902 2.7754 2.2197 2.5036 3.1704 2.0286 1.6694 2.9126 2.7181 2.8683 1.5860 2.8683 2.7559 3.5555 2.8054 2.4057 2.6468 2.3171 1.4224 0.0000 2.6130 2.5805 2.1668 2.2417 2.7181 2.3925 2.7368
PLLG_Sitobion_miscanthi_flavi-like_virus_1_07BaA1_E_1825-2099_AlphaFold 2.4604 2.3416 2.9711 2.9241 2.7463 3.2309 2.3795 2.2089 2.6130 2.6729 2.3667 2.1668 2.5185 2.0286 2.5413 3.0592 2.0881 3.1133 2.7089 2.6554 3.7119 2.6214 2.6907 2.7274 2.4258 2.6382 2.4327 2.7754 3.2154 3.2309 3.0724 3.0724 2.3478 3.0592 2.9356 2.8259 2.6729 3.0205 2.9014 3.1558 3.7119 2.5036 2.8792 2.4057 3.1558 2.4890 2.5966 2.8054 3.2951 3.0592 2.6298 2.4890 2.0154 2.4191 2.4534 3.2309 2.7656 2.8792 2.2700 2.6554 2.3860 2.3111 2.4818 2.6048 3.4363 3.2625 2.5725 3.3459 3.4177 2.6048 2.6729 2.7463 2.7274 2.5036 2.2035 2.7559 2.8575 3.2309 2.7656 2.9473 3.0461 2.9711 3.1852 2.5646 3.4363 3.4747 2.6468 3.0592 2.8259 2.7853 2.6382 2.6998 2.1720 2.7754 2.7274 3.4553 3.0332 2.7656 3.2309 2.4604 2.8259 2.6298 3.2625 3.0079 3.3812 2.5646 2.6998 2.5260 2.4963 1.9280 2.9014 2.8363 3.5981 3.0079 3.2466 2.9832 2.2643 2.4675 3.2625 2.8575 2.7463 2.5336 2.8575 2.5185 2.8363 2.9955 2.2252 2.5567 2.8792 3.0461 2.4675 2.7559 2.4057 2.9473 3.2787 2.7853 2.7463 2.3991 2.7368 3.2309 2.3478 2.6048 2.9356 2.4464 2.7656 2.8363 3.0995 2.6998 2.8363 3.9761 2.0111 2.5646 2.7089 2.8469 2.6641 2.6998 2.8363 2.2991 2.8259 2.4258 3.0724 3.2466 3.3459 2.7181 3.0332 5.7354 2.6048 3.1704 2.7181 2.9955 2.6818 2.3478 2.5260 2.9356 2.6468 3.8112 2.8575 2.8469 2.8575 2.7853 3.0724 3.0724 2.3354 3.6423 3.4944 3.0205 2.8259 3.5981 2.2700 3.2154 3.2309 3.3993 2.5490 2.9126 2.3667 2.6998 2.0465 3.0724 2.7368 3.5347 2.4818 3.2309 2.7656 3.2002 2.3991 3.0079 3.2951 3.0859 2.5966 2.8683 2.7089 2.2700 2.8259 0.4784 2.6907 3.0592 2.7368 2.6382 2.5725 3.0859 2.7853 2.3860 2.9126 2.2991 2.2417 2.8363 3.5766 2.6468 2.7754 3.0995 3.2309 2.2815 2.8469 2.5567 2.5036 2.9014 2.4890 2.5110 2.7181 2.6130 0.0000 2.5413 2.6382 2.9955 2.2417 2.3478 2.4675
PLLG_Semibalanus_balanoides_associated_flavi-like_virus_E_922-1397_ESMFold 2.1365 2.0556 3.5981 2.7853 3.4747 3.9761 3.0724 2.1415 2.6729 3.2466 3.1414 2.1824 2.8792 2.9591 2.4191 3.0724 2.1365 3.0205 3.1414 3.1273 2.8575 2.2586 3.1852 3.5144 2.5805 4.0985 2.0242 2.7368 3.4553 3.0592 2.4890 3.3993 2.2643 2.6382 3.0332 2.5413 2.5413 3.2466 3.0332 2.4124 2.7089 2.1415 3.1414 3.1704 3.0332 2.9356 2.6130 2.9591 2.6998 2.5413 3.1704 2.4464 3.4944 2.1824 3.2154 3.3634 2.8792 2.6641 2.0465 2.4675 2.4327 3.1704 2.7853 2.8259 3.0995 3.4553 2.7368 2.8156 2.9356 3.4177 3.3118 1.9854 2.3051 2.5260 2.8575 2.4890 3.5981 3.5555 3.0995 2.6729 3.2625 2.7368 2.7274 2.9014 2.6214 3.0332 2.3860 3.2625 2.7754 2.9955 3.1704 2.6729 2.1566 2.5336 3.7605 2.4124 2.8683 2.8156 2.9014 2.7089 3.2466 2.2306 3.0205 3.2466 2.6998 2.6818 2.6382 2.2252 3.2625 2.6818 3.3118 3.5981 2.8902 3.1133 2.4818 2.8683 3.1414 2.2529 2.9473 2.1982 2.3667 2.6298 2.8792 2.7754 2.2586 3.1558 3.5555 2.1465 3.1414 2.7089 2.4746 2.1876 2.6130 2.6130 2.6048 2.2362 2.8259 2.5805 3.2309 2.5567 2.2643 3.2625 3.0592 2.0510 2.7656 4.6730 3.3634 2.9241 0.3175 2.6818 3.1558 3.3287 2.9473 2.7368 2.6998 3.0205 2.9591 2.1566 3.1558 2.1824 2.5805 2.7274 2.7368 2.2815 2.6214 2.6048 2.6998 2.8902 2.2089 3.1558 2.8156 3.1273 2.2932 2.7274 2.7559 3.4363 3.2625 3.4944 2.3795 3.4363 2.8363 2.7559 3.2625 4.0669 2.5805 3.2309 2.8469 2.9014 3.0995 3.5144 2.7089 2.6641 4.1308 2.7368 2.0556 3.1414 2.5260 2.4395 3.3118 2.9126 2.8469 3.3634 2.1516 2.9126 2.8575 2.6729 2.5567 3.5555 2.1929 3.0332 3.2466 2.0648 2.7463 3.0461 2.9241 2.9241 2.7368 3.5144 3.0461 2.6818 3.2309 4.4579 2.7463 2.7953 2.6382 3.1704 3.6423 3.0461 2.6907 3.0995 3.4363 3.5347 2.2757 3.3812 2.2089 3.0332 3.1133 2.3795 2.5885 2.5805 2.5413 0.0000 2.4534 2.6998 2.6998 2.2586 2.1982
PLUN_Parasteatoda_tepidariorum_associated_flavi-like_virus_E_2407-2652_AlphaFold 2.7089 2.5336 2.7368 2.3231 2.1720 2.7953 2.4191 2.9591 2.4057 3.0332 2.5260 2.9711 3.1133 2.1566 2.5646 3.0724 2.7656 2.3540 2.8792 3.0205 2.5260 2.1415 2.6818 3.7856 2.3478 2.5413 2.7656 2.3051 2.2143 2.8054 2.9832 10.6058 2.8469 2.4818 2.4395 2.2197 2.2362 2.2197 2.4124 3.0995 3.1273 2.7656 2.2417 2.1876 2.5185 2.9832 2.8469 2.5567 2.2932 2.8363 2.5110 2.9832 2.9126 2.8054 2.1415 2.2197 2.4191 2.3292 2.4675 2.9955 2.8683 2.7853 2.0286 2.7463 2.6998 2.1617 2.3795 2.9014 3.4177 2.2700 2.6382 2.4395 3.7360 2.9241 2.4395 2.7463 2.0420 2.7463 2.6382 2.6641 2.8156 2.4464 2.5885 2.6907 3.5144 2.4258 2.2586 2.2586 2.3603 2.1516 2.7463 2.3354 2.4890 2.8259 2.4675 2.9356 2.6214 2.5185 2.6818 2.3171 2.3051 2.5413 2.8575 2.7181 2.3051 3.3812 2.7559 2.4604 2.8683 2.5260 2.6818 2.8575 2.7181 2.2700 2.4963 2.8259 3.2309 2.5805 3.2466 2.7656 1.0553 2.5567 2.9955 2.9955 2.2874 2.3540 2.7089 2.9473 2.5646 2.5185 2.5885 2.7274 2.8683 2.6048 2.4746 2.4534 2.7953 2.6641 2.4534 2.5185 2.8469 2.6048 2.7463 2.8575 2.7181 2.6998 2.3667 3.3634 3.2466 2.8259 3.2002 3.0724 2.6130 2.2362 2.6298 2.8792 2.9832 2.7181 3.1558 2.8156 3.0079 2.2815 2.6214 2.4327 3.9472 1.9562 2.5260 2.2815 2.4258 2.8363 2.5646 2.5036 2.9955 2.4890 2.4604 2.6998 2.9356 3.6883 3.1558 2.1982 2.4057 3.0724 1.7711 2.3603 2.7089 2.8683 2.7463 2.4604 2.4327 2.7089 2.7463 2.9955 2.6729 2.8363 2.6998 2.6907 2.1365 2.9126 2.2757 4.1308 2.2417 2.6048 2.5646 2.6554 2.3991 3.0079 3.4363 2.6214 2.7656 2.0556 3.3812 2.6214 2.4818 2.7953 3.2154 3.1852 2.5413 2.3603 2.4746 2.8156 2.6554 3.0205 2.4534 2.7368 2.5110 2.1415 3.1133 2.0067 3.3634 2.9126 2.5725 3.0995 2.4464 2.6998 3.0724 2.6818 2.3171 2.2586 2.5725 2.1668 2.6382 2.4534 0.0000 2.5646 2.2197 2.8469 2.7656
FJMB_Bouboui_virus_strain_DAK_AR_B490_E_273-763_AlphaFold 2.6554 2.0602 2.9126 0.8118 3.2787 2.3795 2.5036 2.9955 2.2306 1.3708 2.5185 2.9832 1.2034 2.8259 3.7605 2.5567 2.8259 1.0430 2.5036 1.0616 1.0585 2.3731 1.0647 2.4464 3.1273 3.1704 2.7754 1.1264 1.0278 1.0491 1.1606 3.2002 3.0859 1.1835 1.0278 1.2973 0.9951 2.6818 1.0918 2.6298 1.0710 2.7953 1.0323 2.9591 1.0187 2.3540 2.1929 1.1961 2.7368 1.3599 2.8259 2.8683 2.6130 2.8469 2.1168 1.5723 2.2417 0.5407 2.3667 1.1889 2.7463 2.5725 0.9951 1.0822 2.4890 1.1818 2.4890 2.3171 1.1835 1.2833 2.7181 2.6468 2.4963 1.1606 2.6382 2.7274 1.2107 2.6554 2.9126 2.5805 1.1764 0.2013 0.9980 1.1624 2.3860 1.0569 0.1890 1.0083 0.5247 0.9721 1.3219 3.0461 2.6468 3.1704 2.1772 2.4057 1.0128 1.0967 1.8628 2.2815 1.4155 2.9473 1.0822 4.6278 1.1729 1.1606 1.1264 2.1316 2.5885 2.7559 1.1434 1.2052 2.9955 1.2255 0.9764 2.2643 2.6641 2.9126 1.0353 2.8792 3.3812 1.1032 1.1016 2.3860 2.7463 1.0083 2.7656 2.6641 1.1399 0.8130 0.2303 2.7953 1.1943 2.4057 0.9622 2.9711 1.8088 3.1133 1.2181 0.6547 3.0859 2.8792 1.2349 2.8683 2.2757 2.6998 0.9995 2.6214 2.6554 1.0854 2.5036 1.0631 2.4395 1.1065 2.1929 1.9280 1.1281 2.6998 1.5482 2.5260 2.1824 1.1764 1.1382 2.7754 2.8156 2.1415 1.0742 1.1468 2.9014 2.0242 1.0323 2.2089 2.3667 1.3535 0.5203 1.1197 2.5646 1.1641 0.8226 1.0158 2.4963 1.0934 2.7953 2.3171 1.0631 2.3292 1.1197 1.6907 2.5490 0.9277 1.1197 2.4675 2.7953 1.2973 2.4534 2.5413 2.4604 1.1729 2.4327 2.7953 1.2695 2.4124 2.8575 2.8156 2.9832 2.8575 1.5120 2.3991 2.7656 1.1818 1.1835 2.9014 1.1081 3.2002 2.5885 1.2181 2.3991 1.5562 3.5766 2.7368 2.7089 2.9473 0.2201 2.6048 3.0995 1.4458 2.3416 3.1273 1.2482 2.6729 2.4818 3.4177 2.8902 2.7754 2.9126 0.6387 0.4660 2.3478 2.2700 2.2417 2.9955 2.6998 2.5646 0.0000 2.9711 3.0332 2.6130
PLLG_Hangzhou_frankliniella_intonsa_flavivirus_1_isolate_JM1FY93485_E_1674-2158_AlphaFold 2.9832 2.8156 2.9711 3.0592 1.7157 2.8792 2.2757 2.6468 2.2473 2.9832 2.9241 2.4890 2.5036 2.4191 2.9711 2.6214 2.4395 2.6818 2.7463 2.7953 3.0592 2.4746 2.9014 2.6298 2.0602 3.0079 2.6729 2.5567 2.6729 2.7368 3.8639 1.8891 2.6298 2.7274 2.8259 3.1273 2.9241 2.9014 2.7463 2.4604 2.8156 2.6298 2.7853 2.5646 2.9955 2.7656 2.4464 3.0724 3.4944 3.1273 2.4464 2.6468 2.4534 2.5567 2.9955 3.2466 2.3171 2.6468 2.7953 3.2951 3.1133 2.4963 3.1133 3.0205 2.4890 2.7368 2.3795 3.1414 2.9591 2.7953 1.7413 3.2002 2.4395 2.8575 2.4258 2.6382 2.9955 2.5110 2.2529 1.5998 2.7463 2.5336 2.6298 3.3118 3.4747 3.1704 2.4464 2.7853 2.5260 2.6214 2.6818 2.2700 2.4963 2.6554 2.7953 2.5490 2.8363 2.4258 2.8902 2.3111 2.8156 2.4963 3.4747 1.9006 3.0995 2.9591 2.7181 2.9014 2.5336 2.2143 3.0205 3.2466 3.2787 2.9955 2.6048 3.0205 2.6729 2.6130 2.5036 2.4675 3.4944 2.6818 2.6298 2.8792 2.5885 2.3860 2.6468 2.6998 2.9014 3.1704 2.6382 2.4395 2.9832 2.8902 2.7368 2.5567 2.6130 2.4675 3.8112 2.7463 2.6298 2.7368 3.1133 2.8902 2.7953 2.7089 2.9014 3.0332 2.8363 2.6907 2.5185 2.8792 2.5966 2.4191 3.1852 2.6818 2.8259 2.6048 2.6998 2.5185 2.8792 3.0332 2.6468 2.6048 4.3410 2.3478 3.0461 2.7656 2.5185 2.6907 3.0332 2.9126 2.6998 3.4944 2.7181 2.5725 3.0461 4.2322 2.9126 2.8792 3.6200 3.1414 3.4747 2.7953 3.2002 3.2466 3.1558 2.7274 2.2089 3.5766 3.1273 3.3459 2.8156 2.7656 2.3731 3.2625 3.0859 3.8112 3.0205 2.9473 2.5805 2.9473 2.6214 3.0205 1.7031 3.4553 2.6818 3.0461 2.7754 2.9014 3.4177 2.7089 2.6907 2.2197 2.3603 3.1133 2.3111 3.0724 2.0694 3.7119 2.4464 2.6907 2.5805 2.2932 1.8229 2.5413 2.8469 2.0648 3.6883 2.9955 2.7089 2.7656 2.6907 3.3993 2.7274 2.5110 2.7754 3.1558 2.8683 2.7181 2.2417 2.6998 2.2197 2.9711 0.0000 2.6130 2.7368
PLLG_Flaviviridae_sp._strain_FVHAHH8_E_865-1336_ESMFold 0.2669 2.3171 3.8112 2.8259 2.4818 2.7754 2.3991 0.0080 2.2143 3.4177 2.6907 0.2151 2.6998 2.8363 2.7274 2.9356 0.1976 2.8259 2.7953 2.8902 2.9591 3.0724 3.0332 3.2466 2.6554 2.6214 0.2214 2.8902 2.6048 2.9955 3.2625 2.5036 0.0050 2.8575 2.9356 4.2322 3.1704 3.5347 3.1133 0.2400 2.8054 0.2342 2.7953 2.7089 2.9711 3.2002 3.0995 3.1133 2.7274 2.8156 2.5966 0.2478 2.7754 0.2290 2.5805 3.0461 2.1071 2.4675 2.3416 3.1852 2.0510 2.6998 2.6729 3.0724 2.5567 3.3634 2.9241 2.5413 3.3118 2.7853 2.8575 3.3993 0.2176 3.0995 2.8156 2.8792 2.7089 4.1308 3.1852 2.5413 2.8792 2.5185 2.8469 2.9014 3.0592 2.7559 2.8902 2.9711 2.8363 2.5036 2.7853 2.4258 0.2426 2.7368 2.5805 2.4124 3.1273 2.7754 2.7181 2.3231 2.8792 0.1976 2.4675 2.4604 2.5110 3.5555 2.7089 2.9126 2.1929 2.6554 2.7463 2.5336 2.6468 3.4553 2.9356 2.7754 2.4890 0.2214 2.7463 0.2393 3.2309 3.5144 2.9955 3.2466 0.2265 2.8683 2.6818 0.2556 2.6382 2.8469 2.6382 0.2342 3.5555 3.0724 3.3287 0.2157 2.7463 3.0332 3.5766 2.4258 0.0050 3.1558 2.5725 0.1964 2.8902 3.0461 2.7953 3.0592 2.1982 2.8259 2.6130 3.0724 2.8575 2.9356 2.6298 2.3860 3.1414 0.2157 2.7754 0.2400 2.8054 2.6214 2.7089 0.2278 2.5110 2.1668 3.2787 3.4363 0.2265 2.7181 2.6554 3.2154 2.4534 3.2951 2.6130 2.8054 3.3118 2.7089 3.0461 2.5805 2.6468 2.4124 4.1638 2.8156 2.4191 2.7181 2.6998 2.4258 2.9356 2.7656 3.4747 2.7274 2.9126 2.5646 0.2478 2.9591 2.1168 3.6423 2.6998 3.4363 2.9126 3.1852 0.2290 6.7197 2.7274 2.5110 3.1273 3.0205 0.2419 2.8363 3.2002 0.2119 3.1414 2.5185 2.8902 2.6048 2.3354 2.6468 2.8054 2.5725 2.6214 2.8156 2.4464 2.8363 2.9711 2.5567 2.8363 2.9711 2.9241 3.2625 3.0859 3.1852 0.2278 3.5555 1.8702 2.5336 2.6130 2.2757 3.0079 2.3925 2.3478 2.2586 2.8469 3.0332 2.6130 0.0000 0.2445
PLLG_Flaviviridae_sp._isolate_TIGMIC_1_E_886-1355_ESMFold 0.0284 2.4963 3.0332 2.3795 2.4191 2.8054 2.8363 0.2393 2.1772 4.0985 2.7559 0.1988 2.7463 2.9126 2.8575 3.0859 0.1902 2.6641 2.7559 2.5567 2.7089 2.7368 3.0079 2.9955 2.2700 2.2815 0.1553 2.6907 2.6907 2.9126 3.1133 2.4818 0.2432 2.5646 2.5036 3.1704 2.9014 2.5185 3.1273 0.1182 2.5336 0.0295 2.6214 2.9126 2.5805 2.6818 2.7368 2.5490 2.5805 2.6818 2.6298 0.0925 3.0332 0.0213 2.6554 3.6651 2.2874 2.4963 2.6554 3.3287 2.0067 2.8054 2.7463 2.7953 2.4818 2.5725 2.8469 2.6554 3.5766 2.5336 2.4057 2.5110 0.1262 3.2951 2.9356 2.7089 2.9014 3.6200 3.1133 2.8902 2.9014 2.4963 2.5413 3.2787 2.8363 3.0205 2.2757 2.6998 2.5336 2.7754 2.8469 2.2874 0.0182 2.7181 2.9126 2.5805 2.9241 2.6998 2.6048 2.2089 2.5885 0.1939 2.4534 2.5725 2.6907 3.1704 2.6048 2.9711 2.6298 2.8054 2.5966 2.7089 2.7656 3.1133 2.7754 2.6998 2.4675 0.1600 2.8469 0.0264 3.5144 3.7856 2.7754 2.8469 0.0274 2.6382 2.7463 0.0947 2.5110 2.4327 2.4534 0.0274 3.0724 2.4327 3.0724 0.1672 2.5336 2.6729 3.1852 2.3292 0.2432 2.4890 2.5567 0.1529 3.0724 2.5805 2.8792 3.2951 1.9521 2.7853 2.8363 3.5766 2.4675 2.6641 2.6729 2.4258 2.9955 0.1576 2.7853 0.0111 2.6382 2.4746 2.8469 0.0254 2.4534 2.3667 2.6048 2.9473 0.0187 3.0205 2.8054 2.4395 2.2874 3.6200 2.6214 2.7274 2.6298 2.6130 2.7274 2.6214 2.4258 2.7559 3.2625 2.8363 2.6298 2.7853 2.6641 2.4124 3.3118 2.7181 3.3993 2.5260 2.4258 2.5966 0.1829 3.0205 1.9896 3.8639 2.5413 2.8683 2.6998 2.4464 0.0233 3.3634 2.8363 2.5725 3.0724 3.2466 0.0213 2.7181 2.9591 0.1553 2.6729 2.6907 2.7853 2.9711 2.4604 2.6818 2.7559 2.8363 2.6818 3.1273 2.5110 2.8469 2.6048 2.4464 2.6214 2.9126 3.0859 2.4890 3.3118 3.7360 0.0213 3.0332 1.7544 2.4890 2.5646 2.3667 2.9356 2.7368 2.4675 2.1982 2.7656 2.6130 2.7368 0.2445 0.0000
