190
HPPV_Wufeng_Blarinella_griselda_pegivirus_1_E1_167-351_AlphaFold 0.0000 2.0154 1.6724 0.6229 1.9896 2.0111 1.7316 1.6082 1.5535 2.0834 2.0510 1.3239 2.4057 1.2237 1.4270 1.5589 1.9981 2.2815 1.5145 1.8591 1.7446 1.7577 1.8300 1.7744 1.7778 1.9400 2.0602 1.4270 2.1071 2.8156 1.5069 1.6026 1.7677 2.1168 0.7239 1.7094 1.3578 1.6724 1.6907 0.8509 1.8891 1.5696 0.9129 1.6634 1.6369 2.2252 2.0648 1.8193 1.4018 1.7349 2.0787 1.3492 1.5196 2.1566 1.4018 2.2417 0.7426 1.8158 1.9400 1.0585 0.0284 2.0198 0.6210 1.8053 1.6054 1.7031 1.4722 2.6298 2.0067 1.6754 1.8702 1.3136 1.7125 1.8193 1.6545 1.6634 2.1217 1.9854 1.5170 1.4869 1.5970 1.8591 0.7674 1.7316 2.2143 2.5336 0.5716 1.7846 2.4534 1.8264 1.9006 2.6382 1.6311 1.4697 2.0024 1.4968 2.1929 1.8158 1.6785 1.7157 2.1217 1.7125 2.1168 1.9521 2.2143 2.1266 2.1071 1.6876 2.1772 2.3354 1.6969 2.3292 1.5642 2.4818 2.1929 1.4132 1.7220 1.3599 2.6382 1.6876 0.6731 2.1023 2.4675 0.7067 1.3621 2.9711 1.3642 1.7349 0.8814 1.4132 2.7089 1.8554 1.2893 1.7446 1.9044 2.3231 2.1266 1.9122 1.7094 2.0420 1.7413 1.7284 1.5044 1.4064 1.7812 1.6754 1.2953 1.7349 2.7463 1.8517 1.9044 0.6897 1.3599 0.6258 2.0465 1.8444 2.0928 1.4577 2.6907 1.4247 1.6311 1.9320 1.8815 1.9939 1.6456 1.6815 2.5490 2.0067 1.3906 2.8259 1.8193 1.8517 1.6724 1.6082 2.0976 1.6311 1.5615 1.7189 1.7677 1.5094 2.4057 2.0420 0.6190 2.0556 0.6347 1.7611 1.6724 1.8336 1.3344 1.7349
PLPV_Pronghorn_antelope_pestivirus_E1_493-687_AlphaFold 2.0154 0.0000 2.9473 2.5725 2.6048 2.5646 2.4818 1.9811 1.8053 1.6167 0.8827 1.5018 2.2700 1.8408 3.8911 2.5110 2.7953 2.2035 2.3111 2.2143 2.8259 2.2362 2.1217 2.3925 2.4124 2.1168 2.6729 2.0286 2.4124 1.3054 2.2089 2.6641 2.5725 2.1929 2.2932 2.2143 1.1365 2.9591 2.0286 2.3603 2.4395 1.1032 3.0332 1.8300 2.9711 1.0870 2.6641 2.6382 2.1071 2.1071 2.6818 2.8902 1.6876 2.5036 2.4890 1.0158 2.2700 2.7953 2.0834 2.5646 2.1316 0.8983 2.1929 2.4890 2.0154 2.3416 2.1617 0.8373 2.0286 3.9761 2.2252 1.9201 2.1266 2.4191 2.4963 2.7089 1.1782 2.3416 2.4191 2.3860 2.4258 2.6468 2.2362 2.2932 2.2991 2.6554 2.0242 1.9044 1.0553 2.9832 2.0976 1.1197 2.1365 2.3603 1.1065 1.9360 1.3075 2.8575 2.1617 2.7274 2.6998 2.3231 0.8905 2.3111 2.4124 1.6253 2.6554 2.2417 1.0414 2.7274 2.3416 2.3416 1.7812 1.5044 2.2306 3.1558 2.1365 1.7611 0.7067 2.5185 2.1415 1.9161 2.3171 2.0465 2.1516 0.8361 2.1929 2.0602 1.9728 2.2143 0.9115 2.2700 2.7089 2.5185 2.3795 1.0187 1.1961 2.3231 1.9360 2.6729 2.5966 2.9356 2.1217 2.5567 2.2362 2.1929 2.0420 1.9981 1.7511 2.2643 1.4819 2.0881 1.9044 2.1120 2.7559 2.2417 1.1365 2.1071 0.7917 2.3231 2.3860 1.1835 2.7463 2.1516 2.0881 1.5805 2.2035 1.3365 1.9854 0.8275 2.4963 2.8683 2.2586 3.0332 2.6729 2.0740 1.9240 2.1668 2.3991 1.9280 0.9850 1.1451 2.3231 2.5336 2.3354 2.2874 2.7089 2.3111 2.3171 2.3231
HPHV_Hepacivirus_F_isolate_MgHV2_E1_146-333_AlphaFold 1.6724 2.9473 0.0000 1.6785 1.3407 1.7479 1.5430 2.4890 1.9562 2.3051 2.7853 2.1266 2.0286 1.7711 0.3726 1.8739 0.4472 1.9440 2.2089 0.6229 0.7067 1.2993 1.2520 1.4041 0.2290 2.0834 2.3795 1.7711 2.1668 2.5725 1.6724 0.3375 0.8931 1.7094 2.3111 2.1824 2.9014 0.6007 2.0740 1.8336 1.2893 2.5110 2.0331 2.4818 1.5456 2.3416 0.3681 0.7629 2.1720 1.0742 1.9686 1.9006 2.2932 1.3773 2.4464 2.4191 2.2473 0.0223 1.4434 2.7754 1.7778 2.6048 1.5860 1.3302 1.3884 1.9811 1.9440 2.9126 1.6139 0.8673 0.5318 2.0787 1.9280 0.0223 1.0128 1.6311 2.8259 2.1120 1.1114 2.3354 1.3951 1.6111 1.8777 1.8336 2.6468 2.1617 2.0067 1.3973 3.1558 1.8665 1.0010 2.8575 2.2362 2.4464 2.4327 1.7611 3.5347 0.0223 1.7157 0.8251 2.0331 2.1071 2.6729 2.1217 2.5336 1.7446 2.2035 2.0976 2.8469 1.8665 2.0740 2.2529 2.2306 2.1876 1.8408 0.3786 0.6190 1.6938 2.3416 0.4280 1.4993 2.5260 2.0465 2.0198 1.7544 2.7656 2.0976 1.7611 2.0834 1.2162 2.6998 1.4697 1.4918 0.6387 1.4993 3.0995 2.7181 0.2550 2.4963 1.1332 0.3652 0.8673 2.3416 1.9481 1.8554 2.1365 1.8702 1.3773 2.3478 1.1818 2.6907 1.9280 1.6196 1.7914 1.7577 1.7914 2.0740 2.1876 2.3795 2.0510 1.5482 2.3171 0.7595 0.4375 0.6477 2.3731 1.5723 2.8575 2.1982 2.8902 1.8591 0.7024 0.6367 0.9951 0.3644 2.0286 1.4155 0.6190 2.0740 2.1071 2.3231 2.4818 1.8229 2.0465 1.7711 0.8082 0.0161 1.8702 2.3354 1.8444
HPPV_Dremomys_pernyi_pegivirus_isolate_SC_C7-54.2_2022_E1_197-379_AlphaFold 0.6229 2.5725 1.6785 0.0000 1.5456 1.8336 1.7381 1.6026 1.4132 2.1566 2.0024 1.2933 1.9562 1.2181 1.1871 1.6311 2.0881 1.7744 1.2540 1.8123 1.9562 1.6054 1.8264 1.6876 2.2197 1.5778 1.9645 1.3996 1.7778 2.0198 1.2070 2.2362 1.9939 1.5750 0.6113 1.3386 1.3817 1.6876 1.6139 0.8673 2.0198 1.3664 0.8239 1.6282 1.7413 2.7559 2.4327 1.9320 1.5094 2.0881 2.1617 1.4086 1.4722 1.5696 1.7094 2.1824 0.7239 1.6026 1.6026 0.8648 0.6557 1.5325 0.5090 1.9645 1.5805 1.7189 1.4770 1.9240 1.9728 1.8891 1.9240 1.4529 1.7812 2.0375 1.7479 1.5887 2.1120 2.1120 1.7812 1.5750 1.7644 1.6196 0.4327 1.8777 1.9645 1.9811 0.5056 2.0024 2.3667 1.9896 2.0787 2.1316 1.6545 1.3116 2.3478 1.5377 1.9939 1.6026 1.5723 1.9240 1.8408 1.3157 2.2874 1.9686 2.0067 2.0286 2.2757 1.7880 2.5260 1.8777 1.6724 1.5970 1.4649 1.7544 2.0154 1.7031 1.8628 1.3323 2.6818 1.5377 0.5865 2.7368 1.9360 0.5425 1.5145 2.2700 1.5696 1.7711 0.7003 1.7413 2.6382 2.1465 1.7000 1.7744 1.8123 1.7349 3.1558 2.3731 1.5723 1.8628 1.6694 1.7544 1.4795 1.6815 1.6876 1.6515 1.3219 1.7644 2.0242 1.8158 2.2932 0.5212 1.3556 0.5569 1.7983 1.6907 2.5646 1.5145 2.6907 1.4918 1.5642 2.5646 1.8967 2.2991 1.9320 2.0556 2.2252 2.3991 1.3929 2.3925 1.5351 1.8665 1.6604 2.1415 2.0420 1.6311 1.5482 1.8891 1.5589 1.5325 2.5805 2.2586 0.5090 1.7062 0.5125 2.1720 1.5915 1.6907 1.4317 1.5887
HPHV_Cyprichromis_hepacivirus_E1_102-279_AlphaFold 1.9896 2.6048 1.3407 1.5456 0.0000 1.6574 1.3323 2.4327 1.6427 2.6818 2.2700 1.6082 1.7812 1.8591 1.4894 1.4968 1.7511 2.1266 1.5403 1.2893 1.4993 1.4918 1.4918 1.5943 1.5482 1.7744 1.7914 1.5535 2.3991 1.8123 1.5696 1.4132 1.5094 1.1434 1.6785 1.7544 1.7125 1.3535 1.4363 2.0242 1.4132 1.8591 1.8336 1.8480 1.0774 2.1071 1.5222 1.4894 1.8408 1.4577 2.1415 1.9603 2.0740 1.4819 1.8554 2.1415 1.4968 1.3621 1.5018 1.6907 1.9481 2.0024 1.7157 1.7983 1.6634 1.6196 1.5018 2.1516 1.5196 1.5430 1.5943 1.5970 1.6369 1.3177 1.5750 1.1782 2.2197 1.6724 1.4363 2.3991 1.1589 1.5273 1.6026 1.5778 1.6456 2.1720 1.5351 1.8891 2.1365 1.5094 1.4086 2.1217 1.7544 1.8665 2.0834 2.1023 2.2035 1.3621 1.5273 1.3344 1.5696 1.6111 2.5646 1.6724 2.1929 1.7914 1.8702 1.4722 2.1668 1.6969 1.7949 1.2973 2.0465 2.3795 1.9360 1.5805 1.3075 1.6907 2.5413 1.3773 1.7284 2.0834 2.2252 1.6815 1.5120 2.7853 1.7914 1.5120 2.1217 1.4410 2.6214 2.1120 1.3751 1.4434 1.6969 1.5723 2.2586 1.2617 1.8408 1.6427 1.3344 1.5970 1.6398 1.7189 1.6340 2.0111 1.7125 1.5273 2.6468 1.9083 1.7677 1.6785 1.6724 1.7778 1.5887 1.4770 2.5336 1.6724 2.4057 1.5642 1.5273 2.2643 1.5145 1.7577 1.2833 2.2815 1.3386 2.2089 1.5589 2.3171 0.9331 1.5018 1.2754 1.4649 1.5325 2.2586 1.7000 1.3198 1.7189 1.9603 2.2197 2.4604 1.6196 1.5377 1.7125 1.3599 1.3751 1.7880 1.7577 1.4529
HPHV_Hepatitis_C_virus_genotype_3_E1_193-383_AlphaFold 2.0111 2.5646 1.7479 1.8336 1.6574 0.0000 1.7031 2.0881 1.7914 2.5725 2.1266 1.8853 0.6367 2.1071 2.0286 1.8123 1.8628 0.4851 1.7711 1.5247 1.6224 1.6196 1.7880 1.7880 1.6427 1.8444 2.1617 1.8018 0.5425 3.3287 1.5535 1.7949 1.6938 1.7125 1.9981 1.7677 2.7368 1.7711 1.8665 1.9006 1.6456 3.0332 1.7949 2.0740 1.8300 2.7754 1.9686 1.7778 1.9728 1.6694 0.4751 1.6427 2.0881 2.0787 1.8554 2.4963 1.9854 1.7677 1.5044 1.9240 2.0510 3.2951 1.7349 1.7157 1.7252 1.4993 1.6456 2.5336 1.8229 2.0375 1.7349 1.9896 1.7125 1.7157 1.5196 1.5535 2.6298 2.0286 1.7413 2.0740 1.9645 1.6785 2.0648 1.2833 1.8193 0.6710 1.9044 1.9240 2.5260 1.2520 1.8517 2.2643 2.0420 2.1566 2.5885 2.2089 2.5725 1.7677 1.9939 1.6311 1.4018 2.0286 2.4534 1.8480 0.5865 0.6751 1.7812 1.3323 2.6468 0.4407 1.9360 1.5642 2.0242 2.5036 0.3846 2.0286 1.6196 1.7031 2.2757 1.6515 1.9400 2.2143 2.0602 1.9603 1.7252 2.4124 2.0420 1.6969 2.0694 1.7577 2.5110 1.8018 1.8967 1.6604 1.3708 1.9360 3.6883 1.9320 2.0024 1.6369 2.0420 2.0286 1.8929 2.3354 1.8372 1.8018 1.7983 1.6846 2.2932 1.6815 2.3540 1.8665 1.7949 2.0602 1.4178 1.9521 2.9014 2.0067 2.4395 2.2089 2.0420 2.5646 1.6196 1.7744 1.7316 2.8054 1.7949 2.6468 1.9939 2.4746 1.6664 1.5170 1.6785 1.3116 1.8158 2.0740 1.6604 1.7446 1.6545 1.8777 2.3540 2.9711 1.6846 1.7880 1.7644 1.5509 1.7479 1.7220 1.7349 1.7446
HPHV_Rodent_hepacvirus_RtAs-HCVIM2014_E1_220-403_AlphaFold 1.7316 2.4818 1.5430 1.7381 1.3323 1.7031 0.0000 2.0067 1.5778 1.9981 2.6130 1.6694 1.8815 1.9811 1.5832 1.1571 1.5998 1.7914 1.4746 1.4458 1.6224 1.6026 1.4844 1.1997 1.5943 1.8158 1.8591 1.5696 1.7094 2.1566 1.8158 1.5615 1.3884 1.9645 1.8264 1.4224 2.2143 1.5069 1.7094 1.4770 1.2368 2.1023 1.7511 2.1617 1.9044 2.3111 1.3795 1.8853 1.7062 1.4387 1.7031 1.4132 1.9320 1.6139 1.6456 2.3540 1.7677 1.5430 1.4649 1.8554 1.9481 2.7274 1.6340 1.5247 1.6969 1.7316 1.4770 1.8739 1.4625 1.7812 1.4458 1.7611 1.2311 1.5615 1.6311 1.7413 1.8929 1.8229 1.1131 1.9044 1.7094 1.0806 1.6515 1.5170 1.5805 2.3231 1.8053 1.6724 1.9360 1.4340 1.4041 2.3925 1.7316 1.8444 2.0694 1.4795 1.6846 1.5430 1.6253 1.3281 1.4505 1.5805 2.0976 1.7880 2.0242 1.9161 1.7544 1.4869 2.5646 1.6846 1.8444 1.3386 1.8018 1.6694 2.1617 1.4819 1.6969 1.5403 2.4534 1.3075 1.7983 1.9360 1.9006 1.6938 1.7413 2.3991 1.4993 1.2311 1.9360 1.8815 2.2757 1.5615 1.1399 1.6224 1.5377 1.8591 2.4675 1.8739 2.1617 1.4086 1.4722 2.1071 1.6574 1.7644 1.1298 1.4387 1.7349 1.2089 2.4534 1.4434 1.3973 1.6846 1.7381 1.8891 1.6082 1.6515 2.3231 1.7381 2.2932 1.5860 1.1943 2.4746 1.7000 2.0286 1.7711 1.9896 1.4577 1.9280 1.6282 2.3925 1.5723 1.6139 1.9122 1.5120 1.6515 2.0602 1.5273 1.8702 1.5170 1.5273 2.2757 2.6048 1.6139 1.5805 1.6369 1.4553 1.5170 1.6846 1.6054 1.2656
HPPV_Pegivirus_A_89859249_E1_65-251_AlphaFold 1.6082 1.9811 2.4890 1.6026 2.4327 2.0881 2.0067 0.0000 1.1332 2.4534 1.6634 0.3432 2.0331 1.9083 1.6515 2.0648 2.0067 2.2529 1.2813 2.1929 2.0834 2.1876 1.7000 2.2932 1.9896 1.9320 2.2362 0.8497 2.3540 3.1852 1.0870 2.0976 2.2197 1.5970 1.6456 1.4340 1.6846 2.3991 1.5943 1.4041 2.4890 1.5509 1.7189 0.0567 2.1266 2.0881 2.0067 2.1772 0.5846 1.9854 2.3354 1.5196 0.0388 2.0154 0.9023 2.6298 1.6604 2.2643 2.4124 1.6026 1.6456 1.8665 1.3884 1.9728 1.8929 2.1217 0.8373 2.2874 1.9400 2.4124 2.8683 0.3861 2.0154 2.4746 1.8554 1.9360 2.6554 2.2643 1.9981 0.0336 2.1516 2.2089 1.5778 1.7125 1.9521 1.9686 1.7220 2.1266 2.8683 2.0976 2.2932 7.1707 1.4649 0.6466 2.0602 0.7952 2.0465 2.2643 1.5069 2.0465 2.1876 1.6054 2.5490 2.6130 1.8444 2.3540 2.0834 2.5966 2.2417 2.0881 2.0694 1.8628 0.0223 2.2874 2.4464 1.6515 2.1720 0.9864 2.2035 2.1071 1.8088 2.2306 2.0154 1.6876 1.1164 2.3171 1.3323 2.1120 1.4869 2.0602 2.7089 2.4395 1.9481 2.1824 1.9280 2.2586 2.2473 2.0510 0.0274 1.9811 1.6515 2.2473 0.5642 2.1720 2.4746 1.1641 1.2463 2.2362 3.0332 2.2143 1.8702 1.4086 1.1571 1.7284 1.7479 2.3925 2.4604 1.5299 2.1316 1.3407 2.4464 2.2306 3.2787 2.2700 1.9981 1.9562 1.7846 2.1023 0.3861 2.3171 1.5509 2.1217 2.0420 2.4675 2.2991 0.0172 1.9044 2.0331 1.6311 0.8299 2.2362 3.0859 1.3817 1.8444 1.4132 2.4395 2.2757 1.9686 1.3239 2.0420
HPPV_Pegivirus_I_E1_21-212_AlphaFold 1.5535 1.8053 1.9562 1.4132 1.6427 1.7914 1.5778 1.1332 0.0000 1.8300 2.5885 0.9075 1.5805 1.6876 2.6382 2.1071 2.2089 1.8517 1.3751 1.7880 1.6486 1.7983 1.7846 1.9645 2.0420 1.7157 1.8967 0.9358 1.6785 2.3416 1.1098 1.8967 1.5970 1.6724 1.7413 1.2463 1.4247 2.0928 1.0758 1.5170 1.8264 2.1415 1.3157 1.1571 1.8229 2.1876 2.9241 1.7983 0.9386 1.7983 1.7000 1.4625 1.1502 1.7381 1.0663 2.3354 1.4968 2.0331 1.5562 1.2482 1.5805 2.4675 1.4410 1.7413 1.8018 1.6694 0.9358 2.0834 1.8336 1.9728 2.2362 0.9250 1.9044 1.9161 2.0834 1.5750 2.4818 1.6785 1.7711 1.1098 1.7446 1.8517 1.2913 1.5562 1.7711 1.8264 1.2953 1.8229 2.3991 1.6111 1.8628 2.1465 1.6427 0.9580 2.7953 0.9468 2.1071 2.0331 1.4770 1.9280 1.7846 1.4943 2.8902 1.9122 1.7511 1.8264 2.0556 1.8929 2.2874 1.7577 2.1071 2.2362 1.1997 2.0648 1.6634 2.6130 1.6969 1.0369 2.5413 2.1120 1.3862 2.1217 1.7949 1.3535 1.1434 2.4327 0.9749 2.1465 1.5170 1.6398 2.5036 1.8053 1.7446 1.6082 1.9044 2.0242 2.1876 2.3111 1.1925 1.5273 2.3991 1.9481 0.9580 1.9811 2.2306 1.1164 1.0999 2.0111 2.0024 1.7812 2.3667 1.3034 1.2387 1.5615 1.6969 1.8444 2.6048 1.0647 2.3292 1.0902 2.0694 2.8683 1.6340 1.9161 1.7000 2.0694 2.4534 1.9645 0.9277 2.2991 1.4434 1.7914 1.7577 2.1071 1.9896 1.1694 1.6369 1.9122 1.7316 1.0616 2.0740 2.7559 1.3906 1.6082 1.3840 1.6969 1.9981 1.5998 1.0742 1.8300
PLPV_Zikole_virus_E1_503-702_AlphaFold 2.0834 1.6167 2.3051 2.1566 2.6818 2.5725 1.9981 2.4534 1.8300 0.0000 1.7157 2.5260 2.2991 2.1023 2.2143 2.1566 2.0154 2.2473 1.9201 2.2143 2.5805 1.7284 2.1929 2.4963 2.2643 2.4124 2.5805 2.4057 2.3111 1.2482 2.0465 2.3231 2.3991 2.8469 2.4604 2.2252 1.5805 2.8156 1.8777 2.2991 2.7274 1.6486 2.6298 2.1217 2.7853 1.5247 2.0881 1.8480 2.4057 1.9769 2.3860 2.7368 2.6468 2.6818 2.1168 1.6082 2.1876 2.2643 2.3478 2.5036 2.1720 1.4505 2.4258 2.3795 2.1617 2.5646 2.1720 1.4481 2.3925 2.7463 2.7754 2.3171 2.0286 2.1217 2.6468 2.4327 1.6754 2.7754 2.1772 2.1168 2.3292 2.0154 2.6641 2.6907 2.2089 2.8792 2.1217 2.7181 1.9240 2.5110 2.7559 1.3729 2.1217 2.5966 1.4968 2.1720 1.9603 2.3731 2.1929 2.4327 2.6907 2.0286 1.1925 2.0024 2.5110 2.2035 2.2932 1.7611 1.3929 2.7181 2.3795 2.3731 2.2815 0.0793 2.7368 2.2143 2.1217 2.0602 1.4293 2.6048 2.3991 1.5509 2.5336 2.1824 2.0198 1.3708 2.8259 2.3991 2.2991 3.0724 1.2387 2.4464 1.7189 1.8777 2.4963 1.8053 1.5832 2.5260 2.3991 2.4890 1.9981 2.6998 2.7089 2.6048 2.2757 2.2757 2.1120 2.1465 2.2991 2.3171 1.3773 2.0740 2.2306 2.4057 2.4124 2.6554 1.6398 2.1168 1.3795 2.1876 2.2089 1.6311 2.6907 1.9521 2.0740 0.3816 2.0375 1.1747 2.3478 1.3407 1.6398 2.2473 2.4534 2.8054 2.5567 2.4963 1.7914 2.2586 2.2991 2.5966 1.2734 1.4968 2.2417 2.1415 2.3354 2.1617 2.4124 2.3860 3.2466 2.5646
PLPV_Tunisian_small_ruminant_pestivirus_strain_920192007AG_E1_495-689_AlphaFold 2.0510 0.8827 2.7853 2.0024 2.2700 2.1266 2.6130 1.6634 2.5885 1.7157 0.0000 2.5336 2.3540 1.8891 2.6729 1.8300 2.0928 2.3603 1.6604 2.7368 2.8156 2.4963 1.8815 1.4109 2.5567 3.0859 1.8815 2.0420 2.5185 0.8698 1.9521 2.8683 2.4746 2.8469 1.6815 1.7031 0.3022 2.0465 2.2197 2.3111 1.8372 0.2709 2.4258 1.4270 2.6554 1.2181 2.9832 2.6214 2.4327 2.3667 3.3287 1.6456 1.8815 2.9126 2.0375 1.1131 2.0286 2.7181 2.1668 1.9360 1.7846 0.9552 1.9645 2.0465 1.8053 2.0976 2.2874 0.1154 2.2815 2.9241 2.4464 2.2362 1.7094 2.7853 1.9280 1.9896 1.3840 2.0834 2.3416 2.0154 2.4124 1.9769 1.7812 1.8158 2.4818 2.1071 1.7413 2.4818 1.2444 2.1465 2.4604 1.1065 2.4464 2.4890 1.2559 1.9083 1.2715 2.7754 2.9591 3.6651 2.2529 2.0881 0.2722 2.5490 2.8575 2.4464 2.4890 1.8853 0.3861 2.4890 1.8891 2.6729 2.1120 1.5998 2.3795 2.6907 3.0859 2.1168 0.2960 2.5490 2.0465 1.9440 1.5887 2.2932 1.9320 0.1251 1.9686 1.7094 1.6398 2.4258 0.2001 2.2306 2.6214 3.2154 2.6130 0.2596 0.8866 2.6554 1.8018 2.3051 2.1120 2.7853 2.3292 2.5036 1.6664 2.1668 2.2089 1.5273 1.7880 2.4534 1.0886 2.0154 2.0111 2.0556 2.0694 2.0556 1.1641 1.9939 0.3630 2.4963 1.4819 1.1114 2.0787 3.3459 2.8054 1.5273 1.7511 1.1315 2.7853 0.2702 1.4434 2.7089 2.6641 2.4124 2.5646 1.4795 2.1929 2.3731 2.0111 1.5430 1.0679 1.2107 2.0154 3.2466 1.9201 3.0592 2.9126 2.9711 2.2932 1.5750
HPPV_Ticpantry_virus_3_E1_102-286_AlphaFold 1.3239 1.5018 2.1266 1.2933 1.6082 1.8853 1.6694 0.3432 0.9075 2.5260 2.5336 0.0000 1.9320 1.5377 1.7744 1.8264 2.0198 1.8372 1.2237 1.7252 1.8554 1.4993 1.9939 1.9201 2.0602 1.8372 2.3051 0.7847 1.7189 2.1365 1.1032 1.7252 1.8777 1.7252 1.3428 1.3075 1.3492 1.8336 1.2444 1.3729 1.8739 1.6026 1.3471 0.3741 1.8018 2.5036 2.6298 1.9400 0.5425 1.8853 1.9769 1.4155 0.3831 1.8018 0.8801 2.3231 1.3302 1.7711 1.5145 1.2162 1.3075 2.7181 1.2274 1.9161 1.6427 1.7062 0.7987 2.2197 2.1316 1.8193 2.2991 0.1342 1.7220 1.9083 1.6054 1.6111 2.2473 2.0111 1.4844 0.3831 1.8229 1.5805 1.4770 2.0111 2.0465 1.7914 1.2873 2.1023 2.1566 1.6545 1.5509 2.2643 1.9769 0.5828 2.1168 0.8484 2.3354 1.7711 1.5750 1.5273 1.7846 1.4697 2.8363 1.8702 1.9603 1.9811 2.0067 1.3323 2.4057 2.0510 1.8372 1.8929 0.3593 2.6214 2.1316 1.7744 1.5943 0.8879 2.0331 1.6969 1.5832 2.2252 1.8815 1.3664 0.9664 2.0834 1.1606 1.6082 1.5196 1.7349 2.5260 2.0154 1.8628 1.6876 1.7544 2.2417 2.4327 2.1168 0.3607 1.7611 1.6456 1.9006 0.5336 1.9854 2.1071 1.0461 0.9864 1.7094 2.0067 1.8628 1.5145 1.3302 1.2255 1.5669 1.6846 1.7949 2.3860 1.1835 2.7368 1.3407 1.8480 2.4191 1.7812 1.8053 1.5915 2.1772 1.8193 2.2815 0.1792 1.9728 1.5120 2.0198 1.5832 1.6196 2.1120 0.3505 1.7000 1.4387 1.4481 0.8312 2.4258 2.7089 1.2853 1.8967 1.2274 1.6196 1.7711 1.6876 1.1197 1.7846
HPHV_Mutant_Hepacivirus_clone_S83cc_E1_193-383_AlphaFold 2.4057 2.2700 2.0286 1.9562 1.7812 0.6367 1.8815 2.0331 1.5805 2.2991 2.3540 1.9320 0.0000 2.2417 2.1720 1.7479 1.9320 0.5125 1.6604 1.7744 1.7031 1.5377 1.7880 1.7479 1.7711 1.9161 1.9161 1.8336 0.6084 2.4057 2.0420 1.8444 2.0242 1.7711 2.1365 2.0556 2.0602 1.7062 1.8444 1.7914 1.7778 2.2306 2.3925 2.2991 1.9645 2.3991 2.2643 1.6082 1.7677 1.9201 0.6171 1.8193 1.8739 2.2529 1.8665 2.0198 1.9562 1.8891 1.4746 1.7349 2.3354 2.6130 2.2035 1.7846 1.9521 1.9006 2.0694 2.6729 1.9481 1.6938 2.0286 1.6369 1.7914 1.9811 1.8123 1.7577 2.2306 2.1316 2.3051 2.0602 1.9645 1.8444 1.8777 1.4086 1.6369 0.3317 1.9686 1.7349 2.2143 1.5403 2.3051 2.1217 2.1929 1.8665 2.5260 2.0976 1.9521 1.8891 1.8777 1.6456 1.5778 1.8739 2.6641 1.7094 0.2589 0.7663 1.8739 1.4746 2.2306 0.6074 1.7544 1.4041 2.3603 2.3171 0.5389 2.2035 1.5456 1.8480 2.5966 1.7125 1.9006 2.6382 1.9896 2.1266 1.7381 2.7089 2.3292 1.7316 1.7062 1.7125 2.7089 1.9603 1.8739 1.6846 1.6785 2.0067 3.0205 1.7949 2.0331 1.5044 2.1266 1.8777 1.6754 1.8336 2.0242 1.9161 1.5998 1.7446 2.6298 1.9044 1.8300 2.0375 2.1772 2.0331 1.6111 1.6311 2.3171 2.2529 2.5036 1.8739 1.8929 3.0461 1.6427 1.9044 1.5615 2.3354 1.8264 2.0648 1.8408 2.1720 1.7744 1.7284 1.7094 1.5482 1.8815 2.1415 1.6815 1.6253 1.7812 1.9440 2.5110 2.5966 2.1316 1.5723 2.2757 1.6456 1.9044 1.7413 2.1071 1.8665
HPPV_Human_hepegivirus_E1_111-315_AlphaFold 1.2237 1.8408 1.7711 1.2181 1.8591 2.1071 1.9811 1.9083 1.6876 2.1023 1.8891 1.5377 2.2417 0.0000 1.5247 1.9360 2.2529 2.2757 1.7252 1.7983 2.0928 1.8480 2.2473 1.7744 2.1982 1.8408 1.9201 1.9083 2.4818 2.3540 1.5832 1.8444 1.5669 1.7220 1.1747 1.7983 2.0198 1.8300 1.6196 1.1907 2.0740 1.8408 1.2255 1.7949 1.8123 1.8665 1.7062 2.2417 1.6724 2.1929 2.1316 1.7413 1.6026 2.3051 1.7644 2.5413 1.1943 2.1824 2.4057 1.7446 1.2833 2.2306 1.1694 1.9896 1.8264 1.5696 1.5170 2.1772 1.7511 2.2035 1.9006 1.5696 1.7031 1.6876 1.7711 1.9201 2.6298 2.4464 1.8665 1.5970 1.5915 1.9562 1.1606 1.5430 2.4963 2.4464 1.1606 2.1023 2.0067 1.6634 1.8336 2.2252 2.2529 1.9939 2.4057 1.6398 2.1929 2.1824 1.7157 2.2529 1.7983 2.0154 2.2529 1.9440 2.3991 2.0286 2.2529 1.7062 2.5110 2.1982 1.8591 2.2643 1.9083 1.9854 2.1168 1.4481 1.8444 1.4770 2.3540 1.6876 1.2444 2.3171 2.0648 0.9995 1.4770 2.5110 2.0067 1.7349 1.2675 1.6026 3.0461 1.9981 2.0067 2.0787 1.9320 2.0331 2.6907 2.0928 1.7949 1.8088 1.7220 2.2643 1.7846 1.9562 1.9201 1.6082 1.6139 1.9006 2.2586 2.1168 1.7983 1.0113 1.5509 1.0569 1.8480 1.7812 2.1168 1.7381 2.5185 1.6515 2.0024 2.0154 1.9481 2.3354 1.8336 1.8517 2.3292 2.0154 1.7511 2.3860 1.6754 2.1516 1.8702 1.8018 1.9854 1.8018 1.8739 1.8665 2.0154 1.5273 2.4464 2.5260 1.2406 1.9603 1.1889 1.7914 1.7711 1.8336 1.5589 1.7062
HPHV_Bamboo_rat_hepacivirus_OM451124_E1_171-356_AlphaFold 1.4270 3.8911 0.3726 1.1871 1.4894 2.0286 1.5832 1.6515 2.6382 2.2143 2.6729 1.7744 2.1720 1.5247 0.0000 1.7189 0.4586 2.3111 1.8053 0.6308 0.7174 1.1997 1.1197 1.8300 0.4076 1.7252 1.9645 1.8967 2.2252 2.1516 2.2143 0.3711 0.8905 1.8591 2.0740 2.1617 1.9981 0.7024 1.5998 1.2715 1.2199 2.5567 2.1217 1.7677 1.4993 2.0331 0.0793 0.7099 2.3540 1.0039 1.8739 0.9455 1.7812 1.5196 2.2473 1.8591 2.0067 0.3801 1.9044 2.3795 1.4086 2.9832 1.5145 1.3054 1.4968 1.8517 2.0154 3.4177 1.2715 0.7882 0.5090 2.0024 1.6815 0.3892 0.8724 1.6054 2.7181 1.8815 0.9608 1.8480 1.3599 1.4458 2.2197 1.7220 2.8259 1.8739 2.1720 1.2598 2.4890 1.7479 0.9023 2.4746 1.8891 1.4363 1.8088 1.6969 3.0332 0.3726 1.6515 0.8801 1.7812 1.8408 3.2309 1.9006 2.4746 1.9645 1.9562 1.8815 2.3540 1.8372 1.7914 1.6969 1.6969 2.0510 2.0510 0.0223 0.7595 1.7094 2.5725 0.4553 1.6876 2.5646 1.7220 1.1747 1.6340 3.2309 1.5860 1.8053 2.1516 1.2540 3.4363 1.2893 1.5535 0.7305 1.5325 2.7559 2.0881 0.4439 1.7711 1.1659 0.0111 0.8118 2.4464 2.0602 1.8554 2.0198 2.2529 1.6398 2.4604 1.1925 3.2625 1.1298 2.5336 1.6969 2.1668 2.4258 2.2529 1.2237 2.5725 1.7611 1.9686 2.2757 0.8698 0.4311 0.7239 2.1120 1.1925 3.4177 1.4795 2.2932 1.7349 0.7174 0.7415 1.0430 0.4987 1.6486 1.4673 0.7415 1.8517 1.9083 2.5646 2.6907 1.8053 2.3292 1.4968 0.7987 0.3726 1.6907 2.0976 1.8665
HPHV_Rodent_hepacivirus_TA498-ATZA2013_E1_213-395_AlphaFold 1.5589 2.5110 1.8739 1.6311 1.4968 1.8123 1.1571 2.0648 2.1071 2.1566 1.8300 1.8264 1.7479 1.9360 1.7189 0.0000 1.9201 1.7880 1.3578 1.3642 1.5509 1.5299 1.4270 0.1744 1.4844 1.7479 1.6907 1.5832 2.0881 2.0694 1.7880 1.5094 1.9044 1.6111 1.5723 1.2953 1.6026 1.5723 1.5273 1.5325 1.3492 1.8554 1.7479 2.0694 1.6515 1.5887 1.5943 1.6754 2.0510 1.6938 2.1415 1.5778 2.5646 1.5805 1.8018 2.5646 1.6139 1.9122 1.4918 1.9044 1.5943 1.9854 1.7778 1.5069 1.3729 1.3492 1.5145 1.7094 1.6694 1.5273 1.5589 1.7644 0.0685 1.8815 1.7000 1.2913 2.5185 2.2417 1.5696 2.2143 1.5456 0.5212 1.6398 1.6224 1.5120 2.0881 1.6754 1.9161 2.1266 1.6111 1.5299 2.4124 1.6938 2.0111 1.8088 1.7062 2.2306 1.9122 1.6574 1.5247 1.6282 1.4410 1.8300 1.5069 2.0286 1.8336 1.3407 1.6694 2.3111 2.0111 1.9603 1.1315 2.0375 2.0198 2.1023 1.7677 1.6724 2.1316 1.8853 1.4625 1.5915 1.9083 1.9521 1.4155 1.6938 1.8264 2.0286 0.0980 1.6694 1.5970 2.4746 1.6907 0.7067 1.5456 1.6785 1.9201 2.2035 1.6664 2.0976 1.6167 1.5943 1.4993 1.8815 1.7744 0.0750 1.8300 1.9981 0.0925 1.7544 1.7381 1.6785 1.4224 1.9201 1.6111 1.6907 1.4673 2.7089 1.5069 2.4464 1.7349 0.2075 1.9440 1.6846 1.4387 1.6196 2.0694 1.6427 1.9562 1.9896 2.1720 1.3862 1.5589 1.4625 1.7914 1.4577 2.0881 1.3906 1.7189 1.4968 1.7880 1.7744 2.2143 1.6604 1.8929 1.6427 1.6694 1.8739 1.6427 2.1120 0.0804
HPHV_Rodent_hepacivirus_RO22799BeAn812052_E1_168-355_AlphaFold 1.9981 2.7953 0.4472 2.0881 1.7511 1.8628 1.5998 2.0067 2.2089 2.0154 2.0928 2.0198 1.9320 2.2529 0.4586 1.9201 0.0000 1.9240 2.0067 0.6093 0.6588 1.2330 0.9995 1.9686 0.4391 2.0331 2.0067 2.3731 2.3111 2.2252 1.8929 0.3622 0.9735 1.9896 2.0111 2.1465 2.6554 0.6161 2.1316 1.7220 1.1571 1.9981 2.0331 2.2473 1.9320 2.2586 0.4185 0.6497 1.8815 1.0934 2.2089 2.7853 1.8264 1.7644 1.9854 2.7181 2.1120 0.4327 1.6111 2.2089 1.8480 2.5413 1.9044 1.3773 1.4577 1.7677 1.9939 3.2002 1.7316 0.7663 0.4919 1.7349 2.0375 0.4684 0.8130 1.6456 2.7368 2.2700 0.8931 1.8628 1.2893 1.4577 1.9083 2.0420 2.5966 1.9240 2.1668 1.3386 3.4944 1.8336 0.9062 3.5766 2.0602 1.9603 2.7181 2.0556 3.0995 0.4327 1.5094 0.7527 1.9006 2.0787 2.3111 1.9811 2.0510 1.8517 2.3731 1.9562 2.5646 1.9562 2.7754 1.7479 1.9006 1.8967 1.9481 0.4472 0.6537 1.9769 2.2757 0.4768 2.1566 2.7953 2.0928 2.1217 2.0286 3.0461 1.9006 1.8372 2.2143 1.2559 2.4395 1.2793 1.4064 0.6466 1.4577 2.2252 2.2143 0.4185 2.0024 1.2330 0.4045 0.7283 2.3416 2.3860 1.6907 2.1071 1.6969 1.9201 2.6298 1.3198 2.6214 2.1023 1.9811 1.8372 1.8193 1.9896 2.3731 1.9161 2.4963 1.8853 1.8229 3.3287 0.7824 0.2088 0.6074 2.0556 1.2913 3.1133 1.9122 2.4464 1.9603 0.6436 0.6190 1.0663 0.4818 1.8929 1.4869 0.6190 2.0111 1.5943 2.0375 2.1982 1.7446 2.4818 1.6969 0.8263 0.4391 2.0510 1.8591 1.8891
HPHV_Hepatitis_C_virus_genotype_7_E1_192-383_AlphaFold 2.2815 2.2035 1.9440 1.7744 2.1266 0.4851 1.7914 2.2529 1.8517 2.2473 2.3603 1.8372 0.5125 2.2757 2.3111 1.7880 1.9240 0.0000 1.8665 1.3973 1.8300 1.8591 1.7778 1.8517 1.8665 2.2252 1.9521 1.9521 0.5551 3.1852 1.7446 1.6664 1.7511 1.6846 1.9521 1.9603 2.3925 1.7479 1.9240 2.2417 1.5589 1.7189 2.0024 2.8054 1.8300 2.0976 2.4124 1.7284 1.7880 1.6724 0.5425 1.5970 3.2787 2.0375 2.2529 2.6998 1.9201 1.9440 1.4869 1.7949 2.5567 3.3993 1.9645 1.9201 1.6369 1.6664 1.9769 2.5885 1.9320 1.8929 1.9360 2.0420 1.7189 1.9562 1.8480 1.8372 3.0859 1.8702 1.6224 2.1566 1.9280 2.0198 1.8408 1.3407 1.7349 0.5679 1.8480 1.7544 2.1465 1.3929 1.9562 3.1704 1.9728 2.2643 2.3540 2.2143 2.3231 1.9440 1.5351 1.4746 1.4697 1.9280 2.9711 1.9521 0.4919 0.6866 1.9440 1.3323 2.8792 0.5515 2.1266 1.6427 2.6554 2.2362 0.4618 2.2089 1.8444 1.8088 2.7274 1.8554 1.9562 2.2643 1.9360 2.1465 2.1266 3.1704 1.9481 1.7094 1.7744 1.8628 2.9126 1.8088 1.9603 1.8193 1.6724 2.4258 2.9955 1.9201 2.9126 1.4894 1.9521 1.7446 1.8967 1.8929 1.8517 1.8554 1.8408 1.7381 2.2197 1.6545 2.3478 1.9562 1.9044 1.8628 1.7949 1.8372 2.6641 2.2417 2.4963 2.0740 2.0067 3.3118 1.7413 2.0881 2.0198 2.4057 1.7812 2.5966 2.1316 2.0111 1.9280 2.0648 1.7157 1.3884 1.9440 2.3231 1.6907 1.9280 1.9006 2.1668 2.4258 3.3459 1.8517 1.7544 1.9603 1.3929 1.9440 1.8480 1.9481 1.6694
HPPV_Passer_montanus_pegivirus_GXN_E1_27-210_AlphaFold 1.5145 2.3111 2.2089 1.2540 1.5403 1.7711 1.4746 1.2813 1.3751 1.9201 1.6604 1.2237 1.6604 1.7252 1.8053 1.3578 2.0067 1.8665 0.0000 1.6026 1.5915 1.5069 1.7062 1.4064 2.0286 1.9360 1.8967 1.2913 1.7284 1.6340 1.6785 1.7381 1.9201 1.5351 1.4601 0.9749 1.3773 1.8123 1.4387 1.4224 1.7349 1.8408 1.4201 1.3198 1.8739 1.9769 1.5120 1.6574 1.4064 1.9201 2.0198 0.7482 1.4018 2.0024 1.2255 2.1120 1.4993 2.2700 1.7577 1.5456 1.5915 1.7711 1.3929 1.7220 1.8480 1.7189 1.2853 2.0834 1.5750 1.6754 1.8628 1.3095 1.3996 1.9360 1.9981 1.5430 1.9280 1.9481 1.6369 1.2406 2.2089 1.5325 1.2813 1.6486 1.9440 1.9686 1.4770 1.8929 2.2417 1.5562 1.5970 1.8444 2.0510 1.4340 1.7157 1.2274 1.8591 2.3925 1.4340 1.7094 1.6785 0.3064 1.8372 2.1023 2.0881 2.1772 1.9320 1.6634 1.8336 1.7316 2.1876 1.8702 1.2933 1.9161 1.6340 1.8408 1.7880 1.3556 1.9686 1.7284 1.7544 2.2757 1.7031 1.6876 1.3996 2.3795 1.4293 1.4201 1.5222 1.7413 2.1929 1.8264 1.7000 1.4340 1.9562 1.4625 1.7284 2.1668 1.2675 1.8853 1.6969 1.7544 1.4410 1.5482 1.4722 1.4894 1.4086 1.5044 2.0465 1.7644 1.9440 1.5482 1.6724 1.6664 1.5018 1.4968 1.9645 1.5860 1.6664 1.4317 1.3996 2.1266 1.6664 2.2757 1.8777 1.9083 2.0881 1.8018 1.2617 1.9280 1.4529 1.6253 1.8193 1.9360 1.9440 1.2953 1.4894 1.8517 0.7583 1.2293 1.5482 2.2306 1.3795 1.4270 1.4018 1.5860 2.2362 2.0976 1.2873 1.4968
HPHV_Hepacivirus_P_E1_148-338_AlphaFold 1.8591 2.2143 0.6229 1.8123 1.2893 1.5247 1.4458 2.1929 1.7880 2.2143 2.7368 1.7252 1.7744 1.7983 0.6308 1.3642 0.6093 1.3973 1.6026 0.0000 0.6908 1.1747 1.0679 1.4109 0.6527 1.7479 2.3231 2.1415 1.7846 2.3991 1.6634 0.6887 0.7538 1.8123 1.8264 1.8777 2.3731 0.5661 1.7511 1.5247 0.9552 1.9280 1.8264 1.8408 1.7000 2.1266 0.6151 0.6456 2.5336 0.9115 1.6456 1.4894 1.8408 1.8665 2.3925 2.4124 1.7479 0.6751 1.5998 1.7644 1.8444 2.5110 1.6545 1.3323 1.2675 1.5589 1.8158 3.1852 1.5273 0.6407 0.6700 1.6545 1.7349 0.6466 0.7024 1.4178 2.6554 1.8123 0.9749 1.8517 1.5589 1.6026 1.5778 1.5273 2.0834 2.0465 1.7846 1.1098 2.5336 1.5170 0.7415 2.3171 1.9280 2.0242 2.1316 2.0510 2.2473 0.6751 1.3884 0.6845 1.5377 1.8665 2.5805 2.2473 1.9686 1.7949 1.9521 1.4697 2.9356 1.6664 2.1772 1.6785 1.9006 2.1516 1.4293 0.6337 0.6855 1.8300 3.0205 0.5940 1.7778 2.3795 1.8554 1.8372 1.6486 2.6998 1.7316 1.5723 2.3171 1.0967 3.3459 1.1451 1.5696 0.5425 1.3795 2.5413 2.6998 0.6210 1.9044 1.2237 0.6347 0.7471 1.9562 1.7479 1.6111 2.0420 1.7511 1.6694 2.5110 1.0934 2.1023 1.6815 1.8929 1.8517 1.3929 1.5723 2.5646 1.9896 2.2306 1.7778 1.6111 2.2089 0.6258 0.6939 0.7077 2.4124 1.1417 2.5110 1.6486 2.4191 1.7611 0.6855 0.6897 0.9115 0.6507 2.1316 1.3075 0.7024 1.4844 1.8300 2.5036 1.9083 1.7157 2.1316 1.7062 0.6588 0.6113 1.8300 1.6340 1.4247
HPHV_Norway_rat_hepacivirus_1_E1_246-449_AlphaFold 1.7446 2.8259 0.7067 1.9562 1.4993 1.6224 1.6224 2.0834 1.6486 2.5805 2.8156 1.8554 1.7031 2.0928 0.7174 1.5509 0.6588 1.8300 1.5915 0.6908 0.0000 1.3578 0.9664 1.6026 0.6466 1.8967 2.3667 2.4124 1.8229 2.6298 1.7000 0.6477 0.8775 1.9896 2.0834 2.1668 2.4258 0.6446 2.0602 1.8554 0.9835 2.3478 1.8088 2.1365 2.1617 2.3231 0.7131 0.3418 2.1668 1.1131 1.7446 2.0465 2.2417 1.7744 2.0694 2.7181 1.9240 0.6960 1.9240 2.5805 1.7949 2.9241 1.6876 1.2754 1.1016 1.6253 2.1120 2.5110 1.7031 0.2919 0.6628 1.8300 1.7125 0.7174 0.6762 1.5535 2.9241 2.3795 1.0399 2.1876 1.6224 1.7611 1.9603 1.8123 2.2991 1.7544 2.1720 1.2162 2.3667 1.7644 0.7777 2.3478 2.0694 2.0198 2.1982 1.7349 2.9832 0.6960 2.0067 0.8879 1.7983 1.7284 1.8891 2.8156 1.6938 1.9896 2.3860 1.7914 2.4124 1.8088 2.1876 2.0024 2.4746 1.8777 1.5642 0.7174 0.5371 1.9686 1.6785 0.6567 1.8517 2.5646 2.4963 2.0834 2.1120 1.9481 1.8053 1.6785 2.3171 0.9764 2.4464 1.2070 1.6545 0.2898 1.3075 3.0859 3.1558 0.7371 2.3795 1.2199 0.6507 0.2994 2.1516 2.0154 1.6111 2.0834 1.7094 1.6026 2.4057 1.1164 3.2309 1.9122 1.7846 1.8336 2.0834 1.8554 2.7853 1.7544 2.0111 1.7094 1.5094 2.8469 0.6103 0.6507 0.5624 2.1929 1.5044 3.1414 1.9481 2.0024 2.0556 0.0254 0.5425 1.1365 0.6628 2.1516 1.0806 0.5230 2.2362 1.7577 2.5036 2.3111 1.8053 2.4464 1.7511 0.9908 0.6960 1.9854 2.0331 1.6311
HPHV_Bat_hepacivirus_TA166TZA2013_E1_138-324_AlphaFold 1.7577 2.2362 1.2993 1.6054 1.4918 1.6196 1.6026 2.1876 1.7983 1.7284 2.4963 1.4993 1.5377 1.8480 1.1997 1.5299 1.2330 1.8591 1.5069 1.1747 1.3578 0.0000 1.3014 1.6545 1.1298 1.7511 1.8229 1.9854 1.7446 2.0928 1.8517 1.2774 1.2387 1.6311 1.9562 1.7479 3.1852 1.0967 1.9240 1.7189 1.1247 2.4057 1.4529 0.8622 1.6664 2.1071 1.2034 1.3471 1.8053 1.3751 2.0331 1.6785 2.2815 1.9440 1.8815 2.3478 1.8815 1.2793 1.5915 2.1023 1.7544 3.1273 1.8591 1.5222 1.3302 1.5915 1.6604 2.7089 1.5351 1.3302 1.3906 1.7644 1.6139 1.3075 1.3951 1.5069 2.6818 1.8372 1.3906 2.2035 1.5696 1.4844 1.6574 1.7031 1.7189 1.9280 1.7677 1.2162 2.4963 1.8853 1.1818 2.3478 1.4943 2.0331 2.1617 1.8018 2.1566 1.2598 1.5535 1.2089 1.8158 1.6167 2.3111 1.4577 1.7413 1.8554 2.0111 1.7611 2.0602 1.7544 1.6604 1.7611 1.2463 1.6938 1.8665 1.2181 1.2715 1.7349 2.0602 1.0838 1.9854 2.7089 1.9603 1.7349 1.9201 2.5646 1.9562 1.5299 1.8372 1.3239 2.5567 1.3095 1.6545 1.2953 1.4387 1.9122 2.4191 1.2330 1.2636 1.3407 1.2107 1.3239 1.9645 1.9981 1.6398 1.6907 1.7744 1.4869 2.8575 1.3578 2.5567 1.7000 1.8229 2.0740 1.6694 1.5642 2.5185 1.8967 2.4057 1.6815 1.4270 2.0740 1.1502 1.3449 1.3407 2.3171 1.4918 2.3795 1.6196 2.4746 1.6026 1.4673 1.1871 1.2406 1.3556 2.0198 1.3260 1.2070 1.5456 1.8777 2.2757 2.1516 1.8853 1.7284 1.8554 1.2293 1.2793 1.5482 1.9320 1.6664
HPHV_Wufeng_Typhlomys_cinereus_hepacivirus_1_E1_173-367_AlphaFold 1.8300 2.1217 1.2520 1.8264 1.4918 1.7880 1.4844 1.7000 1.7846 2.1929 1.8815 1.9939 1.7880 2.2473 1.1197 1.4270 0.9995 1.7778 1.7062 1.0679 0.9664 1.3014 0.0000 1.5145 1.1181 1.4770 1.8123 2.1120 1.8053 2.3795 1.6938 1.0758 1.1571 1.6846 1.8480 1.8967 1.9240 1.0663 2.1316 1.9240 1.1298 2.8792 1.7000 1.8193 1.6876 2.5413 1.0384 0.9749 2.1516 0.7538 1.6907 1.7711 2.0834 1.8193 1.8372 2.6468 1.7544 1.2330 1.3929 2.1982 2.0465 2.3667 1.5723 1.3686 1.1032 1.5998 1.7413 2.7368 1.5535 0.9692 1.0710 1.7880 1.4894 1.2425 1.0663 1.5325 2.7953 2.1120 1.0886 1.7744 1.5299 1.5299 1.7381 1.6167 1.8408 1.8300 1.8967 1.3177 2.4963 1.6545 0.9580 2.6998 1.9083 2.2417 2.4675 1.8264 1.5750 1.2330 1.7413 1.1231 1.5615 2.2700 2.5490 1.8480 1.8815 1.7094 2.8792 1.6785 2.7656 1.6054 2.1465 1.4795 1.8665 1.9521 1.5723 1.1365 1.0399 1.9083 2.3416 0.9951 1.8158 2.3991 1.6167 1.8229 1.8229 2.5413 1.6224 1.5196 1.8591 1.1399 2.5036 1.3386 1.6724 0.9331 1.4387 1.9481 2.5413 1.0143 1.6969 1.2016 0.9807 0.9893 1.8929 1.7711 1.4649 1.9769 1.6694 1.4697 2.2417 1.2973 3.2625 1.7544 1.8665 2.0067 1.5120 1.7381 2.7953 2.0024 2.8259 1.7252 1.4918 2.1465 1.0600 1.0263 1.0217 2.4675 1.4481 2.7953 2.0375 2.5966 1.6224 0.9552 1.0217 0.7174 1.0838 1.9811 1.1729 1.0083 2.0420 1.8591 2.6818 1.9854 1.7349 1.7744 1.6311 1.1589 1.2520 1.6785 1.7744 1.5403
HPHV_Rodent_hepacivirus_CRT125-BCOD2010_E1_183-365_AlphaFold 1.7744 2.3925 1.4041 1.6876 1.5943 1.7880 1.1997 2.2932 1.9645 2.4963 1.4109 1.9201 1.7479 1.7744 1.8300 0.1744 1.9686 1.8517 1.4064 1.4109 1.6026 1.6545 1.5145 0.0000 1.6815 1.8591 1.7611 1.8088 2.0242 2.1071 1.7157 1.6427 1.7316 1.4201 1.5642 1.4041 1.7611 1.5832 1.9122 1.6486 1.3642 2.0465 1.5170 2.3925 1.7983 1.8408 1.6515 1.7677 2.2473 1.7711 2.5413 1.4041 2.3478 1.3708 1.8929 2.2586 1.5832 1.4155 1.6398 1.9201 1.6876 2.3860 1.7880 1.5887 1.4293 1.3239 1.7949 1.8591 1.4201 1.6604 1.7479 1.8665 0.1424 1.3621 1.7381 1.3556 2.3292 2.0242 1.5222 2.1720 1.4844 0.5021 1.5860 1.7189 1.5750 2.2143 1.9201 1.8018 2.2991 1.6604 1.5509 3.1414 1.5222 2.0331 2.0740 2.0286 2.6554 1.4155 1.9161 1.5430 1.7744 1.4224 2.0834 1.7125 2.0834 1.7744 1.2734 1.5222 2.2035 1.9044 1.9280 1.1659 1.9854 2.4124 1.9728 1.8229 1.7189 2.1316 2.2529 1.4894 1.6664 1.9854 2.0602 1.4132 1.6311 1.6664 2.0556 0.1877 1.6664 1.6815 2.6298 1.7778 0.6347 1.6846 1.7446 1.9400 2.1023 1.7094 2.0694 1.5351 1.7094 1.6604 2.1617 1.7349 0.1744 1.3599 2.0331 0.1612 2.8792 2.0286 2.7559 1.4481 1.8300 1.6311 1.4869 1.4410 2.3478 1.3492 1.7446 2.0602 0.1424 1.8517 1.6311 1.5351 1.7125 2.3231 1.7316 2.0881 2.0198 2.2932 1.3471 1.7284 1.9603 1.6427 1.5970 2.1668 1.4673 1.9440 1.4529 1.9161 1.7880 2.2306 1.8229 1.9854 1.8408 1.6574 1.4041 1.6545 2.0556 0.1612
HPHV_Rodent_hepacvirus_RtMc-HCVTibet2014_E1_145-332_AlphaFold 1.7778 2.4124 0.2290 2.2197 1.5482 1.6427 1.5943 1.9896 2.0420 2.2643 2.5567 2.0602 1.7711 2.1982 0.4076 1.4844 0.4391 1.8665 2.0286 0.6527 0.6466 1.1298 1.1181 1.6815 0.0000 2.3051 2.2473 1.9280 1.7611 2.2815 1.6054 0.3786 0.8957 2.1365 1.9686 1.9481 3.5981 0.5940 2.1465 1.9562 1.1164 2.5567 1.7880 2.1566 2.0375 2.1023 0.4264 0.5903 2.2815 1.0870 1.6456 2.1929 1.8264 1.6604 2.4191 2.4746 1.9981 0.2367 1.4968 2.3354 2.0331 2.5185 1.7381 1.1519 1.3302 1.7744 2.3925 3.1558 1.5723 0.6229 0.4569 1.7812 1.6664 0.2367 0.8398 1.3535 2.6998 1.9481 0.9062 1.9280 1.3795 1.3471 2.0976 1.8815 2.2643 2.0556 2.1120 1.2016 3.1273 1.9769 0.9155 3.4553 2.0602 2.2874 2.6382 1.8300 2.9473 0.2303 1.5723 0.8324 2.1415 2.3231 3.2154 2.6468 1.9939 2.0787 2.1415 1.9896 3.5347 1.8815 2.0375 2.2362 1.9440 2.0420 2.3731 0.4296 0.6507 1.7949 3.3287 0.4107 1.7778 2.6298 2.0787 2.0740 1.9562 2.8683 2.0331 1.6938 2.2417 1.1800 2.9473 1.2293 1.3198 0.5874 1.4178 2.6729 2.3795 0.3091 1.9728 1.1889 0.3892 0.6113 2.1465 2.4604 1.6969 2.0242 1.7031 1.7062 2.4963 1.1164 3.4747 2.0976 1.9728 1.9896 1.8967 2.3111 2.9711 2.0024 2.7656 1.7284 1.5860 2.3925 0.7371 0.3756 0.6588 2.2197 1.3136 3.1133 1.8591 3.3634 2.0067 0.6407 0.6700 1.0679 0.3861 1.9083 1.2913 0.6507 1.9769 2.1465 2.3051 2.4534 1.8264 2.1929 1.7846 0.7812 0.2355 1.7316 2.1120 1.6634
HPHV_Gecko_hepacivirus_E1_311-502_AlphaFold 1.9400 2.1168 2.0834 1.5778 1.7744 1.8444 1.8158 1.9320 1.7157 2.4124 3.0859 1.8372 1.9161 1.8408 1.7252 1.7479 2.0331 2.2252 1.9360 1.7479 1.8967 1.7511 1.4770 1.8591 2.3051 0.0000 1.9400 1.9481 1.8372 2.5260 1.6082 2.1668 1.8123 1.7413 1.9854 1.8777 2.4675 1.9854 1.8517 2.4191 1.8665 2.2643 1.5696 2.0510 1.9083 2.4890 2.4746 1.7914 2.0928 1.8264 1.9360 2.3111 2.1465 1.7611 1.9161 2.3540 1.8777 1.8665 1.6427 1.7479 1.8777 2.3991 2.0648 1.9044 1.8088 1.8444 2.0067 2.8575 1.8088 1.8408 1.8053 1.8088 1.7284 2.2362 2.2874 1.6938 2.2700 0.4327 1.8665 2.1415 2.0465 1.6167 1.6427 1.8053 1.7611 2.8792 1.8853 2.0881 2.4890 1.9854 1.8517 2.6818 1.9006 2.1120 2.1365 1.8336 3.2625 1.8665 2.2586 1.7983 1.7611 1.9400 2.8363 1.6054 2.3603 1.8777 2.0694 2.2417 2.8054 2.1929 0.9893 1.7252 2.1316 2.2643 2.4057 1.6427 1.9896 1.8408 2.5110 1.8554 1.7031 2.7463 0.5452 1.9440 1.8372 3.2787 2.0787 1.6876 2.0375 1.7577 2.5490 2.1365 1.8967 1.7880 1.7062 5.0250 2.5490 2.5036 2.1772 1.6604 2.0510 1.8702 1.8480 1.9686 1.7413 2.0198 1.6815 1.8193 2.4675 2.2089 2.8156 1.8018 2.0510 1.8444 2.1772 1.9240 2.5110 1.7511 2.3925 1.6907 1.7949 2.0242 2.2643 1.9645 1.8372 1.9939 2.3667 2.7853 1.9521 2.4818 1.9939 1.8554 1.9481 1.8517 2.1668 2.0420 1.7252 1.8702 2.0067 1.7744 2.4604 2.6554 1.9521 1.6938 1.9481 1.9122 1.5832 1.7880 2.0154 1.7744
HPUN_Wenling_moray_eel_hepacivirus_E1_286-472_AlphaFold 2.0602 2.6729 2.3795 1.9645 1.7914 2.1617 1.8591 2.2362 1.8967 2.5805 1.8815 2.3051 1.9161 1.9201 1.9645 1.6907 2.0067 1.9521 1.8967 2.3231 2.3667 1.8229 1.8123 1.7611 2.2473 1.9400 0.0000 2.3925 1.9769 2.1316 2.1720 2.0286 2.3354 1.8336 2.3231 2.1720 1.5018 2.0286 2.0556 2.1071 1.8088 1.7000 2.5567 2.4191 2.1617 2.5567 2.0198 2.3478 2.8363 2.0928 2.0024 2.0286 2.2529 2.2643 3.1133 2.4124 1.8777 2.2417 2.1617 1.8591 2.0976 2.1415 2.2991 2.0198 1.8229 1.8444 2.0510 2.2757 2.0694 2.3111 1.7644 2.2874 1.7349 2.2991 2.1566 1.6282 2.1566 2.1415 1.9603 2.5966 1.9769 1.8193 2.2417 1.9521 1.7284 2.1617 2.2197 2.7089 1.8628 1.8264 1.7413 2.8902 2.0154 2.2143 1.9122 2.5805 1.3407 2.2417 2.1365 1.6026 2.0198 2.0420 2.5966 1.8929 2.1071 2.5110 2.1316 2.0375 1.9854 1.9811 2.1516 1.9854 2.3111 2.2529 2.0556 2.0834 1.8891 2.1316 2.3540 2.1824 1.8777 2.3171 2.1316 1.9645 1.9854 2.3991 2.3231 1.7677 2.1876 1.9201 2.3111 2.2757 1.4577 1.9769 1.8739 1.9083 1.8554 2.1168 2.5036 1.5562 2.0928 2.1720 2.0375 2.3111 1.7381 2.0154 2.3540 1.7031 3.4553 2.5185 2.6382 2.5185 1.8891 2.2035 1.8891 2.2529 1.8193 2.1876 2.2815 2.0375 1.7157 1.7094 2.0740 2.0510 1.8444 2.1168 1.9440 2.1566 2.4057 2.2586 1.8517 2.2700 2.0834 2.0648 2.2473 3.0461 1.7611 2.1566 2.0154 2.1720 2.2815 2.4258 2.3731 1.4869 2.4464 1.7744 2.1668 1.8372 2.0787 1.7744
HPPV_Bat_pegivirus_PDB-24_E1_30-214_AlphaFold 1.4270 2.0286 1.7711 1.3996 1.5535 1.8018 1.5696 0.8497 0.9358 2.4057 2.0420 0.7847 1.8336 1.9083 1.8967 1.5832 2.3731 1.9521 1.2913 2.1415 2.4124 1.9854 2.1120 1.8088 1.9280 1.9481 2.3925 0.0000 2.0111 1.9400 1.2953 2.4124 1.7381 2.1120 1.7711 1.3929 1.8891 1.9240 1.2734 1.6694 1.9280 1.8665 1.5642 0.8931 2.1720 2.5805 2.3860 2.3171 0.8373 2.0154 1.9811 1.3884 0.8879 1.8444 0.3303 2.1266 1.5377 1.7711 1.5273 1.5247 1.2893 1.9939 1.4819 2.0787 2.3416 1.6664 0.3637 2.3795 2.1876 2.8054 1.9122 0.8226 1.7577 1.7711 2.5490 1.5998 1.8739 2.1617 1.7880 0.8497 2.4604 1.5778 1.5377 1.7252 1.9481 2.2362 1.3973 2.0694 2.0242 1.7031 2.0465 1.7778 1.9161 0.8435 1.8739 0.5578 1.9161 1.7711 1.4270 2.0602 1.8777 1.3239 2.2529 2.2197 2.0286 2.1071 1.6604 1.8967 2.0694 2.0556 1.8891 1.8628 0.8648 2.2197 2.1217 1.9854 2.4124 0.9908 2.4258 1.8264 1.5887 1.8815 1.9201 1.6456 0.8547 2.6382 1.1997 1.5535 1.5805 1.6754 2.4191 2.3731 2.1617 2.2586 2.2700 1.7157 1.9686 2.2089 0.8572 2.3416 2.1120 2.5725 0.8775 1.8739 1.6545 0.7893 1.0806 1.6486 2.2586 2.4746 1.7949 1.4434 1.3407 1.5778 1.6574 1.7031 1.9854 1.2034 2.4395 1.4293 1.6664 2.0694 2.2089 2.0976 2.1720 2.0787 2.0024 1.9981 0.8226 2.1266 1.6604 2.3731 2.2700 2.0694 2.5885 0.8648 2.2473 2.2991 1.2973 0.4668 2.1982 2.1120 1.6026 1.8158 1.5325 2.2932 1.7711 1.6907 1.0600 1.5669
HPHV_Hepatitis_C_virus_genotype_5_E1_193-383_AlphaFold 2.1071 2.4124 2.1668 1.7778 2.3991 0.5425 1.7094 2.3540 1.6785 2.3111 2.5185 1.7189 0.6084 2.4818 2.2252 2.0881 2.3111 0.5551 1.7284 1.7846 1.8229 1.7446 1.8053 2.0242 1.7611 1.8372 1.9769 2.0111 0.0000 2.9832 1.9280 1.9440 2.0928 1.7846 2.1566 1.8480 2.9241 1.7949 2.0375 1.6456 1.5778 2.2643 2.1071 2.7368 1.7252 3.0332 2.4746 1.7511 2.1516 1.5860 0.1182 1.8158 2.8259 2.0465 1.8777 2.6468 2.0198 2.1465 1.4577 2.0694 2.1876 2.9832 1.7413 1.7914 1.9083 1.7611 1.7846 2.6468 2.1824 1.9981 2.2700 1.9728 2.1566 2.2143 1.9939 1.4481 2.4191 2.4327 1.6785 2.6998 1.8193 1.8777 1.9400 1.4155 1.6754 0.7067 1.7062 2.5036 2.6048 1.2754 2.1617 2.3795 1.9320 2.0976 2.2586 1.9201 3.1273 2.1772 1.8591 1.6398 1.3664 1.8665 2.7953 1.9481 0.6659 0.6347 2.0556 1.3773 2.6214 0.4107 1.8853 1.5750 2.5966 2.6382 0.4138 2.2700 1.8777 1.8158 2.4604 2.0740 2.1415 2.4464 2.0198 1.7544 2.2252 2.8469 2.1516 1.9728 2.1668 1.9686 2.7754 2.2417 1.9201 1.6574 1.4968 1.8444 2.7089 2.1772 2.7953 1.5589 2.2362 2.0787 2.2252 1.7094 2.1120 2.1617 1.9360 2.1772 2.5413 1.7511 2.4604 1.6694 1.8891 2.0881 1.5915 1.9161 2.6998 2.3292 2.5646 2.1168 2.0111 2.6554 1.9645 1.9811 1.9440 2.3231 1.8018 3.0205 2.1415 2.3292 2.0024 1.7812 1.9440 1.4410 2.3111 2.6818 1.9161 1.8158 1.8018 1.9360 2.7089 2.9591 1.6694 1.9161 1.6694 1.5669 1.9939 1.8444 1.9201 2.1120
PLPV_Wenzhou_Pipistrellus_abramus_pestivirus_1_isolate_YJB_Pabr_E1_502-698_AlphaFold 2.8156 1.3054 2.5725 2.0198 1.8123 3.3287 2.1566 3.1852 2.3416 1.2482 0.8698 2.1365 2.4057 2.3540 2.1516 2.0694 2.2252 3.1852 1.6340 2.3991 2.6298 2.0928 2.3795 2.1071 2.2815 2.5260 2.1316 1.9400 2.9832 0.0000 2.0286 1.9360 1.8408 2.4675 2.0556 2.3231 1.1098 2.0331 2.6729 2.1168 2.3795 1.1131 2.6907 2.1316 2.0556 1.2793 2.1876 1.9728 2.5336 2.3171 2.6998 2.0881 2.8792 2.4963 2.3171 1.1537 1.9161 2.4327 1.9854 2.0286 1.7413 0.5151 1.9240 1.7677 1.4649 1.8702 2.1720 0.9552 1.7812 2.2035 2.2473 1.9811 2.7368 2.3795 2.1415 2.1982 1.1800 2.6641 1.9240 2.5110 1.8193 2.1120 2.2035 2.9241 3.4363 2.8792 2.4258 2.2473 1.2218 2.1668 2.1415 1.1853 2.1876 2.4604 1.1417 2.1316 1.0069 2.4327 1.7812 2.0242 2.4534 2.0648 1.1365 2.4675 2.5413 2.3416 2.2197 2.3540 1.4086 2.6298 2.0375 3.3459 2.1982 1.3492 2.7368 2.1876 2.8469 1.9686 1.2559 1.8300 2.6298 2.1023 2.4890 1.9044 2.1023 1.1298 2.1720 2.5490 1.9360 2.6998 1.1835 2.9473 2.9126 2.4395 1.7511 1.2715 0.3175 1.9562 2.1120 2.5036 2.4890 2.1929 2.5966 2.9711 2.1266 2.6048 2.8575 2.2417 2.2932 3.7360 1.1537 2.2932 2.6382 2.1929 2.5336 2.3292 1.2833 2.1929 1.3095 1.8967 1.8815 1.0217 1.9603 2.1415 2.0602 1.5915 1.7778 1.1164 3.3118 1.3686 2.0556 2.9241 2.4534 2.7274 2.1316 2.3991 1.6427 2.6048 2.5646 2.1023 1.1349 0.5371 1.7284 2.3540 1.8517 1.8702 2.4327 2.2529 2.4327 2.6554
HPPV_Equine_Pegivirus_E1_55-232_AlphaFold 1.5069 2.2089 1.6724 1.2070 1.5696 1.5535 1.8158 1.0870 1.1098 2.0465 1.9521 1.1032 2.0420 1.5832 2.2143 1.7880 1.8929 1.7446 1.6785 1.6634 1.7000 1.8517 1.6938 1.7157 1.6054 1.6082 2.1720 1.2953 1.9280 2.0286 0.0000 1.6398 1.6938 1.6054 1.2715 1.3795 1.7778 1.8554 1.2482 1.3664 1.6515 1.7812 1.1676 1.2444 1.8372 2.0787 2.1720 1.5247 1.1747 1.6604 1.8591 1.5750 1.1694 2.0198 1.3239 2.8575 1.3136 2.0154 1.8480 1.6969 1.5915 2.8469 1.3556 1.8815 1.5915 1.8591 1.3492 2.0976 1.7316 1.5069 1.8702 1.2070 1.6754 1.9562 1.6054 1.4722 2.4464 2.0242 1.8444 1.2993 1.6545 1.8815 1.3642 1.7220 1.7880 2.1168 1.3578 1.8480 2.7656 1.7577 1.7094 2.3540 1.9320 1.2754 2.0465 1.3729 2.1516 2.0694 1.6515 1.5669 1.8480 1.7316 2.4327 1.8088 2.0198 1.7316 1.9481 1.6224 2.4890 1.7000 1.7125 2.2643 1.3177 2.0510 1.8665 2.1982 1.6026 1.2853 2.2991 1.6196 1.2293 2.0510 1.8264 1.4918 1.5351 2.6998 1.3996 1.7062 1.2853 1.5943 2.1982 1.9006 1.4746 1.7062 1.6545 2.4327 1.9201 2.0024 1.3323 1.6694 2.2035 1.6545 1.1818 1.9161 1.6846 1.6515 1.3075 1.6938 2.2757 1.5247 2.1824 1.3996 1.3386 1.3095 1.8891 1.5943 1.9981 1.5778 2.1465 1.1349 1.6545 2.1929 1.9440 1.8480 1.5696 1.9981 1.7914 2.3478 1.2125 2.2874 1.5832 1.6604 1.5998 1.9686 1.7711 1.0951 1.5509 1.6664 1.4943 1.2181 2.6048 2.5336 1.3323 2.1023 1.3407 1.6969 1.6054 1.7812 1.3116 1.6604
HPHV_Gerbil_hepacivirus_E1_219-405_AlphaFold 1.6026 2.6641 0.3375 2.2362 1.4132 1.7949 1.5615 2.0976 1.8967 2.3231 2.8683 1.7252 1.8444 1.8444 0.3711 1.5094 0.3622 1.6664 1.7381 0.6887 0.6477 1.2774 1.0758 1.6427 0.3786 2.1668 2.0286 2.4124 1.9440 1.9360 1.6398 0.0000 0.8447 2.0154 1.7949 1.8229 1.6664 0.5488 1.9686 1.7413 1.0585 1.6664 1.7381 1.9122 1.8193 2.0286 0.3667 0.5978 2.0154 1.0774 1.7677 2.3051 1.9360 1.6139 2.0976 3.2787 1.8517 0.3534 1.7349 2.3540 1.7157 2.5336 1.7316 1.1589 1.2482 1.4340 1.9854 3.5555 1.5509 0.6258 0.4311 1.8967 1.5642 0.3681 0.8801 1.5456 2.6729 2.2757 0.9399 2.1168 1.4109 1.6224 1.7611 1.5750 2.2586 1.9083 1.8264 1.2425 2.7368 1.7413 0.8435 2.8156 2.2700 2.0420 2.3292 1.7544 2.1772 0.3534 1.6515 0.8275 1.6907 2.0375 2.5725 1.7846 1.9044 1.8372 1.9083 1.5642 2.6214 2.0787 2.4464 1.5998 1.9981 1.8018 2.1217 0.3786 0.6387 1.8891 2.3603 0.3563 2.0556 2.1876 1.9481 2.0556 1.9240 3.0995 1.9320 1.4968 2.2197 1.2052 2.8683 1.1997 1.5970 0.6093 1.4086 3.2002 2.5413 0.3175 1.9122 1.1264 0.3105 0.6357 2.0198 2.4818 1.5998 1.9896 1.6282 1.5273 2.2815 1.2181 2.4327 1.8702 2.0331 1.5723 1.8300 1.7744 2.8156 1.9562 2.1617 1.7611 1.5860 2.2874 0.7504 0.4185 0.6190 2.0510 1.3281 2.8363 2.0928 2.5336 2.1982 0.6477 0.6288 1.0522 0.3476 2.1465 1.2754 0.6161 2.1023 1.8815 2.6641 2.6382 1.8554 1.9981 1.8123 0.8801 0.3447 1.6456 1.7000 1.5805
HPHV_Ringtail_hepacivirus_E1_164-353_AlphaFold 1.7677 2.5725 0.8931 1.9939 1.5094 1.6938 1.3884 2.2197 1.5970 2.3991 2.4746 1.8777 2.0242 1.5669 0.8905 1.9044 0.9735 1.7511 1.9201 0.7538 0.8775 1.2387 1.1571 1.7316 0.8957 1.8123 2.3354 1.7381 2.0928 1.8408 1.6938 0.8447 0.0000 1.7812 2.2757 2.1023 1.9481 0.8635 2.0111 1.9400 1.0710 2.0510 1.8300 1.9686 1.9360 2.5413 1.0143 1.0113 1.9006 1.1032 1.8123 1.8018 1.8480 1.6139 1.9981 2.1929 1.8967 0.8931 1.4247 2.6298 1.8158 2.4327 1.6340 1.0158 1.3014 1.6427 2.1617 2.3860 1.6082 0.9023 0.9331 1.7846 1.6311 0.9062 0.8559 1.2913 2.4464 1.9044 0.9908 2.0198 1.3219 1.7744 1.7094 1.3686 1.7744 2.2197 1.9360 1.4363 2.5336 1.4178 0.8879 2.5110 2.2252 1.7677 1.9939 1.8777 2.8902 0.8931 1.8053 0.9678 1.5069 1.9360 2.8902 2.3795 1.9769 2.1365 1.6815 1.4625 2.2643 1.7880 1.9854 1.7983 1.8929 2.4191 2.0286 0.9023 0.9821 1.7125 1.9400 0.9036 1.8777 2.1217 2.1415 1.7812 1.8628 2.7853 1.6167 1.6111 2.1720 1.1214 2.8363 1.4224 2.3171 0.8737 1.5094 2.6818 2.0111 0.9250 1.9603 1.1747 0.8905 0.8983 1.9440 1.7914 1.7062 2.0694 1.8408 1.5998 3.0995 1.0999 2.2089 1.7677 1.8517 1.7220 1.7316 1.5273 3.0079 1.7611 2.4057 1.9360 1.7094 2.2529 0.7789 1.0202 0.9129 1.9280 1.1835 2.4327 1.6938 2.4124 1.6139 0.8711 0.9496 1.0217 0.9169 2.3795 1.2833 0.9650 1.9562 1.9686 2.6468 2.0834 1.5430 1.7220 1.6369 0.9386 0.8931 1.6664 1.6427 1.6456
HPHV_Guangxi_houndshark_hepacivirus_E1_344-537_AlphaFold 2.1168 2.1929 1.7094 1.5750 1.1434 1.7125 1.9645 1.5970 1.6724 2.8469 2.8469 1.7252 1.7711 1.7220 1.8591 1.6111 1.9896 1.6846 1.5351 1.8123 1.9896 1.6311 1.6846 1.4201 2.1365 1.7413 1.8336 2.1120 1.7846 2.4675 1.6054 2.0154 1.7812 0.0000 1.6574 1.7031 2.3111 2.0740 1.7157 1.6785 1.4481 1.3686 1.7094 1.8891 0.7024 2.1617 1.8591 1.8853 2.0465 1.4109 1.7544 1.6486 1.6196 1.0742 1.7611 2.0198 1.6545 1.7577 1.5018 1.6694 2.1566 2.1617 1.6340 1.9320 1.5456 1.3708 1.7744 4.7671 1.5069 1.9280 2.0198 1.5943 1.5615 1.7744 1.6907 1.0870 2.5036 1.5723 1.6604 1.7031 1.2181 1.7094 1.8853 1.7880 1.9240 1.8853 1.7189 1.8517 1.8929 1.7381 1.7349 2.2252 1.8517 2.0740 1.8628 2.0602 2.2306 1.7577 1.8444 1.6282 1.8088 1.8053 2.5336 1.4625 1.9562 1.6785 1.7677 1.7157 2.3231 1.7949 1.8408 1.1231 1.6139 2.1824 1.7744 1.9896 1.5750 1.7914 2.0465 1.6456 1.6139 2.4464 1.8336 1.4649 1.5943 2.8259 1.7284 1.4553 1.7031 1.4993 2.6641 1.9896 1.7611 1.8372 1.6664 2.9473 2.8792 1.8053 1.6167 1.6938 1.8853 1.8300 1.9083 1.6785 1.6111 1.7577 1.6054 1.4247 3.2309 1.8554 2.3231 1.6111 1.9201 1.9320 1.3751 1.3951 2.4818 1.9481 2.3292 1.9201 1.4918 2.4534 1.7880 1.6907 1.8815 2.3860 1.7846 2.5336 1.7031 2.5966 1.3116 2.0286 1.7479 1.5456 1.9280 1.6634 1.5377 1.6846 1.7711 1.6846 2.5490 2.4818 1.6724 2.0420 1.7220 1.6634 1.8372 1.9280 1.4968 1.3599
HPPV_Rodent_pegivirus_RPgV-IND079_E1_231-413_AlphaFold 0.7239 2.2932 2.3111 0.6113 1.6785 1.9981 1.8264 1.6456 1.7413 2.4604 1.6815 1.3428 2.1365 1.1747 2.0740 1.5723 2.0111 1.9521 1.4601 1.8264 2.0834 1.9562 1.8480 1.5642 1.9686 1.9854 2.3231 1.7711 2.1566 2.0556 1.2715 1.7949 2.2757 1.6574 0.0000 1.5094 1.2813 2.0286 1.4363 0.7917 1.7880 1.1961 0.7685 1.4064 1.5860 2.3354 2.3416 1.8815 1.6785 1.6311 1.6664 1.5247 1.2953 1.6815 1.6846 2.2417 0.0578 2.1982 1.8018 0.9850 0.7338 2.3478 0.4327 1.8372 1.6515 1.7157 1.5669 2.5413 1.7846 1.9044 2.2089 1.3840 1.5642 2.1668 2.0067 1.4109 3.0332 2.0928 2.3051 1.3840 1.5615 1.9083 0.6171 2.2757 2.3991 1.7446 0.5125 1.8815 2.0694 2.1071 2.0024 1.9044 1.7711 1.5832 1.8929 1.5273 2.1824 2.1982 1.7544 1.7094 2.1023 1.6196 2.3860 1.9562 1.7062 2.5725 2.5966 1.9044 2.3292 1.8123 2.0111 1.4918 1.3973 2.2035 1.9686 2.0694 1.8815 1.3407 2.1929 2.0286 0.5716 2.3925 1.9122 0.4248 1.6082 2.3292 1.4201 1.5915 0.6793 1.7031 2.3111 1.8853 1.7316 1.9603 1.7677 1.6026 1.8628 1.9981 1.4553 1.7125 2.0067 1.9083 1.4819 1.4649 1.6664 1.4819 1.2052 1.6604 2.0331 1.7349 2.5413 0.4076 1.4625 0.5497 1.9122 1.6846 2.3354 1.3906 2.2306 1.3323 1.5273 1.9280 1.8967 1.9939 1.7413 2.3111 2.2143 2.2757 1.4746 2.5646 1.8967 2.0648 1.7711 1.9006 1.9044 1.3578 1.7349 1.7744 1.6515 1.3599 2.3925 2.4124 0.4216 2.1023 0.4232 1.8554 2.4124 1.9360 1.3428 1.5642
HPPV_Goose_pegivirus_1_E1_33-220_AlphaFold 1.7094 2.2143 2.1824 1.3386 1.7544 1.7677 1.4224 1.4340 1.2463 2.2252 1.7031 1.3075 2.0556 1.7983 2.1617 1.2953 2.1465 1.9603 0.9749 1.8777 2.1668 1.7479 1.8967 1.4041 1.9481 1.8777 2.1720 1.3929 1.8480 2.3231 1.3795 1.8229 2.1023 1.7031 1.5094 0.0000 1.4746 2.1720 1.5222 1.3708 1.6724 1.7381 1.2813 1.6311 1.9769 2.5646 2.8156 1.9161 1.4270 1.9603 2.2529 0.9036 1.5145 2.2362 1.3075 2.0694 1.4529 2.1772 1.4387 1.5589 1.7220 2.5336 1.7031 1.9006 1.5273 1.3708 1.2482 1.6456 1.6082 1.8517 2.0111 1.2520 1.2953 2.1516 2.0286 1.4553 2.1266 2.2306 1.5669 1.5120 1.9440 1.4387 1.3323 1.7577 1.7611 2.8469 1.5403 1.9521 1.6486 2.0375 2.2197 1.5299 1.2617 1.4577 1.5273 1.3996 1.5430 2.1266 1.2520 1.6876 1.6724 1.0338 2.4534 1.7880 2.3540 2.0740 1.7284 1.7157 1.8444 1.8702 1.9981 1.9400 1.4481 2.2700 1.8193 2.1982 1.5509 1.2754 1.8193 1.9939 2.0111 2.5490 1.7544 1.5915 1.1764 1.8264 1.4481 1.3407 1.2695 1.7846 2.2874 1.9044 1.7744 1.9481 1.6398 1.4201 1.8628 2.0834 1.4649 1.7189 2.0694 1.8815 1.5222 1.2034 1.2734 1.3471 1.2675 1.3157 2.6907 1.9854 1.8372 1.4387 1.3034 1.6311 1.4387 1.4993 1.7446 1.5778 1.7577 1.3599 1.4746 2.2143 1.7677 2.0976 1.8123 2.0834 1.4340 1.3840 1.3686 2.0286 1.3884 2.3231 1.8702 2.3925 2.0067 1.4340 1.5642 2.0834 1.0098 1.4132 2.5336 2.1982 1.6754 1.4224 1.6724 1.9481 2.1316 1.7544 1.2578 1.3535
PLPV_Pestivirus_reindeer-1_V60-Krefeld_E1_496-690_AlphaFold 1.3578 1.1365 2.9014 1.3817 1.7125 2.7368 2.2143 1.6846 1.4247 1.5805 0.3022 1.3492 2.0602 2.0198 1.9981 1.6026 2.6554 2.3925 1.3773 2.3731 2.4258 3.1852 1.9240 1.7611 3.5981 2.4675 1.5018 1.8891 2.9241 1.1098 1.7778 1.6664 1.9481 2.3111 1.2813 1.4746 0.0000 3.0592 1.6969 1.5669 1.2993 0.1600 1.5273 2.0740 3.2154 1.4018 2.0198 2.3051 1.7544 2.5336 2.9014 1.8815 1.9240 2.3731 2.0648 1.2973 2.0602 2.5036 1.4458 1.3906 1.7949 1.2993 1.5832 1.7880 1.4201 2.7463 1.8967 0.2898 2.5885 4.7194 2.6729 1.1298 1.6026 3.6200 2.3860 1.5669 1.5018 2.9832 1.9044 1.6282 2.4534 1.6026 1.4064 2.0976 2.4395 1.9939 1.3556 3.0205 1.2973 2.1929 1.4673 1.1417 2.7656 1.5145 1.5642 1.6515 1.4086 2.5036 2.1566 2.4327 2.7181 1.3302 0.6249 2.7274 2.5336 2.4534 2.0787 2.0976 0.8459 2.0465 2.1772 2.4258 1.9240 1.7031 1.5430 1.9854 2.5336 1.9201 0.9223 2.8363 1.5696 1.4387 1.5430 1.9006 1.2444 0.3519 1.2973 1.6026 1.7812 2.1617 0.6557 2.7953 2.7953 5.0250 2.7559 0.5134 0.9455 1.5094 1.6369 1.8372 2.1617 4.3791 2.0331 2.1617 1.6026 1.7157 1.1214 1.6026 2.7274 2.2143 1.1164 1.7413 1.9240 1.6515 2.2143 1.9854 1.4722 2.5185 0.6908 2.3111 1.7125 1.4132 1.7511 7.0524 1.6369 1.8123 1.7125 1.0202 1.8739 0.7110 1.5642 2.2252 1.9854 2.2815 2.5805 1.7914 2.0976 1.5403 1.9320 1.7381 1.6846 1.2813 1.4505 3.9188 1.4505 2.6641 2.6382 1.7778 2.0510 1.6026
HPHV_Northern_treeshrew_hepacivirus_E1_155-346_AlphaFold 1.6724 2.9591 0.6007 1.6876 1.3535 1.7711 1.5069 2.3991 2.0928 2.8156 2.0465 1.8336 1.7062 1.8300 0.7024 1.5723 0.6161 1.7479 1.8123 0.5661 0.6446 1.0967 1.0663 1.5832 0.5940 1.9854 2.0286 1.9240 1.7949 2.0331 1.8554 0.5488 0.8635 2.0740 2.0286 2.1720 3.0592 0.0000 1.9728 1.8891 1.0758 2.0834 1.8891 2.0331 1.4894 1.8702 0.7067 0.4902 2.0976 1.0278 1.6846 1.6311 2.1772 1.7413 2.3354 3.1273 1.9521 0.5912 1.4247 2.2586 1.8264 2.4604 1.6545 1.3116 1.3302 1.3513 1.8444 2.2252 1.3951 0.5809 0.6679 1.9122 1.5860 0.6219 0.7800 1.4529 2.4746 1.6785 0.8827 2.0465 1.3664 1.4697 1.5943 1.8967 2.1316 2.4604 2.0740 1.2406 2.0510 1.6026 0.8178 1.8018 1.8739 2.2874 1.7577 2.3231 2.6818 0.5912 1.7031 0.6855 1.9083 1.9400 2.2306 2.3051 2.0602 2.0834 2.0602 1.7544 2.3416 1.6664 1.8628 1.8444 1.3729 2.6382 1.6111 0.7131 0.4801 1.8193 2.7089 0.5884 2.0024 3.1852 2.2417 1.8193 1.8815 2.5646 1.9161 1.5805 1.9400 1.1835 2.2089 1.3095 1.4270 0.4851 1.2953 2.9126 2.5725 0.6567 2.0787 1.2636 0.6190 0.5515 1.7949 1.7812 1.6111 1.7812 1.6224 1.6082 2.4604 1.2540 2.2932 1.8372 1.9603 1.6969 1.6907 1.7284 2.3667 1.6340 2.3540 1.7677 1.4625 2.7559 0.5874 0.6751 0.4423 2.6048 1.2715 2.2529 1.9201 2.0834 1.9440 0.6446 0.4868 0.8178 0.6487 2.4890 1.3906 0.4602 1.8264 1.7381 2.6729 3.0724 1.7611 2.1120 1.7000 0.6918 0.5912 2.0510 1.8628 1.5832
HPPV_Pegivirus_D_E1_22-206_AlphaFold 1.6907 2.0286 2.0740 1.6139 1.4363 1.8665 1.7094 1.5943 1.0758 1.8777 2.2197 1.2444 1.8444 1.6196 1.5998 1.5273 2.1316 1.9240 1.4387 1.7511 2.0602 1.9240 2.1316 1.9122 2.1465 1.8517 2.0556 1.2734 2.0375 2.6729 1.2482 1.9686 2.0111 1.7157 1.4363 1.5222 1.6969 1.9728 0.0000 1.2715 1.9562 2.0602 1.5805 1.4481 1.6224 2.5185 1.9728 1.8665 1.3973 1.8229 2.0331 1.6340 1.4201 2.0465 1.4505 2.4675 1.4109 2.0286 1.8777 1.3198 1.7711 2.7953 1.4869 2.1023 1.6664 1.9006 1.3239 2.3731 1.8123 1.9320 1.9440 1.1434 1.8018 1.9854 2.2932 1.6054 2.9014 1.9769 1.5832 1.5403 2.1120 1.8591 1.2933 1.6139 1.6664 2.0331 1.3556 1.9769 2.7368 1.6574 1.7349 2.2874 1.7577 1.4458 2.6298 1.3664 2.3540 2.0286 1.7446 1.8018 1.7479 1.7778 2.2815 2.0510 2.0740 2.1668 1.8777 1.8088 2.0976 2.1516 1.7846 1.8815 1.4993 2.0420 2.0465 1.5456 1.6694 1.2274 2.0286 2.1668 1.6311 2.2306 1.8628 1.4481 1.2052 2.4604 1.2349 1.7413 1.6634 1.8053 2.5185 2.0024 2.0465 1.8702 1.6604 2.5567 2.4534 1.9811 1.5915 1.7744 1.9728 1.8702 1.2181 1.9603 2.0242 1.2715 1.2089 1.9603 2.0286 2.0556 2.3171 1.3686 1.1298 1.5696 1.7157 2.0154 2.2252 1.2311 2.5646 0.8931 2.0420 2.5646 1.6196 2.2035 1.7983 2.0331 2.0465 2.0286 1.1853 2.1617 1.4844 2.0602 1.7644 1.7000 1.9240 1.4918 1.7413 1.6139 1.5998 1.3239 2.0420 2.2197 1.5094 1.7914 1.5299 1.8517 1.9854 1.7711 1.4505 1.7577
HPPV_Longquan_Rhinolophus_pearsonii_pegivirus_E1_67-245_AlphaFold 0.8509 2.3603 1.8336 0.8673 2.0242 1.9006 1.4770 1.4041 1.5170 2.2991 2.3111 1.3729 1.7914 1.1907 1.2715 1.5325 1.7220 2.2417 1.4224 1.5247 1.8554 1.7189 1.9240 1.6486 1.9562 2.4191 2.1071 1.6694 1.6456 2.1168 1.3664 1.7413 1.9400 1.6785 0.7917 1.3708 1.5669 1.8891 1.2715 0.0000 1.6282 2.0740 1.0173 1.4673 2.0420 2.3051 1.1519 1.5403 1.3014 2.0024 2.1929 1.4434 1.3751 1.9728 1.5222 2.5885 0.8154 1.7413 1.6139 0.9223 0.9009 2.2874 0.7917 1.6604 1.7778 1.9562 1.3906 1.8967 2.1217 2.1617 1.9320 1.7316 1.6785 1.7880 1.7125 1.5120 2.3860 1.9280 1.9240 1.4247 1.8372 1.7880 0.8239 1.8591 1.9896 2.5490 0.7905 2.1266 2.0154 1.8815 1.9769 2.3860 2.0420 1.2833 1.8444 1.6604 2.1720 1.7413 1.3260 1.9360 1.8480 1.3239 2.3860 2.2529 2.0881 1.9006 2.0331 1.7846 2.0694 1.7062 2.2529 1.6545 1.4109 2.1617 2.1217 1.6694 1.8018 1.2349 2.3667 2.0420 0.8447 2.5260 2.0198 0.8801 1.6167 2.9241 1.3157 1.7000 0.7917 1.9939 2.0648 1.9122 1.7949 1.7000 1.5669 1.9939 2.3795 1.9240 1.4434 1.5120 1.6724 1.6545 1.2199 2.0648 1.7577 1.8408 1.4387 1.7577 2.4191 1.7000 2.3231 0.8724 1.3219 0.8737 1.7711 1.9603 2.3925 1.4155 1.9122 1.2368 1.6427 1.7252 2.0154 2.1415 1.8408 2.0286 1.5887 2.5490 1.6938 2.4534 1.8053 1.8193 1.8777 1.6846 1.7611 1.3492 1.7157 1.7544 1.5377 1.4649 1.9811 2.2874 0.7917 1.8300 0.8497 1.7479 1.7949 1.6634 1.3095 1.6634
HPHV_Hepatitis_GB_virus_B_E1_157-349_AlphaFold 1.8891 2.4395 1.2893 2.0198 1.4132 1.6456 1.2368 2.4890 1.8264 2.7274 1.8372 1.8739 1.7778 2.0740 1.2199 1.3492 1.1571 1.5589 1.7349 0.9552 0.9835 1.1247 1.1298 1.3642 1.1164 1.8665 1.8088 1.9280 1.5778 2.3795 1.6515 1.0585 1.0710 1.4481 1.7880 1.6724 1.2993 1.0758 1.9562 1.6282 0.0000 1.2993 1.9006 2.4746 1.5805 2.4327 1.2218 1.0538 2.1772 1.1298 1.5222 1.6815 2.3603 2.2991 2.3051 2.5725 1.7949 1.3951 1.3751 1.9769 1.8628 2.1720 1.9896 1.4109 1.2953 1.4869 2.2473 1.8815 1.5615 1.0158 1.3260 1.8517 1.4317 1.2617 1.0247 1.5170 2.5805 1.6604 1.2578 2.2306 1.4293 1.6876 1.8300 1.6139 1.8777 1.7094 1.9440 1.2107 2.4258 1.4481 1.0247 2.5567 2.0465 2.3231 2.2035 2.2757 2.6298 1.3951 1.4795 1.0430 1.4363 1.9896 2.1824 2.2473 1.7125 1.6969 2.1982 1.4649 2.4604 1.6815 2.0556 2.0976 2.1168 2.5567 1.5170 1.2274 1.0039 1.6282 2.3478 1.0742 1.8517 2.7274 1.9320 1.7479 1.8018 2.3231 1.8300 1.4201 2.0928 1.1349 2.2529 1.1961 1.8480 1.0323 1.3862 2.4675 2.5260 1.1606 2.3667 1.1997 1.2144 1.0323 2.2529 1.6876 1.4387 1.9360 1.9521 1.4577 2.1929 1.0585 1.9481 1.7157 2.0740 2.0242 1.4224 1.6369 2.5885 2.1168 2.0286 1.6427 1.4086 1.8891 0.8931 1.3449 0.9807 2.1617 1.1711 2.5185 1.7744 2.1316 1.6694 0.9893 1.0128 1.1451 1.1048 2.2932 1.2675 1.0369 1.7062 2.1071 2.8054 2.4191 1.9769 1.8891 1.9769 1.0838 1.2893 1.8628 1.9400 1.4577
PLPV_Border_disease_virus_X818_E1_496-690_AlphaFold 1.5696 1.1032 2.5110 1.3664 1.8591 3.0332 2.1023 1.5509 2.1415 1.6486 0.2709 1.6026 2.2306 1.8408 2.5567 1.8554 1.9981 1.7189 1.8408 1.9280 2.3478 2.4057 2.8792 2.0465 2.5567 2.2643 1.7000 1.8665 2.2643 1.1131 1.7812 1.6664 2.0510 1.3686 1.1961 1.7381 0.1600 2.0834 2.0602 2.0740 1.2993 0.0000 1.6754 1.6369 1.9320 1.7914 3.0332 3.2154 1.8018 1.6545 2.2143 2.1266 1.6427 2.6048 2.3991 1.4819 2.0834 2.5490 1.3365 1.7846 1.7031 1.2913 1.3471 1.6139 1.0951 1.7914 2.6130 0.2939 2.3925 2.1772 3.6200 1.4340 1.6026 2.2643 2.4395 1.7949 1.6311 2.2143 2.3925 1.6427 2.0198 1.7031 1.5943 2.5110 1.6340 1.8702 1.7949 2.5725 1.4018 2.1772 1.8088 1.2034 2.1071 1.5887 1.4201 1.0585 1.3513 2.5490 2.5413 2.1720 5.7354 1.1729 0.5922 2.1929 3.0995 2.6818 2.1824 2.0510 0.9129 2.5260 2.6641 2.2991 1.5998 1.6969 1.7711 2.1876 1.5273 1.8517 0.7493 2.2035 1.8739 1.9481 1.6664 3.0592 1.5018 0.4130 2.1668 1.6026 1.4340 1.7544 0.6219 2.3925 2.4890 2.1365 2.5490 0.4488 0.9664 1.1434 1.5196 1.9161 3.7119 2.1120 1.4458 2.8683 1.8554 1.6224 1.2636 1.6369 1.7644 1.9280 1.0774 2.0154 1.7062 1.8264 1.9280 1.8444 1.3751 2.7463 0.6537 1.6754 1.5642 1.3906 1.9044 3.9188 2.4191 1.6196 1.9981 1.1298 1.4697 0.5670 1.6196 2.3478 2.5110 1.4317 2.1023 1.8300 1.6340 2.3860 1.9939 1.8929 1.7031 1.2813 1.3708 5.1383 1.3708 2.2529 2.5885 1.9686 2.3603 1.6026
HPPV_Bat_pegivirus_PDB-34.1_E1_289-471_AlphaFold 0.9129 3.0332 2.0331 0.8239 1.8336 1.7949 1.7511 1.7189 1.3157 2.6298 2.4258 1.3471 2.3925 1.2255 2.1217 1.7479 2.0331 2.0024 1.4201 1.8264 1.8088 1.4529 1.7000 1.5170 1.7880 1.5696 2.5567 1.5642 2.1071 2.6907 1.1676 1.7381 1.8300 1.7094 0.7685 1.2813 1.5273 1.8891 1.5805 1.0173 1.9006 1.6754 0.0000 1.7252 1.5805 2.1266 2.1217 2.0928 1.4993 2.5185 2.0331 1.5589 1.6694 1.7349 1.6253 2.4258 0.7940 1.9939 1.8929 0.6608 0.9277 3.1414 0.7999 1.9939 1.7157 1.6545 1.6111 3.2002 1.9939 2.1720 1.7446 1.4109 1.5377 1.9854 2.2035 1.5351 2.4818 1.5120 1.5860 1.6754 1.9083 1.4746 0.7640 1.9896 1.8967 2.1720 0.8190 1.8336 2.1617 1.9320 2.0834 2.3795 2.1217 1.5943 2.1316 1.5403 2.1824 1.9521 1.8702 1.7062 1.9360 1.4064 2.3667 2.2529 1.9811 2.2757 2.0602 1.8777 2.5336 2.1071 1.7062 2.7274 1.6694 2.2143 2.3860 2.1120 1.6815 1.4410 2.2991 1.7880 0.8202 2.2815 1.9645 0.7708 1.5094 2.7089 1.5120 1.4943 0.6950 1.6876 2.3925 1.9280 1.6456 2.3540 1.8053 2.0242 2.5646 2.0510 1.7125 1.7157 1.3642 2.1217 1.3795 1.9521 1.6604 1.5860 1.3840 1.6664 1.8517 1.6486 4.6278 0.7640 1.4746 0.7800 1.7744 1.6969 2.3991 1.3642 2.6130 1.4894 1.7031 2.3354 1.7381 1.7413 1.6574 2.2089 2.6298 2.0024 1.3817 2.7089 1.6253 1.6907 1.7316 1.7677 1.8739 1.7252 1.8300 1.7381 1.5170 1.3428 2.4675 1.9728 0.8142 1.9240 0.7893 1.6398 2.0286 1.7577 1.2853 1.6694
HPPV_Hepatitis_G_virus_U94695.1_E1_53-237_AlphaFold 1.6634 1.8300 2.4818 1.6282 1.8480 2.0740 2.1617 0.0567 1.1571 2.1217 1.4270 0.3741 2.2991 1.7949 1.7677 2.0694 2.2473 2.8054 1.3198 1.8408 2.1365 0.8622 1.8193 2.3925 2.1566 2.0510 2.4191 0.8931 2.7368 2.1316 1.2444 1.9122 1.9686 1.8891 1.4064 1.6311 2.0740 2.0331 1.4481 1.4673 2.4746 1.6369 1.7252 0.0000 2.0881 2.1772 1.9481 1.9521 0.5679 2.0375 2.3231 1.6694 0.0793 1.6486 0.9922 2.0648 1.4410 2.4746 2.3051 1.5094 1.3177 2.0556 1.6369 1.8193 1.7413 2.4818 0.9209 2.2197 3.1273 2.3925 2.6729 0.4060 2.5567 2.3991 2.2815 2.1120 2.0694 2.1023 2.0242 0.0567 1.8480 1.7252 1.5589 2.4464 2.1465 1.8088 1.7125 2.2473 1.3323 2.2143 2.3603 2.4258 1.5018 0.6598 2.0881 0.8373 1.7611 2.4746 1.6694 1.8967 2.6818 1.5535 1.8665 2.2874 2.0420 2.0928 2.1120 3.3993 2.0787 2.2586 2.3603 1.7611 0.0620 2.0510 2.8792 1.7031 1.8480 1.0694 2.1772 2.1316 1.6545 2.7181 2.3051 1.5998 1.2070 2.4534 1.5325 2.1516 1.5642 1.9939 2.3603 2.4464 1.8739 2.0881 1.7511 2.5646 2.5110 1.9044 0.0567 1.8739 1.7031 2.0375 0.5606 2.0556 2.3171 1.4178 1.1147 2.6382 2.2700 2.2529 2.1023 1.3116 1.5860 1.6340 1.7479 2.2815 1.7744 1.5482 2.3991 1.3407 2.3231 2.0648 2.2035 2.2700 1.6846 1.9854 1.7544 1.8264 0.3884 2.5966 1.7316 2.2306 1.9521 2.0465 2.1929 0.0503 1.7812 1.9044 1.7284 0.9250 1.6253 2.7368 1.5482 1.8158 1.6634 2.2417 2.4818 1.9854 1.4505 1.9854
HPHV_Wenling_shark_virus_E1_301-494_AlphaFold 1.6369 2.9711 1.5456 1.7413 1.0774 1.8300 1.9044 2.1266 1.8229 2.7853 2.6554 1.8018 1.9645 1.8123 1.4993 1.6515 1.9320 1.8300 1.8739 1.7000 2.1617 1.6664 1.6876 1.7983 2.0375 1.9083 2.1617 2.1720 1.7252 2.0556 1.8372 1.8193 1.9360 0.7024 1.5860 1.9769 3.2154 1.4894 1.6224 2.0420 1.5805 1.9320 1.5805 2.0881 0.0000 2.2143 1.7284 2.0787 2.0694 1.5535 1.5696 1.9521 2.2306 1.1451 2.0834 2.8363 1.7094 1.5069 1.7914 1.9360 2.3603 2.4124 1.9811 1.9400 1.1764 1.7284 1.7413 2.9014 1.8053 2.1720 1.8480 1.7413 1.6486 1.5325 1.6082 1.3136 2.4464 1.9769 1.2793 2.0198 1.1298 2.1217 1.9521 1.8891 1.9044 2.0024 2.0602 2.2362 3.1704 1.8591 1.3599 3.2625 1.8777 1.9686 2.0602 2.0375 2.8259 1.5069 1.9280 1.5998 1.9122 1.9896 2.5110 1.5750 2.0465 1.8088 2.0198 2.0067 2.4464 1.7880 1.9440 1.4086 2.1516 2.2700 1.8018 1.4918 1.7284 1.8517 2.2586 1.9603 2.1465 2.7463 1.9161 1.4363 1.6082 2.3731 2.0067 1.6456 2.1168 1.5351 2.6214 2.1168 1.9201 1.8088 1.9122 2.6729 2.4124 1.6340 2.0198 1.9280 1.5325 2.0375 1.9481 1.8815 1.6574 1.6846 1.9686 1.7511 2.7656 1.9562 3.0461 1.7983 2.2473 1.5509 1.8300 1.7349 2.6729 2.0331 2.6382 1.9006 1.7062 2.3416 1.8480 1.9122 1.6754 2.0787 2.2586 2.8156 1.8408 2.0928 1.2675 2.1566 1.7446 1.7220 1.8300 2.0510 1.1835 1.7284 2.1982 1.7983 2.7368 2.3603 2.0556 2.1668 1.9854 1.6938 1.5325 2.2306 1.9769 1.6340
PLPV_Norway_rat_pestivirus_isolate_NrPVNYC-D23_E1_638-834_AlphaFold 2.2252 1.0870 2.3416 2.7559 2.1071 2.7754 2.3111 2.0881 2.1876 1.5247 1.2181 2.5036 2.3991 1.8665 2.0331 1.5887 2.2586 2.0976 1.9769 2.1266 2.3231 2.1071 2.5413 1.8408 2.1023 2.4890 2.5567 2.5805 3.0332 1.2793 2.0787 2.0286 2.5413 2.1617 2.3354 2.5646 1.4018 1.8702 2.5185 2.3051 2.4327 1.7914 2.1266 2.1772 2.2143 0.0000 1.8777 2.1824 2.6729 2.5336 2.5336 1.9006 3.2951 2.1720 1.4625 1.3686 2.3292 2.3354 2.5805 2.3925 2.6298 1.0069 2.6130 2.2815 2.4604 2.4124 2.4818 1.1925 1.8053 2.3416 2.5110 2.6382 1.5120 2.2417 2.5036 1.9728 1.4625 2.9473 2.9014 2.0024 1.8300 2.0067 1.8628 2.7853 2.0648 2.7089 2.2757 1.9280 1.4247 3.0995 2.9473 1.5377 2.4057 2.3231 0.2656 1.7778 1.4894 2.2473 2.4818 2.3292 3.0332 2.4258 0.9692 1.9360 2.4464 2.5725 2.6998 2.0198 0.9707 2.6214 1.9280 1.8517 1.8480 1.5196 3.5981 2.0331 2.2700 1.6969 1.2181 2.1772 2.2529 1.6545 2.2815 2.0024 2.7181 1.0870 2.6729 1.6876 2.1415 1.9440 1.0553 1.9562 2.6554 2.2700 2.4191 1.3708 1.1365 2.1982 2.5966 2.0602 2.8054 2.1982 2.3540 2.2473 1.4505 1.9939 1.5430 1.4968 1.9201 2.1168 1.6253 2.2529 2.3171 2.0067 2.3540 2.2586 1.3075 2.4258 1.2444 2.4057 2.1772 0.7056 2.1465 2.2417 2.4746 1.4918 1.5778 1.3840 2.2197 1.1676 2.0881 2.5185 2.3111 2.6554 2.3171 2.2306 2.3540 2.2473 2.3731 2.7181 0.9792 1.1247 2.7368 2.2700 2.4057 2.0556 2.3051 2.6130 2.8156 1.6253
HPHV_Rodent_hepacivirus_05VZ-14-118_E1_170-357_AlphaFold 2.0648 2.6641 0.3681 2.4327 1.5222 1.9686 1.3795 2.0067 2.9241 2.0881 2.9832 2.6298 2.2643 1.7062 0.0793 1.5943 0.4185 2.4124 1.5120 0.6151 0.7131 1.2034 1.0384 1.6515 0.4264 2.4746 2.0198 2.3860 2.4746 2.1876 2.1720 0.3667 1.0143 1.8591 2.3416 2.8156 2.0198 0.7067 1.9728 1.1519 1.2218 3.0332 2.1217 1.9481 1.7284 1.8777 0.0000 0.7174 2.6130 1.0098 1.9044 3.2951 1.9603 1.5403 2.6554 2.5336 2.1876 0.3861 1.7812 2.3603 2.0465 2.9955 1.5145 1.3492 1.5669 1.7577 1.9280 5.7354 1.6398 0.7812 0.5371 2.0375 1.7914 0.4030 0.9427 1.5589 2.9832 2.2143 0.9636 2.2700 1.3686 1.4795 2.4191 1.9240 2.9014 1.8853 2.3925 1.2853 2.6298 1.8853 0.8775 2.6298 2.0976 2.4258 2.1720 1.9360 3.2951 0.3861 1.5669 0.9594 1.9728 3.3459 3.9761 1.7189 2.2362 2.3111 2.0111 1.8702 3.5347 1.8628 1.7677 1.7413 1.9939 2.0834 1.8929 0.0728 0.7527 1.6456 2.1217 0.4602 2.0465 2.6214 1.7479 1.1298 1.4601 3.7856 2.0740 1.7544 2.1668 1.1925 2.9014 1.3198 1.5509 0.7272 1.4746 2.8683 2.1772 0.4327 2.0420 1.2578 0.0728 0.8385 1.9645 2.1071 1.8018 1.8739 2.0834 1.8891 2.3667 1.2913 3.1704 1.0726 2.3416 1.8702 1.8408 2.1720 2.9832 1.4577 2.2252 1.9981 1.8088 2.3171 0.8879 0.3999 0.7174 2.3478 1.1818 2.9832 2.0787 4.7671 1.7479 0.7013 0.7067 1.0278 0.5327 1.9939 1.4894 0.7415 2.4191 1.8891 2.5885 2.5885 2.0286 2.1120 2.1120 0.8239 0.3756 1.7157 2.2143 1.8264
HPHV_Longquan_Niviventer_niviventer_hepacivirus_1_E1_253-458_AlphaFold 1.8193 2.6382 0.7629 1.9320 1.4894 1.7778 1.8853 2.1772 1.7983 1.8480 2.6214 1.9400 1.6082 2.2417 0.7099 1.6754 0.6497 1.7284 1.6574 0.6456 0.3418 1.3471 0.9749 1.7677 0.5903 1.7914 2.3478 2.3171 1.7511 1.9728 1.5247 0.5978 1.0113 1.8853 1.8815 1.9161 2.3051 0.4902 1.8665 1.5403 1.0538 3.2154 2.0928 1.9521 2.0787 2.1824 0.7174 0.0000 2.2874 1.1365 1.5120 1.9521 2.0242 1.8372 2.2932 3.1133 1.9240 0.7549 1.6340 2.3667 1.7062 2.1982 1.7914 1.3664 1.0902 1.6082 2.0198 4.8160 1.8665 0.0213 0.6762 1.7349 1.8158 0.7674 0.6971 1.5145 2.4327 2.5885 1.0461 2.0787 1.6369 1.6876 1.7611 1.6969 2.2932 1.9521 2.1617 1.2387 2.4534 1.6969 0.7777 2.1824 2.1566 1.8336 1.8967 1.7744 2.8054 0.7549 1.9645 0.9250 2.1217 1.7983 2.9711 2.1168 1.8777 1.8967 2.1876 1.8591 2.2932 1.9161 2.3795 2.1120 2.0154 1.8480 1.7949 0.7067 0.5479 1.8702 2.0602 0.6436 1.9083 2.6729 2.0881 1.9320 2.0154 3.5144 1.7316 1.8018 2.2529 0.9922 2.9356 1.3116 1.7479 0.0213 1.4224 2.5260 3.5981 0.8082 1.9769 1.2734 0.6377 0.0060 2.3731 1.6907 1.7316 2.0928 1.8853 1.7000 2.1772 1.2125 2.7656 1.7611 1.7479 1.8628 1.9769 1.8123 2.5036 1.8480 2.4534 1.6139 1.6253 2.5185 0.6814 0.6417 0.5336 1.9240 1.7744 3.2787 1.8628 3.0995 1.9686 0.3317 0.5336 1.0113 0.7099 2.0976 1.0870 0.5230 2.2362 2.1316 2.2473 2.2473 1.8777 2.1772 1.8264 1.0790 0.7629 2.1023 1.7479 1.6253
HPPV_Simian_pegivirus_myb_M77_E1_21-207_AlphaFold 1.4018 2.1071 2.1720 1.5094 1.8408 1.9728 1.7062 0.5846 0.9386 2.4057 2.4327 0.5425 1.7677 1.6724 2.3540 2.0510 1.8815 1.7880 1.4064 2.5336 2.1668 1.8053 2.1516 2.2473 2.2815 2.0928 2.8363 0.8373 2.1516 2.5336 1.1747 2.0154 1.9006 2.0465 1.6785 1.4270 1.7544 2.0976 1.3973 1.3014 2.1772 1.8018 1.4993 0.5679 2.0694 2.6729 2.6130 2.2874 0.0000 1.8444 1.9811 1.3795 0.6171 2.0556 0.8058 2.6130 1.7812 2.2089 1.7544 1.3365 1.7744 2.7274 1.4410 2.3292 1.5998 2.4534 0.7482 2.4327 2.1824 2.6130 2.5036 0.6036 1.9645 2.5490 2.3111 1.5509 2.6214 2.2089 2.3231 0.5931 2.1415 2.3354 1.3136 1.9728 1.9854 2.2362 1.4363 2.0154 3.6200 2.0556 1.9811 2.5966 2.1266 0.2100 2.5336 0.8711 2.3860 2.1824 1.6139 2.0024 2.1982 1.4317 2.2815 2.1023 2.0740 2.2815 1.8517 2.6641 2.6130 2.0648 2.2815 2.4746 0.5940 2.5966 2.0740 2.6214 2.1617 0.9399 2.2757 2.0242 1.6574 1.9481 1.9939 1.5222 0.8497 2.6554 1.2070 2.0375 1.4601 1.9201 2.1465 2.1168 2.3231 2.2757 2.1465 2.6554 3.0995 2.7368 0.5790 1.9521 2.3795 2.4675 0.1708 1.8123 2.1168 1.1835 0.9922 2.0420 2.0881 2.1876 3.1852 1.4132 1.1800 1.6754 1.9686 2.0602 2.4057 1.2813 2.4057 1.5615 2.4327 2.5110 2.1316 2.1168 2.2362 2.3540 2.3354 3.6651 0.5865 2.5725 1.8229 2.3051 2.0881 2.1982 2.2643 0.5846 1.6054 2.1465 1.4363 0.7964 2.4604 2.5336 1.5535 1.6111 1.6545 2.1168 2.1876 1.6427 1.2162 1.9811
HPHV_Sigmodontinae_hepacivirus_E1_170-367_AlphaFold 1.7349 2.1071 1.0742 2.0881 1.4577 1.6694 1.4387 1.9854 1.7983 1.9769 2.3667 1.8853 1.9201 2.1929 1.0039 1.6938 1.0934 1.6724 1.9201 0.9115 1.1131 1.3751 0.7538 1.7711 1.0870 1.8264 2.0928 2.0154 1.5860 2.3171 1.6604 1.0774 1.1032 1.4109 1.6311 1.9603 2.5336 1.0278 1.8229 2.0024 1.1298 1.6545 2.5185 2.0375 1.5535 2.5336 1.0098 1.1365 1.8444 0.0000 1.5615 1.8591 1.8967 1.7157 1.9161 2.8054 1.6167 1.1098 1.3449 2.2197 1.7880 2.4258 1.7252 1.2774 1.2107 1.4869 1.9044 2.2700 1.4481 1.0278 1.0083 1.6724 1.6253 1.1065 0.9169 1.2833 2.8792 2.0740 0.9209 1.6938 1.3219 1.6456 1.7778 1.4458 1.7644 1.8628 1.9896 1.1694 3.4363 1.4340 0.8058 3.2951 1.9686 2.0111 2.9955 1.7413 2.3416 1.1098 1.8628 1.0308 1.3708 1.8193 2.4191 2.0331 1.8591 1.6846 1.9811 1.4505 2.3171 1.4894 2.1415 1.7413 1.8891 2.1365 1.5778 0.9951 1.0806 1.7577 2.0881 0.9331 1.7349 3.1414 2.0881 1.8739 1.6574 2.3111 1.6224 1.6574 1.9400 1.1641 2.8259 1.1925 1.5970 1.0616 1.4387 2.3051 2.9711 1.0616 1.8815 1.2873 0.9496 1.0983 1.7349 1.5535 1.8665 1.6369 1.5377 1.6167 2.5260 1.0934 3.2466 1.8300 1.6969 1.8891 1.4894 1.3239 2.2991 1.6938 2.3231 1.8929 1.7031 2.9241 1.0616 0.9922 1.1016 1.9122 1.5222 3.5347 1.7381 2.6554 1.5377 1.0886 1.1131 0.5940 1.1048 1.8739 1.1264 1.0616 1.8193 2.0154 2.2362 2.6130 1.7812 1.8591 1.7125 1.0838 1.0983 1.6224 1.7094 1.7220
HPHV_Recombinant_Hepacivirus_E1_193-383_AlphaFold 2.0787 2.6818 1.9686 2.1617 2.1415 0.4751 1.7031 2.3354 1.7000 2.3860 3.3287 1.9769 0.6171 2.1316 1.8739 2.1415 2.2089 0.5425 2.0198 1.6456 1.7446 2.0331 1.6907 2.5413 1.6456 1.9360 2.0024 1.9811 0.1182 2.6998 1.8591 1.7677 1.8123 1.7544 1.6664 2.2529 2.9014 1.6846 2.0331 2.1929 1.5222 2.2143 2.0331 2.3231 1.5696 2.5336 1.9044 1.5120 1.9811 1.5615 0.0000 1.7744 2.4963 2.2417 2.0465 2.1720 1.6515 1.9686 1.6196 2.0067 2.2932 2.2757 1.6969 1.8815 1.7812 2.0465 2.3354 2.8363 2.1120 1.0934 2.0465 2.0286 2.2815 1.9645 1.8193 1.8702 3.3993 1.8853 1.9320 2.2874 1.7677 1.8517 1.8336 1.3906 1.7846 0.6527 1.7413 2.1566 2.3860 1.3862 1.8018 2.8156 1.6196 1.8408 2.5413 2.8469 3.8373 1.9686 1.8158 1.7062 1.4993 1.9280 3.0724 1.7094 0.5997 0.5425 2.2473 1.3239 2.8156 0.3816 2.1071 1.8372 2.4963 2.5646 0.3303 1.9280 1.7511 2.0834 2.5567 1.8967 1.6815 2.4675 2.0602 2.1824 2.1876 2.9591 2.2874 2.1415 2.0331 2.2874 2.6130 2.0111 1.8444 1.5970 1.7479 2.2815 2.5725 1.8967 2.4258 1.8158 1.8853 1.3773 1.7983 1.6456 2.1982 2.1023 1.7812 2.3603 2.2815 1.7284 3.2154 1.7949 2.2035 1.9161 1.6876 2.0787 2.8792 2.2035 2.9014 2.2362 2.2197 2.6382 2.2035 2.0881 1.7880 2.3925 2.1217 2.5490 2.3051 2.4057 1.7094 1.6969 1.7611 1.5170 1.8815 2.2473 2.0976 1.6515 2.0067 2.0375 2.4327 2.2252 1.7062 2.1266 1.6846 1.7189 1.9686 1.8158 2.1876 2.1516
HPPV_Goose_pegivirus_2_E1_29-214_AlphaFold 1.3492 2.8902 1.9006 1.4086 1.9603 1.6427 1.4132 1.5196 1.4625 2.7368 1.6456 1.4155 1.8193 1.7413 0.9455 1.5778 2.7853 1.5970 0.7482 1.4894 2.0465 1.6785 1.7711 1.4041 2.1929 2.3111 2.0286 1.3884 1.8158 2.0881 1.5750 2.3051 1.8018 1.6486 1.5247 0.9036 1.8815 1.6311 1.6340 1.4434 1.6815 2.1266 1.5589 1.6694 1.9521 1.9006 3.2951 1.9521 1.3795 1.8591 1.7744 0.0000 1.5273 2.1120 1.2675 2.4963 1.6026 2.1266 1.8444 1.5120 1.4434 2.0648 1.5325 1.7812 1.7316 1.4844 1.2793 2.1120 1.4993 1.7983 1.6574 1.4770 1.5669 1.8300 1.7778 1.5805 3.1704 2.3231 1.4434 1.6369 1.7644 1.5778 1.4577 1.7252 1.9854 1.9122 1.7189 2.1566 2.4464 1.7644 1.8336 2.7754 1.9686 1.4819 2.0111 1.4505 1.9044 2.1266 1.4387 1.8372 1.7446 0.6517 2.6382 2.0648 1.9360 2.1120 1.9981 1.9645 2.9014 1.5943 2.1929 2.2362 1.5669 2.7559 1.4844 0.8559 1.9006 1.4722 2.2643 1.7220 1.6846 2.1316 2.0465 1.6938 1.4340 2.5490 1.4387 1.5509 1.4458 1.6604 2.9241 1.9440 1.8088 1.7914 1.7744 2.5185 2.2362 2.8575 1.6515 1.7413 0.9455 1.7544 1.3344 1.8665 1.6139 1.6253 1.4109 1.5145 2.1824 2.2473 2.0198 1.5430 1.8264 1.7284 1.3862 1.7284 2.4818 1.4625 3.6651 1.4529 1.4340 2.3540 2.1316 2.3540 1.7284 3.1273 1.6876 1.8300 1.3951 2.3603 1.6574 2.0111 1.6969 2.0242 1.7880 1.5562 1.6282 1.8158 0.2316 1.5094 2.5036 2.3231 1.5120 1.7000 1.4968 1.8193 1.9854 1.7189 1.2463 1.5509
HPPV_Hepatitis_G_virus_AB021287.1_E1_20-206_AlphaFold 1.5196 1.6876 2.2932 1.4722 2.0740 2.0881 1.9320 0.0388 1.1502 2.6468 1.8815 0.3831 1.8739 1.6026 1.7812 2.5646 1.8264 3.2787 1.4018 1.8408 2.2417 2.2815 2.0834 2.3478 1.8264 2.1465 2.2529 0.8879 2.8259 2.8792 1.1694 1.9360 1.8480 1.6196 1.2953 1.5145 1.9240 2.1772 1.4201 1.3751 2.3603 1.6427 1.6694 0.0793 2.2306 3.2951 1.9603 2.0242 0.6171 1.8967 2.4963 1.5273 0.0000 1.6604 0.8673 2.2417 1.2873 2.2991 1.9981 1.5247 1.4968 2.5185 1.4018 2.0556 1.7914 2.0420 0.8373 2.1316 2.2306 2.0331 2.6907 0.4280 2.2197 2.2757 1.7778 1.9201 2.5490 1.8967 2.1617 0.0388 1.7744 1.7284 1.4746 1.8018 1.7062 2.2991 1.5970 2.4327 2.0375 2.0420 2.3603 2.0420 1.4649 0.6793 2.5725 0.7952 1.6282 2.2991 1.5351 2.0648 2.3354 1.4722 2.4963 2.9126 2.2252 2.3292 2.0375 2.7181 2.0694 2.0928 2.1465 1.5860 0.0172 2.4746 2.7089 1.7812 2.0375 1.0323 3.0332 2.4963 1.7446 2.3051 1.9562 1.2913 1.1365 2.2932 1.4968 2.2197 1.3578 2.0694 2.0928 2.7656 2.0602 2.1465 1.6907 1.6082 2.6298 1.9240 0.0336 1.9083 1.7812 1.3840 0.5734 1.9400 2.3860 1.3535 1.1554 2.1516 2.4890 2.3171 2.0976 1.2793 1.3157 1.9280 1.5535 2.1617 3.4747 1.3751 2.8683 1.4529 2.6554 2.2700 2.4890 2.3925 1.8967 2.0787 1.8739 2.2757 0.4439 2.9591 1.5696 2.2757 2.0024 2.1876 2.0976 0.0388 1.9400 2.0375 1.6664 0.8447 2.1516 2.6907 1.3034 1.7446 1.3365 2.5413 2.1023 1.9603 1.3449 2.1929
HPHV_Nanhai_ghost_shark_hepacivirus_2_E1_213-403_AlphaFold 2.1566 2.5036 1.3773 1.5696 1.4819 2.0787 1.6139 2.0154 1.7381 2.6818 2.9126 1.8018 2.2529 2.3051 1.5196 1.5805 1.7644 2.0375 2.0024 1.8665 1.7744 1.9440 1.8193 1.3708 1.6604 1.7611 2.2643 1.8444 2.0465 2.4963 2.0198 1.6139 1.6139 1.0742 1.6815 2.2362 2.3731 1.7413 2.0465 1.9728 2.2991 2.6048 1.7349 1.6486 1.1451 2.1720 1.5403 1.8372 2.0556 1.7157 2.2417 2.1120 1.6604 0.0000 2.2197 2.2035 1.7577 1.3773 1.7677 2.0510 2.0375 2.5185 1.5535 1.9481 1.4410 1.7711 1.9562 2.8259 1.5832 2.2143 1.6196 2.0024 1.3281 1.3996 1.7778 1.3621 2.7656 2.0331 2.0111 1.6724 1.3116 1.8264 1.8665 2.0881 2.1465 1.9360 1.9122 2.0787 3.5555 2.2586 1.6427 3.3118 1.7711 2.2362 2.0694 2.1266 3.3118 1.3996 1.9481 1.6282 2.0510 2.2362 1.8853 1.4968 2.0375 2.0286 2.4675 1.8815 1.9645 1.9161 2.0331 0.7549 1.6604 2.1566 2.0331 1.5247 1.7413 2.2143 2.4890 1.5696 1.9083 2.4604 2.2035 1.6724 2.1982 2.8902 2.0976 1.3281 1.8018 2.1168 2.4057 2.1023 1.6754 2.4534 1.8554 2.4890 2.6554 1.5509 1.6282 2.0286 1.5325 2.2143 1.9400 1.7220 1.5696 2.3171 1.7778 1.4340 2.2586 1.9240 5.0250 1.8444 1.5018 2.0648 1.8853 1.5615 2.3603 2.3860 2.4191 2.1516 1.7000 2.8054 2.0024 1.7316 1.8018 2.1365 1.8229 3.2951 1.8777 2.5413 1.5669 1.8053 1.7880 1.9360 1.7062 1.8702 1.9360 1.7094 2.6641 1.8739 2.1929 2.6130 2.0648 2.1415 2.0602 1.7611 1.3556 2.1929 2.0556 1.3492
HPPV_Bat_pegivirus_PDB-491.2_E1_104-287_AlphaFold 1.4018 2.4890 2.4464 1.7094 1.8554 1.8554 1.6456 0.9023 1.0663 2.1168 2.0375 0.8801 1.8665 1.7644 2.2473 1.8018 1.9854 2.2529 1.2255 2.3925 2.0694 1.8815 1.8372 1.8929 2.4191 1.9161 3.1133 0.3303 1.8777 2.3171 1.3239 2.0976 1.9981 1.7611 1.6846 1.3075 2.0648 2.3354 1.4505 1.5222 2.3051 2.3991 1.6253 0.9922 2.0834 1.4625 2.6554 2.2932 0.8058 1.9161 2.0465 1.2675 0.8673 2.2197 0.0000 1.9481 1.6253 2.2362 1.8088 1.6196 1.4577 1.9686 1.4649 1.8967 1.6545 2.2529 0.4201 2.1929 2.1168 2.2197 2.2874 0.9142 1.8372 2.2473 2.0111 1.5299 2.2815 2.1876 2.0286 0.8957 2.1516 1.9603 1.4340 1.7711 1.7511 2.3991 1.8480 1.9320 2.0881 2.3603 1.8018 2.3231 1.6369 0.8447 2.3540 0.7766 2.5725 2.1720 1.5998 1.9896 2.2197 1.2387 2.1516 2.2252 2.1266 1.9562 1.9280 2.1120 2.3667 1.8591 1.8229 2.4890 0.8931 2.3925 2.0024 2.5185 2.1720 1.0538 2.9591 2.0465 1.5887 2.0694 2.0420 1.6515 0.8178 2.2586 1.1782 1.8123 1.5273 2.0198 2.3171 2.2473 1.9939 2.1617 1.9240 2.3354 2.4258 2.2932 0.8724 2.0787 2.2362 2.3667 0.8724 1.4293 1.7949 0.7870 1.2425 1.9854 2.1266 2.0111 2.6382 1.7446 1.1782 1.6604 1.9240 1.9603 2.6298 1.3323 2.3416 1.8018 1.8088 2.2252 2.1668 2.3478 2.0510 2.0881 2.2932 2.5805 0.9223 2.9832 1.6846 2.1071 2.2643 2.0420 2.1772 0.8447 1.6664 1.9645 1.4387 0.5940 2.1071 2.2529 1.6224 1.5456 1.7479 2.3051 2.4258 1.8408 1.0870 1.8088
PLPV_Pangolin_pestivirus_1_isolate_ZJ-F1_E1_501-699_AlphaFold 2.2417 1.0158 2.4191 2.1824 2.1415 2.4963 2.3540 2.6298 2.3354 1.6082 1.1131 2.3231 2.0198 2.5413 1.8591 2.5646 2.7181 2.6998 2.1120 2.4124 2.7181 2.3478 2.6468 2.2586 2.4746 2.3540 2.4124 2.1266 2.6468 1.1537 2.8575 3.2787 2.1929 2.0198 2.2417 2.0694 1.2973 3.1273 2.4675 2.5885 2.5725 1.4819 2.4258 2.0648 2.8363 1.3686 2.5336 3.1133 2.6130 2.8054 2.1720 2.4963 2.2417 2.2035 1.9481 0.0000 2.3603 2.2700 2.1217 2.2932 2.1516 0.9441 2.1668 2.3540 2.1365 1.8815 2.0375 1.2034 3.0859 2.3731 2.5490 2.1566 1.7744 2.6048 2.3860 2.4963 0.3578 2.6214 2.2586 2.3416 2.5885 1.8229 2.2252 2.5805 2.6382 2.2991 2.1617 1.9603 0.4635 2.1217 3.0995 0.4391 2.2815 2.7181 1.3302 2.3416 0.5186 2.2700 2.4963 1.8815 2.1365 2.3925 1.1264 2.3231 3.0205 3.3812 2.2815 2.6641 1.1606 2.9473 2.1465 2.4464 2.5725 1.4649 2.3478 1.9562 2.4464 2.2089 1.1997 2.4191 2.7089 1.6634 2.5490 2.5490 2.8902 1.2293 2.2197 2.3667 3.3812 1.9769 1.0323 2.4395 2.4746 2.6554 2.3925 1.3492 1.1502 2.7368 2.3795 2.2991 1.8591 3.0592 2.3731 1.9360 1.7644 2.1824 2.7853 2.6729 2.1316 1.7880 0.5865 2.2362 2.4395 2.0420 2.6130 2.0331 0.4851 2.4191 1.1554 2.3540 2.2089 1.2387 2.8575 2.5966 2.6048 1.6196 2.2306 0.5082 2.2143 1.2406 2.1120 3.4747 2.6214 2.7656 2.1120 2.6641 2.5966 2.6298 1.6664 2.3051 0.9692 0.9735 2.1929 2.1120 2.2417 1.8628 2.4191 2.5336 2.2362 2.8469
HPPV_Rodent_pegivirus_05VZ-14-Rat070_E1_233-413_AlphaFold 0.7426 2.2700 2.2473 0.7239 1.4968 1.9854 1.7677 1.6604 1.4968 2.1876 2.0286 1.3302 1.9562 1.1943 2.0067 1.6139 2.1120 1.9201 1.4993 1.7479 1.9240 1.8815 1.7544 1.5832 1.9981 1.8777 1.8777 1.5377 2.0198 1.9161 1.3136 1.8517 1.8967 1.6545 0.0578 1.4529 2.0602 1.9521 1.4109 0.8154 1.7949 2.0834 0.7940 1.4410 1.7094 2.3292 2.1876 1.9240 1.7812 1.6167 1.6515 1.6026 1.2873 1.7577 1.6253 2.3603 0.0000 2.2473 1.6604 1.0585 0.8324 2.3478 0.4327 1.9044 1.7094 1.6724 1.4869 2.4057 1.8702 2.0648 2.4890 1.3664 1.6486 2.1415 2.0740 1.5247 2.2089 1.9562 1.7544 1.3302 1.5669 1.7062 0.6407 1.9360 2.2700 1.7846 0.5265 1.7644 2.3667 1.7644 2.0465 2.6998 1.7316 1.6054 1.6026 1.4270 2.3731 2.2473 1.5915 1.6907 1.9006 1.7000 2.2932 2.0602 1.6724 2.3795 2.6729 1.8815 2.2643 1.8891 2.1071 1.6604 1.4247 2.2757 1.8193 2.1668 1.7914 1.3281 2.1668 1.9280 0.5762 2.1415 1.7983 0.4953 1.5562 2.3478 1.4018 1.6664 0.7917 1.7000 2.3860 1.9240 1.7094 2.0787 1.9728 1.8628 2.5036 2.0881 1.3428 1.7284 2.0834 2.2700 1.4943 1.7381 1.6253 1.5351 1.3198 1.6969 1.9896 1.7914 2.8156 0.4586 1.3686 0.5497 1.8591 1.5750 2.2197 1.4340 2.1365 1.2501 1.5589 2.2362 1.8336 2.0787 1.7349 2.1720 2.3795 2.6214 1.3996 2.4604 1.5403 2.0740 1.8372 1.9161 1.8628 1.4041 1.7949 1.8517 1.5535 1.3929 2.2089 2.2252 0.4375 1.9686 0.4327 1.9562 2.2473 1.9854 1.4247 1.5377
HPHV_Hepacivirus_F_isolate_MgHV3_E1_146-332_AlphaFold 1.8158 2.7953 0.0223 1.6026 1.3621 1.7677 1.5430 2.2643 2.0331 2.2643 2.7181 1.7711 1.8891 2.1824 0.3801 1.9122 0.4327 1.9440 2.2700 0.6751 0.6960 1.2793 1.2330 1.4155 0.2367 1.8665 2.2417 1.7711 2.1465 2.4327 2.0154 0.3534 0.8931 1.7577 2.1982 2.1772 2.5036 0.5912 2.0286 1.7413 1.3951 2.5490 1.9939 2.4746 1.5069 2.3354 0.3861 0.7549 2.2089 1.1098 1.9686 2.1266 2.2991 1.3773 2.2362 2.2700 2.2473 0.0000 1.6664 2.7368 2.0198 2.9241 1.5832 1.3428 1.4434 1.9006 1.9481 2.6554 1.6139 0.8622 0.5318 1.7677 1.9603 0.0274 1.0069 1.6969 2.7853 2.3667 1.0616 2.3925 1.3862 1.5589 1.9280 1.9440 2.3991 2.1772 1.9400 1.3471 3.1558 1.9811 0.9864 2.7368 2.2991 2.4464 2.3171 1.8264 3.3634 0.0060 1.7157 0.8698 2.0331 2.1415 2.5885 2.2306 2.2932 1.7252 2.1617 2.1217 2.6818 1.8665 1.9728 2.1617 2.1266 2.1824 1.7812 0.3968 0.6190 1.5998 2.2991 0.4311 1.5299 2.5260 1.8853 1.9939 1.7511 2.6468 2.0740 1.7949 1.8777 1.2293 2.5110 1.3973 1.4918 0.6337 1.5998 3.1414 2.6907 0.2830 2.3925 1.1164 0.3801 0.8622 2.0198 1.8628 1.7611 2.0286 1.8123 1.3884 2.8363 1.1399 2.5567 1.8891 1.7778 1.7914 1.9161 1.8229 2.1266 2.0881 2.4746 1.9939 1.9201 2.4534 0.7561 0.4488 0.6477 2.3731 1.6054 2.9014 2.1071 2.6382 1.8591 0.6855 0.6367 1.0369 0.3644 2.2143 1.3929 0.6190 2.6130 2.2643 2.2586 2.4818 2.0420 2.0198 1.8264 0.9023 0.0060 1.9201 2.3171 1.8815
HPHV_Hepacivirus_K_E1_191-383_AlphaFold 1.9400 2.0834 1.4434 1.6026 1.5018 1.5044 1.4649 2.4124 1.5562 2.3478 2.1668 1.5145 1.4746 2.4057 1.9044 1.4918 1.6111 1.4869 1.7577 1.5998 1.9240 1.5915 1.3929 1.6398 1.4968 1.6427 2.1617 1.5273 1.4577 1.9854 1.8480 1.7349 1.4247 1.5018 1.8018 1.4387 1.4458 1.4247 1.8777 1.6139 1.3751 1.3365 1.8929 2.3051 1.7914 2.5805 1.7812 1.6340 1.7544 1.3449 1.6196 1.8444 1.9981 1.7677 1.8088 2.1217 1.6604 1.6664 0.0000 1.6876 1.7914 2.2473 1.5403 1.5615 1.6907 1.4869 1.7577 2.7754 1.4894 1.7544 1.6664 1.6486 1.5170 1.4673 1.4018 1.5970 2.3925 1.7220 1.4481 2.0286 1.3686 1.3929 1.9440 1.3116 1.5094 1.6515 1.9320 1.4770 2.6641 1.2695 1.9854 2.2035 1.4434 2.0420 2.2991 2.0928 2.1168 1.6664 1.5509 1.4201 1.2463 1.6664 2.3292 1.9320 1.5120 1.5018 1.5170 1.3996 2.3231 1.4434 1.5887 1.4770 2.2035 2.3111 1.6311 1.7677 1.5299 1.5069 2.2643 1.4968 1.9280 2.6214 1.6515 1.7189 1.4869 2.3111 1.5915 1.3951 2.1217 1.6253 2.5490 1.6969 1.3686 1.5377 1.6486 2.1168 2.4890 1.6724 2.0787 1.5887 1.7316 1.8739 1.8264 0.7316 1.3323 1.6938 1.7252 1.4132 2.9711 1.5696 2.1929 1.6196 1.8739 1.7000 1.2873 1.3177 2.6907 1.5778 2.8469 1.8408 1.5196 3.2787 1.6139 1.4577 1.6907 2.3540 1.5535 2.5260 1.7157 2.1516 1.4673 1.8480 1.6515 1.3034 1.5509 2.2143 1.7252 1.4434 1.6724 1.6427 2.3860 2.2815 1.8264 1.5778 1.8264 1.3323 1.4434 1.6369 1.7949 1.4293
HPPV_Pegivirus_G_E1_285-477_AlphaFold 1.0585 2.5646 2.7754 0.8648 1.6907 1.9240 1.8554 1.6026 1.2482 2.5036 1.9360 1.2162 1.7349 1.7446 2.3795 1.9044 2.2089 1.7949 1.5456 1.7644 2.5805 2.1023 2.1982 1.9201 2.3354 1.7479 1.8591 1.5247 2.0694 2.0286 1.6969 2.3540 2.6298 1.6694 0.9850 1.5589 1.3906 2.2586 1.3198 0.9223 1.9769 1.7846 0.6608 1.5094 1.9360 2.3925 2.3603 2.3667 1.3365 2.2197 2.0067 1.5120 1.5247 2.0510 1.6196 2.2932 1.0585 2.7368 1.6876 0.0000 1.0263 2.6641 0.9386 1.8891 1.8018 1.8891 1.3929 1.9603 2.0465 2.2586 2.2700 1.3136 1.8444 2.6641 2.0242 1.6694 2.3667 2.2417 1.6846 1.6311 1.8053 1.8891 0.8750 1.9645 1.9161 1.8777 0.9951 2.0976 2.5260 1.8300 2.4746 2.1266 1.9811 1.4601 2.2757 1.6574 2.2143 2.7368 1.8480 2.2700 2.0787 1.6427 2.6382 1.5805 2.1929 2.3416 2.2143 1.8123 2.7559 2.1316 1.6111 2.1316 1.6139 2.2643 1.8967 2.3111 2.3231 1.3365 2.2932 2.5260 0.9721 2.2252 1.8229 0.9250 1.5094 2.5336 1.4577 1.8739 0.7731 1.7949 2.1668 2.5567 2.0198 2.2991 2.0111 1.6456 2.9014 2.2362 1.5860 1.8554 2.2143 2.1720 1.4434 1.1554 1.9728 1.7812 1.1925 1.8300 2.0331 2.4327 1.9686 1.0054 1.5615 0.9358 1.6311 1.7252 1.9811 1.6311 2.3860 1.5018 2.0154 2.1365 2.5646 2.3795 2.1929 2.3478 1.9939 1.8739 1.3817 2.3292 1.7349 2.6641 2.4818 1.9044 2.3111 1.6369 1.8929 2.4746 1.6754 1.6282 2.8054 2.4746 0.9413 1.8628 0.9399 2.3354 2.7754 1.8517 1.3095 1.8739
HPPV_Wufeng_Crocidura_attenuata_pegivirus_1_E1_167-348_AlphaFold 0.0284 2.1316 1.7778 0.6557 1.9481 2.0510 1.9481 1.6456 1.5805 2.1720 1.7846 1.3075 2.3354 1.2833 1.4086 1.5943 1.8480 2.5567 1.5915 1.8444 1.7949 1.7544 2.0465 1.6876 2.0331 1.8777 2.0976 1.2893 2.1876 1.7413 1.5915 1.7157 1.8158 2.1566 0.7338 1.7220 1.7949 1.8264 1.7711 0.9009 1.8628 1.7031 0.9277 1.3177 2.3603 2.6298 2.0465 1.7062 1.7744 1.7880 2.2932 1.4434 1.4968 2.0375 1.4577 2.1516 0.8324 2.0198 1.7914 1.0263 0.0000 2.5567 0.6249 1.8300 1.5589 2.0375 1.8777 2.3171 1.8591 1.7983 2.0198 1.4064 1.7544 2.1217 1.7031 1.8123 2.1720 1.9044 1.5456 1.3906 1.5970 1.5589 0.7663 2.0420 2.1217 2.3292 0.5846 1.8929 2.1217 2.0740 2.0648 2.4258 1.4968 1.6724 2.4963 1.4601 3.0461 1.9854 1.7446 1.7812 1.9161 1.8853 2.5185 2.6729 2.1929 1.9811 2.1720 2.0154 2.2700 2.1217 1.6724 2.2874 1.5196 2.1316 2.1516 1.8229 1.6876 1.4746 2.3603 1.6224 0.6731 2.2932 2.4746 0.7595 1.2695 3.0205 1.3642 1.7157 0.8422 1.4770 2.2197 2.0556 1.7949 1.7284 2.0465 1.8702 1.7220 1.8702 1.4201 2.0375 1.5778 1.7381 1.7349 2.3991 1.6969 1.8158 1.2199 1.8229 2.1415 1.9645 2.3540 0.7003 1.4625 0.6367 1.9939 1.8300 2.5413 1.3621 2.3603 1.4673 1.6938 1.9769 1.7983 1.7949 1.6694 2.0024 2.3925 1.8628 1.5535 2.3416 1.7577 1.8815 1.6282 1.6846 1.9161 1.4132 1.6340 1.6545 1.7252 1.7479 2.3991 2.2473 0.6367 2.2473 0.6577 1.8665 1.7577 2.2757 1.2833 1.7644
PLPV_Porcine_pestivirus_isolate_Bungowannah_E1_498-694_AlphaFold 2.0198 0.8983 2.6048 1.5325 2.0024 3.2951 2.7274 1.8665 2.4675 1.4505 0.9552 2.7181 2.6130 2.2306 2.9832 1.9854 2.5413 3.3993 1.7711 2.5110 2.9241 3.1273 2.3667 2.3860 2.5185 2.3991 2.1415 1.9939 2.9832 0.5151 2.8469 2.5336 2.4327 2.1617 2.3478 2.5336 1.2993 2.4604 2.7953 2.2874 2.1720 1.2913 3.1414 2.0556 2.4124 1.0069 2.9955 2.1982 2.7274 2.4258 2.2757 2.0648 2.5185 2.5185 1.9686 0.9441 2.3478 2.9241 2.2473 2.6641 2.5567 0.0000 1.7983 2.2586 1.9645 2.0154 2.6998 0.9951 1.7413 2.0928 2.3292 2.8363 2.2252 2.8363 2.2197 2.0111 1.1264 2.6818 2.3231 2.1929 2.3478 2.6130 1.8408 2.4191 2.3111 2.9711 2.5725 2.0740 1.0247 2.2991 2.4057 0.9908 2.2586 2.1168 0.8983 1.8929 1.2181 2.9356 2.5260 2.0740 2.2362 2.8902 0.8866 2.4604 2.6818 2.7754 1.9645 1.3136 0.9594 3.3287 2.4890 2.4191 2.3292 1.5642 3.1558 3.1558 2.1023 2.4327 0.8957 2.3731 2.5646 1.7744 3.6200 2.0834 2.6998 0.9386 2.7368 2.2586 2.5646 2.8575 0.8597 2.4464 3.0332 2.3603 2.4604 1.1081 0.5744 2.5185 2.2362 2.4534 2.6998 2.5413 2.5725 2.4191 2.1316 2.4124 2.4534 2.0648 2.0024 2.4057 1.2199 2.5490 2.2991 2.0154 2.4818 2.4746 1.0726 2.2991 0.9250 2.8054 2.1120 0.9778 2.5490 2.2757 2.2197 1.5299 2.0648 1.5615 3.1852 0.8202 2.0198 2.9014 2.1168 2.6818 2.3860 2.2362 2.4057 2.1516 2.3171 2.2306 0.8166 0.7905 1.8554 2.5725 1.9854 2.3354 2.6818 2.8792 2.5036 2.2417
HPPV_Longquan_Niviventer_fulvescens_pegivirus_E1_225-423_AlphaFold 0.6210 2.1929 1.5860 0.5090 1.7157 1.7349 1.6340 1.3884 1.4410 2.4258 1.9645 1.2274 2.2035 1.1694 1.5145 1.7778 1.9044 1.9645 1.3929 1.6545 1.6876 1.8591 1.5723 1.7880 1.7381 2.0648 2.2991 1.4819 1.7413 1.9240 1.3556 1.7316 1.6340 1.6340 0.4327 1.7031 1.5832 1.6545 1.4869 0.7917 1.9896 1.3471 0.7999 1.6369 1.9811 2.6130 1.5145 1.7914 1.4410 1.7252 1.6969 1.5325 1.4018 1.5535 1.4649 2.1668 0.4327 1.5832 1.5403 0.9386 0.6249 1.7983 0.0000 1.5998 1.5170 1.7644 1.5170 2.0198 1.8702 1.7949 1.8777 1.2953 1.9006 1.5915 1.5642 1.3929 2.7656 2.0556 1.5247 1.4224 1.5351 1.7284 0.6628 2.2473 2.2417 2.1929 0.4537 1.9645 2.1023 1.9521 1.8336 1.8777 1.6282 1.6846 1.6574 1.6026 2.0286 1.5832 1.5915 1.7031 1.9320 1.5222 2.2089 1.8300 1.9854 2.3991 2.4746 2.1120 2.2643 1.7744 1.7744 1.8891 1.3535 2.3478 1.9645 1.5750 1.6398 1.3407 2.3354 1.6754 0.6190 2.3540 1.9122 0.4987 1.3664 2.1168 1.4247 1.8336 0.7999 1.4673 2.1876 1.8158 1.2425 1.7316 1.8053 1.8891 1.8480 1.9896 1.4577 1.8300 1.4387 1.8018 1.6196 2.1365 1.7031 1.5509 1.3054 1.7349 2.3667 1.8123 1.9161 0.4280 1.3302 0.4843 1.7413 1.7711 2.3171 1.5273 2.2035 1.3996 1.7413 1.9201 1.6054 2.0286 1.5018 2.0602 2.2143 1.7914 1.5456 1.9854 1.6196 1.7252 1.5887 1.6876 1.7611 1.3884 1.4178 1.6574 1.7446 1.4601 2.1217 2.1876 0.0300 1.9083 0.0111 1.5915 1.5860 1.7880 1.2598 1.7511
HPHV_Guereza_hepacivirus_E1_180-392_AlphaFold 1.8053 2.4890 1.3302 1.9645 1.7983 1.7157 1.5247 1.9728 1.7413 2.3795 2.0465 1.9161 1.7846 1.9896 1.3054 1.5069 1.3773 1.9201 1.7220 1.3323 1.2754 1.5222 1.3686 1.5887 1.1519 1.9044 2.0198 2.0787 1.7914 1.7677 1.8815 1.1589 1.0158 1.9320 1.8372 1.9006 1.7880 1.3116 2.1023 1.6604 1.4109 1.6139 1.9939 1.8193 1.9400 2.2815 1.3492 1.3664 2.3292 1.2774 1.8815 1.7812 2.0556 1.9481 1.8967 2.3540 1.9044 1.3428 1.5615 1.8891 1.8300 2.2586 1.5998 0.0000 1.1871 1.4201 1.8665 2.2143 1.7031 1.3157 1.4340 1.9769 1.4819 1.3034 1.2559 1.7189 2.3667 2.1120 1.2953 1.8591 1.5669 1.4064 1.8444 1.8517 2.1120 2.0694 2.0787 1.3116 1.9521 1.9440 1.2406 2.0694 2.3540 1.9939 1.8264 1.7778 2.2991 1.3428 2.1516 1.3075 1.8517 1.6026 2.6214 2.1617 1.7914 1.8628 2.0881 1.6876 2.3991 1.6054 1.8193 1.9728 1.8777 1.9645 1.8628 1.3302 1.3054 2.0024 2.6554 1.1264 1.9981 2.4604 2.1120 1.8554 1.8444 2.4327 1.9122 1.4770 1.8853 1.2406 2.3731 1.4697 1.4894 1.2675 1.8300 1.9006 1.9562 1.3281 2.0510 0.3892 1.4064 1.3302 2.3292 2.1772 1.4529 1.9728 1.9161 1.5170 2.2815 1.3095 1.6398 1.8336 1.9811 1.7880 1.4317 1.8444 1.8554 1.9981 1.9562 1.6574 1.5778 1.8702 1.3686 1.2387 1.2813 2.2586 1.8300 2.9955 1.8967 2.3354 1.9686 1.3884 1.2913 1.3344 1.1711 1.8517 1.2368 1.3219 1.5887 1.8891 2.2991 2.5885 1.7511 1.7880 1.6369 1.3556 1.3492 1.7914 1.9481 1.5120
HPHV_Wenzhou_Apodemus_agrarius_hepacivirus_1_E1_161-344_AlphaFold 1.6054 2.0154 1.3884 1.5805 1.6634 1.7252 1.6969 1.8929 1.8018 2.1617 1.8053 1.6427 1.9521 1.8264 1.4968 1.3729 1.4577 1.6369 1.8480 1.2675 1.1016 1.3302 1.1032 1.4293 1.3302 1.8088 1.8229 2.3416 1.9083 1.4649 1.5915 1.2482 1.3014 1.5456 1.6515 1.5273 1.4201 1.3302 1.6664 1.7778 1.2953 1.0951 1.7157 1.7413 1.1764 2.4604 1.5669 1.0902 1.5998 1.2107 1.7812 1.7316 1.7914 1.4410 1.6545 2.1365 1.7094 1.4434 1.6907 1.8018 1.5589 1.9645 1.5170 1.1871 0.0000 1.5696 1.8408 2.2197 1.5860 1.0951 1.5069 1.6082 1.3578 1.3407 1.0399 1.6398 2.4258 2.0787 1.3239 1.7349 1.6427 1.5377 1.9360 1.6545 1.5482 2.1168 1.7157 1.1676 2.8575 1.7031 1.2255 2.4464 2.2700 1.7413 1.8853 1.8628 2.1516 1.4434 1.7544 1.1434 1.5589 1.5430 1.9645 1.5562 1.8517 1.7744 1.8372 1.5018 1.7846 1.9122 1.7778 1.3708 1.8517 2.1071 1.6846 1.4577 1.1676 1.3729 2.2815 1.1997 1.6167 2.3231 1.9201 1.6664 1.8665 1.8193 1.9981 1.3428 1.6224 1.1264 2.1316 1.2617 0.8324 1.1451 1.3862 1.9006 1.6785 1.5273 1.7880 1.1417 1.4317 1.1147 1.8891 1.2199 1.4918 1.4340 1.6846 1.3578 2.2932 1.3729 1.7413 1.8517 1.7413 1.4270 1.7949 1.5778 2.7089 1.6340 2.1876 1.8853 1.3996 1.8018 1.2237 1.1659 1.1676 2.0242 1.3929 1.9400 2.1120 1.8158 1.6969 1.0918 1.1676 1.1399 1.2070 1.8702 0.0336 1.1247 1.8665 1.8444 2.1720 2.1566 1.6311 1.4064 1.6224 1.1537 1.3884 2.0375 1.9854 1.3578
HPHV_Chinese_softshell_turtle_hepacivirus_E1_301-487_AlphaFold 1.7031 2.3416 1.9811 1.7189 1.6196 1.4993 1.7316 2.1217 1.6694 2.5646 2.0976 1.7062 1.9006 1.5696 1.8517 1.3492 1.7677 1.6664 1.7189 1.5589 1.6253 1.5915 1.5998 1.3239 1.7744 1.8444 1.8444 1.6664 1.7611 1.8702 1.8591 1.4340 1.6427 1.3708 1.7157 1.3708 2.7463 1.3513 1.9006 1.9562 1.4869 1.7914 1.6545 2.4818 1.7284 2.4124 1.7577 1.6082 2.4534 1.4869 2.0465 1.4844 2.0420 1.7711 2.2529 1.8815 1.6724 1.9006 1.4869 1.8891 2.0375 2.0154 1.7644 1.4201 1.5696 0.0000 1.9083 2.1465 1.4819 1.4673 1.7949 1.8444 1.3449 1.9521 1.5403 1.1889 2.8575 2.0465 1.3428 2.0976 1.6167 1.4224 2.0834 1.5145 1.6282 1.8777 2.0928 1.5535 2.1120 1.5403 1.7220 2.1720 1.3492 2.0740 1.7644 2.0465 2.2252 1.9006 2.1168 1.8372 1.5943 1.5696 2.6729 1.4673 1.7812 1.9481 1.5222 1.5589 2.5885 1.6398 1.8336 1.1835 2.1824 2.6554 1.7094 1.6664 1.6253 1.8088 2.8575 1.5299 1.6785 2.1566 1.7644 1.7677 2.0067 2.5260 1.7949 1.3407 2.0602 1.6664 2.6818 1.5860 1.2501 1.4673 2.1824 2.3478 2.0834 1.7644 2.2143 1.6311 1.6938 1.4086 2.1120 2.0111 1.3116 1.4577 1.8628 1.4041 2.4675 1.7611 7.4191 1.8517 2.1772 1.9811 0.3861 1.6907 3.3459 1.6785 2.7368 2.0331 1.3751 2.1929 1.9044 1.6969 1.4387 2.8156 2.1566 2.6998 1.8444 2.4395 1.6082 1.6815 1.5299 1.4247 1.9521 2.1071 1.6167 1.6224 1.5430 1.8554 2.3603 3.3459 1.6815 1.6340 1.6876 1.8702 1.9811 1.6634 1.5915 1.3951
HPPV_Bat_pegivirus_PDB-838_E1_102-284_AlphaFold 1.4722 2.1617 1.9440 1.4770 1.5018 1.6456 1.4770 0.8373 0.9358 2.1720 2.2874 0.7987 2.0694 1.5170 2.0154 1.5145 1.9939 1.9769 1.2853 1.8158 2.1120 1.6604 1.7413 1.7949 2.3925 2.0067 2.0510 0.3637 1.7846 2.1720 1.3492 1.9854 2.1617 1.7744 1.5669 1.2482 1.8967 1.8444 1.3239 1.3906 2.2473 2.6130 1.6111 0.9209 1.7413 2.4818 1.9280 2.0198 0.7482 1.9044 2.3354 1.2793 0.8373 1.9562 0.4201 2.0375 1.4869 1.9481 1.7577 1.3929 1.8777 2.6998 1.5170 1.8665 1.8408 1.9083 0.0000 2.0834 2.0067 2.1365 2.4191 0.8106 1.7711 2.0834 1.6724 1.7031 2.0881 2.2089 1.5887 0.8648 2.2252 1.9686 1.4943 2.1071 1.7157 2.1668 1.6224 2.0198 1.8408 1.8702 1.8193 1.9811 1.8088 0.7731 2.1465 0.6527 2.0465 1.9083 1.4434 2.0694 2.0694 1.3996 2.2089 2.1217 2.1071 2.1824 1.8300 1.9481 2.3111 2.0024 2.2417 2.7181 0.8522 2.3478 1.8777 2.0331 1.9360 0.9062 2.2991 1.8929 1.7577 1.8229 1.9686 1.4819 0.8660 2.2143 1.0461 1.8554 1.6545 1.8088 2.3292 1.9686 2.0024 1.9939 1.8891 2.3925 2.8054 2.2815 0.8673 1.8929 2.1465 2.0465 0.7870 2.0510 1.9122 0.7527 1.0491 2.0111 2.0420 2.2757 2.4746 1.4109 1.2933 1.8444 1.7381 1.8777 2.2757 1.2893 2.1617 1.4553 1.7914 2.0465 2.0242 2.1982 1.9769 2.0286 2.4604 1.9981 0.8251 2.0556 1.7880 2.2197 2.0556 1.7644 2.0331 0.8522 1.9006 2.1982 1.3973 0.4851 2.1617 2.2197 1.5482 1.5970 1.5750 2.0111 1.9400 1.5887 0.9182 1.7446
PLPV_Pestivirus_strain_Aydin04-TR_E1_496-690_AlphaFold 2.6298 0.8373 2.9126 1.9240 2.1516 2.5336 1.8739 2.2874 2.0834 1.4481 0.1154 2.2197 2.6729 2.1772 3.4177 1.7094 3.2002 2.5885 2.0834 3.1852 2.5110 2.7089 2.7368 1.8591 3.1558 2.8575 2.2757 2.3795 2.6468 0.9552 2.0976 3.5555 2.3860 4.7671 2.5413 1.6456 0.2898 2.2252 2.3731 1.8967 1.8815 0.2939 3.2002 2.2197 2.9014 1.1925 5.7354 4.8160 2.4327 2.2700 2.8363 2.1120 2.1316 2.8259 2.1929 1.2034 2.4057 2.6554 2.7754 1.9603 2.3171 0.9951 2.0198 2.2143 2.2197 2.1465 2.0834 0.0000 2.6468 2.5185 2.1415 2.4395 1.7479 2.6818 2.1120 2.2815 1.2598 2.7853 2.4327 1.9161 1.8591 1.9201 1.7914 2.3171 2.5185 2.6214 2.1168 2.3354 1.3198 2.5110 2.9955 1.1925 3.2154 2.3540 1.1889 1.6664 1.2181 2.7463 3.5144 2.2586 2.8575 2.0510 0.2776 2.5725 2.8683 2.3292 3.3287 2.5490 0.4343 2.6907 1.8815 2.1415 2.3051 1.6969 2.6907 3.1273 2.7656 2.1772 0.2629 2.2991 2.4258 1.8777 3.2951 1.8336 2.3540 0.0631 2.6468 1.9320 2.1876 2.2417 0.2406 2.4057 2.0976 3.5144 2.2643 0.2830 0.8905 2.7368 2.2757 2.2586 3.4944 2.5490 2.2143 3.4553 1.7914 2.2874 2.2035 1.7381 1.7062 2.5413 1.3281 2.3667 2.0067 2.2473 2.5567 2.1217 1.1835 2.2417 0.3622 2.6818 1.9122 1.2578 2.6382 3.1704 2.4675 1.5325 1.6664 1.3177 2.5725 0.2576 1.7511 2.7089 2.7853 3.2309 2.5413 2.2529 2.1668 2.4890 1.8300 2.2586 1.0338 1.1417 2.1668 1.9896 2.1023 2.3231 2.7368 2.5490 2.6130 1.9083
HPHV_Xiamen_sepia_Stingray_hepacivirus_E1_430-621_AlphaFold 2.0067 2.0286 1.6139 1.9728 1.5196 1.8229 1.4625 1.9400 1.8336 2.3925 2.2815 2.1316 1.9481 1.7511 1.2715 1.6694 1.7316 1.9320 1.5750 1.5273 1.7031 1.5351 1.5535 1.4201 1.5723 1.8088 2.0694 2.1876 2.1824 1.7812 1.7316 1.5509 1.6082 1.5069 1.7846 1.6082 2.5885 1.3951 1.8123 2.1217 1.5615 2.3925 1.9939 3.1273 1.8053 1.8053 1.6398 1.8665 2.1824 1.4481 2.1120 1.4993 2.2306 1.5832 2.1168 3.0859 1.8702 1.6139 1.4894 2.0465 1.8591 1.7413 1.8702 1.7031 1.5860 1.4819 2.0067 2.6468 0.0000 1.5403 1.5915 1.8158 1.3840 1.6282 1.4746 1.2754 2.3540 1.7983 1.3599 1.8777 1.4201 1.6167 2.2362 1.6398 1.7349 2.2252 1.9161 1.5750 3.2002 1.7125 1.6754 2.3051 1.6846 2.4534 1.9481 1.9440 2.6907 1.6139 1.8408 1.3840 1.7511 1.9854 2.2362 1.9280 1.9686 1.9728 1.8123 1.7189 2.2252 1.9854 1.7125 1.3751 2.0154 2.5490 1.9400 1.3386 1.6785 1.8739 1.7189 1.4109 1.9161 2.4057 2.5336 1.7094 1.8158 2.1876 1.7744 1.4795 2.0740 1.4943 2.6048 1.6876 1.9481 1.5145 1.9083 2.5490 2.2815 1.5915 1.9440 1.7511 1.5377 1.5832 2.4818 2.0510 1.7157 1.4918 1.8158 1.3795 2.0154 1.7284 2.9014 1.7914 1.8336 1.9481 1.9320 1.2425 2.9014 1.8554 2.2306 2.0242 1.4968 2.2473 1.5299 1.7413 1.6604 2.5805 2.1217 2.6907 1.8967 2.4258 1.5222 1.7189 1.7189 1.4340 1.4201 1.8300 1.5943 1.7094 1.9481 1.8264 2.6641 2.4464 1.9854 1.5970 1.9360 1.4293 1.5887 1.6754 1.9280 1.5509
HPHV_Wufeng_Niviventer_niviventer_hepacivirus_1_E1_213-405_AlphaFold 1.6754 3.9761 0.8673 1.8891 1.5430 2.0375 1.7812 2.4124 1.9728 2.7463 2.9241 1.8193 1.6938 2.2035 0.7882 1.5273 0.7663 1.8929 1.6754 0.6407 0.2919 1.3302 0.9692 1.6604 0.6229 1.8408 2.3111 2.8054 1.9981 2.2035 1.5069 0.6258 0.9023 1.9280 1.9044 1.8517 4.7194 0.5809 1.9320 2.1617 1.0158 2.1772 2.1720 2.3925 2.1720 2.3416 0.7812 0.0213 2.6130 1.0278 1.0934 1.7983 2.0331 2.2143 2.2197 2.3731 2.0648 0.8622 1.7544 2.2586 1.7983 2.0928 1.7949 1.3157 1.0951 1.4673 2.1365 2.5185 1.5403 0.0000 0.7777 1.5750 1.6694 0.8750 0.6741 1.5222 2.3231 2.4675 1.0430 2.4327 1.7544 1.7094 1.5998 1.6026 1.9686 1.4132 1.9562 1.0934 2.4464 1.6111 0.7549 2.4890 2.4191 2.1023 2.0928 1.6724 2.6048 0.8622 2.3111 0.9062 1.7577 2.0928 2.2932 1.9854 1.9521 1.6969 2.3925 1.5535 2.4963 2.0154 2.0834 2.2035 2.3354 1.9896 1.5351 0.7847 0.5997 1.7157 2.6130 0.6659 1.9320 2.1772 1.9854 1.7846 2.0375 2.3925 1.9006 1.5273 2.1876 0.9580 2.2035 1.0870 1.9201 0.0161 1.4018 2.3354 2.1516 0.8142 2.2252 1.2993 0.6992 0.0161 2.1365 1.7644 1.6026 1.8300 1.6907 1.6545 2.5885 1.1925 2.2991 1.6282 1.7744 1.6634 1.9562 1.9161 2.3795 1.7031 2.7853 1.6427 1.5723 2.5413 0.7228 0.6347 0.5542 2.0465 1.3365 2.5036 1.7479 2.6130 1.7778 0.2830 0.5846 1.1641 0.7976 2.1720 1.1131 0.5661 2.0556 2.0602 2.6554 2.2700 1.6253 1.8929 1.8053 0.9580 0.8673 2.2874 1.8408 1.5970
HPHV_Wufeng_Typhlomys_cinereus_hepacivirus_2_E1_174-359_AlphaFold 1.8702 2.2252 0.5318 1.9240 1.5943 1.7349 1.4458 2.8683 2.2362 2.7754 2.4464 2.2991 2.0286 1.9006 0.5090 1.5589 0.4919 1.9360 1.8628 0.6700 0.6628 1.3906 1.0710 1.7479 0.4569 1.8053 1.7644 1.9122 2.2700 2.2473 1.8702 0.4311 0.9331 2.0198 2.2089 2.0111 2.6729 0.6679 1.9440 1.9320 1.3260 3.6200 1.7446 2.6729 1.8480 2.5110 0.5371 0.6762 2.5036 1.0083 2.0465 1.6574 2.6907 1.6196 2.2874 2.5490 2.4890 0.5318 1.6664 2.2700 2.0198 2.3292 1.8777 1.4340 1.5069 1.7949 2.4191 2.1415 1.5915 0.7777 0.0000 1.9400 1.6082 0.5318 0.8879 1.4410 2.4818 2.0928 1.0369 2.5413 1.4224 1.4553 1.9006 1.7744 2.1566 2.4746 2.0834 1.2016 2.8156 1.8408 0.7952 2.7853 2.0198 2.1316 2.0111 2.1217 3.3812 0.5318 1.5273 0.9089 2.0602 1.6311 2.2197 2.0242 2.0694 2.1120 2.5490 1.9769 2.5725 1.9981 2.0556 1.8702 2.9955 1.8665 2.3171 0.4835 0.5661 2.0242 2.1168 0.4734 1.7000 2.5413 2.3051 1.9686 1.9400 2.2874 1.9896 1.6139 2.2306 1.1925 2.3860 1.1782 1.3239 0.7207 1.3884 3.1414 2.1217 0.4835 2.7181 1.4201 0.4359 0.7893 2.0510 1.7880 1.5430 2.0375 1.8336 1.5750 2.5646 1.2070 2.8792 1.9481 2.5185 2.1415 1.7479 1.6938 2.3731 2.1365 2.3991 2.1566 1.9122 3.2787 0.7349 0.5443 0.5569 2.6382 1.3014 3.2309 2.2306 2.5646 1.9769 0.7131 0.5624 1.0491 0.5497 2.6214 1.5482 0.5533 1.8665 1.7094 2.2143 1.9481 1.8018 2.2035 1.8053 0.7964 0.5407 1.7846 2.0648 1.5562
HPPV_Chimpanzee_GB_virus_C_E1_21-207_AlphaFold 1.3136 1.9201 2.0787 1.4529 1.5970 1.9896 1.7611 0.3861 0.9250 2.3171 2.2362 0.1342 1.6369 1.5696 2.0024 1.7644 1.7349 2.0420 1.3095 1.6545 1.8300 1.7644 1.7880 1.8665 1.7812 1.8088 2.2874 0.8226 1.9728 1.9811 1.2070 1.8967 1.7846 1.5943 1.3840 1.2520 1.1298 1.9122 1.1434 1.7316 1.8517 1.4340 1.4109 0.4060 1.7413 2.6382 2.0375 1.7349 0.6036 1.6724 2.0286 1.4770 0.4280 2.0024 0.9142 2.1566 1.3664 1.7677 1.6486 1.3136 1.4064 2.8363 1.2953 1.9769 1.6082 1.8444 0.8106 2.4395 1.8158 1.5750 1.9400 0.0000 1.7189 2.0648 1.6754 1.6026 2.3860 1.9161 1.5456 0.4185 1.8444 1.7125 1.4673 1.8853 1.6604 2.2197 1.6082 1.7000 1.9280 1.8336 1.7644 2.9014 1.8929 0.6249 2.2197 0.8348 2.3416 1.7677 1.5325 1.4943 1.7062 1.4178 2.5646 2.2306 1.8665 1.8480 1.8853 1.9240 2.5413 2.1668 2.0375 1.8891 0.4030 2.6214 2.2874 2.0834 1.6515 0.9427 2.2089 1.8815 1.5044 2.2362 1.8628 1.4458 0.9864 2.5036 1.0742 1.8372 1.5120 1.5696 2.6214 1.8408 1.8480 1.7711 1.7479 2.2035 2.2874 1.9240 0.4045 1.8158 1.9320 1.5535 0.5940 1.9481 2.0787 1.1098 1.0217 1.6815 2.0740 1.8517 2.5413 1.3535 1.2406 1.6139 1.7880 1.7677 2.3354 1.1365 2.4464 1.2734 1.9521 2.0067 1.8628 1.7094 1.5696 2.3540 1.8967 2.4327 0.1273 2.0024 1.4505 1.8929 1.6846 1.6515 2.0420 0.3861 1.7381 1.5170 1.4201 0.8622 2.3991 2.6554 1.3177 1.8229 1.2520 1.5887 1.9645 1.8480 1.0870 1.6664
HPHV_Rodent_hepacivirus_CRT64-ACOD2010_E1_183-365_AlphaFold 1.7125 2.1266 1.9280 1.7812 1.6369 1.7125 1.2311 2.0154 1.9044 2.0286 1.7094 1.7220 1.7914 1.7031 1.6815 0.0685 2.0375 1.7189 1.3996 1.7349 1.7125 1.6139 1.4894 0.1424 1.6664 1.7284 1.7349 1.7577 2.1566 2.7368 1.6754 1.5642 1.6311 1.5615 1.5642 1.2953 1.6026 1.5860 1.8018 1.6785 1.4317 1.6026 1.5377 2.5567 1.6486 1.5120 1.7914 1.8158 1.9645 1.6253 2.2815 1.5669 2.2197 1.3281 1.8372 1.7744 1.6486 1.9603 1.5170 1.8444 1.7544 2.2252 1.9006 1.4819 1.3578 1.3449 1.7711 1.7479 1.3840 1.6694 1.6082 1.7189 0.0000 1.9280 1.8193 1.3281 2.4057 1.9854 1.5456 2.1217 1.3664 0.5021 1.5943 1.6282 1.5430 2.0154 1.7611 1.7479 1.9896 1.5222 1.5196 1.9044 1.8018 2.1982 1.7544 1.9122 2.3540 1.9603 1.8088 1.4601 1.6846 1.4722 2.2529 1.4869 1.9360 1.8123 1.3751 1.7189 2.1120 2.0375 1.8891 1.2933 2.0740 2.0067 2.4890 1.7413 1.6785 1.8088 2.3416 1.4625 1.7157 1.8018 1.9320 1.5887 1.6398 1.5750 2.0024 0.0514 1.5860 1.6574 2.4746 1.7157 0.6834 1.7000 1.8300 1.6224 2.2529 1.6907 2.1266 1.6515 1.6111 1.6196 1.8158 1.4918 0.0750 1.7000 1.9400 0.0223 2.0331 1.6938 1.3599 1.6167 1.8088 2.1929 1.6574 1.5750 1.6026 1.5403 2.0928 1.8777 0.1877 1.6664 1.5482 1.6282 1.7644 1.9400 1.6545 1.9201 1.8815 2.4191 1.3157 1.7031 1.8229 1.7846 1.5145 2.4890 1.3795 1.8229 1.5778 1.6486 2.6130 2.6554 1.9201 1.9854 1.9400 1.4553 1.9280 1.7316 1.8702 0.0399
HPHV_Hepacivirus_F_isolate_NA_E1_180-366_AlphaFold 1.8193 2.4191 0.0223 2.0375 1.3177 1.7157 1.5615 2.4746 1.9161 2.1217 2.7853 1.9083 1.9811 1.6876 0.3892 1.8815 0.4684 1.9562 1.9360 0.6466 0.7174 1.3075 1.2425 1.3621 0.2367 2.2362 2.2991 1.7711 2.2143 2.3795 1.9562 0.3681 0.9062 1.7744 2.1668 2.1516 3.6200 0.6219 1.9854 1.7880 1.2617 2.2643 1.9854 2.3991 1.5325 2.2417 0.4030 0.7674 2.5490 1.1065 1.9645 1.8300 2.2757 1.3996 2.2473 2.6048 2.1415 0.0274 1.4673 2.6641 2.1217 2.8363 1.5915 1.3034 1.3407 1.9521 2.0834 2.6818 1.6282 0.8750 0.5318 2.0648 1.9280 0.0000 1.0217 1.6486 2.7463 2.0286 1.1451 2.3354 1.4317 1.6398 1.8053 1.8336 2.2991 2.1415 2.2473 1.4132 2.6998 1.8300 0.9908 3.1133 2.1929 2.4464 2.3111 1.7577 3.1704 0.0223 1.8193 0.8130 1.9686 2.1023 2.8683 2.1772 2.5110 1.8088 2.1772 2.1365 3.4177 1.7914 1.9201 2.2529 2.2306 2.1824 1.7677 0.3968 0.6190 1.7349 3.0205 0.4391 1.5430 2.6468 1.8777 1.9769 1.7880 3.1852 2.0602 1.7284 1.9645 1.1747 3.0724 1.4481 1.4434 0.6436 1.4844 3.3118 2.5805 0.2696 2.6554 1.0886 0.3968 0.8750 2.5336 1.8158 1.7611 2.1120 1.9562 1.4819 2.8683 1.1641 2.9126 2.0375 2.2252 1.8929 1.8777 1.6938 3.2625 2.1772 3.5555 2.0976 1.9603 2.6468 0.7595 0.4743 0.6477 2.2089 1.4109 2.8469 2.1071 3.0079 1.8158 0.7067 0.6367 1.0054 0.3794 2.0286 1.3884 0.6190 1.8229 2.1071 2.6641 2.5725 2.0198 2.0787 1.8853 0.8275 0.0336 1.8702 2.1415 1.8444
HPHV_Norway_rat_hepacivirus_2_E1_164-382_AlphaFold 1.6545 2.4963 1.0128 1.7479 1.5750 1.5196 1.6311 1.8554 2.0834 2.6468 1.9280 1.6054 1.8123 1.7711 0.8724 1.7000 0.8130 1.8480 1.9981 0.7024 0.6762 1.3951 1.0663 1.7381 0.8398 2.2874 2.1566 2.5490 1.9939 2.1415 1.6054 0.8801 0.8559 1.6907 2.0067 2.0286 2.3860 0.7800 2.2932 1.7125 1.0247 2.4395 2.2035 2.2815 1.6082 2.5036 0.9427 0.6971 2.3111 0.9169 1.8193 1.7778 1.7778 1.7778 2.0111 2.3860 2.0740 1.0069 1.4018 2.0242 1.7031 2.2197 1.5642 1.2559 1.0399 1.5403 1.6724 2.1120 1.4746 0.6741 0.8879 1.6754 1.8193 1.0217 0.0000 1.6139 2.3171 2.2252 0.9062 2.1316 1.4201 1.4649 1.5750 1.6311 2.1566 2.0286 2.0286 1.1997 2.2932 1.8967 0.8853 1.9728 2.0694 2.5336 2.0420 2.0556 2.1824 1.0069 1.6846 0.8214 1.8264 1.9645 3.0592 2.2473 1.9896 1.8123 2.2529 1.9320 2.9473 1.7644 2.0111 1.6907 2.1668 1.8088 1.6969 0.8648 0.6628 1.7511 2.7274 0.7835 1.9280 2.8683 2.0331 1.6938 1.9603 2.3731 1.6785 1.7031 1.7949 1.1399 3.0079 1.1711 1.7316 0.6628 1.4869 2.1465 1.9521 0.9496 2.1365 1.2598 0.8398 0.6814 2.1772 1.6026 1.6846 1.8929 1.9854 1.6634 1.8300 1.0870 1.8158 1.5832 2.1023 1.8088 1.5273 1.7031 2.3991 1.8193 2.2035 1.7677 1.5273 2.3795 0.8070 0.8130 0.6793 2.3416 1.4434 1.8967 2.2473 2.3231 1.5860 0.7316 0.6567 1.1624 0.7174 1.9083 1.0338 0.6690 2.0375 1.7677 2.5260 2.2643 1.6427 2.1668 1.5535 0.9250 1.0128 1.9562 1.7220 1.8264
HPHV_White_sucker_hepacivirus_E1_381-571_AlphaFold 1.6634 2.7089 1.6311 1.5887 1.1782 1.5535 1.7413 1.9360 1.5750 2.4327 1.9896 1.6111 1.7577 1.9201 1.6054 1.2913 1.6456 1.8372 1.5430 1.4178 1.5535 1.5069 1.5325 1.3556 1.3535 1.6938 1.6282 1.5998 1.4481 2.1982 1.4722 1.5456 1.2913 1.0870 1.4109 1.4553 1.5669 1.4529 1.6054 1.5120 1.5170 1.7949 1.5351 2.1120 1.3136 1.9728 1.5589 1.5145 1.5509 1.2833 1.8702 1.5805 1.9201 1.3621 1.5299 2.4963 1.5247 1.6969 1.5970 1.6694 1.8123 2.0111 1.3929 1.7189 1.6398 1.1889 1.7031 2.2815 1.2754 1.5222 1.4410 1.6026 1.3281 1.6486 1.6139 0.0000 2.1415 1.5589 1.5482 1.7846 1.2873 1.3817 1.5018 1.5750 1.6815 1.8554 1.2793 1.5222 2.4534 1.5669 1.3884 2.1266 1.6724 1.6664 2.7754 2.0510 2.0648 1.6969 1.5273 1.4363 1.5832 1.5642 1.9769 2.0787 1.7479 1.9811 1.8517 1.5222 1.8229 1.7677 1.7914 1.1519 1.7812 2.4124 1.7983 1.6139 1.5535 1.5860 1.9896 1.4340 1.6754 2.1023 2.1415 1.3407 1.4918 2.0286 1.6139 1.3323 1.6369 1.4155 2.0928 1.8088 1.4795 1.5247 1.6340 1.7644 1.6340 1.5832 1.7577 1.6785 1.5377 1.5299 1.5696 1.7094 1.2913 1.8891 1.4458 1.3599 2.5413 1.5562 1.7914 1.4505 1.5589 1.5222 1.2218 1.4064 2.8683 1.8088 2.4057 1.6907 1.3599 1.9854 1.5535 1.6311 1.4673 2.3731 1.7644 2.1566 1.7479 2.2473 1.2559 1.5170 1.4993 1.5299 1.5196 1.6907 1.6876 1.5642 1.6369 1.4746 2.0286 1.8300 1.5044 1.8088 1.4993 1.4943 1.6604 1.7157 1.5562 1.3471
PLPV_Pangolin_pestivirus_strain_PPeVBIME7P022Tpangolin2018_E1_476-673_AlphaFold 2.1217 1.1782 2.8259 2.1120 2.2197 2.6298 1.8929 2.6554 2.4818 1.6754 1.3840 2.2473 2.2306 2.6298 2.7181 2.5185 2.7368 3.0859 1.9280 2.6554 2.9241 2.6818 2.7953 2.3292 2.6998 2.2700 2.1566 1.8739 2.4191 1.1800 2.4464 2.6729 2.4464 2.5036 3.0332 2.1266 1.5018 2.4746 2.9014 2.3860 2.5805 1.6311 2.4818 2.0694 2.4464 1.4625 2.9832 2.4327 2.6214 2.8792 3.3993 3.1704 2.5490 2.7656 2.2815 0.3578 2.2089 2.7853 2.3925 2.3667 2.1720 1.1264 2.7656 2.3667 2.4258 2.8575 2.0881 1.2598 2.3540 2.3231 2.4818 2.3860 2.4057 2.7463 2.3171 2.1415 0.0000 4.3039 2.5725 2.4258 2.3667 2.2089 1.9083 2.2473 2.3991 3.1414 2.1824 2.8792 0.3015 2.1516 2.7754 0.3999 2.2473 2.7656 1.6515 2.4675 0.3983 2.8259 2.1168 2.3731 2.3292 2.5036 1.2274 2.6729 2.4327 2.7656 2.5725 2.5413 1.1197 2.6907 2.3171 2.6298 2.6382 1.8665 2.1929 2.7181 2.6214 2.2089 1.2501 2.9014 2.4534 1.4993 2.9711 2.2700 2.1772 1.2482 2.5036 2.1772 2.6998 2.6641 1.1606 2.2643 2.7953 2.4191 2.1516 1.5273 1.3260 2.5966 2.7274 2.4534 2.8902 2.3051 2.3354 2.3731 2.3860 2.1772 2.2252 2.1982 2.2586 2.2473 0.4060 2.5966 2.6907 2.1668 3.0461 2.6554 0.3541 2.1824 1.3906 2.6048 2.0834 1.4968 2.4963 2.7953 2.6298 1.8018 1.9481 0.4472 2.3051 1.2293 2.2035 2.8259 2.5646 2.4604 2.8902 2.8469 2.6729 2.6214 2.5885 1.7677 1.0631 1.0430 2.5885 2.3731 2.4746 2.2252 2.7853 2.1772 2.5885 2.1023
HPHV_Yili_teratoscincus_roborowskii_hepacivirus_E1_672-861_AlphaFold 1.9854 2.3416 2.1120 2.1120 1.6724 2.0286 1.8229 2.2643 1.6785 2.7754 2.0834 2.0111 2.1316 2.4464 1.8815 2.2417 2.2700 1.8702 1.9481 1.8123 2.3795 1.8372 2.1120 2.0242 1.9481 0.4327 2.1415 2.1617 2.4327 2.6641 2.0242 2.2757 1.9044 1.5723 2.0928 2.2306 2.9832 1.6785 1.9769 1.9280 1.6604 2.2143 1.5120 2.1023 1.9769 2.9473 2.2143 2.5885 2.2089 2.0740 1.8853 2.3231 1.8967 2.0331 2.1876 2.6214 1.9562 2.3667 1.7220 2.2417 1.9044 2.6818 2.0556 2.1120 2.0787 2.0465 2.2089 2.7853 1.7983 2.4675 2.0928 1.9161 1.9854 2.0286 2.2252 1.5589 4.3039 0.0000 1.7677 1.8018 1.9280 1.8665 1.6969 1.6754 1.6785 2.0375 2.4124 1.9521 3.1273 1.7381 1.7880 3.0859 1.8480 2.2700 3.1852 2.0111 2.8575 2.0024 1.8336 1.6224 1.7413 2.0881 2.5413 2.0510 2.0740 2.0556 1.8372 1.4041 3.0995 2.2306 1.0293 2.4124 1.8967 3.2466 2.0111 1.8777 1.9645 1.8018 2.5567 2.1566 1.9686 2.5966 0.5679 2.1929 1.6427 2.5885 1.8480 2.0198 2.5885 1.9811 2.7559 2.0242 1.7949 2.1217 1.7413 2.5490 2.8902 2.1023 1.8591 1.7094 1.9201 2.4395 2.1071 2.0198 2.1876 1.9360 1.7577 2.1465 2.3860 1.9400 2.9356 2.1668 2.0242 2.3860 1.9981 1.9122 2.5567 1.9122 2.2089 1.9122 2.0834 2.9711 2.0111 2.4534 1.9686 2.9126 1.6938 3.8112 1.7744 2.9014 2.0510 2.2529 1.9939 1.9006 2.0556 2.0024 1.8053 2.1929 2.0154 2.0976 2.7463 2.4258 1.8628 1.7316 1.9521 1.7157 2.2362 1.5887 1.9728 2.1266
HPHV_Possum_hepacivrus_E1_166-342_AlphaFold 1.5170 2.4191 1.1114 1.7812 1.4363 1.7413 1.1131 1.9981 1.7711 2.1772 2.3416 1.4844 2.3051 1.8665 0.9608 1.5696 0.8931 1.6224 1.6369 0.9749 1.0399 1.3906 1.0886 1.5222 0.9062 1.8665 1.9603 1.7880 1.6785 1.9240 1.8444 0.9399 0.9908 1.6604 2.3051 1.5669 1.9044 0.8827 1.5832 1.9240 1.2578 2.3925 1.5860 2.0242 1.2793 2.9014 0.9636 1.0461 2.3231 0.9209 1.9320 1.4434 2.1617 2.0111 2.0286 2.2586 1.7544 1.0616 1.4481 1.6846 1.5456 2.3231 1.5247 1.2953 1.3239 1.3428 1.5887 2.4327 1.3599 1.0430 1.0369 1.5456 1.5456 1.1451 0.9062 1.5482 2.5725 1.7677 0.0000 2.0928 1.4064 1.5377 1.8591 1.5044 1.7062 2.2991 1.7446 1.3075 2.2417 1.4155 0.8853 2.3925 1.6369 1.7479 2.3795 1.6634 1.9122 1.0616 1.8665 0.9749 1.4293 2.1071 2.5646 2.0375 1.9686 1.8628 1.8665 1.4819 2.3603 1.8336 1.8088 1.6486 2.0928 2.4191 1.9481 0.9468 1.0774 1.5615 2.1415 0.9468 1.8408 2.4395 1.9400 1.8088 1.3642 2.9126 1.6486 1.5456 2.0834 1.0128 2.4604 1.3621 1.5915 1.0247 1.4577 3.7119 3.0079 1.0399 2.2143 1.2656 0.8622 0.9749 1.7094 1.2181 1.5915 1.4410 1.5094 1.5535 2.3795 1.1298 2.1720 1.7577 1.9769 1.9006 1.3906 1.5222 2.5110 1.5456 2.4327 1.7611 1.7094 1.8264 1.0414 0.9142 0.9835 1.6369 1.3840 2.6130 1.5970 2.1465 1.6846 1.0999 1.0616 0.9792 0.8827 2.0024 1.2715 1.0790 1.3751 1.5615 2.3171 2.2473 1.5535 1.7611 1.7914 0.9821 1.0951 1.9320 1.6907 1.5145
HPPV_Pegivirus_A_56330218_E1_20-206_AlphaFold 1.4869 2.3860 2.3354 1.5750 2.3991 2.0740 1.9044 0.0336 1.1098 2.1168 2.0154 0.3831 2.0602 1.5970 1.8480 2.2143 1.8628 2.1566 1.2406 1.8517 2.1876 2.2035 1.7744 2.1720 1.9280 2.1415 2.5966 0.8497 2.6998 2.5110 1.2993 2.1168 2.0198 1.7031 1.3840 1.5120 1.6282 2.0465 1.5403 1.4247 2.2306 1.6427 1.6754 0.0567 2.0198 2.0024 2.2700 2.0787 0.5931 1.6938 2.2874 1.6369 0.0388 1.6724 0.8957 2.3416 1.3302 2.3925 2.0286 1.6311 1.3906 2.1929 1.4224 1.8591 1.7349 2.0976 0.8648 1.9161 1.8777 2.4327 2.5413 0.4185 2.1217 2.3354 2.1316 1.7846 2.4258 1.8018 2.0928 0.0000 1.9521 1.8053 1.4649 1.6634 1.8336 2.0331 1.6311 2.4191 2.0928 1.8053 2.1929 1.6427 1.4132 0.6466 1.9686 0.7952 1.8264 2.3925 1.4247 1.9896 2.1071 1.3951 2.4464 2.0740 1.7644 2.0556 1.8018 1.8967 2.4675 2.0286 2.2643 1.5482 0.0388 1.9122 2.7089 1.8480 1.8517 1.0585 2.3795 1.9083 1.6486 2.3416 2.1617 1.2853 1.1800 2.4963 1.4363 2.2252 1.5094 2.1168 2.9711 2.6729 1.9645 2.0154 1.8372 2.1120 2.4604 2.1023 0.0336 1.9440 1.8480 1.7812 0.5642 1.8264 2.3540 1.4201 1.1382 2.2306 2.4327 2.3667 2.1566 1.2255 1.4086 1.7778 1.8554 2.0375 2.4124 1.4529 3.0592 1.5196 2.4124 2.1617 2.3540 2.1415 1.9896 2.4191 1.8554 2.5725 0.4030 2.3603 1.5509 2.1120 2.0331 2.0286 2.1876 0.0274 1.8554 2.0881 1.7157 0.8572 2.1415 2.4057 1.3136 1.7711 1.3471 2.2757 2.3354 1.8444 1.5273 2.2252
HPHV_Catfish_hepacivirus_E1_355-549_AlphaFold 1.5970 2.4258 1.3951 1.7644 1.1589 1.9645 1.7094 2.1516 1.7446 2.3292 2.4124 1.8229 1.9645 1.5915 1.3599 1.5456 1.2893 1.9280 2.2089 1.5589 1.6224 1.5696 1.5299 1.4844 1.3795 2.0465 1.9769 2.4604 1.8193 1.8193 1.6545 1.4109 1.3219 1.2181 1.5615 1.9440 2.4534 1.3664 2.1120 1.8372 1.4293 2.0198 1.9083 1.8480 1.1298 1.8300 1.3686 1.6369 2.1415 1.3219 1.7677 1.7644 1.7744 1.3116 2.1516 2.5885 1.5669 1.3862 1.3686 1.8053 1.5970 2.3478 1.5351 1.5669 1.6427 1.6167 2.2252 1.8591 1.4201 1.7544 1.4224 1.8444 1.3664 1.4317 1.4201 1.2873 2.3667 1.9280 1.4064 1.9521 0.0000 1.4722 1.7000 1.7284 2.0286 1.8967 1.5915 1.6369 2.2417 1.6785 1.5377 1.7284 1.8891 2.1266 1.6369 1.9240 2.4395 1.4086 1.9854 1.6907 1.6398 2.1023 2.1168 1.8591 1.8891 1.7413 1.9811 1.5196 2.1316 2.1516 1.6515 1.1485 1.7189 2.1876 1.7812 1.3492 1.4918 1.7744 2.7089 1.3219 1.7611 2.2757 2.7559 1.6634 1.9320 2.1465 1.8444 1.3708 1.8554 1.5943 2.4746 1.8264 1.5915 1.5943 1.6369 2.5646 2.6130 1.3862 1.8815 1.6907 1.2853 1.7094 2.0787 1.6311 1.4481 2.1023 1.8300 1.3642 2.7181 1.4894 2.2252 1.4697 1.9280 1.7125 1.6398 1.6634 2.9591 1.9006 2.5036 1.9122 1.4434 2.5110 1.5377 1.5120 1.4041 2.2757 1.5723 2.0420 1.9440 2.3991 1.5299 1.6253 1.4410 1.3407 1.4722 2.2473 1.6167 1.4109 1.9161 1.9854 2.7656 2.2991 1.5120 1.9521 1.5943 1.5044 1.3729 1.6545 1.9645 1.3621
HPHV_Rodent_hepacivirus_TA142TZA2013_E1_168-351_AlphaFold 1.8591 2.6468 1.6111 1.6196 1.5273 1.6785 1.0806 2.2089 1.8517 2.0154 1.9769 1.5805 1.8444 1.9562 1.4458 0.5212 1.4577 2.0198 1.5325 1.6026 1.7611 1.4844 1.5299 0.5021 1.3471 1.6167 1.8193 1.5778 1.8777 2.1120 1.8815 1.6224 1.7744 1.7094 1.9083 1.4387 1.6026 1.4697 1.8591 1.7880 1.6876 1.7031 1.4746 1.7252 2.1217 2.0067 1.4795 1.6876 2.3354 1.6456 1.8517 1.5778 1.7284 1.8264 1.9603 1.8229 1.7062 1.5589 1.3929 1.8891 1.5589 2.6130 1.7284 1.4064 1.5377 1.4224 1.9686 1.9201 1.6167 1.7094 1.4553 1.7125 0.5021 1.6398 1.4649 1.3817 2.2089 1.8665 1.5377 1.8053 1.4722 0.0000 1.5403 1.7000 1.7157 2.1316 1.7381 1.7744 1.5943 1.5170 1.3157 1.4770 1.5044 1.9854 2.2306 1.7744 1.4340 1.5589 1.9440 1.5044 1.5860 1.5069 1.8554 1.5669 1.9006 1.7189 1.4894 1.5403 2.1566 1.8853 1.9562 1.6876 1.8739 2.1617 2.1465 1.4458 1.4553 1.4844 1.9122 1.4064 1.7220 2.5110 1.7094 1.5069 1.9769 1.9240 2.0067 0.4936 1.6815 1.6815 2.5185 1.5170 0.8226 1.6139 1.7284 1.8300 2.1365 1.7677 1.6907 1.5120 1.3996 1.7316 1.9811 0.6690 0.5212 1.2274 1.6664 0.5177 1.9769 1.4293 1.7125 1.5430 1.9896 1.7189 1.5325 1.5351 1.7316 1.5509 1.9811 1.9981 0.4801 2.0976 1.5778 1.4943 1.7846 2.2643 2.1720 1.8264 1.8123 2.4604 1.3428 1.6604 1.7157 1.5696 1.4363 2.1217 1.5273 1.7544 1.7644 1.9320 1.6969 2.0602 1.6427 1.9280 1.8480 1.6167 1.5832 2.1168 1.8853 0.5021
HPPV_Bat_pegivirus_PDB-1734_E1_162-347_AlphaFold 0.7674 2.2362 1.8777 0.4327 1.6026 2.0648 1.6515 1.5778 1.2913 2.6641 1.7812 1.4770 1.8777 1.1606 2.2197 1.6398 1.9083 1.8408 1.2813 1.5778 1.9603 1.6574 1.7381 1.5860 2.0976 1.6427 2.2417 1.5377 1.9400 2.2035 1.3642 1.7611 1.7094 1.8853 0.6171 1.3323 1.4064 1.5943 1.2933 0.8239 1.8300 1.5943 0.7640 1.5589 1.9521 1.8628 2.4191 1.7611 1.3136 1.7778 1.8336 1.4577 1.4746 1.8665 1.4340 2.2252 0.6407 1.9280 1.9440 0.8750 0.7663 1.8408 0.6628 1.8444 1.9360 2.0834 1.4943 1.7914 2.2362 1.5998 1.9006 1.4673 1.5943 1.8053 1.5750 1.5018 1.9083 1.6969 1.8591 1.4649 1.7000 1.5403 0.0000 1.9981 1.9981 1.9562 0.6426 1.7062 1.9896 1.8891 2.0834 1.7000 2.1982 1.5642 1.6545 1.3157 1.7983 1.9440 1.5535 1.5805 2.2757 1.4224 2.1566 1.9044 2.0111 2.0928 2.1566 2.0420 2.1120 1.9122 1.6427 1.5482 1.4649 1.7846 1.9603 2.1617 1.8739 1.3492 2.2815 1.7577 0.7067 2.4604 1.7094 0.6074 1.5222 2.0602 1.3840 1.5018 0.6897 1.4018 2.0556 1.9044 1.6604 1.8372 1.4819 1.6724 2.1516 2.1217 1.4178 1.8517 2.3051 1.6456 1.4178 1.7949 1.6167 1.7094 1.2368 1.6167 2.2757 1.9044 2.4464 0.5753 1.4041 0.5940 1.6846 1.8665 2.1023 1.5351 1.5222 1.4340 1.4577 2.3292 1.8853 2.0067 1.7880 1.9645 2.0928 1.9044 1.4505 2.1772 1.5805 1.9044 1.8444 1.7677 1.9006 1.4505 1.7284 1.8480 1.4993 1.4201 2.3171 2.2815 0.6288 2.1120 0.6834 1.7189 1.8628 1.9854 1.3513 1.6574
HPHV_Non-primate_hepacivirus_NZP1_E1_205-391_AlphaFold 1.7316 2.2932 1.8336 1.8777 1.5778 1.2833 1.5170 1.7125 1.5562 2.6907 1.8158 2.0111 1.4086 1.5430 1.7220 1.6224 2.0420 1.3407 1.6486 1.5273 1.8123 1.7031 1.6167 1.7189 1.8815 1.8053 1.9521 1.7252 1.4155 2.9241 1.7220 1.5750 1.3686 1.7880 2.2757 1.7577 2.0976 1.8967 1.6139 1.8591 1.6139 2.5110 1.9896 2.4464 1.8891 2.7853 1.9240 1.6969 1.9728 1.4458 1.3906 1.7252 1.8018 2.0881 1.7711 2.5805 1.9360 1.9440 1.3116 1.9645 2.0420 2.4191 2.2473 1.8517 1.6545 1.5145 2.1071 2.3171 1.6398 1.6026 1.7744 1.8853 1.6282 1.8336 1.6311 1.5750 2.2473 1.6754 1.5044 1.6634 1.7284 1.7000 1.9981 0.0000 1.8088 1.5723 2.2306 1.7544 2.3171 0.0848 1.5403 2.4818 1.7577 1.9320 1.9521 1.8229 1.9728 1.9440 1.5832 1.4649 0.0804 1.5642 3.1414 1.8018 1.4943 1.4178 1.8229 0.0793 2.3540 1.3116 1.5723 2.2417 1.7413 2.5413 1.4505 1.7744 1.7846 1.7157 2.1415 1.6545 1.8372 2.2643 1.8591 1.8739 1.8300 2.7181 2.0694 1.6634 2.1217 1.6634 2.6048 1.8053 1.8018 1.6340 1.5509 2.2932 2.8054 1.6634 1.8967 1.6026 1.6907 1.7094 2.2089 1.4697 1.5430 1.9083 1.7062 1.6167 3.0859 1.8480 1.9201 2.1316 1.8088 1.7511 1.4178 1.7677 2.8156 1.8853 2.0420 1.8053 1.6907 2.2473 1.7677 1.6754 1.6486 2.3860 1.8929 3.3812 1.9360 2.0602 1.7031 1.7711 1.7778 1.6634 1.6196 1.8554 1.6427 1.8123 1.8628 1.8193 2.5110 2.3354 2.1120 1.6196 2.2991 1.4673 1.7677 1.4481 2.1876 1.6574
HPHV_Jogalong_virus_P1-10_E1_88-278_AlphaFold 2.2143 2.2991 2.6468 1.9645 1.6456 1.8193 1.5805 1.9521 1.7711 2.2089 2.4818 2.0465 1.6369 2.4963 2.8259 1.5120 2.5966 1.7349 1.9440 2.0834 2.2991 1.7189 1.8408 1.5750 2.2643 1.7611 1.7284 1.9481 1.6754 3.4363 1.7880 2.2586 1.7744 1.9240 2.3991 1.7611 2.4395 2.1316 1.6664 1.9896 1.8777 1.6340 1.8967 2.1465 1.9044 2.0648 2.9014 2.2932 1.9854 1.7644 1.7846 1.9854 1.7062 2.1465 1.7511 2.6382 2.2700 2.3991 1.5094 1.9161 2.1217 2.3111 2.2417 2.1120 1.5482 1.6282 1.7157 2.5185 1.7349 1.9686 2.1566 1.6604 1.5430 2.2991 2.1566 1.6815 2.3991 1.6785 1.7062 1.8336 2.0286 1.7157 1.9981 1.8088 0.0000 2.5646 2.4464 2.0740 2.6818 1.8088 1.7031 2.9591 0.9062 1.8517 1.9122 2.4258 3.0332 2.3991 1.8444 1.7157 1.6846 1.8158 2.7853 2.1365 1.9481 1.8777 1.2237 1.8777 2.2089 2.1365 1.7914 1.8891 1.7846 2.7368 1.8480 2.8683 2.2417 1.6282 2.5805 2.0067 1.9645 2.2815 1.7479 2.2473 1.7220 2.9241 1.9645 1.5696 1.8739 1.8591 2.4604 1.9481 1.7744 1.9728 1.8088 3.1704 2.6998 2.2197 1.8853 1.9769 1.8229 2.1071 1.8408 1.8591 1.5998 1.9400 2.0928 1.5044 2.3478 1.9360 3.3459 2.0694 1.8891 2.1168 1.8123 1.7711 2.2586 2.1668 1.7349 1.7031 1.5562 2.5490 2.0465 2.7656 2.2643 2.0694 1.7220 2.4675 1.7413 2.4963 1.6111 2.3795 2.2417 1.6167 2.2700 1.9769 1.6694 2.3795 1.7744 2.0510 2.2473 2.5110 2.0928 1.7125 2.0648 1.8408 2.3292 0.9196 1.8967 1.5403
HPHV_Hepatitis_C_virus_genotype_2_E1_193-383_AlphaFold 2.5336 2.6554 2.1617 1.9811 2.1720 0.6710 2.3231 1.9686 1.8264 2.8792 2.1071 1.7914 0.3317 2.4464 1.8739 2.0881 1.9240 0.5679 1.9686 2.0465 1.7544 1.9280 1.8300 2.2143 2.0556 2.8792 2.1617 2.2362 0.7067 2.8792 2.1168 1.9083 2.2197 1.8853 1.7446 2.8469 1.9939 2.4604 2.0331 2.5490 1.7094 1.8702 2.1720 1.8088 2.0024 2.7089 1.8853 1.9521 2.2362 1.8628 0.6527 1.9122 2.2991 1.9360 2.3991 2.2991 1.7846 2.1772 1.6515 1.8777 2.3292 2.9711 2.1929 2.0694 2.1168 1.8777 2.1668 2.6214 2.2252 1.4132 2.4746 2.2197 2.0154 2.1415 2.0286 1.8554 3.1414 2.0375 2.2991 2.0331 1.8967 2.1316 1.9562 1.5723 2.5646 0.0000 2.0198 2.3925 2.3051 1.5273 2.2932 2.4534 2.3354 2.4327 2.5490 2.1168 2.5966 2.1772 1.6846 1.7220 1.6515 2.4057 2.7953 1.5377 0.0815 0.8312 2.5725 1.6139 2.4258 0.6142 2.0420 1.4293 2.2991 2.4675 0.5212 1.8739 1.9562 1.4770 2.5185 1.8088 2.1929 3.2466 2.1217 2.3292 2.2252 3.3459 2.3540 1.9939 1.4673 2.0111 2.5336 2.0510 2.2306 1.8929 1.8372 2.9356 3.7360 1.8628 2.0648 1.8408 1.8815 1.3996 1.9044 2.1071 2.2252 2.3111 1.9603 2.1668 2.5185 2.2089 2.3667 2.2252 2.1415 2.3292 1.9440 2.4604 2.7274 2.5490 2.1720 1.9440 2.5567 3.2466 1.9562 2.0602 1.9896 2.7274 1.9603 2.7368 2.5490 2.7953 1.7577 1.8408 1.8408 1.8300 2.3603 1.9811 1.9645 1.8591 2.0242 1.8665 2.4395 1.8158 2.2932 2.0420 2.2417 1.7252 2.1929 2.1772 2.1982 1.8929
HPPV_Eospalax_rufescens_pegivirus_isolate_SC_C3-19.2_2021_E1_212-398_AlphaFold 0.5716 2.0242 2.0067 0.5056 1.5351 1.9044 1.8053 1.7220 1.2953 2.1217 1.7413 1.2873 1.9686 1.1606 2.1720 1.6754 2.1668 1.8480 1.4770 1.7846 2.1720 1.7677 1.8967 1.9201 2.1120 1.8853 2.2197 1.3973 1.7062 2.4258 1.3578 1.8264 1.9360 1.7189 0.5125 1.5403 1.3556 2.0740 1.3556 0.7905 1.9440 1.7949 0.8190 1.7125 2.0602 2.2757 2.3925 2.1617 1.4363 1.9896 1.7413 1.7189 1.5970 1.9122 1.8480 2.1617 0.5265 1.9400 1.9320 0.9951 0.5846 2.5725 0.4537 2.0787 1.7157 2.0928 1.6224 2.1168 1.9161 1.9562 2.0834 1.6082 1.7611 2.2473 2.0286 1.2793 2.1824 2.4124 1.7446 1.6311 1.5915 1.7381 0.6426 2.2306 2.4464 2.0198 0.0000 2.2815 2.1982 2.3051 1.8591 2.5567 1.5669 1.3840 1.6634 1.5145 2.2932 1.9854 1.7914 1.9686 2.2252 1.5018 2.0154 1.9360 1.7577 2.0881 2.4604 2.2362 2.0694 1.8815 1.7846 1.4601 1.5970 1.9896 1.9201 1.8739 2.0881 1.3642 2.1465 1.9360 0.5407 2.4395 2.1982 0.5265 1.4770 2.0067 1.3708 1.7949 0.8178 1.6604 2.2991 2.3231 1.6907 1.8372 1.9122 1.9481 2.3667 2.3667 1.5943 2.0648 1.8739 1.9240 1.5403 2.0556 1.7446 1.5018 1.3840 1.7125 2.2197 1.8408 2.2417 0.4835 1.5723 0.5524 1.7094 1.8300 2.1365 1.4577 2.2252 1.4625 1.6969 2.4604 1.9811 2.0556 1.9896 2.2035 2.4890 2.0602 1.4894 2.4057 1.6515 2.4534 1.9854 2.0510 1.9044 1.6054 1.7094 1.8853 1.8264 1.4869 2.3540 2.3171 0.4618 1.8158 0.4569 2.1516 2.0067 1.9122 1.5044 1.8300
HPHV_Jingmen_Rhinolophus_sinicus_hepacivirus_E1_159-357_AlphaFold 1.7846 1.9044 1.3973 2.0024 1.8891 1.9240 1.6724 2.1266 1.8229 2.7181 2.4818 2.1023 1.7349 2.1023 1.2598 1.9161 1.3386 1.7544 1.8929 1.1098 1.2162 1.2162 1.3177 1.8018 1.2016 2.0881 2.7089 2.0694 2.5036 2.2473 1.8480 1.2425 1.4363 1.8517 1.8815 1.9521 3.0205 1.2406 1.9769 2.1266 1.2107 2.5725 1.8336 2.2473 2.2362 1.9280 1.2853 1.2387 2.0154 1.1694 2.1566 2.1566 2.4327 2.0787 1.9320 1.9603 1.7644 1.3471 1.4770 2.0976 1.8929 2.0740 1.9645 1.3116 1.1676 1.5535 2.0198 2.3354 1.5750 1.0934 1.2016 1.7000 1.7479 1.4132 1.1997 1.5222 2.8792 1.9521 1.3075 2.4191 1.6369 1.7744 1.7062 1.7544 2.0740 2.3925 2.2815 0.0000 2.7368 1.5915 1.1818 3.1414 2.1120 2.2035 2.1929 2.0602 3.4363 1.3260 2.1982 1.0128 1.6604 2.2932 2.4890 2.3231 2.2143 2.1316 1.9645 1.7157 2.2874 1.7544 1.7284 1.6815 2.4963 2.5036 1.7846 1.2695 1.1818 2.0648 2.5110 1.2181 2.0375 2.8259 2.0976 1.7381 2.4124 2.5110 1.7914 1.6664 1.9521 1.0414 2.3051 0.1890 1.9686 1.0983 1.6111 1.8591 2.1876 1.3281 2.3051 1.3449 1.2107 1.0934 1.9481 1.7812 2.0024 2.2757 1.8591 1.6340 2.3603 0.4851 2.9014 1.7677 1.7611 2.0834 1.7914 1.6398 2.4534 1.8193 2.6298 1.7381 1.9320 2.1316 1.2218 1.3729 1.3034 2.4675 1.6253 2.9591 1.9521 2.6818 1.6604 1.2793 1.2016 1.3136 1.0774 2.1217 1.1764 1.2218 2.0420 1.9122 2.1168 2.2700 1.9320 2.2757 1.9562 1.0600 1.3729 2.1071 1.7744 1.9320
PLPV_Pangolin_pestivirus_strain_PPeVBIME3P019Tpangolin2018_E1_477-673_AlphaFold 2.4534 1.0553 3.1558 2.3667 2.1365 2.5260 1.9360 2.8683 2.3991 1.9240 1.2444 2.1566 2.2143 2.0067 2.4890 2.1266 3.4944 2.1465 2.2417 2.5336 2.3667 2.4963 2.4963 2.2991 3.1273 2.4890 1.8628 2.0242 2.6048 1.2218 2.7656 2.7368 2.5336 1.8929 2.0694 1.6486 1.2973 2.0510 2.7368 2.0154 2.4258 1.4018 2.1617 1.3323 3.1704 1.4247 2.6298 2.4534 3.6200 3.4363 2.3860 2.4464 2.0375 3.5555 2.0881 0.4635 2.3667 3.1558 2.6641 2.5260 2.1217 1.0247 2.1023 1.9521 2.8575 2.1120 1.8408 1.3198 3.2002 2.4464 2.8156 1.9280 1.9896 2.6998 2.2932 2.4534 0.3015 3.1273 2.2417 2.0928 2.2417 1.5943 1.9896 2.3171 2.6818 2.3051 2.1982 2.7368 0.0000 2.6298 2.2252 0.1939 2.1929 2.6382 1.3219 2.2932 0.2151 2.9591 2.5490 2.2089 2.4963 2.6998 1.3513 2.5413 2.3731 2.3603 2.0420 2.2757 1.3157 2.6907 1.6815 2.7463 2.2473 1.9562 2.2586 2.5490 2.8363 2.4675 1.3773 2.3795 1.9201 1.9521 2.3111 2.4464 3.1414 1.1961 2.1120 2.1316 2.5490 2.8683 1.3075 2.8792 3.0859 2.4604 2.4963 1.3407 1.3281 3.5347 2.6214 2.2473 2.9473 2.6729 2.8156 2.8363 2.2362 2.7559 2.8363 1.9603 2.3603 3.0859 0.3260 2.3925 2.2306 2.4327 2.1266 2.1617 0.2749 2.7368 1.1961 2.6048 1.8444 1.5351 2.5646 3.3812 3.4363 1.6724 2.2473 0.2316 1.8853 1.2218 1.7677 2.9591 4.0360 2.6998 3.2154 2.3925 3.0079 2.7559 1.8853 1.8300 1.0967 1.1782 2.1217 2.3991 2.1168 2.2306 3.0859 2.7463 1.8158 2.4675
HPHV_Equine_hepacivirus_E1_205-391_AlphaFold 1.8264 2.9832 1.8665 1.9896 1.5094 1.2520 1.4340 2.0976 1.6111 2.5110 2.1465 1.6545 1.5403 1.6634 1.7479 1.6111 1.8336 1.3929 1.5562 1.5170 1.7644 1.8853 1.6545 1.6604 1.9769 1.9854 1.8264 1.7031 1.2754 2.1668 1.7577 1.7413 1.4178 1.7381 2.1071 2.0375 2.1929 1.6026 1.6574 1.8815 1.4481 2.1772 1.9320 2.2143 1.8591 3.0995 1.8853 1.6969 2.0556 1.4340 1.3862 1.7644 2.0420 2.2586 2.3603 2.1217 1.7644 1.9811 1.2695 1.8300 2.0740 2.2991 1.9521 1.9440 1.7031 1.5403 1.8702 2.5110 1.7125 1.6111 1.8408 1.8336 1.5222 1.8300 1.8967 1.5669 2.1516 1.7381 1.4155 1.8053 1.6785 1.5170 1.8891 0.0848 1.8088 1.5273 2.3051 1.5915 2.6298 0.0000 1.6427 1.8229 1.8336 2.1465 2.3051 2.2143 2.4746 2.0331 1.7511 1.4894 0.0451 1.8229 2.7089 1.9201 1.4553 1.3686 1.6694 0.0503 2.6214 1.3281 1.4795 2.0740 2.1617 2.4327 1.3365 1.7577 1.5170 1.7446 2.8902 1.6815 2.0465 2.6729 1.7812 2.1023 1.6486 2.8792 2.2643 1.6026 2.5966 1.5273 2.5966 1.9280 1.9481 1.6938 1.6724 2.4464 3.0859 1.6282 1.8777 1.5482 1.6876 1.6754 1.9939 1.6369 1.5325 1.6253 1.7157 1.5145 2.7853 1.8665 9.3165 2.0602 1.7000 1.8665 1.4819 1.8123 2.2473 2.1772 2.3603 1.9645 1.5589 2.5646 1.8739 1.8777 1.4819 2.2417 1.6427 2.0198 1.7744 2.4963 1.4869 1.7846 1.5044 1.6427 1.7220 2.1516 1.6515 1.6196 1.7914 1.6634 2.4395 2.6382 1.9400 1.5170 1.7744 1.5696 1.8158 1.4819 2.4963 1.5535
HPHV_Hepacivirus_sp._clone_B32_E1_157-338_AlphaFold 1.9006 2.0976 1.0010 2.0787 1.4086 1.8517 1.4041 2.2932 1.8628 2.7559 2.4604 1.5509 2.3051 1.8336 0.9023 1.5299 0.9062 1.9562 1.5970 0.7415 0.7777 1.1818 0.9580 1.5509 0.9155 1.8517 1.7413 2.0465 2.1617 2.1415 1.7094 0.8435 0.8879 1.7349 2.0024 2.2197 1.4673 0.8178 1.7349 1.9769 1.0247 1.8088 2.0834 2.3603 1.3599 2.9473 0.8775 0.7777 1.9811 0.8058 1.8018 1.8336 2.3603 1.6427 1.8018 3.0995 2.0465 0.9864 1.9854 2.4746 2.0648 2.4057 1.8336 1.2406 1.2255 1.7220 1.8193 2.9955 1.6754 0.7549 0.7952 1.7644 1.5196 0.9908 0.8853 1.3884 2.7754 1.7880 0.8853 2.1929 1.5377 1.3157 2.0834 1.5403 1.7031 2.2932 1.8591 1.1818 2.2252 1.6427 0.0000 2.1617 2.4258 2.0648 2.2362 1.8088 2.5646 0.9864 2.0420 0.8435 1.8444 1.8018 2.7463 1.5299 2.1071 1.8891 2.3603 1.5860 2.9356 1.7711 1.9044 1.8408 2.2529 2.4534 1.6082 0.8970 0.8827 1.8967 2.5490 0.8788 1.7511 2.2874 1.8628 1.9240 1.9044 2.9014 2.0648 1.4746 1.9686 1.1264 2.7368 1.1818 1.7644 0.7549 1.4529 2.1617 2.0111 0.9721 2.0331 1.2218 0.8336 0.7549 2.3667 1.3862 1.5970 1.6785 2.0198 1.5669 2.2991 1.3686 3.1558 1.7880 2.2529 1.7284 1.8336 1.9161 2.8792 1.7544 2.3292 2.0067 1.4529 1.9240 0.8572 0.8775 0.8348 2.0111 1.3014 5.8119 2.0375 2.4395 1.3884 0.7835 0.8497 1.0113 0.9650 1.9280 1.2144 0.8750 1.8777 2.2417 2.2473 1.9728 1.8517 1.8336 1.8158 1.0263 0.9864 1.7677 1.8444 1.5456
PLPV_Pangolin_pestivirus_strain_PPeVBIME5P141Tpangolin2018_E1_476-674_AlphaFold 2.6382 1.1197 2.8575 2.1316 2.1217 2.2643 2.3925 7.1707 2.1465 1.3729 1.1065 2.2643 2.1217 2.2252 2.4746 2.4124 3.5766 3.1704 1.8444 2.3171 2.3478 2.3478 2.6998 3.1414 3.4553 2.6818 2.8902 1.7778 2.3795 1.1853 2.3540 2.8156 2.5110 2.2252 1.9044 1.5299 1.1417 1.8018 2.2874 2.3860 2.5567 1.2034 2.3795 2.4258 3.2625 1.5377 2.6298 2.1824 2.5966 3.2951 2.8156 2.7754 2.0420 3.3118 2.3231 0.4391 2.6998 2.7368 2.2035 2.1266 2.4258 0.9908 1.8777 2.0694 2.4464 2.1720 1.9811 1.1925 2.3051 2.4890 2.7853 2.9014 1.9044 3.1133 1.9728 2.1266 0.3999 3.0859 2.3925 1.6427 1.7284 1.4770 1.7000 2.4818 2.9591 2.4534 2.5567 3.1414 0.1939 1.8229 2.1617 0.0000 2.6998 2.5490 1.3407 1.9360 0.2953 2.6641 3.1273 2.8683 2.3354 2.6729 1.2425 2.6818 2.8156 2.3171 1.9769 2.3540 1.2774 2.0024 1.7544 3.2787 2.1668 1.3407 2.3354 2.4604 3.3459 2.5490 1.3075 2.9241 2.1516 1.6282 2.3795 2.5490 2.9473 1.2199 2.8792 2.0881 2.9356 2.5110 1.2893 2.5966 2.8792 2.3231 2.0648 1.3095 1.2636 2.6907 2.2089 2.9591 2.9014 2.3603 2.5805 2.4124 2.2473 2.4890 2.4327 1.8480 2.2197 2.9241 0.3432 2.2417 2.3051 2.0331 2.8259 1.5970 0.3057 2.9591 1.1641 2.5805 1.5805 1.4894 2.5336 2.8575 2.7274 1.5325 2.3354 0.2201 2.2473 1.2144 1.5273 2.5966 3.3118 2.5110 2.6818 2.1720 2.5413 3.2002 2.0024 1.7846 0.9864 1.1889 2.2586 2.7754 2.1720 2.5336 2.9356 2.3860 2.1982 2.2700
HPHV_Bald_eagle_hepacivirus_E1_170-361_AlphaFold 1.6311 2.1365 2.2362 1.6545 1.7544 2.0420 1.7316 1.4649 1.6427 2.1217 2.4464 1.9769 2.1929 2.2529 1.8891 1.6938 2.0602 1.9728 2.0510 1.9280 2.0694 1.4943 1.9083 1.5222 2.0602 1.9006 2.0154 1.9161 1.9320 2.1876 1.9320 2.2700 2.2252 1.8517 1.7711 1.2617 2.7656 1.8739 1.7577 2.0420 2.0465 2.1071 2.1217 1.5018 1.8777 2.4057 2.0976 2.1566 2.1266 1.9686 1.6196 1.9686 1.4649 1.7711 1.6369 2.2815 1.7316 2.2991 1.4434 1.9811 1.4968 2.2586 1.6282 2.3540 2.2700 1.3492 1.8088 3.2154 1.6846 2.4191 2.0198 1.8929 1.8018 2.1929 2.0694 1.6724 2.2473 1.8480 1.6369 1.4132 1.8891 1.5044 2.1982 1.7577 0.9062 2.3354 1.5669 2.1120 2.1929 1.8336 2.4258 2.6998 0.0000 1.9161 2.6048 1.8815 2.6907 2.3171 1.5589 2.0024 1.7846 1.6574 2.5185 1.5887 2.0465 1.7511 1.3386 1.8053 3.4944 2.0602 1.8554 1.6253 1.4649 1.7062 1.7611 1.8480 2.0420 2.0694 2.0740 2.1929 1.9006 2.5966 1.8408 1.8480 2.1720 2.8054 1.9201 1.5196 1.7711 1.8517 2.4890 2.5490 1.5247 2.3478 2.7463 2.7463 3.0079 2.2035 1.4132 1.8123 1.9728 2.5490 1.9201 1.5120 1.6876 1.9811 1.8739 1.1925 3.0461 2.6468 3.0461 1.7094 1.9400 2.6554 1.6253 1.6545 2.2362 2.0787 2.3991 1.7252 1.4770 2.0111 2.5725 2.4124 1.9481 3.0332 1.8891 3.2154 1.9981 1.8158 1.7479 2.0198 2.1465 2.1772 2.3667 1.4649 1.6282 2.1120 1.8336 1.8088 2.4675 2.7089 1.7611 1.8702 1.6139 2.2035 2.2306 0.7239 1.6694 1.4649
HPPV_Simian_pegivirus_VGA00020_E1_21-207_AlphaFold 1.4697 2.3603 2.4464 1.3116 1.8665 2.1566 1.8444 0.6466 0.9580 2.5966 2.4890 0.5828 1.8665 1.9939 1.4363 2.0111 1.9603 2.2643 1.4340 2.0242 2.0198 2.0331 2.2417 2.0331 2.2874 2.1120 2.2143 0.8435 2.0976 2.4604 1.2754 2.0420 1.7677 2.0740 1.5832 1.4577 1.5145 2.2874 1.4458 1.2833 2.3231 1.5887 1.5943 0.6598 1.9686 2.3231 2.4258 1.8336 0.2100 2.0111 1.8408 1.4819 0.6793 2.2362 0.8447 2.7181 1.6054 2.4464 2.0420 1.4601 1.6724 2.1168 1.6846 1.9939 1.7413 2.0740 0.7731 2.3540 2.4534 2.1023 2.1316 0.6249 2.1982 2.4464 2.5336 1.6664 2.7656 2.2700 1.7479 0.6466 2.1266 1.9854 1.5642 1.9320 1.8517 2.4327 1.3840 2.2035 2.6382 2.1465 2.0648 2.5490 1.9161 0.0000 2.0286 0.9049 2.1617 2.4464 1.7189 1.8336 2.2089 1.4894 2.8156 2.0331 2.1217 2.3795 2.0111 2.8156 2.4191 2.0602 2.0465 2.2529 0.6567 2.6641 2.2586 3.1273 1.8591 0.9223 2.4675 1.9481 1.4918 1.9603 2.1071 1.6026 0.9062 2.4963 1.3034 2.0024 1.5915 1.7544 2.8575 2.0928 1.6224 2.2035 2.6554 2.0154 2.2417 2.4327 0.6628 1.9728 2.5336 2.1415 0.2722 2.2143 1.8891 1.1399 1.2406 2.3354 2.4604 1.9603 2.5725 1.4746 1.3906 1.7611 1.9044 2.1720 1.8300 1.3840 3.1414 1.4770 2.1516 2.5185 1.9939 2.5336 1.8628 1.9603 2.3925 2.9711 0.6036 2.5646 1.7349 1.9603 1.9811 2.1465 2.1982 0.6466 1.7914 1.9083 1.5430 0.8106 2.3292 3.2466 1.8123 1.8815 1.8408 1.9811 2.4464 1.8853 1.2070 2.0928
PLPV_Rodent_pestivirus_isolate_RtNn-PestVHuB2014_E1_635-832_AlphaFold 2.0024 1.1065 2.4327 2.3478 2.0834 2.5885 2.0694 2.0602 2.7953 1.4968 1.2559 2.1168 2.5260 2.4057 1.8088 1.8088 2.7181 2.3540 1.7157 2.1316 2.1982 2.1617 2.4675 2.0740 2.6382 2.1365 1.9122 1.8739 2.2586 1.1417 2.0465 2.3292 1.9939 1.8628 1.8929 1.5273 1.5642 1.7577 2.6298 1.8444 2.2035 1.4201 2.1316 2.0881 2.0602 0.2656 2.1720 1.8967 2.5336 2.9955 2.5413 2.0111 2.5725 2.0694 2.3540 1.3302 1.6026 2.3171 2.2991 2.2757 2.4963 0.8983 1.6574 1.8264 1.8853 1.7644 2.1465 1.1889 1.9481 2.0928 2.0111 2.2197 1.7544 2.3111 2.0420 2.7754 1.6515 3.1852 2.3795 1.9686 1.6369 2.2306 1.6545 1.9521 1.9122 2.5490 1.6634 2.1929 1.3219 2.3051 2.2362 1.3407 2.6048 2.0286 0.0000 1.7577 1.4577 2.2306 2.3231 2.1168 1.9440 2.6907 0.9707 2.0556 2.3925 1.9769 1.8158 1.9728 1.1214 2.5567 2.0648 1.8088 2.8363 1.4577 2.6729 2.0602 2.0286 1.6694 1.2520 2.2991 2.0740 1.7880 2.3667 2.1465 1.8300 1.1298 2.3540 1.9769 1.7677 1.6253 1.0369 2.1876 2.0198 1.8517 2.1824 1.4819 1.3323 2.1982 2.3171 2.2815 1.8336 2.0928 1.8408 2.5805 1.5377 2.1465 2.0694 2.0465 2.0510 2.2252 1.4064 2.0111 2.1824 1.7316 2.2874 2.5725 1.3344 3.0995 1.1889 2.6729 2.5260 0.6180 1.8158 1.6604 2.0834 1.4601 1.6282 1.3471 2.2874 1.1589 1.3973 2.3354 2.1876 2.6382 2.0881 2.0602 2.3667 2.1266 2.4395 1.7880 1.0187 1.2218 1.6369 2.2815 1.6026 2.1023 2.3991 2.3354 2.0465 1.7949
HPPV_Southwest_bike_trail_virus_E1_180-362_AlphaFold 1.4968 1.9360 1.7611 1.5377 2.1023 2.2089 1.4795 0.7952 0.9468 2.1720 1.9083 0.8484 2.0976 1.6398 1.6969 1.7062 2.0556 2.2143 1.2274 2.0510 1.7349 1.8018 1.8264 2.0286 1.8300 1.8336 2.5805 0.5578 1.9201 2.1316 1.3729 1.7544 1.8777 2.0602 1.5273 1.3996 1.6515 2.3231 1.3664 1.6604 2.2757 1.0585 1.5403 0.8373 2.0375 1.7778 1.9360 1.7744 0.8711 1.7413 2.8469 1.4505 0.7952 2.1266 0.7766 2.3416 1.4270 1.8264 2.0928 1.6574 1.4601 1.8929 1.6026 1.7778 1.8628 2.0465 0.6527 1.6664 1.9440 1.6724 2.1217 0.8348 1.9122 1.7577 2.0556 2.0510 2.4675 2.0111 1.6634 0.7952 1.9240 1.7744 1.3157 1.8229 2.4258 2.1168 1.5145 2.0602 2.2932 2.2143 1.8088 1.9360 1.8815 0.9049 1.7577 0.0000 1.7577 1.7220 1.2387 2.1415 2.3540 1.6340 2.0510 2.3925 2.2089 1.9811 2.0111 2.0154 2.5805 1.9201 1.7544 2.2197 0.8082 2.1415 2.3111 1.6456 1.8372 1.0202 1.8158 1.7778 1.6907 2.4327 2.1316 1.5642 1.0098 1.8336 1.0742 1.9562 1.6634 1.5642 2.0787 1.7812 1.7511 1.9161 1.9400 1.6253 2.3925 2.3667 0.7766 2.0881 1.8018 1.8739 0.9049 2.2252 1.7189 0.9496 1.0353 2.0198 2.1415 1.7062 1.8665 1.5998 1.1853 1.5998 1.9686 1.9083 1.6082 1.2559 1.5351 1.3281 1.8739 1.8665 1.6253 1.7644 1.8967 1.9854 2.1217 1.9769 0.7835 2.0740 1.5509 1.7381 2.0465 1.8739 2.0420 0.8214 1.8300 2.0420 1.6907 0.5300 2.2815 2.3795 1.6139 2.1023 1.5535 1.8665 1.8665 1.8018 1.0113 1.8591
PLPV_Pangolin_pestivirus_strain_PPeVBIME1P019Tpangolin2018_E1_476-673_AlphaFold 2.1929 1.3075 3.5347 1.9939 2.2035 2.5725 1.6846 2.0465 2.1071 1.9603 1.2715 2.3354 1.9521 2.1929 3.0332 2.2306 3.0995 2.3231 1.8591 2.2473 2.9832 2.1566 1.5750 2.6554 2.9473 3.2625 1.3407 1.9161 3.1273 1.0069 2.1516 2.1772 2.8902 2.2306 2.1824 1.5430 1.4086 2.6818 2.3540 2.1720 2.6298 1.3513 2.1824 1.7611 2.8259 1.4894 3.2951 2.8054 2.3860 2.3416 3.8373 1.9044 1.6282 3.3118 2.5725 0.5186 2.3731 3.3634 2.1168 2.2143 3.0461 1.2181 2.0286 2.2991 2.1516 2.2252 2.0465 1.2181 2.6907 2.6048 3.3812 2.3416 2.3540 3.1704 2.1824 2.0648 0.3983 2.8575 1.9122 1.8264 2.4395 1.4340 1.7983 1.9728 3.0332 2.5966 2.2932 3.4363 0.2151 2.4746 2.5646 0.2953 2.6907 2.1617 1.4577 1.7577 0.0000 3.2625 2.6998 2.6554 2.2529 2.0834 1.3177 2.9241 2.0694 2.3860 1.7949 2.1982 1.3302 2.0928 2.0024 2.4258 2.2143 2.0286 2.5646 3.1852 2.4395 2.1617 1.3578 2.2991 2.5413 1.5377 2.5413 2.3051 1.9811 1.2520 2.7089 2.1365 2.4395 2.6554 1.2734 2.2035 2.8683 2.4890 2.5260 1.2873 1.1468 3.0995 1.7778 2.8575 2.8683 2.6382 2.6998 2.6641 2.3603 2.3051 2.4327 1.8815 2.3795 1.9981 0.2709 2.2143 2.2874 1.8702 2.2586 2.5567 0.3953 2.4963 1.3621 1.8967 1.5509 1.4869 2.3860 2.7754 2.5885 1.7677 2.5646 0.2342 1.7983 1.3157 1.8554 2.8156 2.5110 2.8792 2.0834 2.2473 2.8469 2.4327 1.5943 1.6664 1.0217 1.2144 2.0976 1.7349 2.2035 2.7463 3.5347 2.5336 2.3416 2.4818
HPHV_Hepacivirus_F_E1_152-338_AlphaFold 1.8158 2.8575 0.0223 1.6026 1.3621 1.7677 1.5430 2.2643 2.0331 2.3731 2.7754 1.7711 1.8891 2.1824 0.3726 1.9122 0.4327 1.9440 2.3925 0.6751 0.6960 1.2598 1.2330 1.4155 0.2303 1.8665 2.2417 1.7711 2.1772 2.4327 2.0694 0.3534 0.8931 1.7577 2.1982 2.1266 2.5036 0.5912 2.0286 1.7413 1.3951 2.5490 1.9521 2.4746 1.5069 2.2473 0.3861 0.7549 2.1824 1.1098 1.9686 2.1266 2.2991 1.3996 2.1720 2.2700 2.2473 0.0060 1.6664 2.7368 1.9854 2.9356 1.5832 1.3428 1.4434 1.9006 1.9083 2.7463 1.6139 0.8622 0.5318 1.7677 1.9603 0.0223 1.0069 1.6969 2.8259 2.0024 1.0616 2.3925 1.4086 1.5589 1.9440 1.9440 2.3991 2.1772 1.9854 1.3260 2.9591 2.0331 0.9864 2.6641 2.3171 2.4464 2.2306 1.7220 3.2625 0.0000 1.7157 0.8698 2.0331 2.1465 2.5885 2.2306 2.2932 1.7220 2.1617 2.0881 2.6818 1.8665 1.8853 2.1617 2.1266 2.1824 1.8591 0.3968 0.6190 1.5998 2.4818 0.4311 1.5299 2.5185 1.8853 1.9939 1.7511 2.7368 2.0740 1.7949 1.8777 1.2293 2.5110 1.3973 1.4918 0.6337 1.5998 3.2309 2.5646 0.2830 2.3925 1.1164 0.3801 0.8622 2.3991 1.8628 1.7611 2.0286 1.8123 1.3884 2.8363 1.1231 2.5567 1.8891 1.7062 1.7914 1.7577 1.8444 2.1266 2.0881 2.6998 1.9201 1.9201 2.4534 0.7595 0.4488 0.6477 2.3731 1.6054 2.8792 2.0067 2.5260 1.8591 0.6855 0.6367 1.0369 0.3571 2.2143 1.3929 0.6190 2.6130 2.2643 2.2586 2.6554 2.0420 2.3292 1.8264 0.9023 0.0111 1.9201 2.3171 1.8815
HPHV_Hepacivirus_sp._E1_201-379_AlphaFold 1.6785 2.1617 1.7157 1.5723 1.5273 1.9939 1.6253 1.5069 1.4770 2.1929 2.9591 1.5750 1.8777 1.7157 1.6515 1.6574 1.5094 1.5351 1.4340 1.3884 2.0067 1.5535 1.7413 1.9161 1.5723 2.2586 2.1365 1.4270 1.8591 1.7812 1.6515 1.6515 1.8053 1.8444 1.7544 1.2520 2.1566 1.7031 1.7446 1.3260 1.4795 2.5413 1.8702 1.6694 1.9280 2.4818 1.5669 1.9645 1.6139 1.8628 1.8158 1.4387 1.5351 1.9481 1.5998 2.4963 1.5915 1.7157 1.5509 1.8480 1.7446 2.5260 1.5915 2.1516 1.7544 2.1168 1.4434 3.5144 1.8408 2.3111 1.5273 1.5325 1.8088 1.8193 1.6846 1.5273 2.1168 1.8336 1.8665 1.4247 1.9854 1.9440 1.5535 1.5832 1.8444 1.6846 1.7914 2.1982 2.5490 1.7511 2.0420 3.1273 1.5589 1.7189 2.3231 1.2387 2.6998 1.7157 0.0000 1.6398 1.7031 1.5562 2.6818 2.4057 1.7711 2.0242 1.9603 1.6369 2.7463 1.7744 2.3292 1.6456 1.4844 2.1772 1.6054 1.3840 1.6969 1.5509 2.9955 1.4553 1.6026 2.8469 1.9161 1.6634 1.4746 2.5336 1.5669 1.7577 1.5589 1.4601 2.7953 1.9939 2.1876 1.7479 1.9854 2.3292 2.7656 1.5403 1.4625 1.5509 1.6253 2.0111 1.6694 1.5832 1.7577 1.7577 1.4434 1.8088 2.3925 1.8739 2.2362 1.6427 1.6082 2.1415 1.8336 1.6907 2.2252 1.8408 2.2362 1.7125 1.7778 3.2625 1.5832 1.9122 1.6969 1.9122 1.8018 2.1876 1.4553 2.9591 1.7157 2.2991 1.4018 1.8088 1.6139 1.5456 1.6515 1.3729 1.3929 1.4529 2.8469 2.2362 1.7000 2.1120 1.6754 1.5887 1.6427 1.7711 1.4819 1.8628
HPHV_Sifaka_hepacivirus_MT371438_E1_202-393_AlphaFold 1.7157 2.7274 0.8251 1.9240 1.3344 1.6311 1.3281 2.0465 1.9280 2.4327 3.6651 1.5273 1.6456 2.2529 0.8801 1.5247 0.7527 1.4746 1.7094 0.6845 0.8879 1.2089 1.1231 1.5430 0.8324 1.7983 1.6026 2.0602 1.6398 2.0242 1.5669 0.8275 0.9678 1.6282 1.7094 1.6876 2.4327 0.6855 1.8018 1.9360 1.0430 2.1720 1.7062 1.8967 1.5998 2.3292 0.9594 0.9250 2.0024 1.0308 1.7062 1.8372 2.0648 1.6282 1.9896 1.8815 1.6907 0.8698 1.4201 2.2700 1.7812 2.0740 1.7031 1.3075 1.1434 1.8372 2.0694 2.2586 1.3840 0.9062 0.9089 1.4943 1.4601 0.8130 0.8214 1.4363 2.3731 1.6224 0.9749 1.9896 1.6907 1.5044 1.5805 1.4649 1.7157 1.7220 1.9686 1.0128 2.2089 1.4894 0.8435 2.8683 2.0024 1.8336 2.1168 2.1415 2.6554 0.8698 1.6398 0.0000 1.4918 1.6815 2.4746 1.7157 1.7349 1.9083 2.3171 1.7220 2.4963 1.4018 1.8123 2.0881 1.9521 1.9201 1.6026 0.8801 0.8348 1.7479 2.6298 0.7847 1.8444 2.4963 2.1617 1.6369 1.6456 2.4604 1.8158 1.5247 2.2757 1.0128 2.4890 1.1502 1.9044 0.8398 1.3449 2.7181 2.7089 0.8762 1.9521 1.2034 0.7976 0.8522 1.8815 2.0881 1.5750 1.8408 1.6340 1.5615 1.9769 1.1502 2.4818 1.6876 1.7880 1.8264 1.8053 1.4363 3.0461 1.7062 2.1720 1.6082 1.5562 2.8259 0.7882 0.8178 0.8435 1.9280 1.1853 2.3925 1.4247 2.5036 1.6456 0.9089 0.8435 1.0278 0.8106 2.1168 1.2125 0.8336 1.7677 1.9481 2.2143 2.3478 1.6111 1.7381 1.6634 0.1239 0.8251 1.9440 2.0067 1.5299
HPHV_Non-primate_hepacivirus_strain_CU_isolate_III_E1_205-387_AlphaFold 2.1217 2.6998 2.0331 1.8408 1.5696 1.4018 1.4505 2.1876 1.7846 2.6907 2.2529 1.7846 1.5778 1.7983 1.7812 1.6282 1.9006 1.4697 1.6785 1.5377 1.7983 1.8158 1.5615 1.7744 2.1415 1.7611 2.0198 1.8777 1.3664 2.4534 1.8480 1.6907 1.5069 1.8088 2.1023 1.6724 2.7181 1.9083 1.7479 1.8480 1.4363 5.7354 1.9360 2.6818 1.9122 3.0332 1.9728 2.1217 2.1982 1.3708 1.4993 1.7446 2.3354 2.0510 2.2197 2.1365 1.9006 2.0331 1.2463 2.0787 1.9161 2.2362 1.9320 1.8517 1.5589 1.5943 2.0694 2.8575 1.7511 1.7577 2.0602 1.7062 1.6846 1.9686 1.8264 1.5832 2.3292 1.7413 1.4293 2.1071 1.6398 1.5860 2.2757 0.0804 1.6846 1.6515 2.2252 1.6604 2.4963 0.0451 1.8444 2.3354 1.7846 2.2089 1.9440 2.3540 2.2529 2.0331 1.7031 1.4918 0.0000 1.7544 2.4057 1.9645 1.4943 1.4109 1.7220 0.0284 2.3540 1.3198 1.5915 2.0375 2.4395 2.8363 1.3973 1.8123 1.6846 1.7880 2.3478 1.8300 1.9400 2.4890 1.7983 2.2197 1.7252 2.9832 2.4746 1.7157 2.4464 1.5094 1.9044 1.9122 1.9769 1.9811 1.5832 2.1465 2.9832 1.9769 2.7368 1.6515 1.7611 1.7125 2.1772 1.4224 1.6026 1.7381 1.8229 1.6724 3.3287 2.0787 2.8259 2.0375 1.8929 1.9440 1.3344 1.8336 2.3416 2.1772 2.1365 1.8929 1.6604 2.0375 1.7349 2.0510 1.8229 2.3111 1.8815 3.2002 1.8158 2.4191 1.5805 1.7544 1.7949 1.6574 1.7611 3.1273 1.6754 1.6907 1.8336 1.9939 2.8683 2.4464 1.9161 1.7284 2.1023 1.5120 2.0331 1.6664 2.6554 1.7031
HPPV_Leucosticte_brandti_pegivirus_XZN_E1_28-217_AlphaFold 1.7125 2.3231 2.1071 1.3157 1.6111 2.0286 1.5805 1.6054 1.4943 2.0286 2.0881 1.4697 1.8739 2.0154 1.8408 1.4410 2.0787 1.9280 0.3064 1.8665 1.7284 1.6167 2.2700 1.4224 2.3231 1.9400 2.0420 1.3239 1.8665 2.0648 1.7316 2.0375 1.9360 1.8053 1.6196 1.0338 1.3302 1.9400 1.7778 1.3239 1.9896 1.1729 1.4064 1.5535 1.9896 2.4258 3.3459 1.7983 1.4317 1.8193 1.9280 0.6517 1.4722 2.2362 1.2387 2.3925 1.7000 2.1415 1.6664 1.6427 1.8853 2.8902 1.5222 1.6026 1.5430 1.5696 1.3996 2.0510 1.9854 2.0928 1.6311 1.4178 1.4722 2.1023 1.9645 1.5642 2.5036 2.0881 2.1071 1.3951 2.1023 1.5069 1.4224 1.5642 1.8158 2.4057 1.5018 2.2932 2.6998 1.8229 1.8018 2.6729 1.6574 1.4894 2.6907 1.6340 2.0834 2.1465 1.5562 1.6815 1.7544 0.0000 2.1929 2.2306 2.3478 2.0510 2.3292 1.7846 2.2586 1.9240 2.2932 1.8408 1.5750 1.9044 2.0556 1.9240 1.8018 1.6196 2.0976 1.8123 1.7983 2.4675 1.7577 1.5696 1.5669 2.1217 1.5562 1.4649 1.4505 2.0331 2.1415 2.1316 1.6604 2.0834 1.7644 2.0024 2.1217 2.0834 1.4894 1.8702 1.9686 2.0648 1.4178 1.7479 1.4410 1.4993 1.3365 1.5325 2.1516 1.9854 1.8300 1.5018 1.6815 1.5669 1.6724 1.6545 2.5413 1.4018 2.2932 1.5615 1.4770 2.4604 2.0648 2.0286 1.9981 2.7368 1.7157 1.7644 1.3492 2.1982 1.7031 1.8929 1.8336 2.2700 1.9240 1.5615 1.6815 2.0154 0.6608 1.3817 2.4327 2.1415 1.3996 1.7000 1.4795 1.8777 2.1023 2.0928 1.4270 1.4673
PLPV_Classical_swine_fever_virus_E1_496-689_AlphaFold 2.1168 0.8905 2.6729 2.2874 2.5646 2.4534 2.0976 2.5490 2.8902 1.1925 0.2722 2.8363 2.6641 2.2529 3.2309 1.8300 2.3111 2.9711 1.8372 2.5805 1.8891 2.3111 2.5490 2.0834 3.2154 2.8363 2.5966 2.2529 2.7953 1.1365 2.4327 2.5725 2.8902 2.5336 2.3860 2.4534 0.6249 2.2306 2.2815 2.3860 2.1824 0.5922 2.3667 1.8665 2.5110 0.9692 3.9761 2.9711 2.2815 2.4191 3.0724 2.6382 2.4963 1.8853 2.1516 1.1264 2.2932 2.5885 2.3292 2.6382 2.5185 0.8866 2.2089 2.6214 1.9645 2.6729 2.2089 0.2776 2.2362 2.2932 2.2197 2.5646 2.2529 2.8683 3.0592 1.9769 1.2274 2.5413 2.5646 2.4464 2.1168 1.8554 2.1566 3.1414 2.7853 2.7953 2.0154 2.4890 1.3513 2.7089 2.7463 1.2425 2.5185 2.8156 0.9707 2.0510 1.3177 2.5885 2.6818 2.4746 2.4057 2.1929 0.0000 2.1415 2.7754 2.5185 2.7656 2.0602 0.2669 2.7181 2.2252 2.2197 2.2991 1.2953 2.3860 3.2002 2.9711 1.9320 0.3036 2.5036 2.4746 1.6311 2.8575 2.0648 2.1023 0.2284 2.6382 2.0834 2.7656 2.1720 0.0980 2.9241 1.6604 2.2252 2.3478 0.4311 1.0098 2.1168 2.0465 2.4327 3.2002 2.3051 2.4395 2.6998 2.2586 2.2197 2.3478 2.0976 1.8777 2.0740 1.5642 1.9769 2.2586 2.4818 2.5036 2.4258 1.1979 2.5413 0.3512 2.6729 2.0740 1.1537 2.7463 2.6998 2.3731 1.3751 1.9400 1.3260 2.7181 0.2361 2.0331 2.9832 2.8792 2.7559 2.8683 2.3991 2.1120 2.5490 2.0976 2.3051 0.8827 0.9807 2.3667 2.1516 2.2035 2.3731 2.5413 2.2643 2.9014 2.2991
HPHV_Western_African_lungfish_hepacivirus_E1_382-570_AlphaFold 1.9521 2.3111 2.1217 1.9686 1.6724 1.8480 1.7880 2.6130 1.9122 2.0024 2.5490 1.8702 1.7094 1.9440 1.9006 1.5069 1.9811 1.9521 2.1023 2.2473 2.8156 1.4577 1.8480 1.7125 2.6468 1.6054 1.8929 2.2197 1.9481 2.4675 1.8088 1.7846 2.3795 1.4625 1.9562 1.7880 2.7274 2.3051 2.0510 2.2529 2.2473 2.1929 2.2529 2.2874 1.5750 1.9360 1.7189 2.1168 2.1023 2.0331 1.7094 2.0648 2.9126 1.4968 2.2252 2.3231 2.0602 2.2306 1.9320 1.5805 2.6729 2.4604 1.8300 2.1617 1.5562 1.4673 2.1217 2.5725 1.9280 1.9854 2.0242 2.2306 1.4869 2.1772 2.2473 2.0787 2.6729 2.0510 2.0375 2.0740 1.8591 1.5669 1.9044 1.8018 2.1365 1.5377 1.9360 2.3231 2.5413 1.9201 1.5299 2.6818 1.5887 2.0331 2.0556 2.3925 2.9241 2.2306 2.4057 1.7157 1.9645 2.2306 2.1415 0.0000 1.7000 1.7778 2.0976 2.1668 2.2529 2.1415 1.4086 1.4697 1.9400 1.7778 1.7880 1.9122 2.2991 1.9122 2.5805 1.9521 2.1617 2.4395 1.9603 1.5750 2.3925 2.1023 1.9083 1.8193 1.8891 1.2715 2.1217 2.3354 1.5778 2.3292 2.1516 2.2991 2.8156 2.2143 2.6554 1.8018 1.7479 1.9854 2.1168 1.6082 1.5887 1.9360 1.6515 1.5069 2.9473 2.8575 2.4258 2.1217 2.0928 2.2362 1.7189 2.0928 2.4963 2.0465 2.3292 2.4675 2.1415 2.2473 1.8739 2.0375 2.3292 1.8815 1.3556 2.5413 2.5036 2.5110 1.5615 2.3795 2.2252 2.0465 3.4747 2.9711 1.6604 2.1617 2.1668 2.4818 2.2306 2.1668 2.1266 1.8408 2.1217 1.9603 2.1772 2.0024 2.1824 1.7778
HPHV_Mutant_Hepacivirus_clone_T9cc_E1_193-383_AlphaFold 2.2143 2.4124 2.5336 2.0067 2.1929 0.5865 2.0242 1.8444 1.7511 2.5110 2.8575 1.9603 0.2589 2.3991 2.4746 2.0286 2.0510 0.4919 2.0881 1.9686 1.6938 1.7413 1.8815 2.0834 1.9939 2.3603 2.1071 2.0286 0.6659 2.5413 2.0198 1.9044 1.9769 1.9562 1.7062 2.3540 2.5336 2.0602 2.0740 2.0881 1.7125 3.0995 1.9811 2.0420 2.0465 2.4464 2.2362 1.8777 2.0740 1.8591 0.5997 1.9360 2.2252 2.0375 2.1266 3.0205 1.6724 2.2932 1.5120 2.1929 2.1929 2.6818 1.9854 1.7914 1.8517 1.7812 2.1071 2.8683 1.9686 1.9521 2.0694 1.8665 1.9360 2.5110 1.9896 1.7479 2.4327 2.0740 1.9686 1.7644 1.8891 1.9006 2.0111 1.4943 1.9481 0.0815 1.7577 2.2143 2.3731 1.4553 2.1071 2.8156 2.0465 2.1217 2.3925 2.2089 2.0694 2.2932 1.7711 1.7349 1.4943 2.3478 2.7754 1.7000 0.0000 0.7964 2.0556 1.5299 2.2473 0.5828 1.9044 1.7031 1.8702 2.3478 0.4751 2.4746 1.8554 1.9769 2.4963 1.8123 2.0154 2.2417 1.9645 2.0331 1.9006 2.5413 2.2700 1.9728 1.6026 2.0286 2.1929 2.0331 2.3171 1.7577 1.6907 2.7089 4.3410 1.9939 1.8891 1.6604 2.1516 1.9161 1.9939 1.9360 2.6298 2.1168 1.8088 2.0602 2.4124 1.6139 2.7274 1.7983 1.9320 1.8264 1.9360 2.1071 2.4534 2.4534 2.6554 1.8336 2.5036 2.6468 1.7316 1.9896 1.7544 2.7953 1.8967 2.9832 1.9728 2.4057 1.5535 1.8088 1.7349 1.7094 1.8336 1.7611 1.8517 1.7220 1.9122 1.9562 2.8363 2.9711 2.0331 1.8229 2.0154 1.7880 2.5725 1.9280 2.0928 1.8891
HPHV_Hepatitis_C_virus_genotype_6_E1_193-383_AlphaFold 2.1266 1.6253 1.7446 2.0286 1.7914 0.6751 1.9161 2.3540 1.8264 2.2035 2.4464 1.9811 0.7663 2.0286 1.9645 1.8336 1.8517 0.6866 2.1772 1.7949 1.9896 1.8554 1.7094 1.7744 2.0787 1.8777 2.5110 2.1071 0.6347 2.3416 1.7316 1.8372 2.1365 1.6785 2.5725 2.0740 2.4534 2.0834 2.1668 1.9006 1.6969 2.6818 2.2757 2.0928 1.8088 2.5725 2.3111 1.8967 2.2815 1.6846 0.5425 2.1120 2.3292 2.0286 1.9562 3.3812 2.3795 1.7252 1.5018 2.3416 1.9811 2.7754 2.3991 1.8628 1.7744 1.9481 2.1824 2.3292 1.9728 1.6969 2.1120 1.8480 1.8123 1.8088 1.8123 1.9811 2.7656 2.0556 1.8628 2.0556 1.7413 1.7189 2.0928 1.4178 1.8777 0.8312 2.0881 2.1316 2.3603 1.3686 1.8891 2.3171 1.7511 2.3795 1.9769 1.9811 2.3860 1.7220 2.0242 1.9083 1.4109 2.0510 2.5185 1.7778 0.7964 0.0000 2.1415 1.4317 2.4675 0.4835 2.0510 1.8853 2.4534 1.9440 0.4962 1.9645 1.9400 2.3731 2.5885 1.5696 1.9728 2.4464 1.8739 1.9811 2.1168 2.4963 2.2197 1.9562 2.0648 2.3231 2.4258 1.9769 1.7544 1.6253 1.4132 2.4057 2.4675 1.5887 2.3354 1.5832 1.8891 1.7381 2.6998 1.7744 1.8444 1.9320 2.0465 2.0067 2.6130 2.0556 3.2466 2.1720 1.9201 2.2473 1.7511 1.8300 1.9360 1.9811 2.5413 1.9854 1.9083 2.8156 2.1465 1.9201 1.9240 1.9686 2.0111 2.5567 2.3478 2.3860 1.8088 2.1982 1.7479 1.5120 2.0928 2.3795 1.8891 1.7446 1.7611 2.1217 2.7274 2.3795 2.4675 2.0740 2.4963 1.9400 1.7446 1.8517 2.2197 1.8702
HPHV_Duck_hepacivirus_HCL-1_E1_289-481_AlphaFold 2.1071 2.6554 2.2035 2.2757 1.8702 1.7812 1.7544 2.0834 2.0556 2.2932 2.4890 2.0067 1.8739 2.2529 1.9562 1.3407 2.3731 1.9440 1.9320 1.9521 2.3860 2.0111 2.8792 1.2734 2.1415 2.0694 2.1316 1.6604 2.0556 2.2197 1.9481 1.9083 1.6815 1.7677 2.5966 1.7284 2.0787 2.0602 1.8777 2.0331 2.1982 2.1824 2.0602 2.1120 2.0198 2.6998 2.0111 2.1876 1.8517 1.9811 2.2473 1.9981 2.0375 2.4675 1.9280 2.2815 2.6729 2.1617 1.5170 2.2143 2.1720 1.9645 2.4746 2.0881 1.8372 1.5222 1.8300 3.3287 1.8123 2.3925 2.5490 1.8853 1.3751 2.1772 2.2529 1.8517 2.5725 1.8372 1.8665 1.8018 1.9811 1.4894 2.1566 1.8229 1.2237 2.5725 2.4604 1.9645 2.0420 1.6694 2.3603 1.9769 1.3386 2.0111 1.8158 2.0111 1.7949 2.1617 1.9603 2.3171 1.7220 2.3292 2.7656 2.0976 2.0556 2.1415 0.0000 1.8591 2.7853 1.8300 1.7189 2.0787 2.1982 2.3795 1.9981 1.9481 2.0602 1.8480 2.6998 2.0787 2.6641 2.3795 2.0976 2.7181 1.8591 3.0859 2.1824 1.3642 2.2700 1.9280 2.7368 2.1168 1.9440 2.0286 1.9083 2.1876 2.0510 2.1266 2.1617 1.7644 1.9811 2.3051 2.1168 1.8967 1.3471 1.9939 1.9981 1.3996 2.6468 2.1668 2.0198 2.4057 2.1772 2.1566 1.5669 2.0198 2.4327 2.1316 3.3634 2.2700 1.3095 2.1316 2.3051 2.6298 1.9440 2.8469 2.6641 2.0556 1.8665 2.6907 1.7778 2.4604 2.0067 2.2757 2.3292 2.1316 1.7220 1.9854 1.7812 1.8517 2.4675 2.2815 2.7274 1.2349 2.9014 2.2473 2.1415 0.9995 2.1929 1.3407
HPHV_Hepacivirus_horseDH1HUN2013_E1_205-390_AlphaFold 1.6876 2.2417 2.0976 1.7880 1.4722 1.3323 1.4869 2.5966 1.8929 1.7611 1.8853 1.3323 1.4746 1.7062 1.8815 1.6694 1.9562 1.3323 1.6634 1.4697 1.7914 1.7611 1.6785 1.5222 1.9896 2.2417 2.0375 1.8967 1.3773 2.3540 1.6224 1.5642 1.4625 1.7157 1.9044 1.7157 2.0976 1.7544 1.8088 1.7846 1.4649 2.0510 1.8777 3.3993 2.0067 2.0198 1.8702 1.8591 2.6641 1.4505 1.3239 1.9645 2.7181 1.8815 2.1120 2.6641 1.8815 2.1217 1.3996 1.8123 2.0154 1.3136 2.1120 1.6876 1.5018 1.5589 1.9481 2.5490 1.7189 1.5535 1.9769 1.9240 1.7189 2.1365 1.9320 1.5222 2.5413 1.4041 1.4819 1.8967 1.5196 1.5403 2.0420 0.0793 1.8777 1.6139 2.2362 1.7157 2.2757 0.0503 1.5860 2.3540 1.8053 2.8156 1.9728 2.0154 2.1982 2.0881 1.6369 1.7220 0.0284 1.7846 2.0602 2.1668 1.5299 1.4317 1.8591 0.0000 2.2529 1.3492 1.4553 2.0976 2.0154 1.6545 1.4086 1.9400 1.7611 2.0510 2.3478 1.5778 2.0602 2.6818 1.8628 2.3925 2.1720 2.3603 2.3478 1.6815 1.9939 1.5860 2.2089 1.7220 1.3686 1.7744 1.5403 2.6382 2.4604 1.7744 2.1617 1.5018 1.8591 1.6427 2.2362 1.5222 1.6167 1.6196 1.8554 1.6253 2.5260 2.1516 2.4534 1.9481 1.7611 1.8591 1.5222 1.8053 2.2306 1.7446 2.7181 2.1617 1.5998 1.7479 1.8591 1.9811 1.6815 1.7846 1.7914 2.5966 1.7252 2.4818 1.5750 1.8123 1.8018 1.7189 1.7252 3.2951 1.5145 1.7577 2.1876 1.5669 2.9126 2.1617 1.9686 1.6694 1.9981 1.6082 2.1266 1.6694 2.6998 1.7349
PLPV_Bovine_viral_diarrhea_virus_3_Th04_KhonKaen_E1_496-690_AlphaFold 2.1772 1.0414 2.8469 2.5260 2.1668 2.6468 2.5646 2.2417 2.2874 1.3929 0.3861 2.4057 2.2306 2.5110 2.3540 2.3111 2.5646 2.8792 1.8336 2.9356 2.4124 2.0602 2.7656 2.2035 3.5347 2.8054 1.9854 2.0694 2.6214 1.4086 2.4890 2.6214 2.2643 2.3231 2.3292 1.8444 0.8459 2.3416 2.0976 2.0694 2.4604 0.9129 2.5336 2.0787 2.4464 0.9707 3.5347 2.2932 2.6130 2.3171 2.8156 2.9014 2.0694 1.9645 2.3667 1.1606 2.2643 2.6818 2.3231 2.7559 2.2700 0.9594 2.2643 2.3991 1.7846 2.5885 2.3111 0.4343 2.2252 2.4963 2.5725 2.5413 2.1120 3.4177 2.9473 1.8229 1.1197 3.0995 2.3603 2.4675 2.1316 2.1566 2.1120 2.3540 2.2089 2.4258 2.0694 2.2874 1.3157 2.6214 2.9356 1.2774 3.4944 2.4191 1.1214 2.5805 1.3302 2.6818 2.7463 2.4963 2.3540 2.2586 0.2669 2.2529 2.2473 2.4675 2.7853 2.2529 0.0000 2.3603 2.2362 1.7812 2.1071 1.3906 2.2932 2.8902 2.7089 2.0881 0.4553 2.6818 2.3540 1.8554 3.2787 2.0834 2.3991 0.3418 2.6998 2.1465 2.8054 2.5185 0.2589 2.3925 2.2143 3.0205 2.2529 0.4091 1.0278 2.1720 2.1876 2.2473 2.1720 2.4963 2.7181 2.6130 2.0154 1.9811 2.1266 1.8158 2.3231 2.6468 1.5120 2.0602 2.2143 2.4327 2.9955 2.5966 1.1871 2.5036 0.3854 2.8575 1.8372 1.2463 2.9473 2.6554 2.5036 1.5222 2.0198 1.3951 2.3991 0.3771 1.8853 2.3478 2.6214 2.5185 2.8054 2.2700 1.6815 2.7559 2.0067 2.6382 0.8892 1.1853 2.4604 2.5413 2.3795 2.3731 2.9014 2.3171 2.5646 2.0067
HPHV_Hepatitis_C_virus_genotype_4_E1_193-383_AlphaFold 2.3354 2.7274 1.8665 1.8777 1.6969 0.4407 1.6846 2.0881 1.7577 2.7181 2.4890 2.0510 0.6074 2.1982 1.8372 2.0111 1.9562 0.5515 1.7316 1.6664 1.8088 1.7544 1.6054 1.9044 1.8815 2.1929 1.9811 2.0556 0.4107 2.6298 1.7000 2.0787 1.7880 1.7949 1.8123 1.8702 2.0465 1.6664 2.1516 1.7062 1.6815 2.5260 2.1071 2.2586 1.7880 2.6214 1.8628 1.9161 2.0648 1.4894 0.3816 1.5943 2.0928 1.9161 1.8591 2.9473 1.8891 1.8665 1.4434 2.1316 2.1217 3.3287 1.7744 1.6054 1.9122 1.6398 2.0024 2.6907 1.9854 2.0154 1.9981 2.1668 2.0375 1.7914 1.7644 1.7677 2.6907 2.2306 1.8336 2.0286 2.1516 1.8853 1.9122 1.3116 2.1365 0.6142 1.8815 1.7544 2.6907 1.3281 1.7711 2.0024 2.0602 2.0602 2.5567 1.9201 2.0928 1.8665 1.7744 1.4018 1.3198 1.9240 2.7181 2.1415 0.5828 0.4835 1.8300 1.3492 2.3603 0.0000 2.1824 1.7284 2.0928 2.5966 0.3303 1.8777 1.9939 1.7189 2.5036 1.5805 1.9603 2.9832 2.0024 1.7031 2.2089 2.5885 1.9854 1.8929 2.1982 2.0834 2.5185 1.6724 1.9201 1.6574 1.5696 2.3171 2.4395 1.7511 2.1824 1.6082 1.8018 1.9981 2.1168 2.1071 2.0648 2.2529 1.9400 2.0111 2.6641 1.6785 2.4746 1.8123 2.0465 1.9083 1.5750 1.6545 2.7274 1.8372 2.4746 1.8408 2.0420 2.4675 1.9521 2.3478 2.0928 2.4963 1.5615 2.5036 2.2991 2.4124 1.6724 1.7479 2.1982 1.4155 1.8628 2.0465 1.8739 2.1415 1.7511 1.9083 2.1772 2.0648 1.6938 1.7949 1.8088 1.5482 1.8665 2.0242 1.9562 2.1168
HPHV_Guangxi_chinese_leopard_gecko_hepacivirus_E1_660-850_AlphaFold 1.6969 2.3416 2.0740 1.6724 1.7949 1.9360 1.8444 2.0694 2.1071 2.3795 1.8891 1.8372 1.7544 1.8591 1.7914 1.9603 2.7754 2.1266 2.1876 2.1772 2.1876 1.6604 2.1465 1.9280 2.0375 0.9893 2.1516 1.8891 1.8853 2.0375 1.7125 2.4464 1.9854 1.8408 2.0111 1.9981 2.1772 1.8628 1.7846 2.2529 2.0556 2.6641 1.7062 2.3603 1.9440 1.9280 1.7677 2.3795 2.2815 2.1415 2.1071 2.1929 2.1465 2.0331 1.8229 2.1465 2.1071 1.9728 1.5887 1.6111 1.6724 2.4890 1.7744 1.8193 1.7778 1.8336 2.2417 1.8815 1.7125 2.0834 2.0556 2.0375 1.8891 1.9201 2.0111 1.7914 2.3171 1.0293 1.8088 2.2643 1.6515 1.9562 1.6427 1.5723 1.7914 2.0420 1.7846 1.7284 1.6815 1.4795 1.9044 1.7544 1.8554 2.0465 2.0648 1.7544 2.0024 1.8853 2.3292 1.8123 1.5915 2.2932 2.2252 1.4086 1.9044 2.0510 1.7189 1.4553 2.2362 2.1824 0.0000 1.8372 2.3231 2.3603 2.4675 1.7914 1.8123 1.9728 2.2306 2.1266 2.1071 2.7656 1.1925 1.7880 1.8018 1.9939 1.9280 1.7677 2.0331 1.7000 2.6998 1.9981 1.3817 2.3171 2.0976 2.6998 2.0834 1.7284 2.2586 2.0242 1.7544 1.9122 2.1516 1.3492 2.2362 1.9811 1.7349 1.8777 2.7953 1.9686 1.7511 1.8480 1.8264 2.0286 1.7189 1.8739 2.1566 1.7983 2.7463 1.7031 1.9645 2.0740 1.9981 2.4057 1.9044 2.4534 3.3634 1.6846 1.7778 1.9440 2.0834 2.2417 2.0976 2.3231 1.8300 1.9440 1.8480 2.0111 2.2757 1.9896 2.6641 2.4395 1.8372 1.6456 1.9728 2.0111 1.9006 1.8628 2.2197 1.8554
HPHV_Nanhai_ghost_shark_hepacivirus_1_E1_2-119_AlphaFold 2.3292 2.3416 2.2529 1.5970 1.2973 1.5642 1.3386 1.8628 2.2362 2.3731 2.6729 1.8929 1.4041 2.2643 1.6969 1.1315 1.7479 1.6427 1.8702 1.6785 2.0024 1.7611 1.4795 1.1659 2.2362 1.7252 1.9854 1.8628 1.5750 3.3459 2.2643 1.5998 1.7983 1.1231 1.4918 1.9400 2.4258 1.8444 1.8815 1.6545 2.0976 2.2991 2.7274 1.7611 1.4086 1.8517 1.7413 2.1120 2.4746 1.7413 1.8372 2.2362 1.5860 0.7549 2.4890 2.4464 1.6604 2.1617 1.4770 2.1316 2.2874 2.4191 1.8891 1.9728 1.3708 1.1835 2.7181 2.1415 1.3751 2.2035 1.8702 1.8891 1.2933 2.2529 1.6907 1.1519 2.6298 2.4124 1.6486 1.5482 1.1485 1.6876 1.5482 2.2417 1.8891 1.4293 1.4601 1.6815 2.7463 2.0740 1.8408 3.2787 1.6253 2.2529 1.8088 2.2197 2.4258 2.1617 1.6456 2.0881 2.0375 1.8408 2.2197 1.4697 1.7031 1.8853 2.0787 2.0976 1.7812 1.7284 1.8372 0.0000 1.5778 2.1668 1.7711 1.6574 1.6664 1.6604 1.9811 1.8123 1.9122 2.2362 2.4963 1.3642 2.0648 2.1415 2.2035 1.3817 1.9854 1.4770 2.0928 1.9122 1.3281 2.1120 1.9686 1.7189 3.0859 1.7914 1.5325 2.1824 1.9562 2.1929 2.3925 2.0648 1.3599 2.5567 2.0556 1.5509 1.8018 2.0976 2.6214 1.4132 1.9854 1.5915 1.3664 1.3621 2.5110 2.1668 2.5413 2.0928 1.1571 2.8054 1.8336 1.8815 1.7544 2.0556 1.3951 2.9241 1.6456 3.3118 1.3795 2.2991 1.6876 1.8408 1.8628 1.8517 1.3996 1.7644 1.6486 1.8158 2.1316 2.1982 2.0740 1.6754 2.0740 1.8815 2.1617 1.7284 1.8018 1.4064
HPPV_Hepatitis_G_virus_AB018667.1_E1_20-206_AlphaFold 1.5642 1.7812 2.2306 1.4649 2.0465 2.0242 1.8018 0.0223 1.1997 2.2815 2.1120 0.3593 2.3603 1.9083 1.6969 2.0375 1.9006 2.6554 1.2933 1.9006 2.4746 1.2463 1.8665 1.9854 1.9440 2.1316 2.3111 0.8648 2.5966 2.1982 1.3177 1.9981 1.8929 1.6139 1.3973 1.4481 1.9240 1.3729 1.4993 1.4109 2.1168 1.5998 1.6694 0.0620 2.1516 1.8480 1.9939 2.0154 0.5940 1.8891 2.4963 1.5669 0.0172 1.6604 0.8931 2.5725 1.4247 2.1266 2.2035 1.6139 1.5196 2.3292 1.3535 1.8777 1.8517 2.1824 0.8522 2.3051 2.0154 2.3354 2.9955 0.4030 2.0740 2.2306 2.1668 1.7812 2.6382 1.8967 2.0928 0.0388 1.7189 1.8739 1.4649 1.7413 1.7846 2.2991 1.5970 2.4963 2.2473 2.1617 2.2529 2.1668 1.4649 0.6567 2.8363 0.8082 2.2143 2.1266 1.4844 1.9521 2.4395 1.5750 2.2991 1.9400 1.8702 2.4534 2.1982 2.0154 2.1071 2.0928 2.3231 1.5778 0.0000 2.2306 2.7089 1.8193 1.8665 0.9115 2.3731 2.5110 1.9044 2.2035 2.0976 1.3116 1.0522 2.5185 1.4673 2.1465 1.4722 2.2089 2.4327 2.5490 2.1465 2.3354 1.8891 1.3302 2.4746 1.7744 0.0172 1.8517 1.8193 2.3540 0.5734 1.7479 2.3111 1.2578 1.3034 2.0834 2.5805 1.0293 1.3621 1.3095 1.3599 1.8336 1.6545 2.1617 2.6641 1.6456 2.1365 1.3642 2.3925 2.0465 2.4604 0.9966 1.8967 2.1168 1.9400 2.1516 0.4030 2.7559 1.4968 2.5036 2.1266 2.5260 2.1120 0.0223 1.9240 2.2417 1.6311 0.8447 2.0375 2.8054 1.2734 1.8336 1.2973 2.3925 2.1217 2.0111 1.4795 2.0928
PLPV_Bat_pestivirus_BtSk-PestV-1GX2017_E1_503-701_AlphaFold 2.4818 1.5044 2.1876 1.7544 2.3795 2.5036 1.6694 2.2874 2.0648 0.0793 1.5998 2.6214 2.3171 1.9854 2.0510 2.0198 1.8967 2.2362 1.9161 2.1516 1.8777 1.6938 1.9521 2.4124 2.0420 2.2643 2.2529 2.2197 2.6382 1.3492 2.0510 1.8018 2.4191 2.1824 2.2035 2.2700 1.7031 2.6382 2.0420 2.1617 2.5567 1.6969 2.2143 2.0510 2.2700 1.5196 2.0834 1.8480 2.5966 2.1365 2.5646 2.7559 2.4746 2.1566 2.3925 1.4649 2.2757 2.1824 2.3111 2.2643 2.1316 1.5642 2.3478 1.9645 2.1071 2.6554 2.3478 1.6969 2.5490 1.9896 1.8665 2.6214 2.0067 2.1824 1.8088 2.4124 1.8665 3.2466 2.4191 1.9122 2.1876 2.1617 1.7846 2.5413 2.7368 2.4675 1.9896 2.5036 1.9562 2.4327 2.4534 1.3407 1.7062 2.6641 1.4577 2.1415 2.0286 2.1824 2.1772 1.9201 2.8363 1.9044 1.2953 1.7778 2.3478 1.9440 2.3795 1.6545 1.3906 2.5966 2.3603 2.1668 2.2306 0.0000 2.1617 2.0510 2.1415 1.9240 1.4993 2.1316 2.1120 1.5044 2.3540 2.0198 2.1023 1.5589 3.0724 2.2035 2.1720 1.7983 1.2598 2.3292 2.1415 1.9122 2.4124 1.8123 1.6664 2.3667 2.0928 2.1982 1.7413 1.9896 2.3111 2.1824 1.9481 2.1071 2.1168 2.1316 1.8158 2.4327 1.6139 2.0556 2.1168 2.1876 2.6468 2.2197 1.7284 2.1023 1.4041 2.2529 2.3231 1.6724 2.6641 1.5642 2.0694 0.3681 2.0510 1.2913 2.0111 1.5325 1.3198 2.2586 2.0556 2.3795 2.4604 2.3354 1.7349 1.8815 1.9400 2.5185 1.2695 1.4247 2.2991 2.4327 2.3111 2.0556 2.3667 2.5413 2.2757 2.0740
HPHV_Hepatitis_C_virus_genotype_1_E1_192-383_AlphaFold 2.1929 2.2306 1.8408 2.0154 1.9360 0.3846 2.1617 2.4464 1.6634 2.7368 2.3795 2.1316 0.5389 2.1168 2.0510 2.1023 1.9481 0.4618 1.6340 1.4293 1.5642 1.8665 1.5723 1.9728 2.3731 2.4057 2.0556 2.1217 0.4138 2.7368 1.8665 2.1217 2.0286 1.7744 1.9686 1.8193 1.5430 1.6111 2.0465 2.1217 1.5170 1.7711 2.3860 2.8792 1.8018 3.5981 1.8929 1.7949 2.0740 1.5778 0.3303 1.4844 2.7089 2.0331 2.0024 2.3478 1.8193 1.7812 1.6311 1.8967 2.1516 3.1558 1.9645 1.8628 1.6846 1.7094 1.8777 2.6907 1.9400 1.5351 2.3171 2.2874 2.4890 1.7677 1.6969 1.7983 2.1929 2.0111 1.9481 2.7089 1.7812 2.1465 1.9603 1.4505 1.8480 0.5212 1.9201 1.7846 2.2586 1.3365 1.6082 2.3354 1.7611 2.2586 2.6729 2.3111 2.5646 1.8591 1.6054 1.6026 1.3973 2.0556 2.3860 1.7880 0.4751 0.4962 1.9981 1.4086 2.2932 0.3303 2.4675 1.7711 2.7089 2.1617 0.0000 1.9562 1.7611 1.8853 2.1217 1.9161 1.8891 2.5646 2.1516 2.1668 2.0834 2.6641 2.3292 1.8264 1.7711 2.1824 2.9832 1.9769 2.0286 1.7846 1.5589 2.1316 2.4258 2.3991 2.7089 1.6876 2.1668 1.5456 2.0648 1.6574 2.3540 1.7094 1.8300 2.1365 2.4534 2.3603 2.0242 2.1316 2.2362 2.0881 1.5120 2.0420 2.6382 2.2089 2.4258 2.0740 2.1120 3.0859 1.9686 1.9320 1.8815 2.1982 1.8123 1.9811 2.2643 2.2035 1.8929 1.6515 2.1876 1.3219 1.8336 2.5805 1.6846 2.1217 1.8088 1.9280 2.4258 3.3812 1.7446 1.8053 1.8702 1.4819 1.8444 1.9161 2.4890 1.9044
HPHV_Bamboo_rat_hepacivirus_OM480528_E1_171-357_AlphaFold 1.4132 3.1558 0.3786 1.7031 1.5805 2.0286 1.4819 1.6515 2.6130 2.2143 2.6907 1.7744 2.2035 1.4481 0.0223 1.7677 0.4472 2.2089 1.8408 0.6337 0.7174 1.2181 1.1365 1.8229 0.4296 1.6427 2.0834 1.9854 2.2700 2.1876 2.1982 0.3786 0.9023 1.9896 2.0694 2.1982 1.9854 0.7131 1.5456 1.6694 1.2274 2.1876 2.1120 1.7031 1.4918 2.0331 0.0728 0.7067 2.6214 0.9951 1.9280 0.8559 1.7812 1.5247 2.5185 1.9562 2.1668 0.3968 1.7677 2.3111 1.8229 3.1558 1.5750 1.3302 1.4577 1.6664 2.0331 3.1273 1.3386 0.7847 0.4835 2.0834 1.7413 0.3968 0.8648 1.6139 2.7181 1.8777 0.9468 1.8480 1.3492 1.4458 2.1617 1.7744 2.8683 1.8739 1.8739 1.2695 2.5490 1.7577 0.8970 2.4604 1.8480 3.1273 2.0602 1.6456 3.1852 0.3968 1.3840 0.8801 1.8123 1.9240 3.2002 1.9122 2.4746 1.9645 1.9481 1.9400 2.8902 1.8777 1.7914 1.6574 1.8193 2.0510 1.9562 0.0000 0.7595 1.7125 2.0024 0.4684 1.5998 2.6298 1.7220 1.1519 1.5562 3.0461 2.0154 1.8229 2.1668 1.2237 3.2466 1.2675 1.5403 0.7174 1.5325 2.7559 2.1720 0.4359 1.7711 1.3034 0.0172 0.8070 2.4464 1.9481 1.8229 1.8739 2.1617 1.6369 2.3860 1.2349 3.2787 1.1298 2.0331 1.7316 2.1217 2.3354 2.2529 1.1641 2.5725 1.6456 1.9481 2.3860 0.8698 0.4359 0.7294 2.0740 1.1925 3.5555 1.5482 2.3231 1.6846 0.7131 0.7482 1.0247 0.5265 1.6486 1.4247 0.7482 1.7880 1.9083 2.5490 3.4747 1.5325 2.3795 1.5589 0.7917 0.3861 1.7544 2.0976 1.8444
HPHV_Rodent_hepacivirus_MOZ329-CMOZ2011_E1_252-435_AlphaFold 1.7220 2.1365 0.6190 1.8628 1.3075 1.6196 1.6969 2.1720 1.6969 2.1217 3.0859 1.5943 1.5456 1.8444 0.7595 1.6724 0.6537 1.8444 1.7880 0.6855 0.5371 1.2715 1.0399 1.7189 0.6507 1.9896 1.8891 2.4124 1.8777 2.8469 1.6026 0.6387 0.9821 1.5750 1.8815 1.5509 2.5336 0.4801 1.6694 1.8018 1.0039 1.5273 1.6815 1.8480 1.7284 2.2700 0.7527 0.5479 2.1617 1.0806 1.7511 1.9006 2.0375 1.7413 2.1720 2.4464 1.7914 0.6190 1.5299 2.3231 1.6876 2.1023 1.6398 1.3054 1.1676 1.6253 1.9360 2.7656 1.6785 0.5997 0.5661 1.6515 1.6785 0.6190 0.6628 1.5535 2.6214 1.9645 1.0774 1.8517 1.4918 1.4553 1.8739 1.7846 2.2417 1.9562 2.0881 1.1818 2.8363 1.5170 0.8827 3.3459 2.0420 1.8591 2.0286 1.8372 2.4395 0.6190 1.6969 0.8348 1.6846 1.8018 2.9711 2.2991 1.8554 1.9400 2.0602 1.7611 2.7089 1.9939 1.8123 1.6664 1.8665 2.1415 1.7611 0.7595 0.0000 1.6574 2.6130 0.6834 1.7880 2.3991 2.0286 1.6311 1.8853 3.2154 1.9562 1.7220 1.9562 1.0308 3.3118 1.2444 1.3449 0.5533 1.3621 2.6468 2.8902 0.7174 1.7880 1.1571 0.7067 0.5903 1.7479 1.5535 1.7577 1.8628 1.5562 1.7544 2.1720 1.0999 2.7559 1.4722 1.7949 1.7189 1.6082 1.8480 2.1023 1.6224 2.6818 1.6486 1.7189 2.2586 0.6567 0.6387 0.0739 1.9939 1.3686 2.8363 1.9044 3.4747 1.7744 0.5371 0.0284 1.1197 0.6628 2.3603 1.1835 0.0336 2.0154 1.9280 2.5725 2.4258 1.6456 2.1316 1.6369 0.8827 0.6190 1.7511 1.8554 1.7479
HPPV_Pegivirus_K_E1_20-208_AlphaFold 1.3599 1.7611 1.6938 1.3323 1.6907 1.7031 1.5403 0.9864 1.0369 2.0602 2.1168 0.8879 1.8480 1.4770 1.7094 2.1316 1.9769 1.8088 1.3556 1.8300 1.9686 1.7349 1.9083 2.1316 1.7949 1.8408 2.1316 0.9908 1.8158 1.9686 1.2853 1.8891 1.7125 1.7914 1.3407 1.2754 1.9201 1.8193 1.2274 1.2349 1.6282 1.8517 1.4410 1.0694 1.8517 1.6969 1.6456 1.8702 0.9399 1.7577 2.0834 1.4722 1.0323 2.2143 1.0538 2.2089 1.3281 1.5998 1.5069 1.3365 1.4746 2.4327 1.3407 2.0024 1.3729 1.8088 0.9062 2.1772 1.8739 1.7157 2.0242 0.9427 1.8088 1.7349 1.7511 1.5860 2.2089 1.8018 1.5615 1.0585 1.7744 1.4844 1.3492 1.7157 1.6282 1.4770 1.3642 2.0648 2.4675 1.7446 1.8967 2.5490 2.0694 0.9223 1.6694 1.0202 2.1617 1.5998 1.5509 1.7479 1.7880 1.6196 1.9320 1.9122 1.9769 2.3731 1.8480 2.0510 2.0881 1.7189 1.9728 1.6604 0.9115 1.9240 1.8853 1.7125 1.6574 0.0000 2.2417 2.0067 1.3817 1.9400 2.1217 1.3599 0.8497 2.2473 1.1818 1.7000 1.4086 1.5273 2.1617 2.0286 1.8815 1.6754 1.8444 2.3051 1.8815 2.2417 0.9196 1.7062 1.6486 1.7413 0.9413 1.6846 2.3111 0.9778 1.1589 1.8739 2.0834 1.7880 1.3157 1.2520 1.2520 1.4795 1.9440 1.8480 1.8264 1.1571 2.2874 1.3136 1.8891 1.7094 2.1365 1.9686 1.7744 2.4327 1.8739 1.9645 0.9358 2.1668 1.5018 1.9440 1.8815 1.5696 1.9981 0.9358 1.5482 1.7189 1.5482 0.9250 2.4675 3.2002 1.3929 1.8444 1.3556 1.9562 2.0465 1.4340 1.1764 1.7812
PLPV_Pestivirus_giraffe-1_H138_E1_494-688_AlphaFold 2.6382 0.7067 2.3416 2.6818 2.5413 2.2757 2.4534 2.2035 2.5413 1.4293 0.2960 2.0331 2.5966 2.3540 2.5725 1.8853 2.2757 2.7274 1.9686 3.0205 1.6785 2.0602 2.3416 2.2529 3.3287 2.5110 2.3540 2.4258 2.4604 1.2559 2.2991 2.3603 1.9400 2.0465 2.1929 1.8193 0.9223 2.7089 2.0286 2.3667 2.3478 0.7493 2.2991 2.1772 2.2586 1.2181 2.1217 2.0602 2.2757 2.0881 2.5567 2.2643 3.0332 2.4890 2.9591 1.1997 2.1668 2.2991 2.2643 2.2932 2.3603 0.8957 2.3354 2.6554 2.2815 2.8575 2.2991 0.2629 1.7189 2.6130 2.1168 2.2089 2.3416 3.0205 2.7274 1.9896 1.2501 2.5567 2.1415 2.3795 2.7089 1.9122 2.2815 2.1415 2.5805 2.5185 2.1465 2.5110 1.3773 2.8902 2.5490 1.3075 2.0740 2.4675 1.2520 1.8158 1.3578 2.4818 2.9955 2.6298 2.3478 2.0976 0.3036 2.5805 2.4963 2.5885 2.6998 2.3478 0.4553 2.5036 2.2306 1.9811 2.3731 1.4993 2.1217 2.0024 2.6130 2.2417 0.0000 2.6907 3.2309 1.9481 2.6468 2.1772 2.0740 0.2576 2.5805 2.1120 2.1120 3.0859 0.3505 2.9473 1.9854 2.2757 2.9591 0.3907 1.1624 2.3603 2.3795 2.1876 2.8363 2.9241 2.4057 2.5966 2.1365 2.0420 2.0024 1.9360 1.7544 1.7544 1.5170 2.0694 2.2143 2.7754 2.9473 2.9356 1.2311 2.4963 0.2523 2.4604 2.2143 1.2973 3.0205 1.7983 2.7463 1.4819 2.1617 1.5403 1.6427 0.0815 2.1824 2.2362 2.4675 2.5567 1.9360 2.3731 1.8444 2.4675 2.1415 2.0881 0.9778 0.9966 2.4327 2.6468 2.4124 2.6048 2.2991 2.6214 2.1982 2.3171
HPHV_Rodent_hepacivirus_TZ25757TZA2011_E1_181-367_AlphaFold 1.6876 2.5185 0.4280 1.5377 1.3773 1.6515 1.3075 2.1071 2.1120 2.6048 2.5490 1.6969 1.7125 1.6876 0.4553 1.4625 0.4768 1.8554 1.7284 0.5940 0.6567 1.0838 0.9951 1.4894 0.4107 1.8554 2.1824 1.8264 2.0740 1.8300 1.6196 0.3563 0.9036 1.6456 2.0286 1.9939 2.8363 0.5884 2.1668 2.0420 1.0742 2.2035 1.7880 2.1316 1.9603 2.1772 0.4602 0.6436 2.0242 0.9331 1.8967 1.7220 2.4963 1.5696 2.0465 2.4191 1.9280 0.4311 1.4968 2.5260 1.6224 2.3731 1.6754 1.1264 1.1997 1.5299 1.8929 2.2991 1.4109 0.6659 0.4734 1.8815 1.4625 0.4391 0.7835 1.4340 2.9014 2.1566 0.9468 1.9083 1.3219 1.4064 1.7577 1.6545 2.0067 1.8088 1.9360 1.2181 2.3795 1.6815 0.8788 2.9241 2.1929 1.9481 2.2991 1.7778 2.2991 0.4311 1.4553 0.7847 1.8300 1.8123 2.5036 1.9521 1.8123 1.5696 2.0787 1.5778 2.6818 1.5805 2.1266 1.8123 2.5110 2.1316 1.9161 0.4684 0.6834 2.0067 2.6907 0.0000 1.7479 2.5036 2.0834 2.1516 1.9769 2.8259 1.7284 1.5094 2.6468 1.0886 2.7181 1.2218 1.4086 0.6436 1.3973 2.2991 2.4746 0.4216 2.3860 1.1434 0.4216 0.6659 1.8891 1.8665 1.5196 1.9280 1.5094 1.4722 2.4818 1.0742 2.8469 1.8739 1.8591 1.9320 1.4869 1.7252 2.0510 1.9280 2.8054 1.4625 1.6282 2.2586 0.6074 0.4801 0.6731 2.5036 1.3884 2.9014 1.9603 2.4258 1.7349 0.6527 0.6950 0.9413 0.4311 2.3292 1.2107 0.6834 1.6082 2.2306 2.3991 2.2197 1.7284 1.7252 1.7381 0.7482 0.4185 1.5642 1.7544 1.5430
HPPV_Rodent_pegivirus_isolate_CC61_E1_226-411_AlphaFold 0.6731 2.1415 1.4993 0.5865 1.7284 1.9400 1.7983 1.8088 1.3862 2.3991 2.0465 1.5832 1.9006 1.2444 1.6876 1.5915 2.1566 1.9562 1.7544 1.7778 1.8517 1.9854 1.8158 1.6664 1.7778 1.7031 1.8777 1.5887 2.1415 2.6298 1.2293 2.0556 1.8777 1.6139 0.5716 2.0111 1.5696 2.0024 1.6311 0.8447 1.8517 1.8739 0.8202 1.6545 2.1465 2.2529 2.0465 1.9083 1.6574 1.7349 1.6815 1.6846 1.7446 1.9083 1.5887 2.7089 0.5762 1.5299 1.9280 0.9721 0.6731 2.5646 0.6190 1.9981 1.6167 1.6785 1.7577 2.4258 1.9161 1.9320 1.7000 1.5044 1.7157 1.5430 1.9280 1.6754 2.4534 1.9686 1.8408 1.6486 1.7611 1.7220 0.7067 1.8372 1.9645 2.1929 0.5407 2.0375 1.9201 2.0465 1.7511 2.1516 1.9006 1.4918 2.0740 1.6907 2.5413 1.5299 1.6026 1.8444 1.9400 1.7983 2.4746 2.1617 2.0154 1.9728 2.6641 2.0602 2.3540 1.9603 2.1071 1.9122 1.9044 2.1120 1.8891 1.5998 1.7880 1.3817 3.2309 1.7479 0.0000 2.6729 2.0154 0.6407 1.4894 2.4191 1.4795 1.8444 0.7527 1.6694 2.4191 2.0881 1.6938 1.7880 1.7284 1.9006 2.3171 1.9280 1.7252 1.7284 1.7511 1.9240 1.6969 2.5885 1.7252 1.8088 1.3686 1.6054 2.2197 1.8444 2.1982 0.6084 1.5273 0.4311 1.8158 1.8372 2.2700 1.4410 2.7181 1.4722 1.5273 2.2757 1.8264 1.9811 1.8408 2.2035 3.0592 2.4327 1.6515 2.5413 1.7284 1.8665 1.9044 1.7446 1.9728 1.9769 1.6664 1.9400 1.8929 1.6876 1.9280 2.6468 0.6507 2.0648 0.6347 2.0556 1.4993 1.6754 1.5970 1.5723
PLPV_Frog_pestivirus_E1_897-1094_AlphaFold 2.1023 1.9161 2.5260 2.7368 2.0834 2.2143 1.9360 2.2306 2.1217 1.5509 1.9440 2.2252 2.6382 2.3171 2.5646 1.9083 2.7953 2.2643 2.2757 2.3795 2.5646 2.7089 2.3991 1.9854 2.6298 2.7463 2.3171 1.8815 2.4464 2.1023 2.0510 2.1876 2.1217 2.4464 2.3925 2.5490 1.4387 3.1852 2.2306 2.5260 2.7274 1.9481 2.2815 2.7181 2.7463 1.6545 2.6214 2.6729 1.9481 3.1414 2.4675 2.1316 2.3051 2.4604 2.0694 1.6634 2.1415 2.5260 2.6214 2.2252 2.2932 1.7744 2.3540 2.4604 2.3231 2.1566 1.8229 1.8777 2.4057 2.1772 2.5413 2.2362 1.8018 2.6468 2.8683 2.1023 1.4993 2.5966 2.4395 2.3416 2.2757 2.5110 2.4604 2.2643 2.2815 3.2466 2.4395 2.8259 1.9521 2.6729 2.2874 1.6282 2.5966 1.9603 1.7880 2.4327 1.5377 2.5185 2.8469 2.4963 2.4890 2.4675 1.6311 2.4395 2.2417 2.4464 2.3795 2.6818 1.8554 2.9832 2.7656 2.2362 2.2035 1.5044 2.5646 2.6298 2.3991 1.9400 1.9481 2.5036 2.6729 0.0000 2.6641 2.3171 2.0881 1.5778 2.2757 1.8665 2.2932 2.7754 1.6340 2.4395 2.2035 2.5966 2.0067 2.1668 1.7914 2.5336 2.3292 1.9603 2.3731 2.2700 2.3603 2.7368 2.1824 2.1566 2.4191 2.2932 2.0556 2.7463 2.1217 2.2529 2.3171 2.1168 3.2466 2.3667 1.5970 1.8739 1.7284 2.3925 2.1023 1.4993 2.5110 2.4191 2.2473 1.3686 2.2586 1.5196 2.2643 1.8665 2.8469 2.5805 2.5885 2.2362 2.8575 2.1668 2.3354 2.5336 2.1824 2.0834 1.6846 1.8336 2.5490 2.2874 2.7089 2.4395 2.6048 2.4124 2.3231 1.6846
HPHV_Hainan_oriental_leaf-toed_gecko_hepacivirus_E1_219-407_AlphaFold 2.4675 2.3171 2.0465 1.9360 2.2252 2.0602 1.9006 2.0154 1.7949 2.5336 1.5887 1.8815 1.9896 2.0648 1.7220 1.9521 2.0928 1.9360 1.7031 1.8554 2.4963 1.9603 1.6167 2.0602 2.0787 0.5452 2.1316 1.9201 2.0198 2.4890 1.8264 1.9481 2.1415 1.8336 1.9122 1.7544 1.5430 2.2417 1.8628 2.0198 1.9320 1.6664 1.9645 2.3051 1.9161 2.2815 1.7479 2.0881 1.9939 2.0881 2.0602 2.0465 1.9562 2.2035 2.0420 2.5490 1.7983 1.8853 1.6515 1.8229 2.4746 3.6200 1.9122 2.1120 1.9201 1.7644 1.9686 3.2951 2.5336 1.9854 2.3051 1.8628 1.9320 1.8777 2.0331 2.1415 2.9711 0.5679 1.9400 2.1617 2.7559 1.7094 1.7094 1.8591 1.7479 2.1217 2.1982 2.0976 2.3111 1.7812 1.8628 2.3795 1.8408 2.1071 2.3667 2.1316 2.5413 1.8853 1.9161 2.1617 1.7983 1.7577 2.8575 1.9603 1.9645 1.8739 2.0976 1.8628 3.2787 2.0024 1.1925 2.4963 2.0976 2.3540 2.1516 1.7220 2.0286 2.1217 2.6468 2.0834 2.0154 2.6641 0.0000 2.0242 1.8777 2.9014 2.6298 2.1415 1.9939 2.0067 2.7953 2.0510 1.8967 1.7413 1.7846 2.2874 2.9014 2.2529 2.1316 1.8300 2.2932 2.0198 2.3111 1.4722 1.9440 1.7094 1.6111 1.9360 2.1566 2.0648 2.8156 1.9939 2.1982 1.9896 1.5482 2.0465 2.1516 1.8967 2.7089 1.9686 2.2700 2.0420 2.0510 2.4258 1.7880 2.3416 1.9562 2.5805 1.6574 2.6907 2.0331 2.7754 2.1071 2.6729 2.3231 1.9939 1.9896 1.8815 1.7381 2.2815 2.8683 2.3860 1.9083 2.2473 1.9769 2.1929 2.0465 2.1120 2.1071 2.0375
HPPV_Wenzhou_Rattus_norvegicus_pegivirus_1_E1_207-398_AlphaFold 0.7067 2.0465 2.0198 0.5425 1.6815 1.9603 1.6938 1.6876 1.3535 2.1824 2.2932 1.3664 2.1266 0.9995 1.1747 1.4155 2.1217 2.1465 1.6876 1.8372 2.0834 1.7349 1.8229 1.4132 2.0740 1.9440 1.9645 1.6456 1.7544 1.9044 1.4918 2.0556 1.7812 1.4649 0.4248 1.5915 1.9006 1.8193 1.4481 0.8801 1.7479 3.0592 0.7708 1.5998 1.4363 2.0024 1.1298 1.9320 1.5222 1.8739 2.1824 1.6938 1.2913 1.6724 1.6515 2.5490 0.4953 1.9939 1.7189 0.9250 0.7595 2.0834 0.4987 1.8554 1.6664 1.7677 1.4819 1.8336 1.7094 1.7846 1.9686 1.4458 1.5887 1.9769 1.6938 1.3407 2.2700 2.1929 1.8088 1.2853 1.6634 1.5069 0.6074 1.8739 2.2473 2.3292 0.5265 1.7381 2.4464 2.1023 1.9240 2.5490 1.8480 1.6026 2.1465 1.5642 2.3051 1.9939 1.6634 1.6369 2.2197 1.5696 2.0648 1.5750 2.0331 1.9811 2.7181 2.3925 2.0834 1.7031 1.7880 1.3642 1.3116 2.0198 2.1668 1.1519 1.6311 1.3599 2.1772 2.1516 0.6407 2.3171 2.0242 0.0000 1.4201 2.1566 1.5170 1.4918 0.7964 1.6664 2.0111 1.7189 1.9686 1.8193 1.5778 1.6486 1.9122 2.2417 1.5299 2.0375 1.1098 1.9044 1.5482 0.9524 1.5970 1.6907 1.2255 1.5832 2.1415 1.8517 2.3051 0.0451 1.3773 0.5470 1.8929 1.5943 1.8018 1.5589 1.8300 1.4601 1.4697 1.9645 1.8739 2.4327 1.8336 1.7544 2.2932 2.0465 1.3729 1.9083 1.8517 2.0465 1.8193 1.7511 1.7349 1.5669 1.7846 1.6938 2.0834 1.5222 2.5413 2.1266 0.4618 1.7711 0.4635 1.7284 2.0198 1.7983 1.5696 1.5535
HPPV_Hepatitis_GB_virus_A_E1_98-271_AlphaFold 1.3621 2.1516 1.7544 1.5145 1.5120 1.7252 1.7413 1.1164 1.1434 2.0198 1.9320 0.9664 1.7381 1.4770 1.6340 1.6938 2.0286 2.1266 1.3996 1.6486 2.1120 1.9201 1.8229 1.6311 1.9562 1.8372 1.9854 0.8547 2.2252 2.1023 1.5351 1.9240 1.8628 1.5943 1.6082 1.1764 1.2444 1.8815 1.2052 1.6167 1.8018 1.5018 1.5094 1.2070 1.6082 2.7181 1.4601 2.0154 0.8497 1.6574 2.1876 1.4340 1.1365 2.1982 0.8178 2.8902 1.5562 1.7511 1.4869 1.5094 1.2695 2.6998 1.3664 1.8444 1.8665 2.0067 0.8660 2.3540 1.8158 2.0375 1.9400 0.9864 1.6398 1.7880 1.9603 1.4918 2.1772 1.6427 1.3642 1.1800 1.9320 1.9769 1.5222 1.8300 1.7220 2.2252 1.4770 2.4124 3.1414 1.6486 1.9044 2.9473 2.1720 0.9062 1.8300 1.0098 1.9811 1.7511 1.4746 1.6456 1.7252 1.5669 2.1023 2.3925 1.9006 2.1168 1.8591 2.1720 2.3991 2.2089 1.8018 2.0648 1.0522 2.1023 2.0834 1.5562 1.8853 0.8497 2.0740 1.9769 1.4894 2.0881 1.8777 1.4201 0.0000 2.2529 1.1818 1.8300 1.7125 2.2252 2.0881 2.2874 1.9161 2.0556 1.9645 2.4604 2.3925 1.8480 1.0790 2.1023 1.4340 1.8967 0.9835 1.8777 2.1365 0.3119 1.0338 1.6456 2.2417 2.3478 2.4124 1.4270 1.3054 1.8702 1.8891 1.6694 2.6214 1.0553 2.4191 1.4132 1.5998 2.4191 1.5222 1.9896 1.8891 2.2035 1.9854 2.2362 0.9735 2.2306 1.5805 2.1365 1.9122 1.9240 1.8018 1.0308 1.8193 1.8554 1.5094 0.7800 2.4327 2.0420 1.4247 1.8929 1.4317 1.6196 1.7511 1.6846 1.1502 1.7284
PLPV_Pestivirus_Burdur05-TR_E1_496-690_AlphaFold 2.9711 0.8361 2.7656 2.2700 2.7853 2.4124 2.3991 2.3171 2.4327 1.3708 0.1251 2.0834 2.7089 2.5110 3.2309 1.8264 3.0461 3.1704 2.3795 2.6998 1.9481 2.5646 2.5413 1.6664 2.8683 3.2787 2.3991 2.6382 2.8469 1.1298 2.6998 3.0995 2.7853 2.8259 2.3292 1.8264 0.3519 2.5646 2.4604 2.9241 2.3231 0.4130 2.7089 2.4534 2.3731 1.0870 3.7856 3.5144 2.6554 2.3111 2.9591 2.5490 2.2932 2.8902 2.2586 1.2293 2.3478 2.6468 2.3111 2.5336 3.0205 0.9386 2.1168 2.4327 1.8193 2.5260 2.2143 0.0631 2.1876 2.3925 2.2874 2.5036 1.5750 3.1852 2.3731 2.0286 1.2482 2.5885 2.9126 2.4963 2.1465 1.9240 2.0602 2.7181 2.9241 3.3459 2.0067 2.5110 1.1961 2.8792 2.9014 1.2199 2.8054 2.4963 1.1298 1.8336 1.2520 2.7368 2.5336 2.4604 2.9832 2.1217 0.2284 2.1023 2.5413 2.4963 3.0859 2.3603 0.3418 2.5885 1.9939 2.1415 2.5185 1.5589 2.6641 3.0461 3.2154 2.2473 0.2576 2.8259 2.4191 1.5778 2.9014 2.1566 2.2529 0.0000 3.3812 1.8336 2.3478 2.0976 0.1756 2.2362 2.1217 2.3860 2.4675 0.2967 0.9707 2.7368 1.9686 2.6048 3.1852 2.4191 2.3667 2.8259 1.6664 2.2306 2.2473 1.6026 1.7778 2.1023 1.3492 2.3416 2.2252 2.2362 2.6554 3.1852 1.1485 2.2991 0.3161 3.0859 1.6139 1.2520 2.2932 3.0461 2.8792 1.5403 1.8739 1.1871 2.0787 0.2537 1.7000 2.1415 3.0995 3.2466 2.6907 2.5490 1.8193 2.8683 2.1415 2.0286 0.9951 1.0790 2.2757 2.2874 2.2035 2.5567 2.7754 2.4327 1.9360 1.9686
HPPV_Bat_GB-like_virus_E1_22-217_AlphaFold 1.3642 2.1929 2.0976 1.5696 1.7914 2.0420 1.4993 1.3323 0.9749 2.8259 1.9686 1.1606 2.3292 2.0067 1.5860 2.0286 1.9006 1.9481 1.4293 1.7316 1.8053 1.9562 1.6224 2.0556 2.0331 2.0787 2.3231 1.1997 2.1516 2.1720 1.3996 1.9320 1.6167 1.7284 1.4201 1.4481 1.2973 1.9161 1.2349 1.3157 1.8300 2.1668 1.5120 1.5325 2.0067 2.6729 2.0740 1.7316 1.2070 1.6224 2.2874 1.4387 1.4968 2.0976 1.1782 2.2197 1.4018 2.0740 1.5915 1.4577 1.3642 2.7368 1.4247 1.9122 1.9981 1.7949 1.0461 2.6468 1.7744 1.9006 1.9896 1.0742 2.0024 2.0602 1.6785 1.6139 2.5036 1.8480 1.6486 1.4363 1.8444 2.0067 1.3840 2.0694 1.9645 2.3540 1.3708 1.7914 2.1120 2.2643 2.0648 2.8792 1.9201 1.3034 2.3540 1.0742 2.7089 2.0740 1.5669 1.8158 2.4746 1.5562 2.6382 1.9083 2.2700 2.2197 2.1824 2.3478 2.6998 1.9854 1.9280 2.2035 1.4673 3.0724 2.3292 2.0154 1.9562 1.1818 2.5805 1.7284 1.4795 2.2757 2.6298 1.5170 1.1818 3.3812 0.0000 1.8300 1.3884 1.7611 2.6641 1.6969 2.0834 1.7381 1.8158 2.1168 2.4746 1.6664 1.6253 1.6574 1.9939 1.8554 1.3365 1.6694 1.9645 1.1676 0.9089 2.2473 1.8967 1.5887 3.1273 1.5044 1.3449 1.3729 2.2252 1.6340 2.1929 0.4030 2.2586 1.3664 2.2306 2.6214 1.8372 2.1217 1.9769 1.9320 2.1772 1.8628 1.0742 2.6641 1.7846 1.8891 2.0024 1.8158 2.0024 1.3906 1.8929 2.2643 1.5247 1.1315 2.4057 2.4746 1.3260 1.5222 1.3884 1.8193 2.0648 1.8815 0.0804 2.0556
HPHV_Rodent_hepacivirus_TA531-ATZA2013_E1_183-365_AlphaFold 1.7349 2.0602 1.7611 1.7711 1.5120 1.6969 1.2311 2.1120 2.1465 2.3991 1.7094 1.6082 1.7316 1.7349 1.8053 0.0980 1.8372 1.7094 1.4201 1.5723 1.6785 1.5299 1.5196 0.1877 1.6938 1.6876 1.7677 1.5535 1.9728 2.5490 1.7062 1.4968 1.6111 1.4553 1.5915 1.3407 1.6026 1.5805 1.7413 1.7000 1.4201 1.6026 1.4943 2.1516 1.6456 1.6876 1.7544 1.8018 2.0375 1.6574 2.1415 1.5509 2.2197 1.3281 1.8123 2.3667 1.6664 1.7949 1.3951 1.8739 1.7157 2.2586 1.8336 1.4770 1.3428 1.3407 1.8554 1.9320 1.4795 1.5273 1.6139 1.8372 0.0514 1.7284 1.7031 1.3323 2.1772 2.0198 1.5456 2.2252 1.3708 0.4936 1.5018 1.6634 1.5696 1.9939 1.7949 1.6664 2.1316 1.6026 1.4746 2.0881 1.5196 2.0024 1.9769 1.9562 2.1365 1.7949 1.7577 1.5247 1.7157 1.4649 2.0834 1.8193 1.9728 1.9562 1.3642 1.6815 2.1465 1.8929 1.7677 1.3817 2.1465 2.2035 1.8264 1.8229 1.7220 1.7000 2.1120 1.5094 1.8444 1.8665 2.1415 1.4918 1.8300 1.8336 1.8300 0.0000 1.6574 1.6196 2.7089 1.7062 0.6618 1.6398 1.7949 1.6846 2.1929 1.7252 2.1415 1.5430 1.6876 1.5805 2.0198 1.5970 0.0980 1.5377 1.9645 0.0750 2.2252 1.6785 1.8229 1.6167 1.7446 1.8300 1.5750 1.5069 2.7089 1.2406 2.0465 1.8665 0.1939 1.4918 1.5482 1.6196 1.7880 2.0510 1.6456 1.9201 1.9360 2.4124 1.2598 1.7284 1.8158 1.6196 1.4968 2.1120 1.3323 1.7949 1.5403 1.9645 2.2643 2.4258 1.9006 1.9769 1.9562 1.4649 1.7611 1.8158 1.6724 0.0631
HPPV_Tree_shrew_pegivirus_E1_161-347_AlphaFold 0.8814 1.9728 2.0834 0.7003 2.1217 2.0694 1.9360 1.4869 1.5170 2.2991 1.6398 1.5196 1.7062 1.2675 2.1516 1.6694 2.2143 1.7744 1.5222 2.3171 2.3171 1.8372 1.8591 1.6664 2.2417 2.0375 2.1876 1.5805 2.1668 1.9360 1.2853 2.2197 2.1720 1.7031 0.6793 1.2695 1.7812 1.9400 1.6634 0.7917 2.0928 1.4340 0.6950 1.5642 2.1168 2.1415 2.1668 2.2529 1.4601 1.9400 2.0331 1.4458 1.3578 1.8018 1.5273 3.3812 0.7917 1.8777 2.1217 0.7731 0.8422 2.5646 0.7999 1.8853 1.6224 2.0602 1.6545 2.1876 2.0740 2.1876 2.2306 1.5120 1.5860 1.9645 1.7949 1.6369 2.6998 2.5885 2.0834 1.5094 1.8554 1.6815 0.6897 2.1217 1.8739 1.4673 0.8178 1.9521 2.5490 2.5966 1.9686 2.9356 1.7711 1.5915 1.7677 1.6634 2.4395 1.8777 1.5589 2.2757 2.4464 1.4505 2.7656 1.8891 1.6026 2.0648 2.2700 1.9939 2.8054 2.1982 2.0331 1.9854 1.4722 2.1720 1.7711 2.1668 1.9562 1.4086 2.1120 2.6468 0.7527 2.2932 1.9939 0.7964 1.7125 2.3478 1.3884 1.6574 0.0000 1.6026 2.9014 1.8967 1.8853 2.0648 1.9400 2.0556 2.0286 1.9440 1.4649 1.5509 2.1668 2.2362 1.4601 1.8444 1.8123 1.7544 1.5170 1.7577 2.3111 1.8264 2.3051 0.7882 1.4434 0.7858 1.6139 2.0881 2.0928 1.5887 2.5725 1.4844 1.7316 2.8054 2.1023 2.0881 2.0067 2.4191 1.6282 2.2700 1.5299 2.2417 1.6282 2.0740 1.8815 1.7479 2.1982 1.6026 1.7284 2.1365 1.5750 1.3449 2.5413 2.6130 0.7482 2.1720 0.8070 2.1465 1.9769 2.0067 1.2695 1.6311
HPHV_Bat_hepacivirus_BK013349_E1_149-356_AlphaFold 1.4132 2.2143 1.2162 1.7413 1.4410 1.7577 1.8815 2.0602 1.6398 3.0724 2.4258 1.7349 1.7125 1.6026 1.2540 1.5970 1.2559 1.8628 1.7413 1.0967 0.9764 1.3239 1.1399 1.6815 1.1800 1.7577 1.9201 1.6754 1.9686 2.6998 1.5943 1.2052 1.1214 1.4993 1.7031 1.7846 2.1617 1.1835 1.8053 1.9939 1.1349 1.7544 1.6876 1.9939 1.5351 1.9440 1.1925 0.9922 1.9201 1.1641 2.2874 1.6604 2.0694 2.1168 2.0198 1.9769 1.7000 1.2293 1.6253 1.7949 1.4770 2.8575 1.4673 1.2406 1.1264 1.6664 1.8088 2.2417 1.4943 0.9580 1.1925 1.5696 1.6574 1.1747 1.1399 1.4155 2.6641 1.9811 1.0128 2.1168 1.5943 1.6815 1.4018 1.6634 1.8591 2.0111 1.6604 1.0414 2.8683 1.5273 1.1264 2.5110 1.8517 1.7544 1.6253 1.5642 2.6554 1.2293 1.4601 1.0128 1.5094 2.0331 2.1720 1.2715 2.0286 2.3231 1.9280 1.5860 2.5185 2.0834 1.7000 1.4770 2.2089 1.7983 2.1824 1.2237 1.0308 1.5273 3.0859 1.0886 1.6694 2.7754 2.0067 1.6664 2.2252 2.0976 1.7611 1.6196 1.6026 0.0000 2.5336 1.1098 2.6130 0.8931 1.2444 2.3991 2.4534 1.2695 2.2700 1.3513 1.1979 0.9778 1.6846 1.1434 1.5669 1.6815 1.8193 1.5669 1.9440 1.0854 2.6907 1.5196 1.8193 1.6111 1.7644 1.5589 2.1982 1.3075 2.9356 1.7644 1.6907 2.3051 1.1231 1.2520 1.0369 2.1876 1.1800 2.8156 1.7846 2.6554 1.5642 1.0538 0.9951 1.1571 1.1747 2.0465 1.1571 0.9951 1.8665 1.8554 2.7656 2.0067 1.6340 1.8517 1.6224 1.1641 1.2349 1.7413 1.8053 1.5562
PLPV_Pestivirus_sp._isolate_ovineIt338710-32017_E1_495-689_AlphaFold 2.7089 0.9115 2.6998 2.6382 2.6214 2.5110 2.2757 2.7089 2.5036 1.2387 0.2001 2.5260 2.7089 3.0461 3.4363 2.4746 2.4395 2.9126 2.1929 3.3459 2.4464 2.5567 2.5036 2.6298 2.9473 2.5490 2.3111 2.4191 2.7754 1.1835 2.1982 2.8683 2.8363 2.6641 2.3111 2.2874 0.6557 2.2089 2.5185 2.0648 2.2529 0.6219 2.3925 2.3603 2.6214 1.0553 2.9014 2.9356 2.1465 2.8259 2.6130 2.9241 2.0928 2.4057 2.3171 1.0323 2.3860 2.5110 2.5490 2.1668 2.2197 0.8597 2.1876 2.3731 2.1316 2.6818 2.3292 0.2406 2.6048 2.2035 2.3860 2.6214 2.4746 3.0724 3.0079 2.0928 1.1606 2.7559 2.4604 2.9711 2.4746 2.5185 2.0556 2.6048 2.4604 2.5336 2.2991 2.3051 1.3075 2.5966 2.7368 1.2893 2.4890 2.8575 1.0369 2.0787 1.2734 2.5110 2.7953 2.4890 1.9044 2.1415 0.0980 2.1217 2.1929 2.4258 2.7368 2.2089 0.2589 2.5185 2.6998 2.0928 2.4327 1.2598 2.9832 3.2466 3.3118 2.1617 0.3505 2.7181 2.4191 1.6340 2.7953 2.0111 2.0881 0.1756 2.6641 2.7089 2.9014 2.5336 0.0000 2.6907 2.0648 4.0360 2.3860 0.4280 1.0024 2.3231 2.6214 2.2815 3.0592 2.3860 2.4818 2.8156 2.3795 1.8193 1.9854 2.1824 1.7511 2.7368 1.4697 2.2089 2.1876 2.5490 2.0465 2.6641 1.2052 2.2757 0.3425 2.5110 2.5490 1.1818 2.5260 2.9126 2.6130 1.4247 2.1617 1.2330 2.5260 0.2689 2.1617 2.4675 2.8683 3.0724 2.7853 2.6382 1.9811 3.1558 2.0928 2.3292 0.9115 0.9468 2.1982 2.3111 2.2143 2.4534 2.8792 2.2874 2.3478 2.7181
HPHV_Longquan_Rhinolophus_pusillus_hepacivirus_E1_157-362_AlphaFold 1.8554 2.2700 1.4697 2.1465 2.1120 1.8018 1.5615 2.4395 1.8053 2.4464 2.2306 2.0154 1.9603 1.9981 1.2893 1.6907 1.2793 1.8088 1.8264 1.1451 1.2070 1.3095 1.3386 1.7778 1.2293 2.1365 2.2757 2.3731 2.2417 2.9473 1.9006 1.1997 1.4224 1.9896 1.8853 1.9044 2.7953 1.3095 2.0024 1.9122 1.1961 2.3925 1.9280 2.4464 2.1168 1.9562 1.3198 1.3116 2.1168 1.1925 2.0111 1.9440 2.7656 2.1023 2.2473 2.4395 1.9240 1.3973 1.6969 2.5567 2.0556 2.4464 1.8158 1.4697 1.2617 1.5860 1.9686 2.4057 1.6876 1.0870 1.1782 1.8408 1.7157 1.4481 1.1711 1.8088 2.2643 2.0242 1.3621 2.6729 1.8264 1.5170 1.9044 1.8053 1.9481 2.0510 2.3231 0.1890 2.8792 1.9280 1.1818 2.5966 2.5490 2.0928 2.1876 1.7812 2.2035 1.3973 1.9939 1.1502 1.9122 2.1316 2.9241 2.3354 2.0331 1.9769 2.1168 1.7220 2.3925 1.6724 1.9981 1.9122 2.5490 2.3292 1.9769 1.2675 1.2444 2.0286 2.9473 1.2218 2.0881 2.4395 2.0510 1.7189 2.2874 2.2362 1.6969 1.7062 1.8967 1.1098 2.6907 0.0000 1.9044 1.0870 1.6196 2.2252 2.5036 1.3281 2.5336 1.3884 1.2293 1.1231 1.9044 1.7381 1.8929 1.9854 1.8628 1.6515 2.3478 0.5624 2.5260 1.9360 1.9769 1.8853 1.6545 1.6486 2.7181 1.7284 3.1852 1.7677 1.6938 2.3860 1.2953 1.4993 1.2993 2.3795 1.6082 2.1617 1.8264 2.6048 1.8517 1.2255 1.1468 1.4387 1.1281 2.2643 1.1747 1.1747 2.1617 1.8193 2.3795 2.2362 1.9122 2.2874 1.7880 1.1589 1.4481 2.3925 1.7577 1.6969
HPHV_Hepacivirus_J_isolate_Hepacivirus_RMU10-3382GER2010_E1_164-348_AlphaFold 1.2893 2.7089 1.4918 1.7000 1.3751 1.8967 1.1399 1.9481 1.7446 1.7189 2.6214 1.8628 1.8739 2.0067 1.5535 0.7067 1.4064 1.9603 1.7000 1.5696 1.6545 1.6545 1.6724 0.6347 1.3198 1.8967 1.4577 2.1617 1.9201 2.9126 1.4746 1.5970 2.3171 1.7611 1.7316 1.7744 2.7953 1.4270 2.0465 1.7949 1.8480 2.4890 1.6456 1.8739 1.9201 2.6554 1.5509 1.7479 2.3231 1.5970 1.8444 1.8088 2.0602 1.6754 1.9939 2.4746 1.7094 1.4918 1.3686 2.0198 1.7949 3.0332 1.2425 1.4894 0.8324 1.2501 2.0024 2.0976 1.9481 1.9201 1.3239 1.8480 0.6834 1.4434 1.7316 1.4795 2.7953 1.7949 1.5915 1.9645 1.5915 0.8226 1.6604 1.8018 1.7744 2.2306 1.6907 1.9686 3.0859 1.9481 1.7644 2.8792 1.5247 1.6224 2.0198 1.7511 2.8683 1.4918 2.1876 1.9044 1.9769 1.6604 1.6604 1.5778 2.3171 1.7544 1.9440 1.3686 2.2143 1.9201 1.3817 1.3281 2.1465 2.1415 2.0286 1.5403 1.3449 1.8815 1.9854 1.4086 1.6938 2.2035 1.8967 1.9686 1.9161 2.1217 2.0834 0.6618 1.8853 2.6130 2.0648 1.9044 0.0000 1.6604 1.7316 1.8665 2.5413 1.6139 2.4191 1.7812 1.4064 1.9360 2.1929 1.4770 0.6477 1.8088 1.8300 0.6992 2.9014 1.8229 2.5185 1.7711 1.8264 1.4844 1.6224 1.6456 2.5567 1.8336 1.8264 1.8517 0.6347 2.7853 1.5273 1.5120 1.5482 2.0067 1.8967 3.3812 1.9521 2.1415 1.1853 1.6427 1.4722 1.8193 1.8088 1.8777 0.8190 1.5482 1.7611 1.9981 2.0881 2.5567 1.3281 1.8372 1.6785 1.7983 1.4673 1.6815 2.1929 0.6834
HPHV_Wufeng_Niviventer_fulvescens_hepacivirus_1_E1_212-403_AlphaFold 1.7446 2.5185 0.6387 1.7744 1.4434 1.6604 1.6224 2.1824 1.6082 1.8777 3.2154 1.6876 1.6846 2.0787 0.7305 1.5456 0.6466 1.8193 1.4340 0.5425 0.2898 1.2953 0.9331 1.6846 0.5874 1.7880 1.9769 2.2586 1.6574 2.4395 1.7062 0.6093 0.8737 1.8372 1.9603 1.9481 5.0250 0.4851 1.8702 1.7000 1.0323 2.1365 2.3540 2.0881 1.8088 2.2700 0.7272 0.0213 2.2757 1.0616 1.5970 1.7914 2.1465 2.4534 2.1617 2.6554 2.0787 0.6337 1.5377 2.2991 1.7284 2.3603 1.7316 1.2675 1.1451 1.4673 1.9939 3.5144 1.5145 0.0161 0.7207 1.7711 1.7000 0.6436 0.6628 1.5247 2.4191 2.1217 1.0247 2.0154 1.5943 1.6139 1.8372 1.6340 1.9728 1.8929 1.8372 1.0983 2.4604 1.6938 0.7549 2.3231 2.3478 2.2035 1.8517 1.9161 2.4890 0.6337 1.7479 0.8398 1.9811 2.0834 2.2252 2.3292 1.7577 1.6253 2.0286 1.7744 3.0205 1.6574 2.3171 2.1120 2.3354 1.9122 1.7846 0.7174 0.5533 1.6754 2.2757 0.6436 1.7880 2.5966 1.7413 1.8193 2.0556 2.3860 1.7381 1.6398 2.0648 0.8931 4.0360 1.0870 1.6604 0.0000 1.3365 2.4191 2.3292 0.7870 2.4191 1.2754 0.6417 0.0213 2.1217 1.6167 1.6139 2.1982 1.6604 1.6026 2.6907 1.2107 2.6998 1.7949 1.6876 1.8123 1.8815 1.7949 2.6907 1.6340 2.6382 1.5562 1.5970 2.3292 0.6026 0.6337 0.5389 1.9728 1.4577 2.8792 1.6167 2.8469 1.7349 0.2817 0.5389 0.9951 0.6866 2.9356 1.1554 0.5300 2.1365 2.0648 2.0556 2.1217 1.8229 2.2473 1.7677 0.9331 0.6387 1.9360 1.8229 1.5273
HPHV_Hepacivirus_N_E1_151-347_AlphaFold 1.9044 2.3795 1.4993 1.8123 1.6969 1.3708 1.5377 1.9280 1.9044 2.4963 2.6130 1.7544 1.6785 1.9320 1.5325 1.6785 1.4577 1.6724 1.9562 1.3795 1.3075 1.4387 1.4387 1.7446 1.4178 1.7062 1.8739 2.2700 1.4968 1.7511 1.6545 1.4086 1.5094 1.6664 1.7677 1.6398 2.7559 1.2953 1.6604 1.5669 1.3862 2.5490 1.8053 1.7511 1.9122 2.4191 1.4746 1.4224 2.1465 1.4387 1.7479 1.7744 1.6907 1.8554 1.9240 2.3925 1.9728 1.5998 1.6486 2.0111 2.0465 2.4604 1.8053 1.8300 1.3862 2.1824 1.8891 2.2643 1.9083 1.4018 1.3884 1.7479 1.8300 1.4844 1.4869 1.6340 2.1516 1.7413 1.4577 1.8372 1.6369 1.7284 1.4819 1.5509 1.8088 1.8372 1.9122 1.6111 2.4963 1.6724 1.4529 2.0648 2.7463 2.6554 2.1824 1.9400 2.5260 1.5998 1.9854 1.3449 1.5832 1.7644 2.3478 2.1516 1.6907 1.4132 1.9083 1.5403 2.2529 1.5696 2.0976 1.9686 1.8891 2.4124 1.5589 1.5325 1.3621 1.8444 2.9591 1.3973 1.7284 2.0067 1.7846 1.5778 1.9645 2.4675 1.8158 1.7949 1.9400 1.2444 2.3860 1.6196 1.7316 1.3365 0.0000 1.7744 2.4258 1.5482 1.7949 1.4918 1.4819 1.3535 2.1316 2.0286 1.7611 1.8967 1.8853 1.7949 2.3354 1.4553 2.5036 1.7880 1.6724 1.7880 1.7446 1.6815 2.9473 2.0740 2.1929 1.7611 1.4505 2.3416 1.5120 1.4819 1.3686 2.3231 0.7174 3.2002 1.6427 2.3603 1.7479 1.2953 1.3323 1.4577 1.3884 2.1720 1.3729 1.3344 1.7949 1.8018 2.2932 2.2197 1.8408 2.1929 1.8628 1.3556 1.4722 1.8929 1.7189 1.7611
PLPV_Bovine_viral_diarrhea_virus_1_E1_498-692_AlphaFold 2.3231 1.0187 3.0995 1.7349 1.5723 1.9360 1.8591 2.2586 2.0242 1.8053 0.2596 2.2417 2.0067 2.0331 2.7559 1.9201 2.2252 2.4258 1.4625 2.5413 3.0859 1.9122 1.9481 1.9400 2.6729 5.0250 1.9083 1.7157 1.8444 1.2715 2.4327 3.2002 2.6818 2.9473 1.6026 1.4201 0.5134 2.9126 2.5567 1.9939 2.4675 0.4488 2.0242 2.5646 2.6729 1.3708 2.8683 2.5260 2.6554 2.3051 2.2815 2.5185 1.6082 2.4890 2.3354 1.3492 1.8628 3.1414 2.1168 1.6456 1.8702 1.1081 1.8891 1.9006 1.9006 2.3478 2.3925 0.2830 2.5490 2.3354 3.1414 2.2035 1.6224 3.3118 2.1465 1.7644 1.5273 2.5490 3.7119 2.1120 2.5646 1.8300 1.6724 2.2932 3.1704 2.9356 1.9481 1.8591 1.3407 2.4464 2.1617 1.3095 2.7463 2.0154 1.4819 1.6253 1.2873 3.2309 2.3292 2.7181 2.1465 2.0024 0.4311 2.2991 2.7089 2.4057 2.1876 2.6382 0.4091 2.3171 2.6998 1.7189 1.3302 1.8123 2.1316 2.7559 2.6468 2.3051 0.3907 2.2991 1.9006 2.1668 2.2874 1.6486 2.4604 0.2967 2.1168 1.6846 2.0556 2.3991 0.4280 2.2252 1.8665 2.4191 1.7744 0.0000 1.0600 3.0859 1.8891 3.1704 2.9356 2.3860 2.7853 2.2197 1.8480 2.3925 1.5615 1.6369 1.9603 2.2643 1.2813 2.1120 1.5403 1.6876 2.6641 2.8363 1.2016 2.2932 0.3346 2.0154 1.6604 1.2255 3.2154 3.0205 2.3231 1.6369 1.7000 1.4410 2.3667 0.4216 1.5805 3.2625 2.7463 2.5490 3.3459 1.4458 2.2035 3.0461 1.9981 1.7062 1.3116 1.4178 1.8088 1.8591 1.8088 1.7778 3.1414 2.0740 2.1720 1.9122
PLPV_Linda_virus_strain_Austria1_E1_508-702_AlphaFold 2.1266 1.1961 2.7181 3.1558 2.2586 3.6883 2.4675 2.2473 2.1876 1.5832 0.8866 2.4327 3.0205 2.6907 2.0881 2.2035 2.2143 2.9955 1.7284 2.6998 3.1558 2.4191 2.5413 2.1023 2.3795 2.5490 1.8554 1.9686 2.7089 0.3175 1.9201 2.5413 2.0111 2.8792 1.8628 1.8628 0.9455 2.5725 2.4534 2.3795 2.5260 0.9664 2.5646 2.5110 2.4124 1.1365 2.1772 3.5981 3.0995 2.9711 2.5725 2.2362 2.6298 2.6554 2.4258 1.1502 2.5036 2.6907 2.4890 2.9014 1.7220 0.5744 1.8480 1.9562 1.6785 2.0834 2.8054 0.8905 2.2815 2.1516 2.1217 2.2874 2.2529 2.5805 1.9521 1.6340 1.3260 2.8902 3.0079 2.4604 2.6130 2.1365 2.1516 2.8054 2.6998 3.7360 2.3667 2.1876 1.3281 3.0859 2.0111 1.2636 3.0079 2.2417 1.3323 2.3925 1.1468 2.5646 2.7656 2.7089 2.9832 2.1217 1.0098 2.8156 4.3410 2.4675 2.0510 2.4604 1.0278 2.4395 2.0834 3.0859 2.4746 1.6664 2.4258 2.1720 2.8902 1.8815 1.1624 2.4746 2.3171 1.7914 2.9014 1.9122 2.3925 0.9707 2.4746 2.1929 2.0286 2.4534 1.0024 2.5036 2.5413 2.3292 2.4258 1.0600 0.0000 2.4604 2.3231 2.6048 2.0928 2.0834 3.0205 3.2951 2.0787 2.3292 1.7446 1.9769 2.5185 2.4604 1.1537 2.4395 2.8575 2.4818 2.5646 2.1982 1.4410 2.3540 1.1417 2.3111 1.5696 1.0999 2.6214 2.3171 2.0928 1.9083 1.8193 1.0806 2.4604 1.0507 2.2932 2.9591 2.8575 2.7953 2.1365 2.2586 1.9521 3.0205 2.5036 2.6998 1.0507 0.9893 1.7812 2.7853 1.9083 2.8259 2.7463 2.7953 2.3925 2.0331
HPHV_Rodent_hepacivirus_E1_167-353_AlphaFold 1.9122 2.3231 0.2550 2.3731 1.2617 1.9320 1.8739 2.0510 2.3111 2.5260 2.6554 2.1168 1.7949 2.0928 0.4439 1.6664 0.4185 1.9201 2.1668 0.6210 0.7371 1.2330 1.0143 1.7094 0.3091 2.5036 2.1168 2.2089 2.1772 1.9562 2.0024 0.3175 0.9250 1.8053 1.9981 2.0834 1.5094 0.6567 1.9811 1.9240 1.1606 1.1434 2.0510 1.9044 1.6340 2.1982 0.4327 0.8082 2.7368 1.0616 1.8967 2.8575 1.9240 1.5509 2.2932 2.7368 2.0881 0.2830 1.6724 2.2362 1.8702 2.5185 1.9896 1.3281 1.5273 1.7644 2.2815 2.7368 1.5915 0.8142 0.4835 1.9240 1.6907 0.2696 0.9496 1.5832 2.5966 2.1023 1.0399 2.1023 1.3862 1.7677 2.1217 1.6634 2.2197 1.8628 2.3667 1.3281 3.5347 1.6282 0.9721 2.6907 2.2035 2.4327 2.1982 2.3667 3.0995 0.2830 1.5403 0.8762 1.9769 2.0834 2.1168 2.2143 1.9939 1.5887 2.1266 1.7744 2.1720 1.7511 1.7284 1.7914 1.7744 2.3667 2.3991 0.4359 0.7174 2.2417 2.3603 0.4216 1.9280 2.5336 2.2529 2.2417 1.8480 2.7368 1.6664 1.7252 1.9440 1.2695 2.3231 1.3281 1.6139 0.7870 1.5482 3.0859 2.4604 0.0000 1.8264 1.2617 0.3726 0.8497 2.5567 2.1516 1.6196 1.9280 1.7381 1.7000 2.8054 1.2953 2.3991 1.9521 2.5185 2.0787 1.7479 2.1566 2.1617 2.1566 2.4890 2.0111 1.6815 2.0510 0.7731 0.4076 0.6772 1.9240 1.3302 2.4746 2.2306 2.8469 1.8554 0.8094 0.7003 0.9510 0.3218 1.8158 1.4458 0.7131 2.4057 2.1929 2.6048 2.7274 2.0067 2.3111 1.9440 0.7731 0.2763 1.7094 2.1566 1.7094
HPPV_Hepatitis_G_virus_HGV-T55875_E1_52-237_AlphaFold 1.7094 1.9360 2.4963 1.5723 1.8408 2.0024 2.1617 0.0274 1.1925 2.3991 1.8018 0.3607 2.0331 1.7949 1.7711 2.0976 2.0024 2.9126 1.2675 1.9044 2.3795 1.2636 1.6969 2.0694 1.9728 2.1772 2.5036 0.8572 2.7953 2.1120 1.3323 1.9122 1.9603 1.6167 1.4553 1.4649 1.6369 2.0787 1.5915 1.4434 2.3667 1.5196 1.7125 0.0567 2.0198 2.5966 2.0420 1.9769 0.5790 1.8815 2.4258 1.6515 0.0336 1.6282 0.8724 2.3795 1.3428 2.3925 2.0787 1.5860 1.4201 2.2362 1.4577 2.0510 1.7880 2.2143 0.8673 2.2757 1.9440 2.2252 2.7181 0.4045 2.1266 2.6554 2.1365 1.7577 2.7274 1.8591 2.2143 0.0336 1.8815 1.6907 1.4178 1.8967 1.8853 2.0648 1.5943 2.3051 2.6214 1.8777 2.0331 2.2089 1.4132 0.6628 2.3171 0.7766 1.7778 2.3925 1.4625 1.9521 2.7368 1.4894 2.0465 2.6554 1.8891 2.3354 2.1617 2.1617 2.1876 2.1824 2.2586 1.5325 0.0172 2.0928 2.7089 1.7711 1.7880 0.9196 2.3795 2.3860 1.7252 2.3292 2.1316 1.5299 1.0790 1.9686 1.6253 2.1415 1.4649 2.2700 2.6214 2.5336 2.4191 2.4191 1.7949 1.8891 2.3231 1.8264 0.0000 2.0024 1.7711 1.5535 0.5389 1.8336 2.2306 1.3386 1.2349 1.9811 3.0461 2.1668 1.6515 1.3095 1.5069 1.8777 1.6282 2.1168 3.2309 1.5832 2.4963 1.3840 2.4675 2.1120 2.2991 2.0834 2.0740 2.4191 1.9360 2.9356 0.3877 2.3667 1.4458 2.1929 1.9686 2.1668 2.0024 0.0274 1.9521 2.2473 1.6545 0.8648 1.9360 2.4395 1.3686 1.8891 1.3906 2.3795 2.3540 1.8018 1.5196 2.0834
HPHV_Crab_eating_macaque_hepacivirus_E1_174-383_AlphaFold 2.0420 2.6729 1.1332 1.8628 1.6427 1.6369 1.4086 1.9811 1.5273 2.4890 2.3051 1.7611 1.5044 1.8088 1.1659 1.6167 1.2330 1.4894 1.8853 1.2237 1.2199 1.3407 1.2016 1.5351 1.1889 1.6604 1.5562 2.3416 1.5589 2.5036 1.6694 1.1264 1.1747 1.6938 1.7125 1.7189 1.8372 1.2636 1.7744 1.5120 1.1997 1.9161 1.7157 1.8739 1.9280 2.0602 1.2578 1.2734 1.9521 1.2873 1.8158 1.7413 1.9083 2.0286 2.0787 2.2991 1.7284 1.1164 1.5887 1.8554 2.0375 2.4534 1.8300 0.3892 1.1417 1.6311 1.8929 2.2586 1.7511 1.2993 1.4201 1.8158 1.6515 1.0886 1.2598 1.6785 2.4534 1.7094 1.2656 1.9440 1.6907 1.5120 1.8517 1.6026 1.9769 1.8408 2.0648 1.3449 2.2473 1.5482 1.2218 2.9591 1.8123 1.9728 2.2815 2.0881 2.8575 1.1164 1.5509 1.2034 1.6515 1.8702 2.4327 1.8018 1.6604 1.5832 1.7644 1.5018 2.2473 1.6082 2.0242 2.1824 1.8517 2.1982 1.6876 1.3034 1.1571 1.7062 2.1876 1.1434 1.7284 1.9603 1.8300 2.0375 2.1023 2.6048 1.6574 1.5430 1.5509 1.3513 2.2815 1.3884 1.7812 1.2754 1.4918 3.1704 2.6048 1.2617 2.0024 0.0000 1.1554 1.3840 2.0740 1.8665 1.4434 1.7511 1.7381 1.6969 2.5413 1.1659 3.7856 1.9083 1.7157 1.8229 1.4894 1.8336 2.4258 1.8408 2.2643 1.7189 1.4795 2.3111 1.3365 1.2034 1.1782 2.1617 1.5589 2.7463 1.6724 2.3478 1.9280 1.2482 1.1818 1.2734 1.2107 2.1316 1.1365 1.1624 1.7577 1.8929 2.3478 2.3051 1.7611 1.5377 1.8053 1.2255 1.1332 1.6486 1.9400 1.5970
HPHV_Rhizomys_pruinosus_hepacivirus_E1_176-361_AlphaFold 1.7413 2.5966 0.3652 1.6694 1.3344 2.0420 1.4722 1.6515 2.3991 1.9981 2.1120 1.6456 2.1266 1.7220 0.0111 1.5943 0.4045 1.9521 1.6969 0.6347 0.6507 1.2107 0.9807 1.7094 0.3892 2.0510 2.0928 2.1120 2.2362 2.4890 2.2035 0.3105 0.8905 1.8853 2.0067 2.0694 2.1617 0.6190 1.9728 1.6724 1.2144 3.7119 1.3642 1.7031 1.5325 2.8054 0.0728 0.6377 2.3795 0.9496 1.8853 0.9455 1.7812 1.5325 2.2362 1.8591 2.0834 0.3801 1.7316 2.2143 1.5778 2.6998 1.4387 1.4064 1.4317 1.6938 2.1465 3.4944 1.5377 0.6992 0.4359 1.9320 1.6111 0.3968 0.8398 1.5377 2.8902 1.9201 0.8622 1.8480 1.2853 1.3996 2.3051 1.6907 1.8229 1.8815 1.8739 1.2107 2.9473 1.6876 0.8336 2.9014 1.9728 2.5336 1.8336 1.8018 2.8683 0.3801 1.6253 0.7976 1.7611 1.9686 3.2002 1.7479 2.1516 1.8891 1.9811 1.8591 2.1720 1.8018 1.7544 1.9562 1.8193 1.7413 2.1668 0.0172 0.7067 1.6486 2.8363 0.4216 1.7511 2.3731 2.2932 1.1098 1.4340 3.1852 1.9939 1.6876 2.1668 1.1979 3.0592 1.2293 1.4064 0.6417 1.4819 2.9356 2.0928 0.3726 1.7711 1.1554 0.0000 0.7067 2.5567 1.8053 1.8300 1.9854 2.2529 1.6253 2.1566 1.1997 2.7089 1.3535 2.2306 1.6604 1.9122 1.9981 2.4818 1.1641 2.2252 1.7189 1.6754 2.7181 0.8597 0.4216 0.6731 2.6468 1.0353 3.3459 1.5669 2.2362 1.7744 0.6507 0.6950 0.9552 0.4701 1.6486 1.3664 0.6950 2.2700 1.9006 2.2991 3.4747 1.8628 2.3171 1.8591 0.7131 0.3726 1.8739 2.0154 1.6515
HPHV_Longquan_Niviventer_fulvescens_hepacivirus_1_E1_265-459_AlphaFold 1.7284 2.9356 0.8673 1.7544 1.5970 2.0286 2.1071 2.2473 1.9481 2.6998 2.7853 1.9006 1.8777 2.2643 0.8118 1.4993 0.7283 1.7446 1.7544 0.7471 0.2994 1.3239 0.9893 1.6604 0.6113 1.8702 2.1720 2.5725 2.0787 2.1929 1.6545 0.6357 0.8983 1.8300 1.9083 1.8815 4.3791 0.5515 1.8702 1.6545 1.0323 2.1120 2.1217 2.0375 2.0375 2.1982 0.8385 0.0060 2.4675 1.0983 1.3773 1.7544 1.3840 2.2143 2.3667 3.0592 2.2700 0.8622 1.8739 2.1720 1.7381 2.5413 1.8018 1.3302 1.1147 1.4086 2.0465 2.5490 1.5832 0.0161 0.7893 1.5535 1.6196 0.8750 0.6814 1.5299 2.3051 2.4395 0.9749 1.7812 1.7094 1.7316 1.6456 1.7094 2.1071 1.3996 1.9240 1.0934 2.6729 1.6754 0.7549 2.3603 2.5490 2.1415 2.0928 1.8739 2.6382 0.8622 2.0111 0.8522 1.7125 2.0648 2.3051 1.9854 1.9161 1.7381 2.3051 1.6427 2.4963 1.9981 1.9122 2.1929 2.3540 1.9896 1.5456 0.8070 0.5903 1.7413 2.9241 0.6659 1.9240 2.2700 2.0198 1.9044 1.8967 2.4191 1.8554 1.5805 2.2362 0.9778 2.3860 1.1231 1.9360 0.0213 1.3535 2.3860 2.0834 0.8497 1.5535 1.3840 0.7067 0.0000 2.3795 1.8300 1.5915 1.6694 1.8408 1.6427 2.7181 1.1747 2.3991 1.7880 1.6486 1.5509 1.8815 1.8300 2.3795 1.8702 2.0648 1.8018 1.5456 2.4818 0.7777 0.6268 0.5542 2.0976 1.3365 2.6130 1.6427 2.5725 1.8158 0.2898 0.5753 1.1641 0.7561 2.1465 1.0774 0.5661 2.0602 1.9320 2.2306 2.1617 1.6311 2.0420 1.7949 0.9142 0.8673 2.2473 1.9360 1.5615
HPPV_Simian_pegivirus_SPgVkrc_RC08_E1_21-207_AlphaFold 1.5044 2.1217 2.3416 1.4795 1.6398 1.8929 1.6574 0.5642 0.9580 2.7089 2.3292 0.5336 1.6754 1.7846 2.4464 1.8815 2.3416 1.8967 1.4410 1.9562 2.1516 1.9645 1.8929 2.1617 2.1465 1.8480 2.0375 0.8775 2.2252 2.5966 1.1818 2.0198 1.9440 1.9083 1.4819 1.5222 2.0331 1.7949 1.2181 1.2199 2.2529 1.4458 1.3795 0.5606 1.9481 2.3540 1.9645 2.3731 0.1708 1.7349 1.7983 1.3344 0.5734 1.9400 0.8724 2.3731 1.4943 2.0198 1.8264 1.4434 1.7349 2.5725 1.6196 2.3292 1.8891 2.1120 0.7870 2.2143 2.4818 2.1365 2.0510 0.5940 1.8158 2.5336 2.1772 1.5696 2.3354 2.1071 1.7094 0.5642 2.0787 1.9811 1.4178 2.2089 1.8408 1.9044 1.5403 1.9481 2.8156 1.9939 2.3667 2.5805 1.9201 0.2722 1.8408 0.9049 2.6998 2.3991 1.6694 1.8815 2.1772 1.4178 2.4395 2.1168 1.9939 2.6998 2.1168 2.2362 2.7181 2.1168 2.1516 2.3925 0.5734 2.3111 2.0648 2.4464 1.7479 0.9413 2.4057 1.8891 1.6969 2.3603 2.3111 1.5482 0.9835 2.3667 1.3365 2.0198 1.4601 1.6846 2.4818 1.9044 2.1929 2.1217 2.1316 2.7853 3.0205 2.5567 0.5389 2.0740 2.5567 2.3795 0.0000 1.5351 2.0602 1.2034 1.0710 1.7577 2.2815 2.0067 3.0724 1.5145 1.2520 1.6846 1.5860 1.9939 2.1668 1.2559 2.3731 1.4577 2.1566 2.2874 2.0787 1.9981 1.8967 2.3354 2.1982 2.7754 0.6190 2.7274 1.7284 2.2143 1.9481 1.8815 2.0242 0.5642 1.6427 1.9320 1.4064 0.8106 2.4890 2.3667 1.5642 1.5998 1.5456 1.9939 1.9201 1.7778 1.3302 1.9603
HPHV_Hepacivirus_M_E1_191-382_AlphaFold 1.4064 2.5567 1.9481 1.6815 1.7189 2.3354 1.7644 2.1720 1.9811 2.6048 2.5036 1.9854 1.8336 1.9562 2.0602 1.7744 2.3860 1.8929 1.5482 1.7479 2.0154 1.9981 1.7711 1.7349 2.4604 1.9686 2.3111 1.8739 1.7094 2.9711 1.9161 2.4818 1.7914 1.6785 1.4649 1.2034 2.1617 1.7812 1.9603 2.0648 1.6876 2.8683 1.9521 2.0556 1.8815 2.2473 2.1071 1.6907 1.8123 1.5535 1.6456 1.8665 1.9400 1.7220 1.4293 1.9360 1.7381 1.8628 0.7316 1.1554 2.3991 2.4191 2.1365 2.1772 1.2199 2.0111 2.0510 3.4553 2.0510 1.7644 1.7880 1.9481 1.4918 1.8158 1.6026 1.7094 2.3731 2.0198 1.2181 1.8264 1.6311 0.6690 1.7949 1.4697 1.8591 2.1071 2.0556 1.7812 2.8363 1.6369 1.3862 2.4124 1.5120 2.2143 2.5805 2.2252 2.6641 1.8628 1.5832 2.0881 1.4224 1.7479 2.6998 1.6082 1.9360 1.7744 1.8967 1.5222 2.6130 2.1071 1.3492 2.0648 1.7479 2.1824 1.6574 1.9481 1.5535 1.6846 2.5966 1.8665 2.5885 2.7368 1.4722 0.9524 1.8777 2.8259 1.6694 1.5970 1.8444 1.1434 2.8156 1.7381 1.4770 1.6167 2.0286 2.2197 3.2951 2.1516 1.8336 1.8665 1.8053 1.8300 1.5351 0.0000 1.6815 1.8372 1.8591 1.0217 2.6130 1.6545 2.8363 1.9440 2.1168 1.8739 2.0375 1.6907 2.2306 1.9811 2.6641 2.1668 1.2144 5.0250 2.2143 1.8193 2.1120 2.4534 1.6907 2.6382 1.9280 2.6298 1.8123 2.1982 1.8891 1.6456 3.0995 2.2473 1.1231 1.8193 2.1720 2.2362 2.0928 2.1120 2.1071 1.7778 1.7316 1.8300 1.9896 1.8158 0.9749 1.4247
HPHV_Rodent_hepacivirus_CRT490-BCOD2010_E1_183-365_AlphaFold 1.7812 2.2362 1.8554 1.6876 1.6340 1.8372 1.1298 2.4746 2.2306 2.2757 1.6664 2.1071 2.0242 1.9201 1.8554 0.0750 1.6907 1.8517 1.4722 1.6111 1.6111 1.6398 1.4649 0.1744 1.6969 1.7413 1.7381 1.6545 2.1120 2.1266 1.6846 1.5998 1.7062 1.6111 1.6664 1.2734 1.6026 1.6111 2.0242 1.7577 1.4387 1.8554 1.6604 2.3171 1.6574 1.4505 1.8018 1.7316 2.1168 1.8665 2.1982 1.6139 2.3860 1.5696 1.7949 1.7644 1.6253 1.7611 1.3323 1.9728 1.6969 2.1316 1.7031 1.4529 1.4918 1.3116 1.9122 1.7914 1.7157 1.6026 1.5430 2.0787 0.0750 1.7611 1.6846 1.2913 2.3860 2.1876 1.5915 2.3540 1.4481 0.5212 1.6167 1.5430 1.5998 2.2252 1.7446 2.0024 2.2362 1.5325 1.5970 2.2473 1.6876 1.8891 1.5377 1.7189 2.3603 1.7611 1.7577 1.5750 1.6026 1.4410 2.2586 1.5887 2.6298 1.8444 1.3471 1.6167 2.0154 2.0648 2.2362 1.3599 2.3111 1.9481 2.3540 1.8229 1.7577 2.3111 2.1365 1.5196 1.7252 2.1824 1.9440 1.5970 2.1365 1.6664 1.9645 0.0980 1.8123 1.5669 2.3795 1.8929 0.6477 1.6139 1.7611 1.8480 2.0787 1.6196 2.2306 1.4434 1.8300 1.5915 2.0602 1.6815 0.0000 1.8891 1.8815 0.0980 1.9939 1.4363 2.0024 1.5509 1.9728 1.6111 1.6815 1.5222 3.0079 1.5069 2.0198 2.1465 0.1804 1.4247 1.7316 1.4201 1.5299 2.0111 1.6515 2.1668 1.9521 2.2991 1.4109 1.5860 1.6664 1.7744 1.4697 2.4534 1.4649 1.7284 1.5589 2.0067 2.1772 2.3603 1.7812 1.8739 1.8123 1.5723 1.8554 1.8053 1.8444 0.0804
HPPV_Marmoset_pegivirus_E1_22-198_AlphaFold 1.6754 2.1929 2.1365 1.6515 2.0111 1.8018 1.4387 1.1641 1.1164 2.2757 2.1668 1.0461 1.9161 1.6082 2.0198 1.8300 2.1071 1.8554 1.4894 2.0420 2.0834 1.6907 1.9769 1.3599 2.0242 2.0198 2.0154 0.7893 2.1617 2.6048 1.6515 1.9896 2.0694 1.7577 1.4819 1.3471 1.7157 1.7812 1.2715 1.8408 1.9360 1.6224 1.5860 1.4178 1.6846 1.9939 1.8739 2.0928 1.1835 1.6369 2.1023 1.6253 1.3535 2.3171 0.7870 2.1824 1.5351 2.0286 1.6938 1.7812 1.8158 2.4124 1.5509 1.9728 1.4340 1.4577 0.7527 2.2874 1.4918 1.8300 2.0375 1.1098 1.7000 2.1120 1.8929 1.8891 2.1772 1.9360 1.4410 1.4201 2.1023 1.2274 1.7094 1.9083 1.9400 2.3111 1.5018 2.2757 2.7559 1.6253 1.6785 2.4890 1.9811 1.1399 2.1465 0.9496 2.3051 2.0286 1.7577 1.8408 1.7381 1.4993 2.2197 1.9360 2.1168 1.9320 1.9939 1.6196 1.9811 2.2529 1.9811 2.5567 1.2578 2.1071 1.7094 1.8739 1.8628 0.9778 2.0420 1.9280 1.8088 2.1566 1.7094 1.6907 0.3119 2.2306 1.1676 1.5377 1.7544 1.6815 1.8193 1.9854 1.8088 2.1982 1.8967 2.3925 2.3292 1.9280 1.3386 1.7511 1.9854 1.6694 1.2034 1.8372 1.8891 0.0000 1.1349 1.6139 2.3111 2.1120 2.7368 1.5094 1.3513 1.8480 2.2815 1.9320 2.4746 0.9692 2.2252 1.4178 1.4155 2.3860 1.8193 1.8815 1.9122 1.9854 2.1120 3.0461 1.0522 2.0242 1.6634 2.1365 1.9006 1.6724 1.9603 1.1997 1.4387 1.9939 1.7812 0.8931 2.3354 1.8517 1.7677 1.8018 1.7284 1.7577 2.1266 1.8591 1.1835 1.5377
HPPV_GB_virus_E1_62-249_AlphaFold 1.2953 2.0420 1.8702 1.3219 1.7125 1.7983 1.7349 1.2463 1.0999 2.1120 2.2089 0.9864 1.5998 1.6139 2.2529 1.9981 1.6969 1.8408 1.4086 1.7511 1.7094 1.7744 1.6694 2.0331 1.7031 1.6815 2.3540 1.0806 1.9360 2.8575 1.3075 1.6282 1.8408 1.6054 1.2052 1.2675 1.1214 1.6224 1.2089 1.4387 1.9521 1.2636 1.3840 1.1147 1.9686 1.5430 2.0834 1.8853 0.9922 1.5377 1.7812 1.4109 1.1554 1.7778 1.2425 2.7853 1.3198 1.8123 1.7252 1.1925 1.2199 2.4534 1.3054 1.9161 1.6846 1.8628 1.0491 2.2035 1.8158 1.6907 1.8336 1.0217 1.9400 1.9562 1.9854 1.4458 2.2252 1.7577 1.5094 1.1382 1.8300 1.6664 1.2368 1.7062 2.0928 1.9603 1.3840 1.8591 2.8363 1.7157 2.0198 2.4327 1.8739 1.2406 2.0694 1.0353 2.4327 1.8123 1.4434 1.6340 1.8229 1.3365 2.3478 1.6515 1.8088 2.0465 1.9981 1.8554 2.1266 1.9400 1.7349 2.0556 1.3034 2.1168 1.8300 2.1617 1.5562 1.1589 2.0024 1.5094 1.3686 2.4191 1.6111 1.2255 1.0338 2.2473 0.9089 1.9645 1.5170 1.8193 1.9854 1.8628 1.8300 1.6604 1.8853 1.5615 1.7446 1.7381 1.2349 1.7381 2.2529 1.8408 1.0710 1.8591 1.8815 1.1349 0.0000 2.0420 2.1824 1.6724 2.1465 1.2034 1.3281 1.8193 1.9728 1.6515 2.2035 0.9455 2.2306 1.1624 1.9896 2.1266 1.5247 1.8229 1.5589 1.9896 2.2089 2.7274 0.9951 1.9981 1.4673 1.8264 1.6486 1.5196 1.5430 1.2387 1.6311 1.6724 1.5018 1.1961 2.1617 2.2143 1.2754 1.7157 1.2993 1.7220 1.7031 1.7949 0.9510 1.9854
HPHV_Rodent_hepacivirus_CRT352-BCOD2010_E1_173-356_AlphaFold 1.7349 1.9981 1.3773 1.7644 1.5273 1.6846 1.2089 2.2362 2.0111 2.1465 1.5273 1.7094 1.7446 1.9006 1.6398 0.0925 1.9201 1.7381 1.5044 1.6694 1.6026 1.4869 1.4697 0.1612 1.7062 1.8193 1.7031 1.6486 2.1772 2.2417 1.6938 1.5273 1.5998 1.4247 1.6604 1.3157 1.6026 1.6082 1.9603 1.7577 1.4577 1.6369 1.6664 2.6382 1.7511 1.4968 1.8891 1.7000 2.0420 1.6167 2.3603 1.5145 2.1516 1.4340 1.9854 2.6729 1.6969 1.3884 1.4132 1.8300 1.8229 2.0648 1.7349 1.5170 1.3578 1.4041 2.0111 1.7381 1.3795 1.6545 1.5750 1.6815 0.0223 1.4819 1.6634 1.3599 2.1982 2.1465 1.5535 2.2306 1.3642 0.5177 1.6167 1.6167 1.5044 2.1668 1.7125 1.6340 1.9603 1.5145 1.5669 1.8480 1.1925 2.3354 2.0465 2.0198 1.8815 1.3884 1.8088 1.5615 1.6724 1.5325 2.0976 1.5069 2.0602 2.0067 1.3996 1.6253 1.8158 2.0111 1.8777 1.5509 2.0834 2.1316 2.1365 1.6369 1.7544 1.8739 1.9360 1.4722 1.6054 2.2932 1.9360 1.5832 1.6456 1.6026 2.2473 0.0750 1.7577 1.5669 2.1824 1.6515 0.6992 1.6026 1.7949 1.6369 1.9769 1.7000 1.9811 1.6969 1.6253 1.6427 1.7577 1.0217 0.0980 1.6139 2.0420 0.0000 2.1929 1.6282 1.3884 1.6196 1.8018 2.0420 1.6815 1.5377 1.6456 1.5351 2.2932 1.8815 0.1865 1.7031 1.5018 1.6026 1.7349 1.9645 1.6969 1.9360 1.6969 2.3051 1.2833 1.6634 1.8158 1.8777 1.4649 2.6998 1.3929 1.7316 1.5325 2.0556 2.1668 2.2529 1.7914 1.6969 1.9440 1.5642 1.3773 1.7000 1.8480 0.0567
PLPV_Glass_knifefish_pestivirus_E1_1023-1197_AlphaFold 2.7463 1.7511 2.3478 2.0242 2.6468 2.2932 2.4534 3.0332 2.0024 2.2991 1.7880 2.0067 2.6298 2.2586 2.4604 1.7544 2.6298 2.2197 2.0465 2.5110 2.4057 2.8575 2.2417 2.8792 2.4963 2.4675 3.4553 2.2586 2.5413 2.2932 2.2757 2.2815 3.0995 3.2309 2.0331 2.6907 2.7274 2.4604 2.0286 2.4191 2.1929 1.7644 1.8517 2.2700 2.7656 1.9201 2.3667 2.1772 2.0881 2.5260 2.2815 2.1824 2.4890 2.2586 2.1266 2.1316 1.9896 2.8363 2.9711 2.0331 2.1415 2.0024 2.3667 2.2815 2.2932 2.4675 2.0420 1.7062 2.0154 2.5885 2.5646 2.0740 2.0331 2.8683 1.8300 2.5413 2.2586 2.3860 2.3795 2.4327 2.7181 1.9769 2.2757 3.0859 2.3478 2.5185 2.2197 2.3603 2.3603 2.7853 2.2991 2.2197 3.0461 2.4604 2.0510 2.1415 2.3795 2.8363 2.3925 1.9769 3.3287 2.1516 1.8777 2.9473 2.4124 2.6130 2.6468 2.5260 2.3231 2.6641 2.7953 1.8018 2.5805 1.8158 2.4534 2.3860 2.1720 2.0834 1.7544 2.4818 2.2197 2.0556 2.1566 2.1415 2.2417 1.7778 1.8967 2.2252 2.3111 1.9440 1.7511 2.3478 2.9014 2.6907 2.3354 1.9603 2.5185 2.8054 3.0461 2.5413 2.1566 2.7181 2.2815 2.6130 1.9939 2.3111 2.1824 2.1929 0.0000 2.4675 2.3991 2.1365 2.5966 2.0602 2.4818 3.1558 1.7511 2.2932 1.9440 2.0694 1.9896 1.7983 2.0331 1.6574 2.3603 1.8123 2.4534 2.4395 2.4534 1.8517 2.9014 2.7754 2.5036 2.3795 2.8156 1.6456 2.3991 2.4124 2.1929 2.0648 2.0375 2.0286 2.1929 2.6554 2.3540 2.0198 2.2362 2.3051 2.1668 2.1023
HPHV_Hepacivirus_L_E1_163-363_AlphaFold 1.8517 2.2643 1.1818 1.8158 1.9083 1.6815 1.4434 2.2143 1.7812 2.3171 2.4534 1.8628 1.9044 2.1168 1.1925 1.7381 1.3198 1.6545 1.7644 1.0934 1.1164 1.3578 1.2973 2.0286 1.1164 2.2089 2.5185 2.4746 1.7511 3.7360 1.5247 1.2181 1.0999 1.8554 1.7349 1.9854 2.2143 1.2540 2.0556 1.7000 1.0585 1.9280 1.6486 2.2529 1.9562 2.1168 1.2913 1.2125 2.1876 1.0934 1.7284 2.2473 2.3171 1.9240 2.0111 1.7880 1.7914 1.1399 1.5696 2.4327 1.9645 2.4057 1.8123 1.3095 1.3729 1.7611 2.2757 2.5413 1.7284 1.1925 1.2070 1.8517 1.6938 1.1641 1.0870 1.5562 2.2473 1.9400 1.1298 2.3667 1.4894 1.4293 1.9044 1.8480 1.9360 2.2089 1.8408 0.4851 3.0859 1.8665 1.3686 2.9241 2.6468 1.9603 2.2252 1.7062 1.9981 1.1231 1.8739 1.1502 2.0787 1.9854 2.0740 2.8575 1.6139 2.0556 2.1668 2.1516 2.6468 1.6785 1.9686 2.0976 1.0293 2.4327 2.3603 1.2349 1.0999 1.7880 1.7544 1.0742 1.8444 2.7463 2.0648 1.8517 2.3478 2.1023 1.5887 1.6785 1.8264 1.0854 2.7368 0.5624 1.8229 1.2107 1.4553 2.2643 2.4604 1.2953 2.1668 1.1659 1.1997 1.1747 2.0067 1.6545 1.4363 2.1120 1.6724 1.6282 2.4675 0.0000 2.6729 1.6876 2.0834 1.8517 1.6340 1.7220 2.7754 1.8408 2.1824 1.8702 1.9645 3.4363 1.0934 1.5222 1.1589 2.1415 1.6545 2.4124 1.6815 2.1365 1.7031 1.1231 1.1332 1.1231 1.0187 2.0286 1.2089 1.1332 1.9603 1.9981 2.1217 2.1772 1.7846 1.9481 1.8088 1.1098 1.1641 2.0648 1.9006 1.6846
PLPV_Pangolin_pestivirus_strain_PPeVBIME6P141Tpangolin2018_E1_505-702_AlphaFold 1.9044 1.4819 2.6907 2.2932 1.7677 2.3540 1.3973 1.8702 2.3667 1.3773 1.0886 1.5145 1.8300 1.7983 3.2625 1.6785 2.6214 2.3478 1.9440 2.1023 3.2309 2.5567 3.2625 2.7559 3.4747 2.8156 2.6382 1.7949 2.4604 1.1537 2.1824 2.4327 2.2089 2.3231 2.5413 1.8372 1.1164 2.2932 2.3171 2.3231 1.9481 1.0774 4.6278 2.1023 3.0461 1.6253 3.1704 2.7656 3.1852 3.2466 3.2154 2.0198 2.0976 5.0250 2.6382 0.5865 2.8156 2.5567 2.1929 1.9686 2.3540 1.2199 1.9161 1.6398 1.7413 7.4191 2.4746 1.3281 2.9014 2.2991 2.8792 2.5413 1.3599 2.9126 1.8158 1.7914 0.4060 2.9356 2.1720 2.1566 2.2252 1.7125 2.4464 1.9201 3.3459 2.3667 2.2417 2.9014 0.3260 9.3165 3.1558 0.3432 3.0461 2.5725 1.4064 1.8665 0.2709 2.5567 2.2362 2.4818 2.8259 1.8300 1.5642 2.4258 2.7274 3.2466 2.0198 2.4534 1.5120 2.4746 1.7511 2.6214 1.3621 1.6139 2.0242 3.2787 2.7559 1.3157 1.5170 2.8469 2.1982 2.1217 2.8156 2.3051 2.4124 1.3492 3.1273 1.8229 2.3051 2.6907 1.4697 2.5260 2.5185 2.6998 2.5036 1.2813 1.1537 2.3991 1.6515 3.7856 2.7089 2.3991 3.0724 2.8363 2.0024 2.7368 2.1465 1.3884 2.3991 2.6729 0.0000 2.1516 3.2154 1.9481 3.0461 1.9360 0.6064 2.9711 1.4293 2.5260 1.7125 1.6311 2.7559 2.4464 3.4747 1.2933 2.0242 0.1036 3.1414 1.4722 1.6604 3.3459 2.7953 2.3478 2.0024 5.3206 2.0648 2.8575 2.2035 1.9400 1.1747 1.2636 1.5170 1.4894 1.8300 2.2757 2.4746 2.4327 2.4675 2.0510
HPPV_Wenzhou_Rattus_tanezumi_pegivirus_1_E1_225-408_AlphaFold 0.6897 2.0881 1.9280 0.5212 1.6785 1.8665 1.6846 1.4086 1.3034 2.0740 2.0154 1.3302 2.0375 1.0113 1.1298 1.4224 2.1023 1.9562 1.5482 1.6815 1.9122 1.7000 1.7544 1.4481 2.0976 1.8018 2.5185 1.4434 1.6694 2.2932 1.3996 1.8702 1.7677 1.6111 0.4076 1.4387 1.7413 1.8372 1.3686 0.8724 1.7157 2.0154 0.7640 1.3116 1.7983 2.2529 1.0726 1.7611 1.4132 1.8300 1.7949 1.5430 1.2793 1.8444 1.7446 2.2362 0.4586 1.8891 1.6196 1.0054 0.7003 2.5490 0.4280 1.8336 1.8517 1.8517 1.4109 2.3667 1.7914 1.6282 1.9481 1.3535 1.6167 2.0375 1.5832 1.4505 2.5966 2.1668 1.7577 1.2255 1.4697 1.5430 0.5753 2.1316 2.0694 2.2252 0.4835 1.7677 2.3925 2.0602 1.7880 2.2417 1.7094 1.4746 2.0111 1.5998 2.2143 1.8891 1.6427 1.6876 2.0375 1.5018 1.9769 2.1217 1.7983 2.1720 2.4057 1.9481 2.0602 1.8123 1.8480 1.4132 1.3095 2.0556 2.1316 1.1298 1.4722 1.2520 2.0694 1.8739 0.6084 2.2529 1.9939 0.0451 1.4270 2.3416 1.5044 1.6167 0.7882 1.5196 2.2089 1.9360 1.7711 1.7949 1.7880 2.1120 2.4395 1.9521 1.3095 1.9083 1.3535 1.7880 1.5145 1.9440 1.5509 1.5094 1.2034 1.6196 2.1365 1.6876 2.1516 0.0000 1.3157 0.5506 1.9603 1.5915 2.2417 1.4844 2.0694 1.4109 1.4673 2.0834 1.7778 2.2252 1.6907 2.1720 2.0648 1.8480 1.2754 2.0928 1.6139 1.8018 1.7094 1.7316 1.7711 1.4363 1.7284 1.5456 1.7846 1.5170 2.1929 2.0602 0.4185 1.7544 0.4343 1.9280 2.0420 1.8018 1.4178 1.5325
HPPV_Dolphin_pegivirus_E1_33-218_AlphaFold 1.3599 1.9044 1.6196 1.3556 1.6724 1.7949 1.7381 1.1571 1.2387 2.2306 2.0111 1.2255 2.1772 1.5509 2.5336 1.9201 1.9811 1.9044 1.6724 1.8929 1.7846 1.8229 1.8665 1.8300 1.9728 2.0510 1.8891 1.3407 1.8891 2.6382 1.3386 2.0331 1.8517 1.9201 1.4625 1.3034 1.9240 1.9603 1.1298 1.3219 2.0740 1.7062 1.4746 1.5860 2.2473 2.3171 2.3416 1.7479 1.1800 1.6969 2.2035 1.8264 1.3157 1.5018 1.1782 2.4395 1.3686 1.7778 1.8739 1.5615 1.4625 2.2991 1.3302 1.9811 1.7413 2.1772 1.2933 2.0067 1.8336 1.7744 2.5185 1.2406 1.8088 2.2252 2.1023 1.5589 2.6907 2.0242 1.9769 1.4086 1.9280 1.9896 1.4041 1.8088 1.8891 2.1415 1.5723 1.7611 2.2306 1.7000 2.2529 2.3051 1.9400 1.3906 2.1824 1.1853 2.2874 1.7062 1.6082 1.7880 1.8929 1.6815 2.2586 2.0928 1.9320 1.9201 2.1772 1.7611 2.2143 2.0465 1.8264 1.9854 1.3599 2.1168 2.2362 2.0331 1.7949 1.2520 2.2143 1.8591 1.5273 2.3171 2.1982 1.3773 1.3054 2.2252 1.3449 1.7446 1.4434 1.8193 2.1876 1.9769 1.8264 1.6876 1.6724 1.5403 2.8575 2.5185 1.5069 1.7157 2.2306 1.6486 1.2520 2.1168 1.9728 1.3513 1.3281 1.8018 2.5966 2.0834 3.2154 1.3157 0.0000 1.3323 2.5185 1.7544 2.7181 1.6634 2.1023 1.3260 1.8665 2.2586 1.9201 2.1982 1.8193 2.1266 2.0834 2.1465 1.3386 2.3860 1.6167 1.8018 1.8372 1.7094 1.8591 1.3386 1.6634 1.8554 1.8053 1.2656 2.1772 2.1316 1.3116 1.6634 1.3344 1.8229 1.6196 1.7744 1.3795 1.8739
HPPV_Phaiomys_leucurus_pegivirus_E1_247-430_AlphaFold 0.6258 2.1120 1.7914 0.5569 1.7778 2.0602 1.8891 1.7284 1.5615 2.4057 2.0556 1.5669 2.0331 1.0569 1.6969 1.6111 1.8372 1.8628 1.6664 1.8517 1.8336 2.0740 2.0067 1.6311 1.9896 1.8444 2.2035 1.5778 2.0881 2.1929 1.3095 1.5723 1.7220 1.9320 0.5497 1.6311 1.6515 1.6969 1.5696 0.8737 2.0242 1.8264 0.7800 1.6340 1.5509 2.0067 1.8702 1.8628 1.6754 1.8891 1.9161 1.7284 1.9280 2.0648 1.6604 2.0420 0.5497 1.7914 1.7000 0.9358 0.6367 2.0154 0.4843 1.7880 1.4270 1.9811 1.8444 2.2473 1.9481 1.6634 2.1415 1.6139 2.1929 1.8929 1.8088 1.5222 2.1668 2.3860 1.9006 1.7778 1.7125 1.7189 0.5940 1.7511 2.1168 2.3292 0.5524 2.0834 2.4327 1.8665 1.7284 2.0331 2.6554 1.7611 1.7316 1.5998 1.8702 1.7914 2.1415 1.8264 1.9440 1.5669 2.4818 2.2362 1.8264 2.2473 2.1566 1.8591 2.4327 1.9083 2.0286 1.5915 1.8336 2.1876 2.0881 1.7316 1.7189 1.4795 2.7754 1.9320 0.4311 2.1168 1.9896 0.5470 1.8702 2.2362 1.3729 1.8300 0.7858 1.6111 2.5490 1.8853 1.4844 1.8123 1.7880 1.6876 2.4818 2.0787 1.8777 1.8229 1.6604 1.5509 1.6846 1.8739 1.6111 1.8480 1.8193 2.0420 2.0602 1.8517 1.9481 0.5506 1.3323 0.0000 1.6969 1.8929 2.2932 1.4894 2.2035 1.6253 1.7544 2.2143 1.9603 1.8665 1.6486 2.1617 2.0556 2.0420 1.6026 2.5885 1.5860 1.7544 2.1316 1.8229 1.6054 1.6082 1.5120 1.9811 1.7157 1.6846 1.9400 2.2991 0.5203 1.8088 0.4962 1.9083 1.7914 2.4963 1.4601 1.6664
HPHV_Chinese_broad-headed_pond_turtle_hepacivirus_E1_298-486_AlphaFold 2.0465 2.7559 1.7577 1.7983 1.5887 1.4178 1.6082 1.7479 1.6969 2.4124 2.0694 1.6846 1.6111 1.8480 2.1668 1.6907 1.8193 1.7949 1.5018 1.3929 2.0834 1.6694 1.5120 1.4869 1.8967 2.1772 1.8891 1.6574 1.5915 2.5336 1.8891 1.8300 1.7316 1.3751 1.9122 1.4387 2.2143 1.6907 1.7157 1.7711 1.4224 1.9280 1.7744 1.7479 1.8300 2.3540 1.8408 1.9769 1.9686 1.4894 1.6876 1.3862 1.5535 1.8853 1.9240 2.6130 1.8591 1.9161 1.2873 1.6311 1.9939 2.4818 1.7413 1.4317 1.7949 0.3861 1.7381 2.5567 1.9320 1.9562 1.7479 1.7880 1.6574 1.8777 1.5273 1.2218 3.0461 1.9981 1.3906 1.8554 1.6398 1.5325 1.6846 1.4178 1.8123 1.9440 1.7094 1.7914 2.1266 1.4819 1.8336 2.8259 1.6253 1.9044 2.2874 1.9686 2.2586 1.7577 1.8336 1.8053 1.3344 1.6724 2.5036 1.7189 1.9360 1.7511 1.5669 1.5222 2.9955 1.5750 1.7189 1.3664 1.6545 2.6468 1.5120 2.1217 1.6082 1.9440 2.9473 1.4869 1.8158 3.2466 1.5482 1.8929 1.8891 2.6554 2.2252 1.5750 1.6139 1.7644 2.0465 1.6545 1.6224 1.8815 1.7446 2.6641 2.5646 1.7479 1.6282 1.4894 1.9122 1.8815 1.5860 2.0375 1.6815 2.2815 1.9728 1.6815 2.4818 1.6340 3.0461 1.9603 2.5185 1.6969 0.0000 1.6724 2.6130 1.8891 2.8156 1.8193 1.5669 2.3731 1.6574 1.8665 1.6026 2.6818 1.6196 3.0079 1.7511 2.3416 1.7000 2.0111 1.4943 1.5805 1.7511 1.7189 1.7914 1.6253 1.4869 1.6456 2.4258 2.5110 1.8444 1.6224 1.8444 1.7544 1.9240 1.8444 1.9280 1.6907
HPHV_Xiamen_guitarfish_hepacivirus_E1_370-557_AlphaFold 1.8444 2.2417 1.7914 1.6907 1.4770 1.9521 1.6515 2.3925 1.8444 2.6554 2.0556 1.7949 1.6311 1.7812 2.4258 1.4673 1.9896 1.8372 1.4968 1.5723 1.8554 1.5642 1.7381 1.4410 2.3111 1.9240 2.2529 1.7031 1.9161 2.3292 1.5943 1.7744 1.5273 1.3951 1.6846 1.4993 1.9854 1.7284 2.0154 1.9603 1.6369 1.8444 1.6969 2.2815 1.7349 2.2586 2.1720 1.8123 2.0602 1.3239 2.0787 1.7284 2.1617 1.5615 1.9603 2.0331 1.5750 1.8229 1.3177 1.7252 1.8300 2.4746 1.7711 1.8444 1.5778 1.6907 1.8777 2.1217 1.2425 1.9161 1.6938 1.7677 1.5750 1.6938 1.7031 1.4064 2.6554 1.9122 1.5222 2.0375 1.6634 1.5351 1.8665 1.7677 1.7711 2.4604 1.8300 1.6398 2.1617 1.8123 1.9161 1.5970 1.6545 2.1720 2.5725 1.9083 2.5567 1.8444 1.6907 1.4363 1.8336 1.6545 2.4258 2.0928 2.1071 1.8300 2.0198 1.8053 2.5966 1.6545 1.8739 1.3621 2.1617 2.2197 2.0420 2.3354 1.8480 1.8480 2.9356 1.7252 1.8372 2.3667 2.0465 1.5943 1.6694 3.1852 1.6340 1.5069 2.0881 1.5589 2.6641 1.6486 1.6456 1.7949 1.6815 2.8363 2.1982 2.1566 2.1168 1.8336 1.9981 1.8300 1.9939 1.6907 1.5222 1.9320 1.6515 1.5377 3.1558 1.7220 1.9360 1.5915 1.7544 1.8929 1.6724 0.0000 3.1414 2.1824 2.0154 1.8372 1.5509 1.6574 1.7983 1.8408 1.9240 2.1824 1.6340 1.9201 1.7446 2.7089 1.3014 1.8891 1.8517 1.4918 1.9083 2.1720 1.4109 1.7644 1.5805 1.6486 3.1704 2.4258 1.7511 1.8628 1.8229 1.5456 1.7914 1.8554 1.8628 1.5069
PLPV_Dongyang_pangolin_virus_isolate_DYCS_E1_476-667_AlphaFold 2.0928 1.1365 2.0740 2.5646 2.5336 2.9014 2.3231 2.4604 2.6048 1.6398 1.1641 2.3860 2.3171 2.1168 2.2529 2.7089 2.3731 2.6641 1.9645 2.5646 2.7853 2.5185 2.7953 2.3478 2.9711 2.5110 1.8193 1.9854 2.6998 1.2833 1.9981 2.8156 3.0079 2.4818 2.3354 1.7446 1.4722 2.3667 2.2252 2.3925 2.5885 1.3751 2.3991 1.7744 2.6729 1.3075 2.9832 2.5036 2.4057 2.2991 2.8792 2.4818 3.4747 2.3603 2.6298 0.4851 2.2197 2.1266 2.6907 1.9811 2.5413 1.0726 2.3171 1.8554 2.7089 3.3459 2.2757 1.1835 2.9014 2.3795 2.3731 2.3354 1.6026 3.2625 2.3991 2.8683 0.3541 2.5567 2.5110 2.4124 2.9591 1.7316 2.1023 2.8156 2.2586 2.7274 2.1365 2.4534 0.2749 2.2473 2.8792 0.3057 2.2362 1.8300 1.3344 1.6082 0.3953 2.1266 2.2252 3.0461 2.3416 2.5413 1.1979 2.4963 2.4534 1.9360 2.4327 2.2306 1.1871 2.7274 2.1566 2.5110 2.6641 1.7284 2.6382 2.2529 2.1023 1.8264 1.2311 2.0510 2.2700 1.5970 2.1516 1.8018 2.6214 1.1485 2.1929 2.7089 2.0928 2.1982 1.2052 2.7181 2.5567 2.6907 2.9473 1.2016 1.4410 2.1617 3.2309 2.4258 2.4818 2.3795 2.1668 2.2306 3.0079 2.4746 2.2035 1.6456 1.7511 2.7754 0.6064 2.2417 2.7181 2.2932 2.6130 3.1414 0.0000 2.4534 1.1485 2.4258 1.7157 1.5044 2.5185 2.4327 1.8444 1.6139 2.2089 0.4545 2.6130 1.1747 1.3621 2.8469 2.5490 2.2757 2.7181 2.4746 2.4604 2.6468 2.3354 2.4124 1.0083 1.0553 2.4191 1.9896 2.0976 3.2154 2.0198 2.9014 3.2787 2.9832
HPPV_Bat_pegivirus_PDB-303_E1_23-220_AlphaFold 1.4577 2.1071 2.1876 1.5145 1.6724 2.0067 1.7381 1.5299 1.0647 2.1168 1.9939 1.1835 2.2529 1.7381 1.2237 1.5069 1.9161 2.2417 1.5860 1.9896 1.7544 1.8967 2.0024 1.3492 2.0024 1.7511 2.1876 1.2034 2.3292 2.1929 1.5778 1.9562 1.7611 1.9481 1.3906 1.5778 2.5185 1.6340 1.2311 1.4155 2.1168 2.7463 1.3642 1.5482 2.0331 2.4258 1.4577 1.8480 1.2813 1.6938 2.2035 1.4625 1.3751 2.3860 1.3323 2.4191 1.4340 2.0881 1.5778 1.6311 1.3621 2.2991 1.5273 1.9981 1.6340 1.6785 1.2893 2.2417 1.8554 1.7031 2.1365 1.1365 1.5403 2.1772 1.8193 1.8088 2.1824 1.9122 1.5456 1.4529 1.9006 1.5509 1.5351 1.8853 2.1668 2.5490 1.4577 1.8193 2.7368 2.1772 1.7544 2.9591 2.0787 1.3840 3.0995 1.2559 2.4963 2.0881 1.8408 1.7062 2.1772 1.4018 2.5413 2.0465 2.4534 1.9811 2.1316 1.7446 2.5036 1.8372 1.7983 2.1668 1.6456 2.1023 2.2089 1.1641 1.6224 1.1571 2.4963 1.9280 1.4410 1.8739 1.8967 1.5589 1.0553 2.2991 0.4030 1.2406 1.5887 1.3075 2.2757 1.7284 1.8336 1.6340 2.0740 2.2932 2.3540 2.1566 1.5832 1.8408 1.1641 1.8702 1.2559 1.9811 1.5069 0.9692 0.9455 1.5351 2.2932 1.8408 2.9711 1.4844 1.6634 1.4894 1.8891 2.1824 2.4534 0.0000 2.2417 1.4529 1.5145 2.5805 1.6969 2.0420 1.7644 2.0602 1.8739 2.2197 1.0710 2.3795 1.8967 1.7511 1.6785 1.9562 1.6664 1.5778 1.5832 1.7252 1.5299 1.2255 2.2586 2.3860 1.4673 1.8739 1.5273 1.7413 2.1266 1.8229 0.4343 1.3492
PLPV_Bovine_viral_diarrhea_virus_2_E1_498-692_AlphaFold 2.6907 0.7917 2.3795 2.6907 2.4057 2.4395 2.2932 2.1316 2.3292 1.3795 0.3630 2.7368 2.5036 2.5185 2.5725 2.4464 2.4963 2.4963 1.6664 2.2306 2.0111 2.4057 2.8259 1.7446 2.7656 2.3925 2.2815 2.4395 2.5646 1.3095 2.1465 2.1617 2.4057 2.3292 2.2306 1.7577 0.6908 2.3540 2.5646 1.9122 2.0286 0.6537 2.6130 2.3991 2.6382 1.2444 2.2252 2.4534 2.4057 2.3231 2.9014 3.6651 2.8683 2.4191 2.3416 1.1554 2.1365 2.4746 2.8469 2.3860 2.3603 0.9250 2.2035 1.9562 2.1876 2.7368 2.1617 0.3622 2.2306 2.7853 2.3991 2.4464 2.0928 3.5555 2.2035 2.4057 1.3906 2.2089 2.4327 3.0592 2.5036 1.9811 1.5222 2.0420 1.7349 2.1720 2.2252 2.6298 1.1961 2.3603 2.3292 1.1641 2.3991 3.1414 1.1889 1.5351 1.3621 2.6998 2.2362 2.1720 2.1365 2.2932 0.3512 2.3292 2.6554 2.5413 3.3634 2.7181 0.3854 2.4746 2.7463 2.5413 2.1365 1.4041 2.4258 2.5725 2.6818 2.2874 0.2523 2.8054 2.7181 1.7284 2.7089 1.8300 2.4191 0.3161 2.2586 2.0465 2.5725 2.9356 0.3425 3.1852 1.8264 2.6382 2.1929 0.3346 1.1417 2.4890 2.4963 2.2643 2.2252 2.0648 2.3731 2.6641 2.0198 2.2252 2.2306 2.2932 1.9440 2.1824 1.4293 2.0694 2.1023 2.2035 2.8156 2.0154 1.1485 2.2417 0.0000 3.1852 1.6724 1.2833 3.0205 2.4534 2.9014 1.3884 2.0375 1.4553 2.0602 0.2669 1.5669 1.9161 2.2991 2.5110 2.6130 2.2143 2.0465 2.3540 2.4534 3.1273 0.9995 1.0553 2.2529 2.3354 2.1617 2.7463 2.3795 2.2529 2.6048 2.1824
HPPV_Feline_pegivirus_E1_31-210_AlphaFold 1.4247 2.3231 2.0510 1.4918 1.5642 2.2089 1.5860 1.3407 1.0902 2.1876 2.4963 1.3407 1.8739 1.6515 1.7611 1.7349 1.8853 2.0740 1.4317 1.7778 1.7094 1.6815 1.7252 2.0602 1.7284 1.6907 2.0375 1.4293 2.1168 1.8967 1.1349 1.7611 1.9360 1.9201 1.3323 1.3599 2.3111 1.7677 0.8931 1.2368 1.6427 1.6754 1.4894 1.3407 1.9006 2.4057 1.9981 1.6139 1.5615 1.8929 2.2362 1.4529 1.4529 2.1516 1.8018 2.3540 1.2501 1.9939 1.8408 1.5018 1.4673 2.8054 1.3996 1.6574 1.8853 2.0331 1.4553 2.6818 2.0242 1.6427 2.1566 1.2734 1.8777 2.0976 1.7677 1.6907 2.6048 1.9122 1.7611 1.5196 1.9122 1.9981 1.4340 1.8053 1.7031 1.9440 1.4625 1.7381 2.6048 1.9645 2.0067 2.5805 1.7252 1.4770 2.6729 1.3281 1.8967 1.9201 1.7125 1.6082 1.8929 1.5615 2.6729 2.4675 1.8336 1.9854 2.2700 2.1617 2.8575 1.8408 1.7031 2.0928 1.3642 2.2529 2.0740 1.6456 1.6486 1.3136 2.4604 1.4625 1.4722 2.3925 1.9686 1.4601 1.4132 3.0859 1.3664 1.8665 1.4844 1.7644 2.5110 1.7677 1.8517 1.5562 1.7611 2.0154 2.3111 2.0111 1.3840 1.7189 1.7189 1.8018 1.4577 2.1668 2.1465 1.4178 1.1624 1.8815 2.0694 1.8702 2.5260 1.4109 1.3260 1.6253 1.8193 1.8372 2.4258 1.4529 3.1852 0.0000 2.0375 2.6214 1.5094 1.6815 1.5970 2.0976 2.0694 1.7544 1.2578 3.0079 1.5456 1.7413 1.4943 1.8777 1.6574 1.4553 1.7644 1.4968 1.4481 1.2813 2.5725 2.8792 1.4918 1.9320 1.4505 1.6311 1.9939 1.8372 1.5778 2.1668
HPHV_Rodent_hepacivirus_MOZ329-AMOZ2011_E1_183-367_AlphaFold 1.6311 2.3860 1.5482 1.5642 1.5273 2.0420 1.1943 2.4464 2.0694 2.2089 1.4819 1.8480 1.8929 2.0024 1.9686 0.2075 1.8229 2.0067 1.3996 1.6111 1.5094 1.4270 1.4918 0.1424 1.5860 1.7949 1.7157 1.6664 2.0111 1.8815 1.6545 1.5860 1.7094 1.4918 1.5273 1.4746 1.7125 1.4625 2.0420 1.6427 1.4086 1.5642 1.7031 2.3231 1.7062 2.1772 1.8088 1.6253 2.4327 1.7031 2.2197 1.4340 2.6554 1.7000 1.8088 2.2089 1.5589 1.9201 1.5196 2.0154 1.6938 2.1120 1.7413 1.5778 1.3996 1.3751 1.7914 1.9122 1.4968 1.5723 1.9122 1.9521 0.1877 1.9603 1.5273 1.3599 2.0834 2.0834 1.7094 2.4124 1.4434 0.4801 1.4577 1.6907 1.5562 2.5567 1.6969 1.9320 1.8444 1.5589 1.4529 1.5805 1.4770 2.1516 2.5260 1.8739 1.5509 1.9201 1.7778 1.5562 1.6604 1.4770 2.0740 2.1415 2.5036 1.9083 1.3095 1.5998 1.8372 2.0420 1.9645 1.1571 2.3925 2.3231 2.1120 1.9481 1.7189 1.8891 2.2143 1.6282 1.5273 2.1023 2.2700 1.4697 1.5998 1.6139 2.2306 0.1939 1.7316 1.6907 2.5490 1.6938 0.6347 1.5970 1.4505 1.6604 1.5696 1.6815 2.4675 1.4795 1.6754 1.5456 2.1566 1.2144 0.1804 1.4155 1.9896 0.1865 1.9896 1.9645 1.7125 1.4673 1.8665 1.7544 1.5669 1.5509 1.7157 1.5145 1.6724 2.0375 0.0000 1.7189 1.6724 1.6082 1.6634 2.2991 1.7284 1.8018 1.9400 2.5966 1.4224 1.4968 1.7189 1.6694 1.6054 2.4191 1.4363 1.6398 1.5403 1.8053 1.5222 2.3354 1.7677 2.0198 1.7880 1.7125 1.5482 1.5562 2.1120 0.1877
PLPV_Rodent_pestivirus_isolate_RtAp-PestVJL2014_E1_624-819_AlphaFold 1.9320 1.1835 2.3171 2.5646 2.2643 2.5646 2.4746 2.2306 2.8683 1.6311 1.1114 2.4191 3.0461 2.0154 2.2757 1.9440 3.3287 3.3118 2.1266 2.2089 2.8469 2.0740 2.1465 1.8517 2.3925 2.0242 1.7094 2.0694 2.6554 1.0217 2.1929 2.2874 2.2529 2.4534 1.9280 2.2143 1.4132 2.7559 2.5646 1.7252 1.8891 1.3906 2.3354 2.0648 2.3416 0.7056 2.3171 2.5185 2.5110 2.9241 2.6382 2.3540 2.2700 2.8054 2.2252 1.2387 2.2362 2.4534 3.2787 2.1365 1.9769 0.9778 1.9201 1.8702 1.8018 2.1929 2.0465 1.2578 2.2473 2.5413 3.2787 2.0067 1.6664 2.6468 2.3795 1.9854 1.4968 2.9711 1.8264 2.1617 2.5110 2.0976 2.3292 2.2473 2.5490 3.2466 2.4604 2.1316 1.5351 2.5646 1.9240 1.4894 2.0111 2.5185 0.6180 1.8665 1.4869 2.4534 3.2625 2.8259 2.0375 2.4604 1.1537 2.2473 2.6468 2.8156 2.1316 1.7479 1.2463 2.4675 2.0740 2.8054 2.0465 1.6724 3.0859 2.3860 2.2586 1.7094 1.2973 2.2586 2.2757 1.4993 2.0420 1.9645 2.4191 1.2520 2.6214 1.4918 2.8054 2.3051 1.1818 2.3860 2.7853 2.3292 2.3416 1.2255 1.0999 2.0510 2.1120 2.3111 2.7181 2.4818 2.2874 5.0250 1.4247 2.3860 2.1266 1.7031 1.7983 3.4363 1.6311 2.0834 2.2586 2.2143 2.3731 1.6574 1.5044 2.5805 1.2833 2.6214 1.7189 0.0000 2.1120 2.0648 2.1023 1.5482 2.0024 1.7125 2.1120 1.2218 1.5642 2.9014 2.2143 3.1273 1.9440 1.9320 2.1120 2.2700 1.9521 2.2529 1.0663 1.1197 2.1316 2.9955 2.0198 2.0834 2.3171 2.2529 2.3540 1.7644
HPHV_Rodent_hepacivirus_CRT682COD2010_E1_173-368_AlphaFold 1.8815 2.7463 0.7595 1.8967 1.5145 1.6196 1.7000 3.2787 1.6340 2.6907 2.0787 1.7812 1.6427 1.9481 0.8698 1.6846 0.7824 1.7413 1.6664 0.6258 0.6103 1.1502 1.0600 1.6311 0.7371 2.2643 2.0740 2.2089 1.9645 1.9603 1.9440 0.7504 0.7789 1.7880 1.8967 1.7677 1.7511 0.5874 1.6196 2.0154 0.8931 1.9044 1.7381 2.2035 1.8480 2.1465 0.8879 0.6814 2.1316 1.0616 2.2035 2.1316 2.4890 2.0024 2.1668 2.8575 1.8336 0.7561 1.6139 2.5646 1.7983 2.5490 1.6054 1.3686 1.2237 1.9044 2.0242 2.6382 1.5299 0.7228 0.7349 1.8628 1.5482 0.7595 0.8070 1.5535 2.4963 2.0111 1.0414 2.3540 1.5377 1.5778 1.8853 1.7677 2.0465 1.9562 1.9811 1.2218 2.5646 1.8739 0.8572 2.5336 2.5725 1.9939 1.8158 1.6253 2.3860 0.7595 1.5832 0.7882 1.7349 2.0648 2.7463 1.8739 1.7316 2.1465 2.3051 1.8591 2.9473 1.9521 1.9981 1.8336 2.4604 2.6641 1.9686 0.8698 0.6567 2.1365 3.0205 0.6074 1.8264 2.5110 2.0510 1.8739 1.5222 2.2932 1.8372 1.5482 2.1023 1.1231 2.5260 1.2953 1.5273 0.6026 1.5120 3.2154 2.6214 0.7731 2.2991 1.3365 0.8597 0.7777 2.0787 2.2143 1.7316 1.8193 1.5247 1.5018 2.0331 1.0934 2.7559 1.7778 1.9201 1.9603 1.6574 1.7983 2.5185 1.6969 3.0205 1.5094 1.6724 2.1120 0.0000 0.8698 0.6960 2.1316 1.1098 3.0995 1.9083 3.0995 1.4918 0.6103 0.6527 1.0098 0.7305 2.5885 1.2873 0.6527 1.8554 1.7611 2.5646 2.5966 1.6634 2.2035 1.5998 0.7812 0.7697 1.7157 1.9320 1.6082
HPHV_Rodent_hepacivirus_B349PAN2014_E1_164-351_AlphaFold 1.9939 2.1516 0.4375 2.2991 1.7577 1.7744 2.0286 2.2700 1.9161 1.9521 3.3459 1.8053 1.9044 2.3354 0.4311 1.4387 0.2088 2.0881 2.2757 0.6939 0.6507 1.3449 1.0263 1.5351 0.3756 1.9645 2.0510 2.0976 1.9811 2.1415 1.8480 0.4185 1.0202 1.6907 1.9939 2.0976 7.0524 0.6751 2.2035 2.1415 1.3449 3.9188 1.7413 2.2700 1.9122 2.2417 0.3999 0.6417 2.1168 0.9922 2.0881 2.3540 2.3925 1.7316 2.3478 2.5966 2.0787 0.4488 1.4577 2.3795 1.7949 2.2757 2.0286 1.2387 1.1659 1.6969 2.1982 3.1704 1.7413 0.6347 0.5443 1.7094 1.6282 0.4743 0.8130 1.6311 2.7953 2.4534 0.9142 2.1415 1.5120 1.4943 2.0067 1.6754 2.7656 2.0602 2.0556 1.3729 3.3812 1.8777 0.8775 2.8575 2.4124 2.5336 1.6604 1.7644 2.7754 0.4488 1.9122 0.8178 2.0510 2.0286 2.6998 2.0375 1.9896 1.9201 2.6298 1.9811 2.6554 2.3478 2.4057 1.8815 0.9966 1.5642 1.9320 0.4359 0.6387 1.9686 1.7983 0.4801 1.9811 2.4191 2.4258 2.4327 1.9896 3.0461 2.1217 1.6196 2.0881 1.2520 2.9126 1.4993 1.5120 0.6337 1.4819 3.0205 2.3171 0.4076 2.0834 1.2034 0.4216 0.6268 1.9981 1.8193 1.4201 1.8815 1.8229 1.6026 1.6574 1.5222 2.4464 2.2252 2.1982 1.8665 1.8665 1.8408 2.4327 2.0420 2.4534 1.6815 1.6082 2.0648 0.8698 0.0000 0.6387 1.8408 1.4505 3.1558 2.0834 2.5260 1.9562 0.6466 0.6507 1.0967 0.4776 1.9896 1.2520 0.6288 2.0834 1.8891 1.9440 2.4327 2.0067 2.2874 2.0067 0.9386 0.4375 1.8891 1.8444 1.7252
HPHV_Rodent_hepacivirus_TA085TZA2013_E1_223-407_AlphaFold 1.6456 2.0881 0.6477 1.9320 1.2833 1.7316 1.7711 1.9981 1.7000 2.0740 2.8054 1.5915 1.5615 1.8336 0.7239 1.6196 0.6074 2.0198 1.8777 0.7077 0.5624 1.3407 1.0217 1.7125 0.6588 1.8372 1.8444 2.1720 1.9440 2.0602 1.5696 0.6190 0.9129 1.8815 1.7413 1.8123 1.6369 0.4423 1.7983 1.8408 0.9807 2.4191 1.6574 1.6846 1.6754 2.4746 0.7174 0.5336 2.2362 1.1016 1.7880 1.7284 1.8967 1.8018 2.0510 2.6048 1.7349 0.6477 1.6907 2.1929 1.6694 2.2197 1.5018 1.2813 1.1676 1.4387 1.9769 2.4675 1.6604 0.5542 0.5569 1.5696 1.7644 0.6477 0.6793 1.4673 2.6298 1.9686 0.9835 1.9896 1.4041 1.7846 1.7880 1.6486 2.2643 1.9896 1.9896 1.3034 3.4363 1.4819 0.8348 2.7274 1.9481 1.8628 2.0834 1.8967 2.5885 0.6477 1.6969 0.8435 1.8229 1.9981 2.3731 2.3292 1.7544 1.9240 1.9440 1.6815 2.5036 2.0928 1.9044 1.7544 1.8967 2.0694 1.8815 0.7294 0.0739 1.7744 2.7463 0.6731 1.8408 2.2473 1.7880 1.8336 1.8891 2.8792 1.9769 1.7880 2.0067 1.0369 2.6130 1.2993 1.5482 0.5389 1.3686 2.3231 2.0928 0.6772 2.0740 1.1782 0.6731 0.5542 1.8967 2.1120 1.5299 1.9122 1.5589 1.7349 2.3603 1.1589 3.4747 1.6907 1.8193 1.6486 1.6026 1.9240 1.8444 1.7644 2.9014 1.5970 1.6634 2.1023 0.6960 0.6387 0.0000 1.9521 1.3323 2.6554 1.9400 3.0079 1.6724 0.5624 0.0620 1.1131 0.6731 2.0067 1.1961 0.0567 2.0928 2.0154 2.3111 2.2252 1.5247 2.0420 1.5430 0.8957 0.6477 1.6876 1.7949 1.7479
PLPV_Atypical_porcine_pestivirus_E1_502-700_AlphaFold 1.6815 1.5805 2.3731 2.0556 2.2815 2.8054 1.9896 1.9562 2.0694 0.3816 1.5273 2.1772 2.3354 1.8517 2.1120 2.0694 2.0556 2.4057 1.9083 2.4124 2.1929 2.3171 2.4675 2.3231 2.2197 1.9939 2.1168 2.0787 2.3231 1.5915 1.9981 2.0510 1.9280 2.3860 2.3111 2.0834 1.8123 2.6048 2.0331 2.0286 2.1617 1.6196 2.2089 1.9854 2.0787 1.4918 2.3478 1.9240 2.3540 1.9122 2.3925 3.1273 2.0787 2.1365 2.0881 1.6196 2.1720 2.3731 2.3540 2.3478 2.0024 1.5299 2.0602 2.2586 2.0242 2.8156 2.0286 1.5325 2.5805 2.0465 2.6382 2.3540 1.9400 2.2089 2.3416 2.3731 1.8018 2.9126 1.6369 2.4191 2.2757 2.2643 1.9645 2.3860 2.0694 2.7274 2.2035 2.4675 1.6724 2.2417 2.0111 1.5325 3.0332 1.9603 1.4601 1.9854 1.7677 2.3731 1.9122 1.9280 2.3111 2.7368 1.3751 1.8815 2.7953 1.9686 2.8469 1.7846 1.5222 2.4963 2.4534 2.0556 2.1168 0.3681 2.1982 2.0740 1.9939 2.4327 1.4819 2.5036 2.2035 1.3686 2.3416 1.7544 2.2035 1.5403 1.9320 2.0510 2.4191 2.1876 1.4247 2.3795 2.0067 1.9728 2.3231 1.6369 1.9083 1.9240 2.4191 2.1617 2.6468 2.0976 2.3354 2.4534 2.0111 1.9854 1.9896 1.9645 1.8123 2.1415 1.2933 2.1720 2.1266 2.1617 2.6818 2.1824 1.6139 2.0602 1.3884 2.0976 2.2991 1.5482 2.1316 1.8408 1.9521 0.0000 2.0198 1.4722 2.2815 1.4387 1.8591 2.0067 2.2197 2.0067 2.9014 2.0067 1.8372 2.1415 2.7559 2.2417 1.4387 1.4363 2.2815 2.6554 2.4124 1.9645 2.3731 2.1929 2.1465 2.0111
HPHV_Hepacivirus_N_isolate_IME_BovHep_01_E1_148-347_AlphaFold 2.5490 2.2035 1.5723 2.2252 1.3386 1.7949 1.4577 1.7846 2.4534 2.0375 1.7511 1.8193 1.8264 2.3292 1.1925 1.6427 1.2913 1.7812 2.0881 1.1417 1.5044 1.4918 1.4481 1.7316 1.3136 2.3667 1.9440 2.0024 1.8018 1.7778 1.7914 1.3281 1.1835 1.7846 2.2143 1.4340 1.7125 1.2715 2.0465 1.5887 1.1711 1.9981 2.6298 1.7544 2.2586 1.5778 1.1818 1.7744 2.3354 1.5222 2.1217 1.6876 1.8739 1.8229 2.2932 2.2306 2.3795 1.6054 1.5535 1.9939 2.3925 2.0648 2.2143 1.8300 1.3929 2.1566 2.4604 1.6664 2.1217 1.3365 1.3014 1.8967 1.6545 1.4109 1.4434 1.7644 1.9481 1.6938 1.3840 1.8554 1.5723 2.1720 2.0928 1.8929 1.7220 1.9603 2.4890 1.6253 2.2473 1.6427 1.3014 2.3354 1.8891 2.3925 1.6282 2.1217 2.5646 1.6054 1.8018 1.1853 1.8815 1.7157 1.9400 1.3556 1.8967 2.0111 2.6641 1.7914 2.0198 1.5615 3.3634 1.3951 1.9400 2.0510 1.8123 1.1925 1.3686 1.8739 2.1617 1.3884 3.0592 2.2586 1.9562 2.2932 1.9854 1.8739 2.1772 1.6456 1.6282 1.1800 2.1617 1.6082 1.8967 1.4577 0.7174 1.7000 1.8193 1.3302 1.9360 1.5589 1.0353 1.3365 2.1982 1.6907 1.6515 2.1120 2.2089 1.6969 2.4534 1.6545 2.0242 2.0648 2.0834 2.0556 1.6196 1.6340 2.2089 1.8739 2.0375 2.0694 1.7284 2.0024 1.1098 1.4505 1.3323 2.0198 0.0000 1.5943 1.8264 2.0976 2.0510 1.4819 1.3471 1.3708 1.3929 1.7611 1.4155 1.3157 1.8088 2.2932 2.1772 2.2089 2.1465 2.4057 2.2197 1.2349 1.4224 2.0881 2.3051 1.6907
PLPV_Pangolin_pestivirus_strain_PPeVBIME6P226Tpangolin2018_E1_508-703_AlphaFold 2.0067 1.3365 2.8575 2.3991 2.2089 2.6468 1.9280 2.1023 1.9645 1.1747 1.1315 2.2815 2.0648 2.0154 3.4177 1.9562 3.1133 2.5966 1.8018 2.5110 3.1414 2.3795 2.7953 2.0881 3.1133 2.7853 2.1566 1.9981 3.0205 1.1164 2.3478 2.8363 2.4327 2.5336 2.2757 1.3840 1.0202 2.2529 2.0286 2.5490 2.5185 1.1298 2.0024 1.8264 2.8156 1.3840 2.9832 3.2787 3.6651 3.5347 2.5490 1.8300 2.2757 3.2951 2.5805 0.5082 2.6214 2.9014 2.5260 1.8739 1.8628 1.5615 1.7914 2.9955 1.9400 2.6998 1.9981 1.3177 2.6907 2.5036 3.2309 2.4327 1.9201 2.8469 1.8967 2.1566 0.4472 3.8112 2.6130 2.5725 2.0420 1.8264 1.9044 3.3812 2.4675 2.7368 2.0602 2.9591 0.2316 2.0198 5.8119 0.2201 3.2154 2.9711 1.3471 1.9769 0.2342 2.8792 2.1876 2.3925 3.2002 1.7644 1.3260 2.5413 2.9832 2.5567 2.0556 2.5966 1.3951 2.5036 1.6846 2.9241 2.1516 1.2913 1.9811 3.5555 2.8363 1.9645 1.5403 2.9014 2.4327 1.5196 2.5805 2.0465 2.2362 1.1871 1.8628 1.9201 2.2700 2.8156 1.2330 2.1617 3.3812 2.8792 3.2002 1.4410 1.0806 2.4746 2.9356 2.7463 3.3459 2.6130 2.7754 2.6382 2.1668 3.0461 2.7274 1.9360 2.4395 2.4124 0.1036 1.8480 2.1465 2.0420 3.0079 1.9201 0.4545 2.2197 1.4553 1.7544 1.8018 1.7125 3.0995 3.1558 2.6554 1.4722 1.5943 0.0000 1.9896 1.3034 1.7125 3.8911 3.0205 2.8054 2.2197 2.2991 2.0286 3.1852 1.9201 1.9769 1.2913 1.2330 2.0331 2.3540 1.7577 2.1465 2.7953 2.4327 1.9083 1.9044
HPPV_Nabpantry_virus_9_E1_21-205_AlphaFold 1.3906 1.9854 2.1982 1.3929 1.5589 1.9939 1.6282 0.3861 0.9277 2.3478 2.7853 0.1792 1.8408 1.7511 1.4795 1.9896 1.9122 2.1316 1.2617 1.6486 1.9481 1.6196 2.0375 2.0198 1.8591 1.9521 2.4057 0.8226 2.1415 3.3118 1.2125 2.0928 1.6938 1.7031 1.4746 1.3686 1.8739 1.9201 1.1853 1.6938 1.7744 1.4697 1.3817 0.3884 1.8408 2.2197 2.0787 1.8628 0.5865 1.7381 2.3051 1.3951 0.4439 1.8777 0.9223 2.2143 1.3996 2.1071 1.7157 1.3817 1.5535 3.1852 1.5456 1.8967 2.1120 1.8444 0.8251 2.5725 1.8967 1.7479 2.2306 0.1273 1.8815 2.1071 2.2473 1.7479 2.3051 1.7744 1.5970 0.4030 1.9440 1.8123 1.4505 1.9360 1.7413 2.5490 1.4894 1.9521 1.8853 1.7744 2.0375 2.2473 1.9981 0.6036 2.2874 0.7835 1.7983 2.0067 1.4553 1.4247 1.8158 1.3492 2.7181 2.5036 1.9728 2.3478 1.8665 1.7252 2.3991 2.2991 1.7778 1.6456 0.4030 2.0111 2.2643 1.5482 1.9044 0.9358 1.6427 1.9603 1.6515 2.2643 1.6574 1.3729 0.9735 2.0787 1.0742 1.9360 1.5299 1.7846 2.5260 1.8264 1.9521 1.6167 1.6427 2.3667 2.4604 2.2306 0.3877 1.6724 1.5669 1.6427 0.6190 1.9280 1.9521 1.0522 0.9951 1.6969 2.4534 1.6815 3.1414 1.2754 1.3386 1.6026 1.7511 1.7446 2.6130 1.0710 2.0602 1.2578 1.9400 2.1120 1.9083 2.0834 1.9400 2.2815 1.8264 1.9896 0.0000 1.7413 1.7189 1.9981 1.7711 1.4869 2.0648 0.3861 1.7812 1.8053 1.4918 0.8622 2.5567 2.3731 1.5860 1.6907 1.5750 1.5351 2.1071 1.7446 1.0838 1.8300
PLPV_Pestivirus_PG-2_E1_495-688_AlphaFold 2.8259 0.8275 2.8902 2.3925 2.3171 2.4746 2.3925 2.3171 2.2991 1.3407 0.2702 1.9728 2.1720 2.3860 2.2932 2.1720 2.4464 2.0111 1.9280 2.4191 2.0024 2.4746 2.5966 2.2932 3.3634 2.4818 2.2586 2.1266 2.3292 1.3686 2.2874 2.5336 2.4124 2.5966 2.5646 2.0286 0.7110 2.0834 2.1617 2.4534 2.1316 0.5670 2.7089 2.5966 2.0928 1.1676 4.7671 3.0995 2.5725 2.6554 2.4057 2.3603 2.9591 2.5413 2.9832 1.2406 2.4604 2.6382 2.1516 2.3292 2.3416 0.8202 1.9854 2.3354 1.8158 2.4395 2.0556 0.2576 2.4258 2.6130 2.5646 2.0024 2.4191 3.0079 2.3231 2.2473 1.2293 2.9014 2.1465 2.3603 2.3991 2.4604 2.1772 2.0602 2.4963 2.7953 2.4057 2.6818 1.2218 2.4963 2.4395 1.2144 1.8158 2.5646 1.1589 2.0740 1.3157 2.5260 2.9591 2.5036 2.4191 2.1982 0.2361 2.5110 2.4057 2.3860 2.6907 2.4818 0.3771 2.4124 1.9440 3.3118 2.7559 1.5325 2.2035 2.3231 3.4747 2.1668 0.0815 2.4258 2.5413 1.8665 2.6907 1.9083 2.2306 0.2537 2.6641 2.4124 2.2417 2.6554 0.2689 2.6048 2.1415 2.8469 2.3603 0.4216 1.0507 2.8469 2.3667 2.3478 2.2362 2.5725 2.7274 2.6298 2.2991 2.0242 1.9981 2.3051 1.8517 2.1365 1.4722 2.0928 2.3860 2.5885 2.3416 2.7089 1.1747 2.3795 0.2669 3.0079 2.5966 1.2218 3.0995 2.5260 3.0079 1.4387 2.0976 1.3034 1.7413 0.0000 2.1772 2.7559 3.4363 2.5413 2.3416 2.5110 1.5273 3.3118 2.2874 2.2586 0.8775 0.8918 2.3795 2.4464 2.3478 2.3991 2.7559 2.5185 2.4464 2.0024
HPHV_Chaetodon_aureofaciatus_hepacivirus_isolate_F25_E1_180-366_AlphaFold 1.8193 2.4963 1.8591 1.5351 0.9331 1.6664 1.5723 1.5509 1.4434 1.6398 1.4434 1.5120 1.7744 1.6754 1.7349 1.3862 1.9603 1.9280 1.4529 1.7611 2.0556 1.6026 1.6224 1.3471 2.0067 1.9939 1.8517 1.6604 2.0024 2.0556 1.5832 2.1982 1.6139 1.3116 1.8967 1.3884 1.5642 1.9440 1.4844 1.8053 1.6694 1.6196 1.6253 1.7316 1.2675 2.0881 1.7479 1.9686 1.8229 1.5377 1.7094 1.6574 1.5696 1.5669 1.6846 2.1120 1.5403 1.8591 1.4673 1.7349 1.7577 2.0198 1.6196 1.9686 1.6969 1.6082 1.7880 1.7511 1.5222 1.7778 1.9769 1.4505 1.3157 1.8158 1.5860 1.2559 2.2035 2.0510 1.6846 1.5509 1.5299 1.3428 1.5805 1.7031 1.6111 1.7577 1.6515 1.6604 1.7677 1.4869 1.3884 1.5273 1.7479 1.7349 1.3973 1.5509 1.8554 1.8591 1.7157 1.6456 1.5805 1.7031 2.0331 1.5615 1.5535 1.8088 1.7778 1.5750 1.8853 1.6724 2.0834 1.3795 1.4968 1.3198 1.8929 1.6846 1.7744 1.5018 2.1824 1.7349 1.7284 2.8469 2.0331 1.8517 1.5805 1.7000 1.7846 1.2598 1.6282 1.5642 2.1617 1.8517 1.1853 1.7349 1.7479 1.5805 2.2932 1.8554 1.4458 1.9280 1.7744 1.8158 1.7284 1.8123 1.4109 1.6634 1.4673 1.2833 2.9014 1.7031 1.6604 1.6139 1.6167 1.5860 1.7000 1.3014 1.3621 1.8967 1.5669 1.5456 1.4224 1.5642 1.4918 1.9562 1.6724 1.8591 2.0510 1.7125 1.7189 2.1772 0.0000 2.1023 1.6938 1.6486 1.7284 1.5750 1.8193 1.6574 1.5642 1.4795 2.1217 2.3795 1.5750 1.5456 1.5094 1.7949 1.8591 1.7744 1.7479 1.3323
HPHV_Rodent_hepacivirus_rn-1_E1_246-450_AlphaFold 1.8517 2.8683 0.7024 1.8665 1.5018 1.5170 1.6139 2.1217 1.7914 2.2473 2.7089 2.0198 1.7284 2.1516 0.7174 1.5589 0.6436 2.0648 1.6253 0.6855 0.0254 1.4673 0.9552 1.7284 0.6407 1.8554 2.2700 2.3731 1.7812 2.9241 1.6604 0.6477 0.8711 2.0286 2.0648 2.3231 2.2252 0.6446 2.0602 1.8193 0.9893 2.3478 1.6907 2.2306 2.1566 2.5185 0.7013 0.3317 2.3051 1.0886 1.6969 2.0111 2.2757 1.8053 2.1071 3.4747 2.0740 0.6855 1.8480 2.6641 1.8815 2.9014 1.7252 1.3884 1.0918 1.6815 2.2197 2.7089 1.7189 0.2830 0.7131 1.8929 1.7031 0.7067 0.7316 1.5170 2.8259 2.2529 1.0999 2.1120 1.6253 1.6604 1.9044 1.7711 2.3795 1.8408 2.4534 1.2793 2.9591 1.7846 0.7835 2.5966 2.0198 1.9603 2.3354 1.7381 2.8156 0.6855 2.2991 0.9089 1.7544 1.8929 2.9832 2.3795 1.8088 2.1982 2.4604 1.8123 2.3478 1.7479 2.2417 2.2991 2.5036 2.2586 1.6515 0.7131 0.5371 1.9440 2.2362 0.6527 1.8665 2.5805 2.7754 2.0465 2.1365 2.1415 1.8891 1.7284 2.0740 1.0538 2.4675 1.2255 1.6427 0.2817 1.2953 3.2625 2.9591 0.8094 2.1929 1.2482 0.6507 0.2898 2.2143 2.1982 1.5860 2.1365 1.8264 1.6634 2.7754 1.1231 3.3459 1.8018 1.8018 1.7544 2.0111 1.8891 2.8469 1.7511 1.9161 1.7413 1.4968 2.9014 0.6103 0.6466 0.5624 2.0067 1.4819 3.8911 1.9981 2.7559 2.1023 0.0000 0.5425 1.1264 0.6628 2.0242 1.0983 0.5230 2.2874 1.8158 2.4124 2.2089 1.8444 2.6641 1.7983 0.9893 0.6897 2.0928 2.1824 1.6694
HPHV_Rodent_hepacivirus_CRT382COD2010_E1_252-436_AlphaFold 1.6724 2.2586 0.6367 1.6604 1.2754 1.6785 1.9122 2.0420 1.7577 2.4534 2.6641 1.5832 1.7094 1.8702 0.7415 1.4625 0.6190 1.7157 1.8193 0.6897 0.5425 1.1871 1.0217 1.9603 0.6700 1.9481 2.0834 2.2700 1.9440 2.4534 1.5998 0.6288 0.9496 1.7479 1.7711 1.8702 1.9854 0.4868 1.7644 1.8777 1.0128 2.5110 1.7316 1.9521 1.7446 2.3111 0.7067 0.5336 2.0881 1.1131 1.7611 1.6969 2.0024 1.7880 2.2643 2.6214 1.8372 0.6367 1.6515 2.4818 1.6282 2.1168 1.5887 1.2913 1.1676 1.5299 2.0556 2.7853 1.7189 0.5846 0.5624 1.6846 1.8229 0.6367 0.6567 1.4993 2.5646 1.9939 1.0616 2.0331 1.4410 1.7157 1.8444 1.7778 2.2417 1.8408 1.9854 1.2016 4.0360 1.5044 0.8497 3.3118 2.1465 1.9811 2.1876 2.0465 2.5110 0.6367 1.4018 0.8435 1.7949 1.8336 2.8792 2.2252 1.7349 1.7479 2.0067 1.8018 2.6214 2.1982 2.0976 1.6876 2.1266 2.0556 2.1876 0.7482 0.0284 1.8815 2.4675 0.6950 1.9044 2.5885 2.1071 1.8193 1.9122 3.0995 2.0024 1.8158 1.8815 0.9951 2.8683 1.1468 1.4722 0.5389 1.3323 2.7463 2.8575 0.7003 1.9686 1.1818 0.6950 0.5753 1.9481 1.8891 1.6664 1.9006 1.6486 1.8158 2.5036 1.1332 2.7953 1.7094 1.8372 2.1316 1.4943 1.8517 2.5490 1.6785 2.2991 1.4943 1.7189 2.2143 0.6527 0.6507 0.0620 2.2197 1.3471 3.0205 1.7711 3.4363 1.6938 0.5425 0.0000 1.1032 0.6731 2.8363 1.1961 0.0336 2.0556 2.0787 2.5805 2.2643 1.7413 2.1415 1.7413 0.8373 0.6367 1.6907 2.0465 1.7316
HPHV_Hepacivirus_I_E1_180-369_AlphaFold 1.6082 3.0332 0.9951 2.1415 1.4649 1.3116 1.5120 2.4675 2.1071 2.8054 2.4124 1.6196 1.5482 1.8018 1.0430 1.7914 1.0663 1.3884 1.9360 0.9115 1.1365 1.2406 0.7174 1.6427 1.0679 1.8517 2.0648 2.0694 1.4410 2.7274 1.9686 1.0522 1.0217 1.5456 1.9006 2.3925 2.2815 0.8178 1.7000 1.6846 1.1451 1.4317 1.7677 2.0465 1.7220 2.6554 1.0278 1.0113 2.1982 0.5940 1.5170 2.0242 2.1876 1.9360 2.0420 2.7656 1.9161 1.0369 1.3034 1.9044 1.6846 2.6818 1.6876 1.3344 1.1399 1.4247 1.7644 3.2309 1.4340 1.1641 1.0491 1.6515 1.7846 1.0054 1.1624 1.5299 2.4604 1.9006 0.9792 2.0286 1.3407 1.5696 1.7677 1.6634 1.6167 1.8300 2.0510 1.3136 2.6998 1.6427 1.0113 2.5110 2.1772 2.1465 2.6382 1.8739 2.8792 1.0369 1.8088 1.0278 1.6574 2.2700 2.7559 2.0465 1.7094 1.5120 2.2757 1.7189 2.5185 1.4155 2.3231 1.8408 2.5260 2.3795 1.3219 1.0247 1.1197 1.5696 2.5567 0.9413 1.7446 2.2362 2.6729 1.7511 1.9240 3.2466 1.8158 1.6196 1.7479 1.1571 3.0724 1.4387 1.8193 0.9951 1.4577 2.5490 2.7953 0.9510 2.1668 1.2734 0.9552 1.1641 1.8815 1.6456 1.7744 1.6724 1.5196 1.8777 2.3795 1.1231 2.3478 1.7316 1.7094 1.8229 1.5805 1.4918 2.2757 1.9562 2.5110 1.8777 1.6694 3.1273 1.0098 1.0967 1.1131 2.0067 1.3708 2.8054 1.4869 2.5413 1.6486 1.1264 1.1032 0.0000 1.1485 2.6641 1.1231 1.0790 1.6815 1.6196 2.4534 2.2417 1.7812 1.8967 1.7000 1.0083 1.0113 1.8264 1.8702 1.7284
HPHV_Wufeng_Typhlomys_cinereus_hepacivirus_3_E1_168-353_AlphaFold 2.0976 2.6729 0.3644 2.0420 1.5325 1.8158 1.6515 2.2991 1.9896 2.5567 2.5646 2.1120 1.8815 1.9854 0.4987 1.4577 0.4818 1.9440 1.9440 0.6507 0.6628 1.3556 1.0838 1.5970 0.3861 2.1668 2.2473 2.5885 2.3111 2.1316 1.7711 0.3476 0.9169 1.9280 1.9044 2.0067 2.5805 0.6487 1.9240 1.7611 1.1048 2.1023 1.8739 2.1929 1.8300 2.3171 0.5327 0.7099 2.2643 1.1048 1.8815 1.7880 2.0976 1.7062 2.1772 2.1120 1.8628 0.3644 1.5509 2.3111 1.9161 2.3860 1.7611 1.1711 1.2070 1.9521 2.0331 2.5413 1.4201 0.7976 0.5497 2.0420 1.5145 0.3794 0.7174 1.5196 2.8902 2.0556 0.8827 2.1876 1.4722 1.4363 1.9006 1.6196 2.2700 2.3603 1.9044 1.0774 3.2154 1.7220 0.9650 2.6818 2.3667 2.1982 2.0881 2.0420 2.0834 0.3571 1.6139 0.8106 1.7611 1.9240 2.8683 3.4747 1.8336 2.0928 2.3292 1.7252 2.8054 1.8628 1.8300 1.8628 2.1120 2.4604 1.8336 0.5265 0.6628 1.9981 1.9360 0.4311 1.9728 2.8575 2.3231 1.7349 1.8018 2.6907 2.0024 1.4968 2.1982 1.1747 2.7853 1.1281 1.8088 0.6866 1.3884 3.3459 2.1365 0.3218 2.0024 1.2107 0.4701 0.7561 2.0242 3.0995 1.4697 1.9603 1.5430 1.4649 2.8156 1.0187 2.0024 1.7711 1.8591 1.6054 1.7511 1.9083 2.7181 1.6664 2.6130 1.6574 1.6054 1.9440 0.7305 0.4776 0.6731 2.9014 1.3929 2.2197 2.0648 2.3416 1.7284 0.6628 0.6731 1.1485 0.0000 2.3231 1.1979 0.6517 2.0331 1.9083 2.7754 2.6729 1.5018 2.2757 1.5723 0.8827 0.3571 1.7744 1.9320 1.5430
HPPV_Hepatitis_G_virus_isolate_765_E1_88-274_AlphaFold 1.6311 2.0740 2.0286 1.6311 2.2586 2.0740 2.0602 0.0172 1.1694 2.4963 1.4795 0.3505 2.1415 1.8018 1.6486 2.0881 1.8929 2.3231 1.2953 2.1316 2.1516 2.0198 1.9811 2.1668 1.9083 2.0420 3.0461 0.8648 2.6818 2.3991 1.0951 2.1465 2.3795 1.6634 1.3578 1.4340 1.7914 2.4890 1.4918 1.3492 2.2932 1.8300 1.7252 0.0503 2.0510 2.2306 1.9939 2.0976 0.5846 1.8739 2.2473 1.5562 0.0388 1.8702 0.8447 2.6641 1.4041 2.2143 2.2143 1.6369 1.4132 2.2362 1.3884 1.8517 1.8702 2.1071 0.8522 2.2529 1.8300 2.1720 2.6214 0.3861 2.4890 2.0286 1.9083 1.6907 2.8469 2.0024 2.0024 0.0274 2.2473 2.1217 1.4505 1.8554 1.9769 1.9811 1.6054 2.1217 2.3925 2.1516 1.9280 2.1720 1.4649 0.6466 2.0602 0.8214 2.2473 2.2143 1.5456 2.1168 3.1273 1.5615 2.3991 2.9711 1.7611 2.3795 2.1316 3.2951 2.2700 2.0465 1.9440 1.8517 0.0223 2.3354 2.5805 1.6486 2.3603 0.9358 2.3731 2.3292 1.9769 2.1668 1.9939 1.5669 1.0308 2.5490 1.3906 2.1120 1.6026 2.0465 2.6382 2.2643 1.8777 2.9356 2.1720 1.4458 2.2586 1.8158 0.0274 2.1316 1.6486 2.1465 0.5642 2.2473 2.4534 1.1997 1.2387 2.6998 1.6456 2.0286 5.3206 1.4363 1.3386 1.6082 1.7189 2.1720 2.4746 1.5778 2.2143 1.4553 2.4191 1.9320 2.5885 1.9896 2.0067 2.0067 1.7611 2.2991 0.3861 2.5110 1.5750 2.0242 2.8363 2.6641 2.3231 0.0000 1.9360 2.4890 1.5120 0.8447 2.3860 2.4963 1.3219 1.7644 1.3471 2.3991 2.2306 1.9728 1.3929 2.0242
HPHV_Wenzhou_Suncus_murinus_hepacivirus_1_E1_159-344_AlphaFold 1.5615 1.9240 1.4155 1.5482 1.7000 1.6604 1.5273 1.9044 1.6369 1.7914 2.1929 1.7000 1.6815 1.8739 1.4673 1.3906 1.4869 1.6907 1.4894 1.3075 1.0806 1.3260 1.1729 1.4673 1.2913 1.7252 1.7611 2.2473 1.9161 1.6427 1.5509 1.2754 1.2833 1.5377 1.7349 1.5642 2.0976 1.3906 1.7413 1.7157 1.2675 1.6340 1.8300 1.7812 1.1835 2.3540 1.4894 1.0870 1.6054 1.1264 2.0976 1.6282 1.9400 1.9360 1.6664 2.5966 1.7949 1.3929 1.7252 1.8929 1.6340 2.4057 1.4178 1.2368 0.0336 1.6167 1.9006 2.1668 1.5943 1.1131 1.5482 1.7381 1.3795 1.3884 1.0338 1.6876 2.6729 1.8053 1.2715 1.8554 1.6167 1.5273 1.7284 1.6427 1.6694 1.9645 1.7094 1.1764 3.0079 1.6515 1.2144 2.5413 1.6282 1.7914 2.3667 1.8300 2.8469 1.3929 1.6515 1.2125 1.6754 1.6815 2.1120 1.6604 1.8517 1.8891 1.7220 1.5145 1.6815 1.8739 1.8480 1.3996 1.9240 1.7349 1.6846 1.4247 1.1835 1.5482 1.8444 1.2107 1.6664 2.3354 1.9896 1.7846 1.8193 1.8193 1.8929 1.3323 1.7284 1.1571 1.9811 1.1747 0.8190 1.1554 1.3729 2.2035 1.9521 1.4458 1.9521 1.1365 1.3664 1.0774 1.6427 1.1231 1.4649 1.4387 1.6311 1.3929 2.3991 1.2089 2.0648 1.7284 1.6634 1.5120 1.7914 1.4109 2.4604 1.5832 2.0465 1.7644 1.4363 2.1120 1.2873 1.2520 1.1961 1.8372 1.4155 2.0286 1.7812 1.5273 1.8193 1.0983 1.1961 1.1231 1.1979 1.9360 0.0000 1.1434 1.8815 1.8815 2.2815 2.3111 1.5351 1.5299 1.5998 1.2330 1.4155 2.1266 2.1168 1.3795
HPHV_Rodent_hepacivirus_TA498-CTZA2013_E1_251-435_AlphaFold 1.7189 2.1668 0.6190 1.8891 1.3198 1.7446 1.8702 2.0331 1.9122 2.2586 2.3731 1.4387 1.6253 1.8665 0.7415 1.7189 0.6190 1.9280 1.8517 0.7024 0.5230 1.2070 1.0083 1.9440 0.6507 1.8702 2.1566 2.2991 1.8158 2.6048 1.6664 0.6161 0.9650 1.6846 1.7744 2.0834 1.5403 0.4602 1.6139 1.7544 1.0369 2.3860 1.7381 1.9044 1.7284 2.2473 0.7415 0.5230 2.1465 1.0616 1.6515 1.8158 2.0375 1.7094 1.9645 2.6298 1.8517 0.6190 1.4434 2.4746 1.6545 2.1516 1.6574 1.3219 1.1247 1.6224 2.1982 2.4890 1.7094 0.5661 0.5533 1.5170 1.8229 0.6190 0.6690 1.5642 2.6214 2.1929 1.0790 2.0881 1.4109 1.7544 1.8480 1.8123 2.3795 1.8591 1.8853 1.2218 2.7559 1.6196 0.8750 3.2002 2.1120 1.9083 2.1266 2.0420 2.4327 0.6190 1.3729 0.8336 1.6907 2.0154 2.5490 2.1617 1.7220 1.7446 1.9854 1.7577 2.7559 2.1415 2.0111 1.7644 2.2417 1.8815 2.1217 0.7482 0.0336 1.7189 2.4675 0.6834 1.9400 2.5336 1.8815 1.6938 1.8554 2.8683 2.2643 1.7949 2.1365 0.9951 3.1558 1.1747 1.5482 0.5300 1.3344 3.0461 3.0205 0.7131 2.2473 1.1624 0.6950 0.5661 1.9320 1.8193 1.7284 1.9939 1.6724 1.7316 2.4124 1.1332 2.8575 1.5456 1.8554 1.9811 1.6253 1.7644 2.6468 1.7252 2.3540 1.4968 1.6398 2.2700 0.6527 0.6288 0.0567 2.1415 1.3157 3.1852 1.8053 3.3118 1.6574 0.5230 0.0336 1.0790 0.6517 2.4890 1.1434 0.0000 2.2035 2.1023 2.7463 2.3416 1.7125 1.9811 1.7125 0.8472 0.6190 1.7157 1.7479 1.7880
HPPV_Montifringilla_taczanowskii_pegivirus_E1_28-222_AlphaFold 1.7677 2.3991 2.0740 1.5589 1.7189 1.6545 1.5170 1.6311 1.7316 2.2991 2.0111 1.4481 1.7812 2.0154 1.8517 1.4968 2.0111 1.9006 0.7583 1.4844 2.2362 1.5456 2.0420 1.4529 1.9769 2.0067 2.0154 1.2973 1.8018 2.5646 1.4943 2.1023 1.9562 1.7711 1.6515 1.0098 1.9320 1.8264 1.5998 1.5377 1.7062 1.9939 1.5170 1.7284 2.1982 2.3731 2.4191 2.2362 1.4363 1.8193 2.0067 0.2316 1.6664 2.6641 1.4387 1.6664 1.5535 2.6130 1.6724 1.6754 1.7252 2.3171 1.7446 1.5887 1.8665 1.5430 1.3973 1.8300 1.9481 2.0556 1.8665 1.4201 1.5778 1.8229 2.0375 1.6369 2.5885 2.0154 1.3751 1.7157 1.9161 1.7644 1.4993 1.8628 1.7744 2.0242 1.8264 2.0420 1.8853 1.7914 1.8777 2.0024 1.8336 1.5430 2.4395 1.6907 1.5943 2.6130 1.3929 1.7677 1.8336 0.6608 2.0976 2.1668 1.9122 1.7611 1.7812 2.1876 2.0067 1.7511 2.2757 1.6486 1.6311 1.9400 1.8088 1.7880 2.0154 1.5482 2.1415 1.6082 1.8929 2.1824 1.7381 2.0834 1.5094 2.1415 1.5247 1.5403 1.5750 1.8665 2.0928 2.1617 1.7611 2.1365 1.7949 1.9981 2.5036 2.4057 1.6545 1.7577 2.2700 2.0602 1.4064 2.1720 1.5589 1.7812 1.5018 1.5325 2.1929 1.9603 2.2035 1.7846 1.8053 1.7157 1.4869 1.5805 2.3354 1.5299 2.4534 1.4481 1.5403 1.9521 1.8554 2.0834 2.0928 2.7559 1.8088 1.9201 1.4918 2.2874 1.5642 2.2874 2.0556 1.6815 2.0331 1.5120 1.8815 2.2035 0.0000 1.6754 2.4604 2.1071 1.7846 1.8300 1.6694 1.7744 2.1120 1.7381 1.2953 1.5696
HPPV_Bat_pegivirus_PDB-737B_E1_58-242_AlphaFold 1.5094 1.9280 2.1071 1.5325 1.9603 1.8777 1.5273 0.8299 1.0616 2.5966 1.5430 0.8312 1.9440 1.5273 1.9083 1.7880 1.5943 2.1668 1.2293 1.8300 1.7577 1.8777 1.8591 1.9161 2.1465 1.7744 2.1720 0.4668 1.9360 2.1023 1.2181 1.8815 1.9686 1.6846 1.3599 1.4132 1.7381 1.7381 1.3239 1.4649 2.1071 1.8929 1.3428 0.9250 1.7983 2.7181 1.8891 2.1316 0.7964 2.0154 2.0375 1.5094 0.8447 1.8739 0.5940 2.3051 1.3929 2.2643 1.6427 1.6282 1.7479 2.2306 1.4601 1.8891 1.8444 1.8554 0.4851 2.2586 1.8264 2.0602 1.7094 0.8622 1.6486 2.1071 1.7677 1.4746 1.7677 2.0976 1.5615 0.8572 1.9854 1.9320 1.4201 1.8193 2.0510 1.8665 1.4869 1.9122 1.8300 1.6634 2.2417 1.7846 1.8088 0.8106 1.7880 0.5300 1.6664 2.2643 1.4529 1.9481 1.9939 1.3817 2.3051 2.4818 1.9562 2.1217 1.8517 1.5669 2.6382 1.9083 1.9896 1.8158 0.8447 2.5185 1.9280 1.9083 1.9280 0.9250 2.0881 2.2306 1.6876 2.0834 2.2815 1.5222 0.7800 2.0286 1.1315 1.9645 1.3449 1.8554 2.3292 1.8193 1.9981 2.0648 1.8018 1.7062 2.6998 2.1929 0.8648 1.8929 1.9006 1.9320 0.8106 2.2362 2.0067 0.8931 1.1961 2.0556 2.0648 1.9981 1.9400 1.5170 1.2656 1.6846 1.6456 1.6486 2.4124 1.2255 3.1273 1.2813 1.8053 2.2529 1.7611 1.8891 2.0154 2.2417 2.2932 1.9769 0.8622 2.2586 1.4795 1.8158 2.0787 1.6196 1.9083 0.8447 1.8815 2.1023 1.6754 0.0000 2.5413 2.1929 1.6427 1.6664 1.5456 2.0286 2.1071 1.7677 1.0476 1.8702
PLPV_Jingmen_Crocidura_shantungensis_pestivirus_1_E1_329-526_AlphaFold 2.4057 0.9850 2.3231 2.5805 2.2197 2.3540 2.2757 2.2362 2.0740 1.2734 1.0679 2.4258 2.5110 2.4464 2.5646 1.7744 2.0375 2.4258 1.5482 2.5036 2.5036 2.2757 2.6818 1.7880 2.3051 2.4604 2.2815 2.1982 2.7089 1.1349 2.6048 2.6641 2.6468 2.5490 2.3925 2.5336 1.6846 2.6729 2.0420 1.9811 2.8054 1.7031 2.4675 1.6253 2.7368 0.9792 2.5885 2.2473 2.4604 2.2362 2.4327 2.5036 2.1516 2.1929 2.1071 0.9692 2.2089 2.2586 2.3860 2.8054 2.3991 0.8166 2.1217 2.2991 2.1720 2.3603 2.1617 1.0338 2.6641 2.6554 2.2143 2.3991 2.6130 2.6641 2.5260 2.0286 1.0631 2.7463 2.3171 2.1415 2.7656 1.6969 2.3171 2.5110 2.2473 2.4395 2.3540 2.1168 1.0967 2.4395 2.2473 0.9864 2.4675 2.3292 1.0187 2.2815 1.0217 2.2586 2.8469 2.2143 2.8683 2.4327 0.8827 2.2306 2.8363 2.7274 2.4675 2.9126 0.8892 2.1772 2.6641 2.1316 2.0375 1.2695 2.4258 2.5490 2.5725 2.4675 0.9778 2.3991 1.9280 1.6846 2.8683 2.5413 2.4327 0.9951 2.4057 2.2643 2.5413 2.7656 0.9115 2.3795 2.0881 2.0556 2.2932 1.3116 1.0507 2.6048 1.9360 2.3478 2.2991 2.2306 2.4890 2.0928 2.1772 2.3354 2.1617 2.1668 2.0375 2.1217 1.1747 2.1929 2.1772 1.9400 2.4258 3.1704 1.0083 2.2586 0.9995 2.5725 1.5222 1.0663 2.5646 1.9440 2.3111 1.4387 2.1772 1.2913 2.5567 0.8775 2.1217 2.4124 2.5805 2.4534 2.7754 2.3860 2.2815 2.7463 2.4604 2.5413 0.0000 0.9427 2.1982 2.1668 2.1415 2.0111 2.3231 2.6298 2.3795 2.1982
PLPV_Phocoena_pestivirus_isolate_NS170386_E1_339-536_AlphaFold 2.0420 1.1451 2.4818 2.2586 2.4604 2.9711 2.6048 3.0859 2.7559 1.4968 1.2107 2.7089 2.5966 2.5260 2.6907 2.2143 2.1982 3.3459 2.2306 1.9083 2.3111 2.1516 1.9854 2.2306 2.4534 2.6554 2.4258 2.1120 2.9591 0.5371 2.5336 2.6382 2.0834 2.4818 2.4124 2.1982 1.2813 3.0724 2.2197 2.2874 2.4191 1.2813 1.9728 2.7368 2.3603 1.1247 2.5885 2.2473 2.5336 2.6130 2.2252 2.3231 2.6907 2.6130 2.2529 0.9735 2.2252 2.4818 2.2815 2.4746 2.2473 0.7905 2.1876 2.5885 2.1566 3.3459 2.2197 1.1417 2.4464 2.2700 1.9481 2.6554 2.6554 2.5725 2.2643 1.8300 1.0430 2.4258 2.2473 2.4057 2.2991 2.0602 2.2815 2.3354 2.5110 1.8158 2.3171 2.2700 1.1782 2.6382 1.9728 1.1889 2.7089 3.2466 1.2218 2.3795 1.2144 2.6554 2.2362 2.3478 2.4464 2.1415 0.9807 2.1668 2.9711 2.3795 2.2815 2.1617 1.1853 2.0648 2.4395 2.1982 2.8054 1.4247 3.3812 3.4747 2.4258 3.2002 0.9966 2.2197 2.6468 1.8336 2.3860 2.1266 2.0420 1.0790 2.4746 2.4258 2.6130 2.0067 0.9468 2.2362 2.5567 2.1217 2.2197 1.4178 0.9893 2.7274 2.4395 2.3051 3.4747 2.1617 2.3667 2.1120 2.3603 1.8517 2.2143 2.2529 2.0286 2.1772 1.2636 2.0602 2.1316 2.2991 2.5110 2.4258 1.0553 2.3860 1.0553 2.8792 2.3354 1.1197 2.5966 2.4327 2.2252 1.4363 2.2089 1.2330 2.3731 0.8918 2.3795 2.2089 2.2643 2.2417 2.6729 2.4963 2.3111 2.3416 2.1071 2.1929 0.9427 0.0000 2.2143 2.2362 2.3731 1.9645 2.4818 2.0881 2.6298 2.2473
HPPV_Wufeng_Niviventer_fulvescens_pegivirus_1_E1_223-415_AlphaFold 0.6190 2.3231 1.8229 0.5090 1.6196 1.6846 1.6139 1.3817 1.3906 2.2417 2.0154 1.2853 2.1316 1.2406 1.8053 1.6604 1.7446 1.8517 1.3795 1.7157 1.8053 1.8853 1.7349 1.8229 1.8264 1.9521 2.3731 1.6026 1.6694 1.7284 1.3323 1.8554 1.5430 1.6724 0.4216 1.6754 1.4505 1.7611 1.5094 0.7917 1.9769 1.3708 0.8142 1.5482 2.0556 2.7368 2.0286 1.8777 1.5535 1.7812 1.7062 1.5120 1.3034 2.0648 1.6224 2.1929 0.4375 2.0420 1.8264 0.9413 0.6367 1.8554 0.0300 1.7511 1.6311 1.6815 1.5482 2.1668 1.9854 1.6253 1.8018 1.3177 1.9201 2.0198 1.6427 1.5044 2.5885 1.8628 1.5535 1.3136 1.5120 1.6427 0.6288 2.1120 2.0928 2.2932 0.4618 1.9320 2.1217 1.9400 1.8517 2.2586 1.7611 1.8123 1.6369 1.6139 2.0976 2.0420 1.7000 1.6111 1.9161 1.3996 2.3667 2.1266 2.0331 2.4675 2.7274 1.9686 2.4604 1.6938 1.8372 2.0740 1.2734 2.2991 1.7446 1.5325 1.6456 1.3929 2.4327 1.7284 0.6507 2.5490 1.9083 0.4618 1.4247 2.2757 1.3260 1.9006 0.7482 1.6340 2.1982 1.9122 1.3281 1.8229 1.8408 1.8088 1.7812 2.0067 1.3686 1.7611 1.8628 1.6311 1.5642 2.1071 1.7812 1.7677 1.2754 1.7914 2.1929 1.7846 1.5170 0.4185 1.3116 0.5203 1.8444 1.7511 2.4191 1.4673 2.2529 1.4918 1.7677 2.1316 1.6634 2.0067 1.5247 2.2815 2.1465 2.0331 1.5860 2.3795 1.5750 1.8444 1.7413 1.7812 1.5018 1.3219 1.5351 1.7125 1.7846 1.6427 2.1982 2.2143 0.0000 1.9320 0.0223 1.6515 1.8229 1.8300 1.2813 1.7031
HPHV_Viviparous_lizard_hepacivirus_E1_465-667_AlphaFold 2.0556 2.5336 2.0465 1.7062 1.5377 1.7880 1.5805 1.8444 1.6082 2.1415 3.2466 1.8967 1.5723 1.9603 2.3292 1.8929 2.4818 1.7544 1.4270 2.1316 2.4464 1.7284 1.7744 1.9854 2.1929 1.6938 1.4869 1.8158 1.9161 2.3540 2.1023 1.9981 1.7220 2.0420 2.1023 1.4224 3.9188 2.1120 1.7914 1.8300 1.8891 5.1383 1.9240 1.8158 2.1668 2.2700 2.1120 2.1772 1.6111 1.8591 2.1266 1.7000 1.7446 2.1415 1.5456 2.1120 1.9686 2.0198 1.5778 1.8628 2.2473 2.5725 1.9083 1.7880 1.4064 1.6340 1.5970 1.9896 1.5970 1.8929 2.2035 1.8229 1.9854 2.0787 2.1668 1.8088 2.3731 1.7316 1.7611 1.7711 1.9521 1.9280 2.1120 1.6196 1.7125 2.0420 1.8158 2.2757 2.3991 1.5170 1.8336 2.7754 1.8702 1.8815 2.2815 2.1023 1.7349 2.3292 2.1120 1.7381 1.7284 1.7000 2.1516 1.8408 1.8229 2.0740 1.2349 1.6694 2.5413 1.7949 1.6456 1.6754 1.8336 2.4327 1.8053 2.3795 2.1316 1.8444 2.6468 1.7252 2.0648 2.2874 2.2473 1.7711 1.8929 2.2874 1.5222 1.9769 2.1720 1.8517 2.3111 2.2874 1.8372 2.2473 2.1929 1.8591 2.7853 2.3111 1.8891 1.5377 2.3171 2.0420 1.5998 1.7778 1.8739 1.8018 1.7157 1.6969 2.6554 1.9481 1.4894 1.7544 1.6634 1.8088 1.6224 1.8628 1.9896 1.8739 2.3354 1.9320 2.0198 2.9955 2.2035 2.2874 2.0420 2.6554 2.4057 2.3540 1.6907 2.4464 1.5456 2.6641 2.1415 1.8967 2.2757 1.7644 1.5299 1.9811 1.8300 1.6664 2.1668 2.2362 1.9320 0.0000 1.9240 1.9240 2.0242 1.4844 1.8088 1.8739
HPPV_Longquan_Niviventer_niviventer_pegivirus_E1_233-416_AlphaFold 0.6347 2.3354 1.7711 0.5125 1.7125 1.7644 1.6369 1.4132 1.3840 2.3354 1.9201 1.2274 2.2757 1.1889 1.4968 1.6427 1.6969 1.9603 1.4018 1.7062 1.7511 1.8554 1.6311 1.8408 1.7846 1.9481 2.4464 1.5325 1.6694 1.8517 1.3407 1.8123 1.6369 1.7220 0.4232 1.6724 1.4505 1.7000 1.5299 0.8497 1.9769 1.3708 0.7893 1.6634 1.9854 2.4057 2.1120 1.8264 1.6545 1.7125 1.6846 1.4968 1.3365 2.0602 1.7479 2.2417 0.4327 1.8264 1.8264 0.9399 0.6577 1.9854 0.0111 1.6369 1.6224 1.6876 1.5750 2.1023 1.9360 1.8053 1.8053 1.2520 1.9400 1.8853 1.5535 1.4993 2.4746 1.9521 1.7914 1.3471 1.5943 1.8480 0.6834 2.2991 2.0648 2.2417 0.4569 1.9562 2.1168 1.7744 1.8158 2.1720 1.6139 1.8408 1.6026 1.5535 2.2035 1.8264 1.6754 1.6634 2.1023 1.4795 2.2035 2.1217 2.0154 2.4963 2.9014 1.9981 2.3795 1.8088 1.9728 2.0740 1.2973 2.3111 1.8702 1.5589 1.6369 1.3556 2.4124 1.7381 0.6347 2.7089 1.9769 0.4635 1.4317 2.2035 1.3884 1.9562 0.8070 1.6224 2.2143 1.7880 1.6785 1.7677 1.8628 1.8088 1.9083 1.9440 1.3906 1.8053 1.8591 1.7949 1.5456 1.7316 1.8123 1.7284 1.2993 1.9440 2.3540 1.8088 1.8300 0.4343 1.3344 0.4962 1.8444 1.8229 2.0976 1.5273 2.1617 1.4505 1.7880 2.0198 1.5998 2.0067 1.5430 2.4124 2.2197 1.7577 1.5750 2.3478 1.5094 1.7983 1.7413 1.7000 1.5723 1.3471 1.5998 1.7125 1.6694 1.5456 2.1415 2.3731 0.0223 1.9240 0.0000 1.5778 1.7711 1.7744 1.3344 1.8193
HPHV_Sifaka_hepacivirus_MH824541_E1_200-394_AlphaFold 1.7611 2.2874 0.8082 2.1720 1.3599 1.5509 1.4553 2.4395 1.6969 2.1617 3.0592 1.6196 1.6456 1.7914 0.7987 1.6694 0.8263 1.3929 1.5860 0.6588 0.9908 1.2293 1.1589 1.6574 0.7812 1.9122 1.7744 2.2932 1.5669 1.8702 1.6969 0.8801 0.9386 1.6634 1.8554 1.9481 2.6641 0.6918 1.8517 1.7479 1.0838 2.2529 1.6398 2.2417 1.6938 2.0556 0.8239 1.0790 2.1168 1.0838 1.7189 1.8193 2.5413 1.7611 2.3051 1.8628 1.9562 0.9023 1.3323 2.3354 1.8665 2.3354 1.5915 1.3556 1.1537 1.8702 2.0111 2.3231 1.4293 0.9580 0.7964 1.5887 1.4553 0.8275 0.9250 1.4943 2.2252 1.7157 0.9821 2.2757 1.5044 1.6167 1.7189 1.4673 1.8408 1.7252 2.1516 1.0600 2.2306 1.5696 1.0263 2.5336 2.2035 1.9811 2.1023 1.8665 2.7463 0.9023 1.5887 0.1239 1.5120 1.8777 2.3731 1.9603 1.7880 1.9400 2.2473 1.6082 2.3731 1.5482 2.0111 1.8815 2.3925 2.0556 1.4819 0.7917 0.8827 1.9562 2.6048 0.7482 2.0556 2.4395 2.1929 1.7284 1.6196 2.5567 1.8193 1.4649 2.1465 1.1641 2.4534 1.1589 1.7983 0.9331 1.3556 1.7778 2.8259 0.7731 2.3795 1.2255 0.7131 0.9142 1.9939 1.8300 1.5723 1.7577 1.7220 1.5642 2.0198 1.1098 2.2757 1.9280 1.8229 1.9083 1.7544 1.5456 3.2154 1.7413 2.7463 1.6311 1.7125 2.0834 0.7812 0.9386 0.8957 1.9645 1.2349 2.1465 1.5351 2.3991 1.7949 0.9893 0.8373 1.0083 0.8827 2.3991 1.2330 0.8472 1.7744 2.0286 2.0111 1.9645 1.6515 1.9240 1.5778 0.0000 0.8082 2.0556 1.6398 1.5778
HPHV_Hepacivirus_F_isolate_MgHV4_E1_146-333_AlphaFold 1.6724 2.7089 0.0161 1.5915 1.3751 1.7479 1.5170 2.2757 1.9981 2.4124 2.9126 1.7711 1.9044 1.7711 0.3726 1.8739 0.4391 1.9440 2.2362 0.6113 0.6960 1.2793 1.2520 1.4041 0.2355 1.5832 2.1668 1.7711 1.9939 2.4327 1.6054 0.3447 0.8931 1.8372 2.4124 2.1316 2.6382 0.5912 1.9854 1.7949 1.2893 2.5885 2.0286 2.4818 1.5325 2.3051 0.3756 0.7629 2.1876 1.0983 1.9686 1.9854 2.1023 1.3556 2.4258 2.4191 2.2473 0.0060 1.4434 2.7754 1.7577 2.6818 1.5860 1.3492 1.3884 1.9811 1.9400 2.7368 1.5887 0.8673 0.5407 1.9645 1.9280 0.0336 1.0128 1.6604 2.7853 2.2362 1.0951 2.3354 1.3729 1.5832 1.8628 1.7677 2.3292 2.1929 2.0067 1.3729 3.0859 1.8158 0.9864 2.9356 2.2306 2.4464 2.3991 1.8665 3.5347 0.0111 1.6427 0.8251 2.0331 2.1023 2.5413 2.1772 2.5725 1.7446 2.1415 2.1266 2.9014 1.8665 1.9006 2.1617 2.1217 2.3667 1.8444 0.3861 0.6190 2.0465 2.2991 0.4185 1.4993 2.6048 2.0465 2.0198 1.7511 2.7754 2.0648 1.7611 1.9769 1.2349 2.8792 1.4481 1.4673 0.6387 1.4722 3.1414 2.7463 0.2763 2.3540 1.1332 0.3726 0.8673 1.9201 1.9896 1.8554 2.1266 1.7031 1.3773 2.2362 1.1641 2.4746 2.0420 1.6196 1.7914 1.9240 1.7914 2.0198 2.1266 2.3795 1.9939 1.5482 2.3171 0.7697 0.4375 0.6477 2.3731 1.4224 2.7953 2.1071 2.7559 1.8591 0.6897 0.6367 1.0113 0.3571 2.2306 1.4155 0.6190 2.1120 2.1071 2.3231 2.4818 1.8229 2.0242 1.7711 0.8082 0.0000 1.9201 2.3540 1.8444
HPHV_Hepacivirus_Q_strain_GDZQ-15_E1_172-361_AlphaFold 1.8336 2.3111 1.8702 1.6907 1.7880 1.7220 1.6846 1.9686 1.5998 2.3860 2.9711 1.6876 1.7413 1.8336 1.6907 1.6427 2.0510 1.8480 2.0976 1.8300 1.9854 1.5482 1.6785 1.6545 1.7316 1.7880 1.8372 1.6907 1.8444 2.2529 1.7812 1.6456 1.6664 1.9280 1.9360 1.7544 1.7778 2.0510 1.7711 1.6634 1.8628 1.9686 1.7577 1.9854 2.2306 2.6130 1.7157 2.1023 1.6427 1.6224 1.8158 1.7189 1.9603 2.1929 1.8408 2.5336 1.9854 1.9201 1.6369 1.8517 2.2757 2.8792 1.7880 1.7914 2.0375 1.6634 1.5887 2.5490 1.6754 2.2874 1.7846 1.8480 1.7316 1.8702 1.9562 1.7157 2.1772 1.5887 1.9320 1.8444 1.6545 2.1168 1.9854 1.4481 0.9196 2.1772 1.9122 2.1071 2.7463 1.4819 1.7677 2.3860 0.7239 1.8853 2.3354 1.8018 2.5336 1.9201 1.7711 1.9440 1.6664 2.0928 2.2643 2.0024 1.9280 1.8517 0.9995 1.6694 2.3171 2.0242 1.8628 1.7284 2.0111 2.5413 1.9161 1.7544 1.7511 1.4340 2.6214 1.5642 1.6754 2.4124 2.1120 1.7983 1.6846 2.4327 1.8815 1.8158 2.0067 1.7413 2.2874 2.3925 1.6815 1.9360 1.8929 2.0740 2.7953 1.7094 1.8018 1.6486 1.8739 2.2473 1.7778 1.8158 1.8053 1.8591 1.7949 1.7000 2.3051 2.0648 2.4327 1.8018 1.7744 2.4963 1.8444 1.8554 2.9014 1.8229 2.2529 1.8372 1.5562 2.2529 1.7157 1.8891 1.6876 2.1929 2.0881 2.4327 1.7446 2.5185 1.7744 2.0928 1.6907 1.8264 1.7744 1.9728 2.1266 1.7157 1.7381 1.7677 2.6298 2.0881 1.8300 1.4844 1.7744 2.0556 1.9201 0.0000 1.9122 1.7812
HPPV_Bat_pegivirus_PDB-694_E1_61-256_AlphaFold 1.3344 2.3171 2.3354 1.4317 1.7577 1.7349 1.6054 1.3239 1.0742 3.2466 2.2932 1.1197 2.1071 1.5589 2.0976 2.1120 1.8591 1.9481 1.2873 1.6340 2.0331 1.9320 1.7744 2.0556 2.1120 2.0154 2.0787 1.0600 1.9201 2.4327 1.3116 1.7000 1.6427 1.4968 1.3428 1.2578 2.0510 1.8628 1.4505 1.3095 1.9400 2.3603 1.2853 1.4505 1.9769 2.8156 2.2143 1.7479 1.2162 1.7094 2.1876 1.2463 1.3449 2.0556 1.0870 2.2362 1.4247 2.3171 1.7949 1.3095 1.2833 2.5036 1.2598 1.9481 1.9854 1.5915 0.9182 2.6130 1.9280 1.8408 2.0648 1.0870 1.8702 2.1415 1.7220 1.5562 2.5885 1.9728 1.6907 1.5273 1.9645 1.8853 1.3513 2.1876 1.8967 2.1982 1.5044 1.7744 1.8158 2.4963 1.8444 2.1982 1.6694 1.2070 2.0465 1.0113 2.3416 2.3171 1.4819 2.0067 2.6554 1.4270 2.9014 2.1824 2.0928 2.2197 2.1929 2.6998 2.5646 1.9562 2.2197 1.8018 1.4795 2.2757 2.4890 2.0976 1.8554 1.1764 2.1982 1.7544 1.5970 2.3231 2.1071 1.5696 1.1502 1.9360 0.0804 1.6724 1.2695 1.8053 2.3478 1.7577 2.1929 1.8229 1.7189 2.1720 2.3925 2.1566 1.5196 1.9400 2.0154 1.9360 1.3302 0.9749 1.8444 1.1835 0.9510 1.8480 2.1668 1.9006 2.4675 1.4178 1.3795 1.4601 1.9280 1.8628 3.2787 0.4343 2.6048 1.5778 2.1120 2.3540 1.9320 1.8444 1.7949 2.1465 2.3051 1.9083 1.0838 2.4464 1.7479 2.1824 2.0465 1.8702 1.9320 1.3929 2.1168 1.7479 1.2953 1.0476 2.3795 2.6298 1.2813 1.8088 1.3344 1.6398 2.3540 1.9122 0.0000 1.7846
HPHV_Rodent_hepacivirus_TA100-ATZA2013_E1_173-355_AlphaFold 1.7349 2.3231 1.8444 1.5887 1.4529 1.7446 1.2656 2.0420 1.8300 2.5646 1.5750 1.7846 1.8665 1.7062 1.8665 0.0804 1.8891 1.6694 1.4968 1.4247 1.6311 1.6664 1.5403 0.1612 1.6634 1.7744 1.7744 1.5669 2.1120 2.6554 1.6604 1.5805 1.6456 1.3599 1.5642 1.3535 1.6026 1.5832 1.7577 1.6634 1.4577 1.6026 1.6694 1.9854 1.6340 1.6253 1.8264 1.6253 1.9811 1.7220 2.1516 1.5509 2.1929 1.3492 1.8088 2.8469 1.5377 1.8815 1.4293 1.8739 1.7644 2.2417 1.7511 1.5120 1.3578 1.3951 1.7446 1.9083 1.5509 1.5970 1.5562 1.6664 0.0399 1.8444 1.8264 1.3471 2.1023 2.1266 1.5145 2.2252 1.3621 0.5021 1.6574 1.6574 1.5403 1.8929 1.8300 1.9320 2.4675 1.5535 1.5456 2.2700 1.4649 2.0928 1.7949 1.8591 2.4818 1.8815 1.8628 1.5299 1.7031 1.4673 2.2991 1.7778 1.8891 1.8702 1.3407 1.7349 2.0067 2.1168 1.8554 1.4064 2.0928 2.0740 1.9044 1.8444 1.7479 1.7812 2.3171 1.5430 1.5723 1.6846 2.0375 1.5535 1.7284 1.9686 2.0556 0.0631 1.6311 1.5562 2.7181 1.6969 0.6834 1.5273 1.7611 1.9122 2.0331 1.7094 2.0834 1.5970 1.6515 1.5615 1.9603 1.4247 0.0804 1.5377 1.9854 0.0567 2.1023 1.6846 2.0510 1.5325 1.8739 1.6664 1.6907 1.5069 2.9832 1.3492 2.1824 2.1668 0.1877 1.7644 1.6082 1.7252 1.7479 2.0111 1.6907 1.9044 1.8300 2.0024 1.3323 1.6694 1.7316 1.7284 1.5430 2.0242 1.3795 1.7880 1.5696 1.8702 2.1982 2.2473 1.7031 1.8739 1.8193 1.5778 1.8444 1.7812 1.7846 0.0000
