189
HPHV_Rodent_hepacivirus_TA531-ATZA2013_E2_380-715_AlphaFold 0.0000 0.2926 2.8054 2.5805 2.5490 0.2629 0.1841 2.4395 2.6554 2.4395 1.9280 1.2734 2.5110 2.3540 2.3354 2.7559 2.5490 2.6998 2.3795 2.2586 2.5966 2.6298 2.3540 2.4124 2.1217 2.4327 2.9711 2.2874 2.5036 2.3111 2.5336 2.9955 2.9126 3.1558 2.3171 2.7181 3.0205 2.9356 2.3416 2.7089 0.7349 2.1929 3.0205 1.9320 0.8447 1.9645 2.7089 2.2700 2.4327 2.6818 2.4675 2.2529 2.8575 2.2362 2.3416 2.9126 3.8373 3.3287 2.4395 2.5036 2.3925 2.4675 2.3667 2.5805 2.2529 2.3603 2.2362 2.5567 2.6048 2.4191 2.3795 2.7274 2.3416 2.4191 2.1566 2.5646 2.5336 2.8792 2.7656 2.1566 2.0834 2.4395 1.6282 2.6641 1.9939 2.4124 1.8554 0.1927 1.9896 2.1566 2.3354 3.2625 2.1929 2.5413 2.8259 2.5885 2.4746 2.6130 2.1876 2.6468 2.3603 2.3354 2.3354 2.6298 2.4604 2.6998 2.7953 2.2991 2.1465 2.2473 2.8259 2.4057 2.4534 2.3540 2.1876 2.4604 2.4258 2.3925 2.4395 2.2362 1.5750 2.3292 2.3111 2.4746 2.5413 2.2700 2.7368 2.1266 2.5490 2.1982 2.3991 2.2035 2.6130 2.3603 2.5725 2.2417 2.5805 2.6298 2.3231 2.2089 0.1804 2.9241 2.5567 2.7754 2.5646 2.7559 1.8123 2.4191 2.6130 0.1624 2.2035 2.5110 2.5260 2.3231 2.0602 2.3354 2.4191 3.2309 2.1217 2.5885 2.9832 2.4327 2.4604 2.2089 2.2586 2.8156 0.1182 2.9126 2.0928 2.9014 2.3171 2.3416 2.6214 2.5336 2.2586 2.5490 2.4057 2.4464 2.6907 2.5725 2.7463 2.4534 2.2586 2.4890 2.5036 2.8575 2.2252 2.5413 2.1876
HPHV_Rodent_hepacivirus_MOZ329-AMOZ2011_E2_385-715_AlphaFold 0.2926 0.0000 2.5260 2.8575 2.3111 0.1684 0.2669 2.1876 2.3354 2.2089 1.9521 1.4132 2.1876 2.5110 2.0834 2.5260 2.3111 2.4191 2.8363 2.4124 2.7089 2.5413 2.5260 2.3540 2.1876 2.2643 2.2197 2.0976 2.5336 2.0881 2.5567 2.6048 2.8054 2.7089 2.2991 2.6998 2.4464 3.5347 2.1929 2.6382 0.7572 2.4124 2.9591 2.2815 0.8762 1.5377 2.2362 2.2252 2.5885 3.4944 2.6048 2.3354 2.4818 2.3478 2.9955 3.0592 2.7754 3.0592 2.3051 2.4191 2.5260 2.9473 2.5036 2.4604 2.5336 2.5185 2.2529 2.3667 2.7754 2.9241 2.5260 2.4963 2.5036 2.4258 2.1071 2.6641 2.3416 2.5185 2.4675 2.3292 2.1772 2.4191 1.9083 2.8363 2.3051 2.0648 2.0556 0.3175 2.2874 2.5413 2.7463 2.4191 2.2586 3.0079 2.8259 2.3795 2.4191 2.2932 2.4604 2.3991 2.1668 2.2529 2.8156 2.6048 2.4395 2.4464 3.0995 2.4258 2.0976 2.1023 2.5036 2.5725 2.7656 2.5110 2.6641 2.7274 2.5260 2.6998 2.4191 2.3603 1.6082 2.5336 2.2757 2.4746 2.5885 2.2306 2.5490 2.1824 2.0375 2.4818 2.2700 2.2252 2.5490 2.3540 2.5413 2.4191 2.2932 2.6298 2.8054 2.3603 0.2290 2.5646 2.2035 2.4327 2.7181 2.4604 1.6724 2.5110 2.3860 0.2803 2.3416 2.2306 2.4327 2.3354 2.2362 2.5805 2.1266 3.3459 2.5725 3.1414 2.6998 2.5110 2.4534 2.7181 2.2757 2.5413 0.2749 2.5336 2.4191 2.6998 2.2306 2.2932 2.5413 2.4534 2.5413 2.3860 2.1415 2.2643 2.5966 2.4057 2.4963 2.2991 2.3540 2.2252 2.5036 2.7089 2.4818 2.3603 2.4534
HPHV_Hepatitis_C_virus_genotype_6_E2_388-750_AlphaFold 2.8054 2.5260 0.0000 2.2362 2.6214 2.4124 2.5966 2.4746 3.1273 2.2991 2.4604 2.1824 2.4746 2.6998 1.8480 2.8259 2.7559 2.8683 2.5646 2.4191 2.2991 2.5805 2.4191 2.3051 2.5646 0.9951 2.3292 2.3795 2.5805 2.6214 2.6907 2.7656 2.7463 2.3292 3.0205 2.5110 1.7479 2.7656 2.5490 2.3171 2.2757 2.3795 2.7559 2.7089 2.2417 1.9122 2.5413 1.8967 0.3681 2.6382 2.0286 2.3860 2.5646 2.5490 2.4675 2.4327 2.4963 2.5805 2.5646 2.1668 2.6907 4.0057 2.7754 1.8554 1.9939 2.7953 2.1720 3.3287 2.4746 2.7089 2.8156 2.5185 2.6641 2.6729 2.2417 2.1566 2.6298 2.8259 2.6641 2.8156 2.1929 2.7181 2.4124 2.0976 2.0154 2.1668 2.4191 2.3051 2.1720 2.1120 2.1982 2.7089 2.4890 0.3461 2.6998 2.5805 2.8054 2.3991 2.6130 2.5885 2.5110 1.8264 2.3925 2.6729 1.9201 2.5036 2.9832 2.4890 2.1120 2.2586 2.8575 2.0787 0.3375 2.6998 0.3411 2.2252 2.6048 0.4154 2.3860 2.1120 1.9481 0.9922 2.3540 2.2700 2.3925 2.5490 2.9591 2.1772 2.3991 2.3795 2.9591 2.3860 2.2089 2.6641 2.8054 0.9721 2.8683 2.7853 2.4890 2.2874 2.7181 2.6298 2.4675 0.3711 2.2143 2.9014 1.9122 0.3211 1.9161 2.6907 3.0332 2.1415 2.2700 2.6907 2.2197 2.1365 2.9241 2.6818 2.1982 2.8363 3.5144 2.5725 2.3795 2.6641 2.5805 1.1032 2.7368 2.8259 2.9014 2.4818 2.7754 2.6214 2.8575 2.8792 2.3731 2.2035 2.5646 2.0881 2.5260 2.5725 0.3461 2.3051 2.4464 2.0694 2.8469 2.5036 2.5490 2.6130 0.3512
HPHV_Hepacivirus_sp._E2_584-699_AlphaFold 2.5805 2.8575 2.2362 0.0000 2.9832 1.9320 2.4746 2.3051 2.4057 1.7880 1.7744 2.9126 2.0928 1.9440 1.7544 2.1566 2.2932 2.0834 2.0154 2.3667 1.7778 1.6634 2.5413 2.7463 2.4963 2.1316 2.2035 1.9400 1.9201 1.9083 2.2362 2.1876 2.4534 1.9645 1.7778 1.8088 2.3051 1.7284 2.1365 2.0111 3.0461 1.4247 1.8815 2.3171 2.4191 1.5832 1.8929 1.3708 2.5567 1.8591 2.4395 2.0556 2.5966 2.0331 1.9981 2.1415 1.9440 2.3603 3.0724 2.0694 1.9240 2.0694 2.4395 2.3051 2.0602 1.8193 1.7031 2.1720 2.3354 1.7413 1.7677 1.6634 2.3478 2.0602 2.0976 1.9896 2.4963 2.0154 2.3603 2.3292 1.8929 1.7983 2.1465 2.3991 1.7479 1.8229 1.6082 2.5805 1.7157 2.0331 1.8264 2.0648 2.3354 2.5110 2.0420 2.1668 2.5966 3.0079 1.5456 1.5589 1.9122 2.8575 1.9161 1.9981 1.6139 1.7125 2.0694 2.3231 1.7000 3.0592 1.8665 1.8264 2.2089 1.9440 2.7368 2.0787 1.7511 2.2991 2.1465 2.4191 2.0198 2.1071 1.7094 2.0834 2.1982 2.0881 2.0067 1.2933 2.0420 1.9896 2.5885 1.9320 1.4132 1.8018 2.1772 2.1668 2.0881 1.8967 2.2089 2.0556 2.3231 2.0648 2.0024 2.3292 1.7413 2.8683 1.7983 2.3051 1.6785 2.5413 2.1824 2.1720 2.7368 2.5413 1.8123 1.5325 2.3171 2.2143 1.7381 2.2700 1.6427 1.5970 2.4675 2.1168 1.8665 1.9161 2.8575 2.1876 2.4464 1.5018 2.0787 2.2089 1.8264 4.1308 1.7349 2.6382 2.4124 1.9320 2.2197 2.5260 1.9440 1.8336 2.1120 2.0510 2.4963 1.8702 2.0881 1.8300 2.3540
HPPV_Longquan_Rhinolophus_pearsonii_pegivirus_E2_258-601_AlphaFold 2.5490 2.3111 2.6214 2.9832 0.0000 2.6130 2.4746 2.0556 1.0187 2.1465 2.2874 2.4604 2.4395 0.8931 1.9320 2.5260 2.6818 2.3731 0.9566 2.0331 2.5567 2.5490 0.9835 3.3634 2.5567 2.7754 2.0465 2.1876 2.4124 2.3051 0.9850 2.8363 2.7853 4.6730 1.0187 2.6729 2.5490 2.9356 2.5725 1.9896 2.4818 2.1929 2.9356 2.5567 2.4818 2.1071 2.4191 2.1316 2.8363 2.7853 2.8259 2.2362 2.4963 1.9728 2.5336 2.5110 2.6641 2.2306 2.0198 2.7274 2.2932 3.0859 0.9209 2.2417 2.8902 2.8469 2.3111 1.9320 1.1747 3.0859 2.5110 2.3051 0.9345 2.0648 1.8264 2.5567 2.0834 0.9749 2.0881 2.3991 2.7181 1.9981 2.1720 2.1023 2.4534 2.3292 2.2089 2.3603 2.3925 2.2473 2.6907 2.8054 2.6048 2.6998 2.5805 1.8300 3.4747 1.8815 2.8363 2.6214 1.9044 2.3991 2.1876 1.2520 2.2991 2.7853 2.7463 1.0414 2.2362 1.9603 3.1558 2.1217 2.5646 0.8931 2.4258 2.7181 2.3171 2.7181 2.0556 1.8891 2.3231 2.6382 2.3292 2.1929 2.2473 1.9400 2.5885 2.3111 1.9400 2.5966 0.9129 2.2143 2.2815 2.0602 2.0154 2.8469 1.9769 2.8363 3.2154 2.2035 2.8469 2.5725 2.0787 2.5336 2.2089 1.1181 2.5110 2.6130 2.4258 2.6298 2.6729 2.3667 1.9854 1.0158 2.0465 2.5567 2.2991 3.1273 2.4124 2.0694 3.0995 2.8156 2.0242 2.7274 2.0976 2.6468 2.5725 2.2529 2.1365 2.3667 0.9566 2.2417 2.6907 1.8123 2.1982 2.0154 2.0976 2.2700 2.8156 1.5377 2.5260 2.2252 2.1876 2.4963 1.0293 2.5260 1.9728 2.3925 2.3731
HPHV_Rodent_hepacivirus_CRT125-BCOD2010_E2_375-710_AlphaFold 0.2629 0.1684 2.4124 1.9320 2.6130 0.0000 0.2063 2.4963 2.4057 2.5036 2.1929 1.5069 2.3860 2.3171 2.6998 3.1414 2.7656 2.9591 2.5336 2.4258 2.7853 2.3603 2.4746 2.8363 2.7274 2.4675 2.6130 2.1168 2.6382 2.1217 2.4464 3.2951 2.5185 2.6818 2.3416 2.5260 2.2035 2.7953 2.1365 2.9014 0.7720 2.4258 3.3812 2.3111 0.9304 1.9686 2.6298 4.0057 2.6048 3.2154 2.8259 2.3991 2.3667 2.7181 2.8054 2.7274 3.0995 2.9832 2.5036 3.1133 2.4464 2.5725 2.5567 2.5966 2.3478 2.6214 2.3111 2.4675 2.7559 2.7754 2.9832 2.5805 3.0205 2.4124 2.4818 1.9521 2.7754 2.6729 2.3603 2.3540 2.3925 2.6641 1.8777 3.1273 2.1876 2.2586 2.0024 0.2994 2.7274 2.3354 2.4124 3.4363 2.3603 2.7089 2.9241 2.5646 2.8469 2.6641 2.4327 2.6298 2.9126 2.3111 2.1929 2.6998 2.9241 3.3459 2.9955 2.6048 2.1824 2.2473 2.6998 2.7463 2.6382 2.3171 2.6382 2.5185 2.2586 2.2991 2.7181 2.4963 1.6340 2.5036 2.4464 2.4191 2.3795 2.8363 2.8902 2.2306 2.3231 2.5336 2.4534 2.4963 2.3731 2.4464 2.5490 2.5966 2.8363 2.8156 2.5036 2.3860 0.2953 2.8156 2.2586 2.7181 2.3731 2.6641 2.0834 2.5336 2.4818 0.2656 2.6214 2.1824 2.3925 2.4327 2.8156 3.2002 2.4464 3.5766 2.4963 2.8575 3.2466 3.0995 2.4191 2.5260 2.3667 2.5725 0.2642 3.3459 2.4191 2.4327 2.2362 2.5805 2.6382 2.4258 2.4191 2.4191 2.4258 2.5185 2.7181 2.4395 2.5185 2.1772 2.3111 2.8054 2.4534 2.6641 2.5336 2.9955 2.6130
HPHV_Rodent_hepacivirus_CRT352-BCOD2010_E2_368-700_AlphaFold 0.1841 0.2669 2.5966 2.4746 2.4746 0.2063 0.0000 2.6641 2.4890 2.6641 1.9603 1.2973 2.6907 2.5725 2.4746 2.4395 2.2252 2.6554 2.7559 2.4746 2.6729 2.2473 2.5185 2.5646 2.2035 2.5260 2.6298 2.2643 2.6048 2.5805 2.7274 2.5725 2.4746 2.9126 2.5490 2.7656 2.5490 3.0859 2.4258 2.5036 0.7731 2.3292 2.8469 2.2089 0.8398 1.8591 2.4395 2.5110 2.2473 3.3118 2.6382 2.7656 2.9126 2.9711 2.4604 2.6907 2.8054 2.6468 2.4057 2.5110 2.4464 2.4191 2.3925 2.1120 2.5646 2.9014 2.1168 2.6298 2.4675 2.6907 2.4464 3.0592 2.3478 2.4395 2.2143 2.7274 2.3795 2.4604 2.4890 2.5413 2.2143 2.6214 1.7577 2.4746 2.0648 2.2700 1.9939 0.1273 2.0787 1.9083 2.3603 2.6641 2.5413 2.4057 3.2951 2.6554 2.5110 2.6729 2.0787 2.2932 2.5260 2.0787 2.4395 2.6907 2.9126 2.5036 2.6729 2.4191 2.2417 2.5885 2.7559 2.5260 2.8363 2.5725 2.3478 2.1566 2.2757 2.7754 2.7754 2.4534 1.8158 2.5036 2.5260 2.7274 2.5646 2.5490 2.6554 1.7744 2.4057 2.5336 2.3667 2.1266 2.6998 2.4675 2.2529 2.3795 2.4057 2.6468 2.2089 2.7089 0.1506 2.2815 2.4464 2.4258 2.2089 2.4395 1.8193 2.5567 2.5110 0.1262 2.1982 2.3111 2.5567 2.4191 2.8469 2.7463 2.1566 2.9955 2.7089 2.4124 2.6130 2.4057 2.3051 2.5885 2.7559 2.6298 0.1354 2.8469 2.4746 2.5490 2.3051 2.4191 2.7853 2.5567 2.6298 2.4258 2.1982 2.1071 3.6883 2.5490 2.4258 2.9591 2.7368 2.8054 2.7656 2.5413 2.3051 2.3860 2.6382
HPHV_Longquan_Rhinolophus_pusillus_hepacivirus_E2_372-633_AlphaFold 2.4395 2.1876 2.4746 2.3051 2.0556 2.4963 2.6641 0.0000 2.9014 1.2617 2.0242 2.1465 1.4410 2.3292 1.1925 2.5646 2.3231 2.3478 2.3603 2.4534 2.0198 2.3667 2.7368 1.2274 1.8853 2.3111 2.3925 2.4124 1.3449 1.2311 2.3416 1.3884 2.4890 2.8363 2.6907 2.5805 1.9939 2.1982 1.5805 2.2991 2.6382 1.1554 2.6998 1.2520 2.0375 2.2362 2.5646 1.2933 2.2306 2.5036 1.1694 1.3239 2.4258 2.7754 2.4890 2.7656 1.3535 2.1415 1.3449 1.2387 1.2406 2.1266 2.2757 0.9036 1.1871 2.3416 1.0491 2.4191 2.5336 2.6048 2.5646 2.3111 2.3540 2.3667 2.6641 1.6938 2.5646 2.3603 2.4963 1.2617 1.1399 2.2529 2.2757 1.2656 1.0822 2.2197 1.9981 2.3171 1.0384 1.0631 2.7656 2.3991 2.3416 2.1720 2.4890 2.2700 2.1929 2.1266 2.4963 1.2540 2.6214 1.7711 0.4154 2.5646 1.2406 1.3471 2.6130 2.0375 1.0399 2.0420 2.3540 2.1617 2.4534 2.3292 2.2197 2.2089 1.7220 2.2306 2.1365 2.1566 2.1876 2.5966 2.7089 1.3973 1.4086 2.0602 2.5646 2.3731 1.9939 2.0286 2.5260 2.1720 1.3686 2.5805 2.1668 2.4675 2.2643 2.5646 2.3540 1.3407 2.4191 2.3795 2.4327 2.3051 2.1929 2.1824 2.2362 2.0928 1.0983 2.5646 1.2444 1.3973 2.1720 2.3111 2.2417 1.5778 2.7463 2.7656 1.3664 2.2252 2.5413 2.7559 2.1824 1.4529 2.1617 2.2815 2.5885 2.8902 1.2016 1.9603 2.4327 1.3054 2.7656 2.1876 2.2362 2.5185 2.1516 0.9908 2.3231 2.4057 2.2362 0.3239 1.3365 1.2973 2.3171 1.4178 2.0976 2.3795 2.4746
HPPV_Rodent_pegivirus_05VZ-14-Rat070_E2_423-773_AlphaFold 2.6554 2.3354 3.1273 2.4057 1.0187 2.4057 2.4890 2.9014 0.0000 2.3991 2.5036 2.5413 2.5185 0.5256 2.4327 3.2787 2.5185 2.2306 1.1349 2.1772 2.2991 2.5185 0.6772 2.2529 2.1023 2.3667 2.3860 2.2362 3.2625 2.4258 0.5524 3.1273 3.4747 3.3812 0.6793 2.6298 2.7853 2.7853 2.4464 2.1071 2.4890 2.5185 2.7089 2.3991 2.4818 2.6048 3.0205 2.3051 2.6907 2.5885 2.2700 2.3354 2.7181 2.0331 2.3354 2.5646 2.7463 2.4057 2.3667 2.0465 2.9832 2.7754 0.6992 2.6554 2.3667 3.0461 2.4534 2.0834 1.0098 3.3812 2.8363 2.2932 1.0430 1.9811 2.1071 2.5413 1.8739 0.6971 2.2362 2.5336 2.3991 2.3051 2.5110 2.3925 2.5185 2.5185 2.3731 2.4191 2.6554 2.2089 2.2362 2.7953 2.0834 2.7559 2.8792 2.0881 2.7853 1.8408 2.5490 2.5490 1.9400 2.2197 2.4534 1.2617 2.2143 2.8259 2.7953 0.9155 2.6907 1.7880 3.5555 2.0420 2.3416 0.5256 2.6554 2.6382 2.3603 2.5646 2.0242 1.7611 2.1120 2.3354 2.2473 2.3292 2.3416 1.9854 2.5646 1.8739 2.1120 2.0510 1.0113 2.0154 2.3925 1.8018 2.0556 2.0694 1.9562 2.7089 2.4124 2.3991 2.5885 2.2874 2.0881 2.8575 2.4258 0.9980 2.4963 2.5036 2.3540 2.5725 2.4124 2.4818 1.9201 0.8853 2.2252 2.1415 2.6468 3.0461 2.8156 2.2473 2.5885 2.5646 1.9481 2.7089 2.0928 2.2417 2.8156 3.2951 2.4746 2.3478 0.6950 2.7181 2.9955 1.8967 2.2417 2.0286 2.9832 3.4177 3.0592 1.7220 3.0332 2.7853 2.3354 2.5567 0.0980 2.3051 1.9728 2.7181 2.9955
HPHV_Wufeng_Typhlomys_cinereus_hepacivirus_3_E2_357-627_AlphaFold 2.4395 2.2089 2.2991 1.7880 2.1465 2.5036 2.6641 1.2617 2.3991 0.0000 3.2002 2.3231 0.6659 2.3731 1.6634 2.3416 2.4258 2.5490 2.6214 2.3731 2.7089 2.6998 2.5966 1.2734 2.7754 2.3795 2.2417 2.4818 0.8082 0.6618 2.3667 1.8554 2.1365 2.0740 2.3667 2.8054 2.1668 2.2035 1.5805 2.6818 2.3354 1.5778 2.8054 1.2873 2.2643 2.7953 2.6298 1.5044 2.3354 2.4818 1.3302 0.4818 2.3731 2.5036 2.7463 2.2306 1.1247 1.9939 0.6971 1.2293 0.8263 2.3795 2.4963 0.9441 1.3621 2.3925 1.0024 2.5885 2.2757 2.2306 2.8469 2.4464 2.6382 2.5885 2.7463 2.2035 2.4395 2.6818 2.3292 0.7294 1.1164 2.1824 2.6468 1.5723 0.9524 2.2035 1.8628 2.3540 0.9304 1.1382 2.3231 2.6048 2.7559 2.0648 2.5885 2.1023 2.3540 2.4534 2.6468 1.6634 2.6214 1.9240 1.3599 2.5490 1.3365 1.6754 2.4675 2.1465 0.9893 2.7089 2.5260 2.3603 2.2700 2.3731 2.3416 2.1266 1.7157 2.3292 2.2643 2.0375 1.5456 2.2932 2.3603 0.5047 0.5479 2.4057 2.3231 2.5185 2.0881 2.4464 2.7656 1.9562 1.9645 2.2991 2.2306 2.2586 2.4675 2.4191 2.4124 0.5265 2.4746 2.7853 2.5413 2.2643 2.1982 2.6641 2.8363 2.1876 1.1782 2.3991 1.2559 1.1434 2.4818 2.1516 2.4534 1.7949 2.5885 2.5805 0.5661 2.3354 2.2874 2.4327 2.9473 0.5353 2.3925 2.3795 2.2362 2.2757 0.6731 1.9044 2.7181 0.7003 2.7181 2.5646 2.2143 2.7853 2.3354 0.9735 2.2252 2.6729 2.1929 1.2482 0.5716 1.3198 2.2306 0.6720 2.3231 2.3667 2.1266
HPHV_Nanhai_ghost_shark_hepacivirus_2_E2_500-643_AlphaFold 1.9280 1.9521 2.4604 1.7744 2.2874 2.1929 1.9603 2.0242 2.5036 3.2002 0.0000 2.0198 2.1316 2.0465 2.5646 2.4464 2.4818 2.2815 2.2932 2.0465 3.1414 2.5490 2.5567 2.4746 2.2529 2.2815 1.6082 1.9854 2.1668 2.0787 2.0331 2.0976 2.5567 2.3354 2.2815 2.7181 2.0834 2.9832 2.1168 1.9044 1.7949 1.9280 2.7089 1.9981 1.9006 1.3795 2.1023 2.6818 1.9854 3.1704 2.5567 2.0331 2.7089 2.3925 2.5336 2.4191 2.3354 2.6214 2.3111 2.3991 2.4191 2.8792 1.9728 2.1617 2.5036 2.5336 2.0067 2.5110 2.4395 2.6048 2.7754 2.2362 2.7754 2.1617 2.1772 2.3292 2.2035 2.2035 2.2586 2.1168 2.3667 2.1023 1.3471 2.3603 1.8517 1.4109 1.5222 2.0024 1.7914 2.3416 2.0928 2.8054 3.1414 2.1168 2.8902 2.5805 2.6382 2.1566 3.9761 2.0834 2.4258 1.9400 1.9201 2.5036 2.5646 2.2643 2.6818 2.2473 1.9769 2.2700 2.5336 1.6545 2.1316 2.0465 2.3292 2.0111 2.6554 2.0198 2.5336 2.3540 1.0098 2.2700 1.0742 2.0286 2.1217 2.3603 3.2625 0.4248 2.3354 2.7656 2.4604 1.8967 2.4258 2.3860 2.1876 2.0111 2.7181 2.0740 2.1168 2.0834 2.3354 2.5260 2.1415 1.9769 4.3039 2.7368 1.7644 2.2473 2.3292 2.0067 2.2417 1.6969 2.0928 2.0928 2.2529 2.4963 2.2143 2.7853 2.5110 2.1720 2.4890 1.7316 2.5885 2.0556 2.5336 2.2035 1.8967 2.4890 2.0834 2.3111 2.1120 2.1071 2.8469 2.1824 1.3198 2.6298 2.5805 2.0154 2.3795 2.6554 2.4191 2.1720 2.1516 2.1982 2.2815 2.2991 2.3925 2.3171 2.2529
HPHV_Rodent_hepacvirus_RtAs-HCVIM2014_E2_409-658_AlphaFold 1.2734 1.4132 2.1824 2.9126 2.4604 1.5069 1.2973 2.1465 2.5413 2.3231 2.0198 0.0000 2.1982 2.3603 2.1120 2.4258 2.4327 2.1982 2.5110 2.2473 2.4124 2.6554 2.3603 2.2757 2.2035 2.0881 2.3667 1.9240 2.2932 2.0787 2.6298 2.7754 2.4191 3.3459 2.3416 2.8683 2.3231 2.5805 1.7479 2.2306 1.4132 2.5185 2.6641 1.9400 1.4340 1.5696 2.6554 2.0286 2.0928 2.7656 2.3860 2.1316 2.4746 2.1217 2.1876 2.9126 2.2306 3.3459 1.9645 2.3540 2.0834 2.9711 2.4191 2.0242 2.3171 2.1720 2.0976 2.2815 2.2529 2.2757 2.9126 2.2586 2.9356 2.1365 2.1071 1.9360 2.2643 2.2306 2.3354 2.1720 2.0834 2.1876 1.9201 2.1566 2.3111 2.1772 1.5832 1.3621 2.2417 2.1120 2.1982 2.4057 2.0331 2.2874 2.5805 2.4818 2.4675 2.2362 2.4746 2.4890 2.3478 2.3354 2.1566 2.5966 1.7062 2.2815 2.6554 2.5725 2.0198 2.4258 2.7181 2.0331 2.2757 2.3603 2.1566 1.8193 2.2252 2.0881 2.2586 2.1668 2.1266 2.2874 2.1465 2.1316 2.0881 2.1720 2.6214 1.8702 2.1929 2.2932 2.4464 1.8517 2.2700 2.4258 2.1929 2.3051 2.1720 2.3111 2.4675 1.9122 1.2368 3.4747 2.4258 2.3731 2.4534 2.4604 1.9161 2.3667 2.1071 1.3302 2.1071 2.2473 2.3667 2.5185 2.1982 2.6729 2.7089 2.4534 2.1465 2.3292 2.7089 2.2932 1.9939 2.3478 2.0556 2.2417 1.2444 2.4191 2.1876 2.3667 2.2757 2.4963 2.6729 2.1720 2.0465 2.3795 2.6298 2.1168 2.7368 2.6298 2.3231 2.3111 1.9360 2.6729 2.5110 2.0694 2.2252 2.4464 2.1316
HPHV_Rodent_hepacivirus_05VZ-14-118_E2_358-619_AlphaFold 2.5110 2.1876 2.4746 2.0928 2.4395 2.3860 2.6907 1.4410 2.5185 0.6659 2.1316 2.1982 0.0000 2.2089 1.4894 2.6048 2.4464 2.0834 2.6298 2.5413 3.0592 2.3171 2.4191 1.3034 2.0787 2.3051 2.7559 2.6214 0.9182 0.6824 2.3860 1.4577 2.5260 2.5885 2.4675 2.4604 1.8815 2.8259 1.5273 2.5036 2.3860 1.4132 2.7656 1.2774 2.2089 2.2643 3.3118 1.4270 2.2529 2.4890 1.2255 0.6876 2.5725 2.0834 2.5646 2.3292 1.1098 2.2143 0.7882 1.3449 1.0353 2.1772 2.6214 1.0967 1.2774 2.9955 1.0039 2.1772 2.3354 2.3925 2.6214 2.3292 2.5260 2.5885 2.7368 2.0976 2.3111 2.5885 2.0510 0.1228 1.0951 2.3231 2.4963 1.5615 0.9995 1.7949 2.0510 2.5646 0.9707 1.0143 2.4258 2.3231 2.3731 2.3416 2.7463 2.2473 2.4963 1.9521 2.2089 1.6026 2.2991 1.6604 1.3302 2.3111 1.3281 1.4317 2.6818 2.1720 1.0854 2.2143 2.9356 2.6818 2.0198 2.2089 2.2757 2.0834 1.8229 1.9981 2.3925 2.0465 1.6876 2.2089 2.3051 0.7516 0.7382 2.5336 2.4675 2.0976 2.2529 2.4327 2.4963 2.0111 1.6111 2.2874 2.2932 2.1071 2.6818 2.1617 2.2757 0.7305 2.4124 2.7368 2.5885 2.1929 2.1168 2.4395 2.3478 2.1316 1.0263 2.3795 1.2125 1.2406 2.7274 2.2252 2.1929 1.5943 2.8156 2.6998 0.7045 2.7089 2.3925 2.0331 2.2643 0.8094 2.2991 1.9896 2.8054 2.5336 0.1047 2.0602 2.6130 0.0969 2.4327 2.4395 2.7656 2.2991 2.4327 1.1434 2.3667 2.4746 2.3416 1.3817 0.7382 1.1835 2.3171 0.8497 2.5567 2.3991 2.5805
HPPV_Longquan_Niviventer_niviventer_pegivirus_E2_426-778_AlphaFold 2.3540 2.5110 2.6998 1.9440 0.8931 2.3171 2.5725 2.3292 0.5256 2.3731 2.0465 2.3603 2.2089 0.0000 2.2700 2.7754 2.4395 2.4395 1.0522 1.9854 2.8792 2.3860 0.5125 2.2035 2.2700 2.2815 2.3292 2.4124 2.5185 2.3416 0.0503 2.4818 2.6818 2.8259 0.5013 3.1558 2.1465 2.4746 2.7089 1.8591 2.2362 2.4124 2.5185 2.3478 2.4534 2.1168 2.9955 2.3540 2.4057 2.8902 2.1516 2.3111 2.6048 1.8628 2.2473 2.5567 2.1772 2.5885 2.1617 2.4818 2.3292 2.4534 0.6466 2.4191 2.2089 2.5966 2.3354 2.0602 0.8801 2.3925 2.4890 2.1266 0.9622 2.1824 1.9201 2.6998 1.8372 0.5134 2.1668 2.4124 2.2874 2.3795 2.2089 2.2932 2.2529 2.7181 2.2089 2.3111 2.0787 2.1023 2.6298 2.5185 2.1668 2.3171 2.8363 2.1120 2.3416 1.8702 2.7089 2.5725 2.0024 2.3171 2.7181 1.1694 2.1266 2.4327 3.0461 0.7766 2.2417 1.6969 2.7559 2.3292 2.3354 0.0000 2.1982 2.5036 2.2643 2.5646 1.9562 2.0331 2.6468 2.3925 1.9728 2.3354 2.1876 1.9603 2.4191 1.9603 1.9769 2.1876 1.0128 2.0420 2.5413 2.2700 2.0024 2.2757 2.0242 2.6641 3.0332 2.3603 2.1465 2.6907 1.9400 2.5490 2.4818 0.8361 2.6048 2.4057 2.3925 2.4675 2.5646 2.3111 2.2417 0.8324 2.0067 2.7181 2.7274 2.9473 2.5260 1.9240 2.8054 2.8156 2.1168 2.3354 2.0111 2.2252 2.4124 2.5725 2.6130 2.4534 0.6132 2.3111 2.8363 1.8123 2.2417 1.9122 2.6468 2.2874 2.5966 1.8053 2.5885 2.6998 2.2586 2.2932 0.5212 2.1617 1.8702 2.5567 2.2991
HPHV_Crab_eating_macaque_hepacivirus_E2_395-642_AlphaFold 2.3354 2.0834 1.8480 1.7544 1.9320 2.6998 2.4746 1.1925 2.4327 1.6634 2.5646 2.1120 1.4894 2.2700 0.0000 2.5646 2.5413 2.0024 2.5036 2.0286 2.9473 2.3354 2.2306 1.4553 1.9896 1.8517 1.7880 2.2089 1.4625 1.5377 2.5490 1.4601 2.6554 2.7953 2.3171 2.5413 1.6311 2.5725 1.8929 2.3051 2.4124 1.2540 2.5966 1.3729 2.2143 1.9006 2.2815 0.3084 1.7611 3.1704 1.4869 1.6938 2.7853 2.8902 2.3354 2.2932 1.2793 2.4258 1.5120 1.4918 1.7125 2.1415 2.3731 1.1818 1.5120 2.8156 1.2695 2.5490 2.6382 2.6130 2.5185 2.3292 2.5725 2.5567 2.1120 1.5562 2.3354 2.2143 2.6048 1.4434 1.6456 2.7953 1.9521 1.2933 1.3344 2.0787 2.7463 2.5490 1.2636 1.1065 2.6468 2.7656 2.1217 2.0787 3.0332 2.1415 2.5567 2.1824 2.3603 1.2953 2.6998 1.8967 1.2734 2.5413 1.2734 1.3664 2.5646 2.4675 1.2387 2.4191 2.6382 1.9240 1.6427 2.2700 1.8853 2.5336 1.5562 1.5915 1.9562 2.1365 1.9521 1.9320 2.2643 1.6876 1.4247 2.3667 2.5260 2.3991 2.1266 1.9083 2.4746 1.9854 1.3951 2.2529 2.4258 1.8815 2.3416 2.4890 2.5885 1.6082 2.2089 2.5110 2.2991 1.7189 2.2473 2.3860 1.9083 1.6634 1.3884 2.5260 1.5069 1.4819 2.5185 2.8792 2.3991 1.3817 2.3111 2.7559 1.3642 2.4818 2.4746 1.9440 2.1720 1.7094 2.3795 1.8480 2.3231 2.6382 1.6224 2.2473 2.3051 1.4625 2.8792 2.0024 2.6468 2.6468 3.2951 1.1747 2.9473 2.6907 1.8853 1.1589 1.7062 1.4201 2.5260 1.3795 2.3925 2.5966 1.9122
PLPV_Pangolin_pestivirus_strain_PPeVBIME6P141Tpangolin2018_E2_710-1079_AlphaFold 2.7559 2.5260 2.8259 2.1566 2.5260 3.1414 2.4395 2.5646 3.2787 2.3416 2.4464 2.4258 2.6048 2.7754 2.5646 0.0000 1.2793 2.9014 3.0724 2.4818 1.5589 2.9014 3.0461 2.9473 2.6907 2.7368 2.9711 2.9832 2.6818 2.4675 3.1558 2.7853 0.3585 1.6604 2.7754 1.1871 2.5490 1.1537 2.8469 2.6048 2.6818 3.8639 1.2034 2.6907 2.7559 3.0079 1.9981 2.4675 2.9832 0.3869 2.9591 2.6214 0.6084 3.1558 2.9473 1.0902 2.5110 1.1048 2.7181 2.7274 3.2625 2.8054 2.6298 2.3795 2.9955 1.2070 2.4963 2.9832 2.9955 1.3239 2.0154 2.5725 2.8792 3.0592 2.7463 2.9955 2.5490 3.1133 2.4124 2.5413 2.5260 2.3925 2.1465 2.6298 2.2529 2.3731 2.5260 2.7463 2.5260 2.4464 2.2306 1.2274 2.8156 3.2002 0.1976 3.3634 1.1764 2.6382 2.4675 2.9126 2.8363 2.4191 2.7368 3.2625 2.8363 2.6130 1.2218 2.7559 2.1465 2.9473 0.3310 2.8792 3.0461 2.7754 3.1414 2.8469 2.4818 2.7656 2.9955 2.9473 1.5750 2.7559 3.0332 2.5646 2.7656 3.2466 1.1382 3.4553 2.8575 3.0205 2.9356 2.1266 2.9955 3.0205 3.0079 2.9241 3.0592 1.2482 1.1747 2.9356 2.7274 1.5998 2.6818 2.6130 2.9711 3.0332 2.5567 3.0332 2.3603 3.0332 2.6298 2.7953 3.9188 3.0859 3.1273 3.3812 2.1316 0.5142 2.3731 2.8792 1.4340 2.3111 2.6554 2.6554 2.9591 2.8054 2.7656 0.3884 2.5490 2.8259 2.9832 2.7953 1.2501 2.2035 2.5805 2.6729 2.3860 2.3051 1.0758 2.6468 3.1704 2.4327 2.6214 2.7089 2.6468 2.2586 2.9473 1.2774 2.6998
PLPV_Pestivirus_strain_Aydin04-TR_E2_691-1062_AlphaFold 2.5490 2.3111 2.7559 2.2932 2.6818 2.7656 2.2252 2.3231 2.5185 2.4258 2.4818 2.4327 2.4464 2.4395 2.5413 1.2793 0.0000 3.3459 2.3540 2.6641 1.7577 3.4363 2.7181 2.7089 2.4124 2.3991 2.4191 2.3292 2.5567 2.6214 2.3731 2.6382 1.1694 1.6082 2.7656 0.3652 2.5036 0.5195 3.0724 2.4464 3.1273 2.7953 0.8584 2.5646 2.2700 3.3634 2.1316 2.1772 2.5885 1.2578 2.3292 2.8575 0.9995 2.6214 2.5336 0.9692 2.1617 0.9922 2.4258 2.6382 2.6907 2.9955 2.5885 2.2991 2.5413 0.4709 2.4675 2.5413 3.1414 1.3621 2.1266 2.8575 2.4675 2.9832 2.4534 2.7463 2.4464 2.7754 2.6554 2.5336 2.6818 2.7089 2.5336 2.8054 2.7754 2.3603 2.5567 2.5336 2.4963 2.9473 2.5567 0.6426 2.1516 2.7089 1.1382 3.0592 0.3726 2.6382 2.6818 2.5110 2.7274 2.5490 2.9711 3.1704 2.5110 2.6130 0.9749 2.6468 2.5260 2.6907 1.1871 2.2035 2.8902 2.4395 2.9591 2.6214 2.2529 2.7368 2.6048 2.9832 1.7252 2.3478 2.7463 2.6554 2.9711 2.6130 0.1459 2.8054 2.4534 2.7754 2.8683 2.1316 2.5036 2.5036 2.5725 2.2417 2.5567 0.4264 0.4264 2.7853 2.7754 1.4625 3.0859 2.9241 2.6998 2.6818 3.6423 3.6200 2.5490 2.5185 2.8259 3.2951 2.5260 2.7559 2.9014 2.8575 1.9400 1.4064 2.4464 3.1273 0.5697 2.0976 2.4675 2.7181 2.6554 2.0740 2.5490 1.1231 2.4464 2.6214 2.6468 2.5885 0.3922 2.1720 2.9832 3.1273 2.8902 2.3478 1.0232 2.5336 2.5185 2.5966 3.0332 2.4746 2.9126 2.7181 2.6048 0.6122 2.9832
HPUN_Wenling_moray_eel_hepacivirus_E2_474-688_AlphaFold 2.6998 2.4191 2.8683 2.0834 2.3731 2.9591 2.6554 2.3478 2.2306 2.5490 2.2815 2.1982 2.0834 2.4395 2.0024 2.9014 3.3459 0.0000 2.4604 2.4258 2.2417 3.4177 3.2309 2.3231 2.8156 2.4963 1.7189 2.5805 2.2035 2.5110 2.4395 2.1824 2.4327 2.3667 2.7559 2.9014 2.4890 2.8363 3.0079 1.9083 2.4604 2.6998 2.5646 2.3416 2.1929 2.3860 2.3171 2.6468 2.5110 2.9241 2.4258 2.9955 2.5567 2.9014 2.3416 2.5805 2.5805 2.8469 2.4604 2.2874 3.1558 2.9832 2.6214 2.3171 2.2757 2.8575 2.3171 2.5966 2.7853 2.2643 2.7368 2.2874 2.1720 2.7656 2.5185 2.5646 2.4890 2.9711 2.4746 2.3171 2.7089 3.6423 2.3416 2.2700 2.4675 2.0602 2.4191 3.0995 2.1168 2.2362 3.2466 2.4963 2.4963 2.7953 2.4963 2.3925 2.8259 2.6641 3.0461 2.3292 2.5725 2.3292 2.1415 2.5646 2.4746 2.2035 2.9126 2.2035 2.4675 2.0602 2.9126 2.1023 2.7089 2.4395 2.1023 2.1415 2.7853 2.5805 1.9686 2.1023 2.4818 2.5885 1.9769 2.6907 2.2874 2.6048 2.6818 2.5885 2.4258 2.2757 2.4963 2.6641 2.4675 2.6729 2.4534 2.5413 2.6214 3.3118 2.5110 2.4675 2.7559 2.1982 2.1772 2.6641 2.9126 2.7853 2.5490 2.5966 2.6130 2.4675 2.6214 2.6729 2.2252 2.1824 2.6130 2.4395 2.3795 2.7368 2.1316 2.6729 2.9473 1.4481 2.6729 2.1929 2.4057 2.3171 2.3667 2.6298 2.1876 2.2815 2.5260 2.1876 2.4746 2.9955 1.9939 2.3731 2.3354 2.3111 2.2362 2.5490 2.5567 2.3292 2.5725 3.0205 2.5885 2.3231 2.6298 2.4534 2.8156
HPPV_Bat_pegivirus_PDB-34.1_E2_479-813_AlphaFold 2.3795 2.8363 2.5646 2.0154 0.9566 2.5336 2.7559 2.3603 1.1349 2.6214 2.2932 2.5110 2.6298 1.0522 2.5036 3.0724 2.3540 2.4604 0.0000 2.1465 2.6998 2.8054 1.0758 2.6998 2.1465 2.4746 2.0928 2.2643 2.5110 2.8469 1.0158 2.6214 2.6554 2.4604 1.1417 2.4124 2.3171 2.6382 2.5490 2.0331 3.3287 2.6048 2.9014 2.3731 2.1929 2.3171 2.9955 2.5036 2.7089 2.6214 2.3231 2.9711 2.5885 2.0976 2.1465 2.7368 2.7656 2.6818 2.7089 2.4464 3.0592 2.7656 0.9721 2.3171 2.5646 2.5966 2.4746 2.2815 1.1853 2.3051 2.8575 1.9521 0.8497 2.1824 2.0465 2.5805 2.0198 1.1197 1.6253 3.0079 2.3231 2.3354 2.2874 3.0079 2.3231 2.3354 2.4534 2.4963 2.3231 1.9854 2.3111 2.3731 1.9122 2.3354 2.7754 2.1982 2.2991 1.7284 2.8156 2.5336 1.9320 2.7181 2.5966 1.2734 2.1168 2.6298 2.8363 1.0553 2.4604 1.6111 2.6729 2.3731 2.8054 1.0522 2.2529 2.2700 2.1824 2.6729 2.0928 1.7880 1.5247 2.7181 1.9006 2.5966 3.0079 1.8053 2.2529 2.6729 1.8088 1.9122 0.6436 2.0111 2.5646 1.8853 1.9481 2.5567 1.7949 3.0461 2.5185 2.7656 2.5110 2.6382 1.9521 3.2951 2.5110 1.2181 2.5646 2.5725 2.2529 2.6214 2.7368 2.4890 1.8053 1.0710 2.2143 2.7274 2.1465 3.5766 2.3540 2.1168 2.3540 2.2815 2.0787 2.6298 2.2757 2.5725 2.7089 2.4327 2.5185 2.5260 1.1114 2.5805 2.6554 1.8372 2.3354 1.9686 2.4327 2.5966 2.5260 1.7880 2.6298 2.3171 2.8156 2.6907 1.1624 2.7656 1.7812 2.3292 2.5567
HPPV_Marmoset_pegivirus_E2_201-559_AlphaFold 2.2586 2.4124 2.4191 2.3667 2.0331 2.4258 2.4746 2.4534 2.1772 2.3731 2.0465 2.2473 2.5413 1.9854 2.0286 2.4818 2.6641 2.4258 2.1465 0.0000 2.4191 2.4124 2.1772 2.6048 1.5615 2.4963 2.2143 2.2473 2.7953 2.3991 1.9006 2.3925 2.7274 2.5036 1.9240 2.6214 2.7559 2.7274 2.2874 1.7252 2.1617 2.3292 2.3795 2.3416 2.3111 2.3416 2.3731 2.4534 2.5646 2.8469 2.5646 2.3925 2.7953 1.2617 1.8088 2.7463 2.7463 2.6382 2.1168 2.4675 2.3991 2.9832 1.9603 2.5110 2.4258 2.4327 1.9896 0.3771 2.0111 2.6641 2.4746 0.9062 2.2362 1.3198 0.8398 2.9955 0.9566 1.8929 1.9240 2.3292 2.4746 1.6545 2.1023 2.6130 2.5260 2.2643 1.8815 2.2306 2.3354 2.7368 2.5110 2.4057 1.6082 2.2306 2.7463 1.2953 2.4746 1.5696 2.4057 1.9521 1.3177 2.4258 2.3667 1.9939 2.3860 2.5966 2.7754 1.8372 2.1566 1.9320 2.7559 2.1668 2.2991 1.9854 2.2362 1.9360 2.0976 2.2586 1.6082 1.7349 2.1465 2.3416 2.0242 2.2529 2.3540 1.2695 2.4675 2.1365 1.8408 1.6515 2.0331 2.1120 2.4818 0.9263 1.2617 2.5567 1.2501 2.4327 2.2991 2.1266 2.7368 2.9014 1.2913 2.4963 2.2586 2.1617 2.3860 2.1516 2.3731 2.6048 2.3731 2.1982 1.2387 1.8372 1.2833 2.6818 2.5036 2.4604 2.3416 1.2387 2.8363 2.2643 0.8879 2.4395 1.4293 2.4534 2.4818 2.5725 2.3540 2.5725 1.9481 2.5805 2.8683 1.4770 2.2874 1.2774 2.1876 2.6818 2.6641 1.2598 2.4746 1.8591 2.1365 2.4818 2.1668 2.4464 1.2873 2.5490 2.4191
PLPV_Rodent_pestivirus_isolate_RtNn-PestVHuB2014_E2_833-1209_AlphaFold 2.5966 2.7089 2.2991 1.7778 2.5567 2.7853 2.6729 2.0198 2.2991 2.7089 3.1414 2.4124 3.0592 2.8792 2.9473 1.5589 1.7577 2.2417 2.6998 2.4191 0.0000 2.7754 2.5885 2.7953 3.3993 2.3795 2.1217 2.4818 2.6641 2.8156 2.2529 2.2035 1.4317 0.7305 2.7853 1.5832 2.5110 1.7252 2.7463 2.9014 2.7368 2.5725 1.9083 2.4890 2.6998 2.6998 1.6574 2.5567 2.5805 1.6026 2.9356 3.0592 1.6282 2.7463 2.7181 1.6876 2.7089 1.5642 2.8902 2.9832 2.4890 3.2002 2.2089 2.5490 2.8156 1.6111 2.2417 2.4963 2.9711 1.7846 1.8158 2.9832 2.6907 3.0461 2.8363 2.5885 2.8902 2.9473 2.4464 3.0461 3.3812 2.6468 2.1415 2.6998 2.6641 2.7953 2.6048 2.5805 2.3354 2.3051 2.5490 1.9440 2.8363 2.5567 1.7157 2.5260 1.6938 2.7181 2.7181 2.0976 2.9955 2.4057 2.7853 2.6818 2.6554 2.2643 1.6846 2.4675 2.3292 2.5413 1.6785 3.0332 2.5725 2.8792 2.7656 1.9769 2.5966 2.5805 2.9014 3.1852 1.5170 2.6818 2.3292 2.9591 3.3812 2.8054 1.5669 2.2143 2.5260 2.7953 2.6468 2.7181 2.4818 2.9591 2.9711 2.2035 3.0205 1.6054 1.7914 3.7605 3.2002 0.2537 2.7089 3.4747 2.6130 2.4604 2.4464 2.6130 2.7559 3.0592 2.6382 2.5490 3.0724 2.8259 2.7656 2.5567 1.7446 1.6196 2.6048 2.4604 2.0375 3.3634 2.6729 2.2529 2.8469 2.2700 2.7089 1.5750 2.5646 2.6641 2.5036 2.7559 1.7000 2.5336 2.4057 3.0332 2.8259 2.4534 1.5430 3.2309 2.6554 2.2586 3.4944 2.6641 2.4818 2.8259 2.6818 1.7157 2.7953
HPHV_Hainan_oriental_leaf-toed_gecko_hepacivirus_E2_409-675_AlphaFold 2.6298 2.5413 2.5805 1.6634 2.5490 2.3603 2.2473 2.3667 2.5185 2.6998 2.5490 2.6554 2.3171 2.3860 2.3354 2.9014 3.4363 3.4177 2.8054 2.4124 2.7754 0.0000 2.6214 3.2002 2.8683 2.3292 2.5336 2.3111 2.6729 2.6818 2.5646 2.6818 2.5725 2.4604 2.5336 2.7089 2.9126 2.7181 2.8683 2.5260 2.4534 2.4604 2.8575 2.6382 2.3416 2.8469 2.3925 2.2089 2.5567 3.0079 3.1414 1.9811 2.6729 2.1071 2.7274 3.0332 2.5336 2.7274 2.4604 2.5336 2.4258 2.3478 2.6048 2.4464 2.9955 2.7656 2.5413 2.6907 2.5110 2.8469 2.6554 2.6468 3.0859 2.4818 2.4890 2.1465 2.9955 2.5413 2.0740 2.4395 2.2197 2.7274 2.4327 2.6907 2.5646 2.1120 2.2143 2.3991 2.4057 1.9400 2.2417 2.7953 2.3603 2.4191 2.3731 2.1772 2.5646 2.2143 0.8226 2.6214 2.1824 2.4675 2.3667 2.3925 2.3603 2.7368 2.7463 2.3540 2.3416 2.5725 2.5490 2.2991 2.2089 2.3860 2.4057 2.5260 2.3171 2.3991 2.1617 2.2815 2.2757 2.0834 2.3925 2.5185 2.4818 2.1217 3.0724 2.8259 2.4395 2.3231 2.5885 2.3292 2.0067 2.7368 2.1071 2.3991 2.1217 3.2154 3.0859 2.7463 2.1876 2.6130 2.2197 2.3731 0.7393 2.4604 2.8259 2.4327 2.2306 2.4124 2.4258 2.3111 2.7274 2.3478 1.9280 2.6641 2.9832 3.2787 2.6729 2.3925 2.9241 2.4258 2.5567 2.8259 2.5646 2.2932 2.1929 3.0332 2.6298 1.8628 2.1824 2.3667 3.2309 2.4604 2.6214 2.2643 1.2598 2.4675 2.4963 2.1929 2.6130 2.2417 2.6048 3.2466 2.5725 2.9832 2.1876 2.7656 2.1023
HPPV_Eospalax_rufescens_pegivirus_isolate_SC_C3-19.2_2021_E2_403-759_AlphaFold 2.3540 2.5260 2.4191 2.5413 0.9835 2.4746 2.5185 2.7368 0.6772 2.5966 2.5567 2.3603 2.4191 0.5125 2.2306 3.0461 2.7181 3.2309 1.0758 2.1772 2.5885 2.6214 0.0000 2.3231 2.3991 2.6468 2.5885 2.3860 2.6130 2.4464 0.4936 2.4675 2.6641 2.8469 0.5670 2.5725 2.3171 3.0859 2.4534 1.9161 2.3416 2.4124 2.6554 2.1876 2.2700 2.3354 2.5110 2.1617 2.6468 3.1558 2.3171 2.2306 2.9473 1.9083 2.2700 2.8575 2.3925 2.7953 2.1982 2.3354 2.6554 2.4963 0.6113 2.2143 2.3731 3.0205 2.0976 1.9083 0.8522 2.7463 2.5567 2.5110 0.9707 2.1316 2.0375 2.2252 1.9481 0.5940 2.0420 2.6907 2.5036 2.0465 2.1465 2.2035 2.2815 2.1168 2.2932 2.3925 2.3795 2.0465 2.3051 2.3051 2.0834 2.7754 2.5725 2.1071 2.6818 2.1120 2.6907 2.4963 1.8967 2.0510 2.3860 1.2893 2.3051 2.6907 3.1704 0.6547 2.0198 1.7846 2.7274 2.2035 2.5646 0.5125 2.9473 1.9161 2.4258 2.8792 2.0881 1.8336 2.7089 2.1824 2.1168 2.6382 2.8156 1.8853 2.4534 2.2874 1.9240 2.2306 1.0369 2.3925 2.5260 1.8628 1.9006 2.0787 1.8591 2.7089 2.7754 2.5110 2.4746 2.8902 2.1071 2.5110 2.2035 0.9182 2.4890 2.7463 2.1316 2.5110 2.4191 2.6998 1.8628 0.6731 2.0024 2.3354 2.4675 3.0724 2.4124 2.1465 3.0461 2.0881 2.0556 2.8683 1.8967 2.1982 2.4395 2.5413 2.4258 2.5413 0.6308 2.6468 2.5725 1.7511 2.3111 1.9006 2.3354 2.1120 3.2154 1.9083 2.9955 2.7463 2.6554 2.4818 0.6288 2.7181 1.9122 2.5490 2.4327
HPHV_Rodent_hepacivirus_MOZ329-CMOZ2011_E2_439-705_AlphaFold 2.4124 2.3540 2.3051 2.7463 3.3634 2.8363 2.5646 1.2274 2.2529 1.2734 2.4746 2.2757 1.3034 2.2035 1.4553 2.9473 2.7089 2.3231 2.6998 2.6048 2.7953 3.2002 2.3231 0.0000 2.0242 2.7953 2.0420 2.5110 1.1889 1.0491 2.6554 1.2656 2.4327 2.4890 2.5110 2.7181 2.0286 3.0995 1.4247 2.7953 2.3292 1.2070 2.7853 1.1065 2.3667 2.4534 2.4327 1.4894 2.6382 2.6214 0.0826 1.2813 2.8575 2.7559 2.9014 2.5490 1.0918 2.2643 1.1164 0.0870 1.4869 2.5185 2.8054 0.8422 0.1081 3.3287 0.8686 2.5336 2.2815 3.1704 2.7754 2.6130 2.8363 2.4604 2.4464 1.5456 2.4604 2.3231 2.0648 1.2520 1.1147 2.8575 2.2197 1.2636 0.8312 2.5725 1.8665 2.2700 0.9399 1.1417 2.4963 2.8054 2.4963 2.3603 2.7274 2.2757 2.8902 2.0976 3.0592 1.2162 2.7754 1.8372 1.1979 2.7463 1.2162 1.3428 2.8902 2.2529 0.8522 2.3354 2.7181 2.9014 2.2874 2.2035 1.9939 2.1516 1.4993 1.9521 2.5966 1.9440 2.2417 2.1071 2.8683 1.3239 1.3386 2.6048 2.4890 2.2417 2.1982 2.3860 2.2197 2.1168 1.4869 2.8902 2.5567 2.3731 2.3416 3.2466 2.2991 1.2016 2.3416 3.2309 2.3991 2.2586 2.3603 2.5567 2.3925 2.2035 0.9075 2.3731 1.0902 1.0278 2.8259 2.2991 2.4963 1.2993 2.7368 2.8259 1.1365 3.1414 2.6998 2.6382 2.8469 1.4041 2.7754 2.3051 2.4124 2.9473 1.1606 2.1668 2.4890 1.3177 2.5646 2.2417 2.4124 2.5110 2.2089 0.8597 2.8363 2.7853 2.0787 1.1032 1.3751 1.1485 2.4746 1.2695 2.7754 2.5185 2.3478
HPPV_Leucosticte_brandti_pegivirus_XZN_E2_268-572_AlphaFold 2.1217 2.1876 2.5646 2.4963 2.5567 2.7274 2.2035 1.8853 2.1023 2.7754 2.2529 2.2035 2.0787 2.2700 1.9896 2.6907 2.4124 2.8156 2.1465 1.5615 3.3993 2.8683 2.3991 2.0242 0.0000 2.3354 2.1266 1.9896 2.5185 2.2932 2.3171 2.6298 2.4818 2.6554 1.9440 2.5646 2.4464 2.5110 2.4258 1.6664 2.1266 3.1133 3.6883 1.9603 2.2932 2.0556 2.6048 1.9562 2.6048 3.2154 2.1668 2.2252 2.4675 1.7446 1.2144 2.6214 2.3354 2.7181 2.3603 2.1566 2.0510 2.2643 2.4604 2.2586 2.1365 2.6298 2.2643 1.6369 2.3231 2.8575 2.4534 1.6754 2.3111 2.0881 1.8408 2.3795 1.6907 2.1217 2.0928 2.2417 2.4818 1.6574 2.2874 2.5805 2.2143 1.9854 1.8336 2.2306 2.4675 2.5805 2.3231 2.6998 1.1519 2.7463 2.8259 1.5562 2.3860 1.6427 2.6382 2.4890 1.6340 2.3231 2.5646 2.2473 2.4327 2.4890 2.5966 2.0420 2.2757 2.0881 2.8575 2.0602 2.3478 2.2700 2.6998 2.3795 2.0602 2.5490 1.7000 1.6340 2.8363 2.4464 1.8628 2.1720 2.1516 1.9083 2.8902 2.1023 1.7511 0.2246 2.2197 1.7778 2.2643 1.8193 1.9728 2.9126 1.9320 2.5646 2.6907 2.1824 2.0556 2.9473 1.8665 2.6729 2.3540 2.2932 1.8053 2.2874 2.1929 2.2757 2.2089 2.5260 1.6311 2.1566 1.7252 2.3667 2.8792 3.4747 2.1516 1.6139 3.0859 2.7089 1.7611 2.0740 1.7094 2.3111 2.0694 2.5260 2.3292 2.1365 2.3292 2.3354 2.6130 1.7316 2.3603 1.7577 2.1071 2.3667 2.7853 1.8967 2.6554 2.3171 2.2473 2.0648 2.1668 2.1316 1.7062 2.7754 2.9014
HPHV_Equine_hepacivirus_E2_392-724_AlphaFold 2.4327 2.2643 0.9951 2.1316 2.7754 2.4675 2.5260 2.3111 2.3667 2.3795 2.2815 2.0881 2.3051 2.2815 1.8517 2.7368 2.3991 2.4963 2.4746 2.4963 2.3795 2.3292 2.6468 2.7953 2.3354 0.0000 2.3231 2.8054 2.1266 2.3051 2.5966 2.5185 2.5885 2.9591 2.4395 2.7181 1.5832 2.8156 2.8363 2.8792 3.2002 2.6641 2.7559 2.8792 2.6298 2.0465 2.8683 1.7094 1.0806 2.8156 2.5413 2.3667 2.5805 2.2417 3.0205 2.4818 2.1617 2.4124 2.6818 2.5413 1.9896 2.7853 2.3478 2.3171 2.3111 3.1273 1.8480 2.4746 2.5567 2.8575 2.8156 2.9014 2.5725 2.4675 2.9473 2.3991 2.6468 2.4890 2.3991 2.3991 1.9686 2.5646 2.3603 2.8902 1.7880 2.0510 2.9955 2.4746 1.7949 2.3795 2.3231 2.8902 2.2417 1.0647 2.7953 2.7368 2.8792 2.3478 2.2991 2.4675 2.5805 1.6724 3.2466 2.5646 1.9854 2.2035 2.9014 2.3051 1.8853 2.1465 2.7463 1.9854 1.0647 2.2815 0.9169 2.5185 2.5490 1.0854 2.5567 2.4534 2.0881 0.0578 2.5336 2.5260 2.3603 2.4395 2.9832 2.5567 2.5413 2.4124 2.7754 2.7754 2.8902 2.7089 2.3795 0.0652 2.5185 2.8054 2.7274 2.6641 2.5110 2.9955 2.6998 1.0918 2.5567 2.8792 2.4327 0.9510 2.0928 2.6729 2.1023 2.4124 2.4604 2.4464 2.2362 2.2252 2.6818 2.8259 2.2417 2.6554 2.8575 2.7274 2.5110 2.7089 2.5185 0.0652 2.2932 2.5490 2.5110 2.5036 2.6298 2.7953 2.9711 2.5185 2.4818 2.5725 2.8902 2.4327 2.5490 2.6907 0.9345 2.2757 2.4746 2.1929 2.5646 2.2815 2.6214 2.8259 1.1131
HPHV_Chaetodon_aureofaciatus_hepacivirus_isolate_F25_E2_475-626_AlphaFold 2.9711 2.2197 2.3292 2.2035 2.0465 2.6130 2.6298 2.3925 2.3860 2.2417 1.6082 2.3667 2.7559 2.3292 1.7880 2.9711 2.4191 1.7189 2.0928 2.2143 2.1217 2.5336 2.5885 2.0420 2.1266 2.3231 0.0000 1.9240 2.0154 1.9939 2.1617 2.0111 2.3731 2.1668 2.4258 2.2932 2.0928 2.4327 2.2991 2.2035 2.1982 1.9854 3.0995 2.0834 2.2874 2.4395 2.5260 2.2932 2.2197 2.1365 2.0787 2.1023 2.8902 2.0154 2.2991 2.2473 2.5413 2.1566 2.2035 1.9440 2.3416 2.3416 1.9645 2.3051 1.9896 2.2143 1.9939 2.3667 2.3416 2.1824 2.6907 2.3478 1.9240 1.7349 2.2757 2.4124 1.8739 2.2757 2.1668 2.8683 1.9083 2.0976 2.0834 2.5490 2.5110 1.1925 1.7349 2.7089 2.5805 1.8929 1.5805 2.7559 1.8815 2.8469 2.4534 2.2197 2.4191 2.0024 2.2197 2.1465 1.8665 1.9686 2.2529 2.3540 2.1720 1.9521 2.1465 2.4258 2.0928 2.0067 2.7754 1.5860 2.4675 2.3292 2.5036 1.3281 2.2252 2.2586 2.4464 1.7949 2.3292 2.3860 1.7094 2.2932 1.9645 1.7446 2.6641 1.9521 2.0286 2.0067 2.1772 1.8702 1.9201 1.9122 2.1316 2.2874 1.7446 2.6048 2.7368 2.0976 2.3051 2.3111 1.8123 2.3111 1.9440 2.2306 1.7846 2.8469 2.6130 2.6998 2.3731 2.8575 1.7479 2.2362 1.9896 2.4395 2.2306 2.3111 2.1668 1.9240 2.5966 1.4918 2.4746 1.9044 2.0787 2.1876 2.3416 2.5185 2.0834 1.6369 2.4327 2.6468 1.9122 1.8336 1.6486 1.9854 2.2757 2.5036 2.1720 2.0510 2.4057 2.4604 2.2473 2.6468 2.4395 1.7157 1.9686 2.2932 2.5567
HPHV_Viviparous_lizard_hepacivirus_E2_749-966_AlphaFold 2.2874 2.0976 2.3795 1.9400 2.1876 2.1168 2.2643 2.4124 2.2362 2.4818 1.9854 1.9240 2.6214 2.4124 2.2089 2.9832 2.3292 2.5805 2.2643 2.2473 2.4818 2.3111 2.3860 2.5110 1.9896 2.8054 1.9240 0.0000 2.2197 2.4124 2.2874 1.8300 2.7754 2.1982 2.1217 2.5725 1.7284 2.2306 2.1668 2.1566 2.2417 2.4963 2.7853 1.9854 2.1824 1.6253 2.2815 2.4327 2.9241 2.7754 2.6641 2.1023 2.5805 1.9562 1.9201 2.3991 2.1516 2.6298 2.0024 2.4258 2.1516 2.3478 1.9728 2.5036 2.5725 2.9591 1.9811 2.0242 2.3991 2.5185 2.2143 2.1516 2.6729 2.0787 2.1824 2.2757 2.3231 2.0928 2.1365 2.2643 2.5110 2.2757 1.9896 2.4464 2.0242 2.0976 2.0694 2.1617 2.1824 2.8054 1.6311 2.8469 2.1316 2.4258 2.6382 2.1415 2.0787 2.1365 1.6846 2.1824 2.1217 1.8702 2.1668 2.1876 2.0834 1.9122 2.9711 2.1316 2.1217 2.1772 3.3812 2.3292 3.0461 2.4124 2.5567 2.1266 1.8591 2.7089 2.2586 2.0242 2.6214 2.6214 2.1217 2.0928 2.1668 2.0881 2.1772 1.8372 2.0881 1.7611 2.9473 1.4770 2.1516 2.4327 2.2035 2.6998 2.0881 2.5725 2.5036 2.1772 2.1120 2.5336 1.9896 2.6729 1.8967 2.2306 1.7778 2.9473 2.0648 2.4191 2.0375 2.4327 2.0881 2.1929 2.0067 2.5885 2.4395 2.6214 2.2991 2.0556 2.5185 1.9006 1.8408 2.4818 2.6214 2.5110 2.2529 2.6818 2.3111 1.9122 2.0556 2.5413 2.5646 2.2362 2.1266 1.9562 2.1516 2.3111 2.4327 1.9083 2.7181 2.5966 2.1617 2.0556 2.3171 2.3603 2.0465 2.0556 2.8683
HPHV_Rodent_hepacivirus_B349PAN2014_E2_352-625_AlphaFold 2.5036 2.5336 2.5805 1.9201 2.4124 2.6382 2.6048 1.3449 3.2625 0.8082 2.1668 2.2932 0.9182 2.5185 1.4625 2.6818 2.5567 2.2035 2.5110 2.7953 2.6641 2.6729 2.6130 1.1889 2.5185 2.1266 2.0154 2.2197 0.0000 0.8251 2.5185 1.6574 2.2815 2.6130 2.7656 2.5185 2.2035 2.2643 1.6224 2.7274 2.4464 1.5325 2.4604 1.2993 2.3603 2.3171 2.6641 1.5723 2.4675 2.7463 1.3773 0.8373 2.5805 2.2197 2.6554 2.1516 1.2734 1.9769 0.8648 1.4201 0.5291 2.8683 2.3111 1.2734 1.4293 2.1876 1.1943 2.7559 2.8575 2.5567 2.5567 2.4258 2.5036 2.3416 2.7181 2.2529 2.5036 3.0461 2.1720 0.8547 1.0999 2.3603 2.3292 1.3973 1.1800 2.0602 1.8264 2.5336 1.1997 1.1485 2.1720 2.4818 2.6298 2.3231 2.6048 2.0834 2.6554 2.2035 2.3111 1.5145 2.4604 2.2932 1.4410 2.9832 1.5018 1.5325 2.4258 2.6907 1.1925 2.2586 2.4327 2.2932 2.3603 2.5185 2.6048 2.2874 1.6282 2.3354 3.7605 1.9645 1.7381 2.2197 2.3051 0.8559 0.9102 2.3603 2.4818 2.2252 2.2143 2.3991 2.4675 2.4604 1.8480 2.7953 2.2700 2.1982 2.3540 2.3478 2.6468 0.8459 2.3991 3.9761 2.3292 2.1566 2.5490 2.8575 2.8469 2.3231 1.3157 2.6998 1.5273 1.1247 3.1414 2.6554 2.2089 1.5196 3.0205 2.6554 0.8724 2.7656 2.2143 2.1982 2.3478 0.9807 2.2874 2.2529 2.5885 2.4818 0.8226 2.2197 2.1217 0.8497 2.5260 1.9645 2.7368 2.7368 2.9832 1.2578 2.0420 2.8054 2.4057 1.4577 0.8724 1.3840 2.4890 1.0158 2.2874 2.4464 2.7181
HPHV_Gerbil_hepacivirus_E2_407-679_AlphaFold 2.3111 2.0881 2.6214 1.9083 2.3051 2.1217 2.5805 1.2311 2.4258 0.6618 2.0787 2.0787 0.6824 2.3416 1.5377 2.4675 2.6214 2.5110 2.8469 2.3991 2.8156 2.6818 2.4464 1.0491 2.2932 2.3051 1.9939 2.4124 0.8251 0.0000 2.3051 1.4993 2.2417 2.5260 2.2143 2.8156 1.9083 2.4124 1.8480 2.6468 2.4675 1.5642 3.1704 1.4505 2.2529 2.2757 2.7853 1.4993 2.3111 2.6382 1.2311 0.7024 2.5336 2.1365 2.4604 2.4746 1.3323 2.4890 0.5762 1.1764 0.9399 2.2815 2.2529 1.0616 1.2953 2.6382 1.1147 2.4818 2.5725 2.5260 2.6818 2.2362 2.3860 2.3540 2.2874 2.0694 2.5413 2.2089 2.0556 0.7720 1.2913 1.9645 2.0787 1.4649 1.0538 1.9854 2.2252 2.2643 1.0491 1.3428 2.0694 2.3925 2.2362 2.3051 2.5646 2.1168 2.2991 2.0286 2.4258 1.6574 2.2197 1.8408 1.2675 2.3416 1.3302 1.4770 2.5413 2.1982 1.0999 2.1772 2.4890 2.5725 2.1772 2.3416 2.1617 2.4604 1.5750 2.5567 2.5185 1.9044 1.6815 2.2757 2.3354 0.6803 0.7035 2.2815 2.5567 1.9939 2.3171 2.1566 2.6818 2.2815 2.0881 2.9014 2.6554 2.1824 2.3111 2.6729 2.3416 0.6638 2.1824 2.5036 2.1720 2.1023 2.8054 2.6214 2.8792 2.2089 1.2617 2.2991 1.3344 1.3198 2.4534 2.4890 2.1668 1.5562 2.5413 2.2643 0.7218 2.4963 2.2586 2.4746 2.3795 0.6618 2.3860 2.2362 2.2932 2.5336 0.8648 2.0976 2.2035 0.7561 2.5336 2.1465 2.4534 2.1617 2.5110 1.1298 2.4124 2.4604 2.4057 1.3054 0.6950 1.3386 2.5567 0.5846 2.3231 2.6554 2.5185
HPPV_Wufeng_Niviventer_fulvescens_pegivirus_1_E2_431-770_AlphaFold 2.5336 2.5567 2.6907 2.2362 0.9850 2.4464 2.7274 2.3416 0.5524 2.3667 2.0331 2.6298 2.3860 0.0503 2.5490 3.1558 2.3731 2.4395 1.0158 1.9006 2.2529 2.5646 0.4936 2.6554 2.3171 2.5966 2.1617 2.2874 2.5185 2.3051 0.0000 2.5336 2.3991 2.8792 0.5195 2.9356 2.3292 2.6729 2.9473 1.9811 2.2417 2.7274 3.0995 2.5260 2.3416 2.2757 2.9473 2.5725 2.7368 3.0461 2.4395 2.7181 2.3354 1.9562 2.2700 2.4746 2.5110 2.6130 2.4258 2.5336 2.7754 2.5490 0.6507 2.4327 2.4746 2.6818 2.4464 2.0602 0.8931 2.4191 2.9356 2.1415 0.8983 2.0694 1.9481 3.0592 1.7677 0.5353 2.1566 2.2586 2.5413 2.6729 2.2089 2.4464 2.4124 2.5885 2.4890 2.3603 2.1929 1.9728 2.5805 2.8259 2.1720 2.3731 2.7274 2.0154 2.4534 1.8815 2.3667 2.2089 2.0375 2.1720 2.9126 1.1048 2.8259 2.5110 3.7360 0.7283 2.5646 1.7511 2.7853 2.3231 2.2643 0.0503 2.2035 2.2197 2.4395 2.8902 2.2874 2.0556 2.5036 2.4604 2.0024 2.5805 2.5567 1.9939 2.6818 1.9562 1.9811 2.2306 0.9580 2.1168 2.3991 2.3667 2.2035 2.4963 2.0111 2.3667 2.5336 2.7656 2.3667 2.5336 2.0648 2.3416 2.3231 0.8287 2.4604 2.6214 2.2306 2.4604 2.7853 2.2306 2.2306 0.7847 2.1516 2.6048 3.2309 3.3634 2.3111 1.9981 2.8902 2.7089 2.1071 2.7754 2.2252 2.5413 2.5567 2.5336 2.6382 2.6641 0.5959 2.2932 3.2951 1.9360 2.2197 1.9645 2.5490 2.6998 2.5036 1.6694 2.5413 2.7953 2.6907 2.7463 0.5212 2.2815 1.9280 2.5185 2.2757
HPHV_Wenzhou_Apodemus_agrarius_hepacivirus_1_E2_359-599_AlphaFold 2.9955 2.6048 2.7656 2.1876 2.8363 3.2951 2.5725 1.3884 3.1273 1.8554 2.0976 2.7754 1.4577 2.4818 1.4601 2.7853 2.6382 2.1824 2.6214 2.3925 2.2035 2.6818 2.4675 1.2656 2.6298 2.5185 2.0111 1.8300 1.6574 1.4993 2.5336 0.0000 2.8792 2.7181 2.4675 3.0592 1.8853 3.2625 1.8628 2.5966 2.9832 1.3323 2.4675 1.4041 2.4604 2.1516 2.3478 1.4746 2.7181 2.8792 1.2715 1.6694 2.5490 2.2932 2.4604 2.4746 1.4481 2.2700 1.5669 1.2813 1.7479 2.4604 2.3603 1.3281 1.2913 2.7089 1.2715 2.4963 2.3731 4.0985 2.4464 2.4327 2.7656 2.2252 2.3860 1.8967 2.1516 2.6641 2.2932 1.3578 1.1332 2.6130 2.0154 1.3471 1.2734 2.0154 2.1023 2.6818 1.2463 1.2559 2.5490 3.2154 2.5885 2.9955 3.1273 2.2252 2.5413 1.9939 2.4327 1.4178 2.5646 1.9006 1.2853 2.7559 1.5044 0.0440 2.6554 2.2473 1.2675 2.4534 2.5725 1.9521 2.3991 2.4818 2.6998 2.1668 1.5696 2.6641 2.4890 2.4327 2.4124 2.4604 2.0881 1.8408 1.7284 2.3292 2.3860 2.2874 2.5036 2.2815 2.8902 1.9440 1.5456 2.4327 2.3231 2.1617 2.2529 2.1415 2.5885 1.7778 2.8259 2.5490 2.3731 2.4191 2.1982 2.3416 2.1566 2.8259 1.2993 2.4675 1.3054 1.5723 2.2417 2.3051 2.1668 1.4270 2.6214 2.5185 1.4697 2.9356 2.8363 2.2815 2.4464 1.7220 2.5260 2.3860 2.3416 2.3231 1.4481 2.5185 2.7368 1.3365 2.8575 2.2757 2.5805 2.4746 2.6048 1.4577 2.3231 2.5567 2.7463 1.3840 1.8229 1.4041 2.7463 1.3996 2.0331 2.6130 2.9014
PLPV_Pangolin_pestivirus_strain_PPeVBIME7P022Tpangolin2018_E2_682-1048_AlphaFold 2.9126 2.8054 2.7463 2.4534 2.7853 2.5185 2.4746 2.4890 3.4747 2.1365 2.5567 2.4191 2.5260 2.6818 2.6554 0.3585 1.1694 2.4327 2.6554 2.7274 1.4317 2.5725 2.6641 2.4327 2.4818 2.5885 2.3731 2.7754 2.2815 2.2417 2.3991 2.8792 0.0000 1.6815 2.6641 1.1800 2.7274 1.0726 2.8054 2.4963 2.8469 3.4177 1.3686 2.1071 2.6298 3.1558 2.2757 2.4746 2.5805 0.3869 2.7656 2.4191 0.6229 2.7368 2.6641 0.9893 2.3354 1.0886 2.9955 2.6729 2.2586 2.3991 2.9356 2.3416 2.7853 1.0522 2.4057 2.6298 2.5413 1.4625 2.0465 2.4395 2.6729 2.9126 2.5725 3.0461 2.5110 2.4963 2.6729 2.4604 2.5805 2.6907 2.1772 2.4604 2.2417 2.9014 2.0465 2.7181 2.2757 3.0079 2.5336 1.1231 2.9832 2.8575 0.3154 2.8792 1.0934 2.5110 3.0995 3.0995 2.8363 2.1772 2.5966 2.8902 2.5567 3.0461 1.0338 2.8054 2.4534 2.5490 0.3317 2.8792 2.7656 2.6818 2.7559 2.4675 2.6048 2.9014 2.7274 2.8469 1.5589 2.7368 3.5347 2.5885 2.7754 2.8902 1.0822 2.5260 2.9955 2.6382 3.1273 2.1772 2.7274 3.0592 3.6651 2.6641 2.8054 1.0774 1.1729 2.6382 2.2700 1.4529 2.8054 2.7274 2.7656 2.1071 2.5413 2.7754 2.4963 2.7089 2.9473 1.9981 2.7181 2.8156 2.4604 2.6130 1.8193 0.3869 2.5413 2.7181 1.2107 2.4604 2.7089 2.3354 2.5966 2.9473 2.8363 0.3296 2.7368 3.4944 3.0332 2.7754 1.2052 2.3231 3.2002 2.9591 2.1772 2.2932 1.0278 2.7089 2.9241 2.3795 2.3667 2.2586 2.4464 2.5646 2.8259 1.1624 3.0461
PLPV_Rodent_pestivirus_isolate_RtAp-PestVJL2014_E2_821-1193_AlphaFold 3.1558 2.7089 2.3292 1.9645 4.6730 2.6818 2.9126 2.8363 3.3812 2.0740 2.3354 3.3459 2.5885 2.8259 2.7953 1.6604 1.6082 2.3667 2.4604 2.5036 0.7305 2.4604 2.8469 2.4890 2.6554 2.9591 2.1668 2.1982 2.6130 2.5260 2.8792 2.7181 1.6815 0.0000 3.3118 1.6196 2.2874 1.6224 2.9473 2.6641 3.2309 2.9591 1.6224 2.8363 2.9832 2.5885 2.1772 3.0461 2.3795 1.7846 2.6048 3.1852 1.6486 2.9955 3.0332 1.5509 2.6907 1.3951 2.5413 2.7463 2.8683 2.9126 2.7754 2.2815 2.4534 1.6969 2.5725 2.1982 3.0205 1.5669 2.3171 2.9473 2.9473 3.0205 3.2466 3.0332 2.8259 3.2002 2.4746 2.5966 2.5413 2.7463 2.2991 2.6130 2.6641 2.9126 3.2002 2.6048 2.6048 2.6818 2.3478 1.6369 2.8902 2.6382 1.5170 3.1133 1.5535 2.8575 3.0724 2.4963 3.0461 2.8156 2.9473 2.8683 2.6998 2.6818 1.4795 2.8363 2.6818 2.5966 1.6754 2.6998 2.4818 2.8259 2.8575 2.8363 2.8259 2.6907 3.3459 3.0724 1.4529 2.4890 2.8054 2.8259 3.3812 2.8792 1.7157 3.4363 2.9832 3.5555 3.1704 2.9126 2.9591 2.6214 2.8156 2.7089 2.5966 1.6634 1.5642 2.5490 2.8902 0.7527 3.0461 3.0859 3.7119 2.9711 3.2466 2.7368 2.9473 3.0859 2.7089 2.5567 2.8792 2.5646 2.9591 2.8363 2.0286 1.5915 2.4395 3.0461 1.7094 2.6382 2.7656 2.6048 2.3416 2.9591 2.2874 1.4505 2.5336 2.8575 2.9126 2.4057 1.7252 2.7181 2.9241 3.1273 3.1273 2.4258 1.5069 3.0859 2.8259 2.6907 2.6468 2.2306 3.0205 2.9955 2.7368 1.5273 2.3478
HPPV_Wenzhou_Rattus_norvegicus_pegivirus_1_E2_399-752_AlphaFold 2.3171 2.2991 3.0205 1.7778 1.0187 2.3416 2.5490 2.6907 0.6793 2.3667 2.2815 2.3416 2.4675 0.5013 2.3171 2.7754 2.7656 2.7559 1.1417 1.9240 2.7853 2.5336 0.5670 2.5110 1.9440 2.4395 2.4258 2.1217 2.7656 2.2143 0.5195 2.4675 2.6641 3.3118 0.0000 2.6641 2.5110 2.6298 2.5805 1.9481 2.2874 2.4604 2.6729 2.1415 2.2143 2.3231 2.3925 2.0928 2.5805 2.6907 2.3292 2.3540 2.7754 1.9400 2.3416 3.0461 2.5336 2.7559 2.1824 2.1929 2.3171 2.3051 0.6690 1.9360 2.3731 2.6818 2.1415 1.9240 0.9155 3.1558 2.6641 2.1217 0.9922 2.1772 2.1465 2.6641 2.1120 0.0295 1.9440 2.4191 2.5110 2.2306 2.0067 2.2874 2.0834 2.6998 2.4464 2.1876 2.3478 2.2815 2.1824 2.6907 2.1668 3.0859 2.5490 2.1929 2.9591 1.8815 2.4464 2.5036 2.1876 2.1465 2.6130 1.2444 2.0976 2.2035 3.0592 0.8737 2.7089 1.8193 2.6214 2.2143 2.1617 0.5013 2.3478 2.1929 2.4191 2.6554 1.9728 1.7381 1.5273 2.4890 1.9360 2.5805 2.4534 1.9603 2.5646 2.0648 1.8777 2.3925 1.0445 2.3478 2.7656 2.4746 1.9603 2.4890 1.8665 2.3925 2.6048 2.4818 2.4258 3.0205 2.1023 2.2932 2.1516 0.9236 2.3478 3.0332 2.3925 2.8363 2.5413 2.0740 1.9006 0.8866 1.8336 2.5260 2.4191 2.6907 2.2252 2.1415 2.7853 2.3354 1.9400 2.4746 1.9603 2.3051 2.4464 2.4057 2.4604 2.5966 0.7110 2.3416 2.4534 1.9896 2.2700 1.9400 2.6907 1.9811 3.1273 1.7220 3.2787 2.3603 2.3860 2.1168 0.6669 2.3603 1.8702 2.3354 2.6907
PLPV_Pestivirus_reindeer-1_V60-Krefeld_E2_691-1063_AlphaFold 2.7181 2.6998 2.5110 1.8088 2.6729 2.5260 2.7656 2.5805 2.6298 2.8054 2.7181 2.8683 2.4604 3.1558 2.5413 1.1871 0.3652 2.9014 2.4124 2.6214 1.5832 2.7089 2.5725 2.7181 2.5646 2.7181 2.2932 2.5725 2.5185 2.8156 2.9356 3.0592 1.1800 1.6196 2.6641 0.0000 2.9241 0.5389 2.9356 2.5885 2.7463 2.7274 0.8251 2.2586 3.0859 2.7368 2.0111 2.2252 2.2757 1.0461 2.7853 2.6468 1.0083 2.5646 2.6818 0.9331 2.2991 0.9345 2.4464 2.6554 2.8792 3.0461 2.4534 2.4746 2.4258 0.5056 2.1316 2.1465 2.6214 1.2774 2.3603 2.9356 2.4890 2.2197 2.8469 3.0592 2.6298 2.5966 2.4057 2.3478 2.2874 3.0724 2.7754 2.6298 2.4534 2.1365 2.7853 2.7274 2.2874 2.8259 2.4327 0.5624 2.5336 2.4604 1.1032 2.4258 0.3968 2.6468 2.6641 2.6214 2.8054 2.5885 2.6298 2.8054 2.7754 2.8259 0.8484 2.3991 2.2991 2.4124 1.1519 2.1617 2.6298 3.1558 2.9356 2.2473 2.2874 2.4818 2.6468 2.3111 2.3051 3.1133 2.9473 2.7181 2.5490 2.1316 0.3461 2.9591 3.0592 2.3354 2.6729 2.5185 2.9356 2.9126 2.4124 2.2417 2.0420 0.3846 0.4488 2.6468 2.8259 1.4064 3.2154 2.5885 2.7754 3.5347 2.6729 2.6130 2.3231 2.5185 2.3478 2.5490 2.6998 2.7089 2.5036 2.9014 1.6846 1.0934 2.4534 2.9241 0.5651 2.1668 2.6298 2.5646 2.6382 2.4258 2.7089 1.0399 2.5805 2.9014 2.6907 2.4327 0.2763 2.2874 2.6048 2.6298 2.3603 2.1365 0.9331 2.5185 2.5725 2.4818 2.7853 2.4327 3.1273 2.5805 2.0881 0.5497 2.5885
HPHV_Hepacivirus_K_E2_384-707_AlphaFold 3.0205 2.4464 1.7479 2.3051 2.5490 2.2035 2.5490 1.9939 2.7853 2.1668 2.0834 2.3231 1.8815 2.1465 1.6311 2.5490 2.5036 2.4890 2.3171 2.7559 2.5110 2.9126 2.3171 2.0286 2.4464 1.5832 2.0928 1.7284 2.2035 1.9083 2.3292 1.8853 2.7274 2.2874 2.5110 2.9241 0.0000 2.4963 2.1617 2.8054 2.1982 2.2815 2.7853 1.9603 2.2991 1.8665 2.5805 1.5615 1.6634 2.6641 2.1617 1.9686 2.4464 2.1266 2.4534 2.5885 1.8777 2.4604 2.0740 2.2815 2.3731 2.7559 2.4963 1.7914 1.7744 2.6468 1.9686 2.0510 2.0881 2.3051 2.5260 2.2362 2.4746 2.3991 2.6641 2.6130 2.2815 2.5413 2.2306 1.9240 2.1168 2.4746 2.0286 2.1617 2.0740 2.2991 2.1217 2.4258 1.7846 1.8264 2.0111 2.9241 2.1876 1.6427 2.8259 2.3860 2.4890 2.2035 2.5490 2.0111 2.3603 0.8447 2.0375 2.6554 1.7125 1.8702 3.0461 2.3111 1.8591 2.2306 2.8683 2.3111 1.7252 2.1465 1.7062 3.1414 1.6664 1.6754 2.4890 2.2932 1.9400 1.5456 2.2815 2.1023 1.9603 2.4746 2.7853 2.0694 2.2874 2.2874 2.4395 2.2362 2.2143 2.1824 2.1120 1.6253 2.3731 2.7656 2.3731 1.9854 2.2757 2.5110 2.2700 1.8480 2.0420 2.5725 2.1120 1.5860 1.5943 2.4057 2.0740 1.7220 2.4258 2.4675 2.3171 2.0510 2.8469 2.7181 1.7316 2.7368 2.5725 2.0111 2.2815 2.1415 2.6998 1.5915 2.4124 2.7181 2.0375 2.0286 2.5185 1.9562 2.6214 2.0787 2.4890 2.3231 2.2932 2.1720 2.8363 2.4057 1.5094 1.9728 2.3795 2.1217 2.4604 1.8193 2.3667 2.6130 1.5943
PLPV_Pestivirus_PG-2_E2_690-1062_AlphaFold 2.9356 3.5347 2.7656 1.7284 2.9356 2.7953 3.0859 2.1982 2.7853 2.2035 2.9832 2.5805 2.8259 2.4746 2.5725 1.1537 0.5195 2.8363 2.6382 2.7274 1.7252 2.7181 3.0859 3.0995 2.5110 2.8156 2.4327 2.2306 2.2643 2.4124 2.6729 3.2625 1.0726 1.6224 2.6298 0.5389 2.4963 0.0000 2.5805 2.9955 2.6818 2.9126 0.8447 2.6998 2.7274 2.5413 2.0465 2.0976 2.6907 1.1382 3.0859 2.6382 1.1782 2.6729 2.7181 0.9807 2.0242 1.0187 2.1929 3.0995 2.8259 2.5336 2.4818 2.1824 3.0461 0.4818 2.1982 2.8054 3.4747 1.2656 2.6729 2.8902 2.6641 2.7853 2.8683 2.8683 2.6298 2.6468 2.9591 2.4057 2.5490 2.6130 2.6130 2.4258 2.2252 2.3795 2.6818 2.8259 2.2700 2.5110 2.8902 0.5533 2.2362 2.7656 1.1554 2.7953 0.5389 2.4818 2.3171 2.4395 2.7463 3.0592 2.9356 2.7274 2.4258 2.3795 0.8918 2.7089 2.2473 2.4746 1.1399 1.9280 2.8575 2.4746 2.6818 2.3171 2.6382 2.5413 2.7089 2.9126 1.7846 2.6214 2.6298 2.4057 2.6382 2.5490 0.5230 2.3354 3.0332 2.3731 3.0205 2.0602 3.0461 2.6729 2.5260 2.7656 2.7754 0.5461 0.6210 2.6907 2.8156 1.5805 2.3991 3.4747 2.5885 3.0461 2.6818 2.7953 2.4818 2.8575 2.5185 2.7559 2.9356 2.9832 2.5490 2.6554 1.9521 1.1349 2.3603 2.7181 0.2170 2.4534 2.3540 2.6048 2.5413 2.5260 2.8363 1.0338 2.6554 2.3231 2.8575 2.6382 0.5716 2.4534 2.5336 2.6554 2.7853 2.1316 0.9735 2.6818 2.7656 2.1465 2.6554 2.8469 2.6468 2.5567 2.3540 0.5753 2.6998
HPHV_Possum_hepacivrus_E2_342-627_AlphaFold 2.3416 2.1929 2.5490 2.1365 2.5725 2.1365 2.4258 1.5805 2.4464 1.5805 2.1168 1.7479 1.5273 2.7089 1.8929 2.8469 3.0724 3.0079 2.5490 2.2874 2.7463 2.8683 2.4534 1.4247 2.4258 2.8363 2.2991 2.1668 1.6224 1.8480 2.9473 1.8628 2.8054 2.9473 2.5805 2.9356 2.1617 2.5805 0.0000 2.3860 2.1465 2.7853 2.4395 1.4224 2.0510 2.0648 2.1982 1.8702 2.5036 2.5036 1.6282 1.4553 2.4124 2.4057 2.7559 2.3925 1.3323 2.3292 1.4410 1.5562 1.6398 2.9473 2.2197 1.2617 1.5120 2.9014 1.4918 2.1876 2.3991 2.6468 2.4746 2.4963 3.3287 2.5805 2.5646 2.5413 2.1617 2.4124 2.0694 1.5044 1.7252 2.6048 1.9562 1.7094 1.4247 2.3991 2.1120 2.2252 1.4529 1.8777 2.2529 3.5766 2.3925 2.4327 2.7274 2.7559 2.7559 2.1566 2.2991 2.2306 2.4464 2.0465 1.9201 2.8902 1.6054 1.8018 3.2002 2.8575 1.4109 2.4746 2.6554 2.4191 2.3171 2.7089 2.6907 2.2143 1.6754 2.4327 2.3540 2.0286 1.5562 2.4675 2.8259 1.4819 1.4481 2.5725 2.7181 2.2473 2.1516 2.4464 2.4057 2.2306 2.0928 2.2643 2.4057 2.4963 2.5646 2.6641 2.3860 1.4481 2.0976 2.7463 2.4464 2.3354 2.5413 2.5036 2.2643 2.4818 1.5430 1.9603 1.5018 1.7125 2.8902 2.9014 2.3478 1.9280 2.1516 2.6130 1.6311 2.3795 3.1852 2.3231 2.4057 1.6139 2.7754 3.0461 2.0740 2.3603 1.5299 2.5966 2.4057 1.5325 2.6554 2.3111 2.1120 2.6298 2.1876 1.2349 2.7368 2.5646 2.4258 1.6340 1.4601 1.5120 2.9473 1.9320 2.5336 2.7463 2.4963
HPPV_Bat_pegivirus_PDB-694_E2_258-574_AlphaFold 2.7089 2.6382 2.3171 2.0111 1.9896 2.9014 2.5036 2.2991 2.1071 2.6818 1.9044 2.2306 2.5036 1.8591 2.3051 2.6048 2.4464 1.9083 2.0331 1.7252 2.9014 2.5260 1.9161 2.7953 1.6664 2.8792 2.2035 2.1566 2.7274 2.6468 1.9811 2.5966 2.4963 2.6641 1.9481 2.5885 2.8054 2.9955 2.3860 0.0000 2.8156 2.8683 2.4327 2.5646 2.9591 2.7953 3.8639 2.1617 2.3540 2.8469 2.7559 2.2815 2.7559 1.4201 1.9360 2.5805 2.4057 2.5336 2.4327 2.8469 1.7983 2.2473 1.8967 2.2757 3.1133 2.5567 2.4604 1.6604 1.9603 2.4675 3.0592 1.8300 1.9981 1.4363 1.3365 2.5185 1.7544 1.9240 2.1071 2.4395 2.7368 0.3064 2.1217 2.5646 2.7953 2.4675 2.2643 2.4464 2.4191 2.4818 2.6554 2.6298 1.9240 2.5036 2.6382 0.7283 2.4746 1.6340 1.8554 2.3603 1.5482 2.2757 2.2197 2.0928 2.3795 2.4890 2.8259 1.9481 2.5336 1.6785 2.6641 2.2417 2.7181 1.8591 2.2643 2.3540 2.4258 2.5725 0.1285 1.8300 4.4579 2.8259 2.4534 2.1316 2.4258 1.3817 2.2991 2.4890 2.1365 1.6785 2.0111 2.1876 2.4258 1.4673 1.5509 3.0859 1.3973 2.4963 2.4464 2.2089 2.4395 2.8575 1.4410 2.3991 2.3292 2.2529 2.2757 2.5036 2.2815 2.5805 1.9122 2.2252 1.6456 1.9201 1.3862 2.5185 2.6130 2.8575 2.6818 1.5832 2.4746 2.5885 1.4722 2.4395 1.4746 2.5110 2.7463 2.0740 2.1316 2.2143 1.8554 2.4464 2.7089 2.0242 2.6554 1.4293 2.1668 1.9981 2.6130 1.5589 2.6998 2.9014 2.1720 2.2757 2.0834 2.5036 1.3929 2.5413 2.2473
HPHV_Rodent_hepacivirus_TA142TZA2013_E2_360-691_AlphaFold 0.7349 0.7572 2.2757 3.0461 2.4818 0.7720 0.7731 2.6382 2.4890 2.3354 1.7949 1.4132 2.3860 2.2362 2.4124 2.6818 3.1273 2.4604 3.3287 2.1617 2.7368 2.4534 2.3416 2.3292 2.1266 3.2002 2.1982 2.2417 2.4464 2.4675 2.2417 2.9832 2.8469 3.2309 2.2874 2.7463 2.1982 2.6818 2.1465 2.8156 0.0000 2.4464 3.0995 2.0740 0.7777 1.8665 2.5567 2.2757 2.5567 2.7853 2.4191 2.5110 2.9356 2.1566 2.4395 2.8575 2.6468 2.8792 2.4258 2.8054 2.6468 2.6130 2.3860 2.2089 2.1617 2.6554 2.1617 2.2586 2.3667 2.9126 2.9014 2.3667 2.3603 2.4191 2.8363 2.6130 2.3231 2.2143 2.1824 2.3540 2.2874 2.2362 1.9320 2.7559 2.1266 1.8300 1.9645 0.7272 2.1415 2.1415 2.5567 2.6554 2.1168 2.7463 3.0461 2.5036 2.6298 2.3478 2.2473 2.3860 2.6818 2.0602 2.3292 2.6554 2.4191 2.3795 2.9711 2.7274 2.0286 2.4395 2.8259 2.5646 2.1023 2.2362 2.4258 2.3171 2.6907 2.4057 2.8363 2.3991 1.9562 3.3287 2.2035 2.5185 2.8054 2.7274 2.4746 2.0465 2.2586 2.1876 2.5413 1.8777 2.1365 2.2529 2.2874 2.5260 2.7274 2.9473 2.9356 2.5646 0.7527 2.7463 2.4191 2.5260 2.2815 2.4258 2.0834 2.6048 2.4464 0.7294 2.1929 2.3795 2.3603 2.4604 2.5110 2.5490 2.5725 3.2951 2.1566 2.4818 3.2154 2.6818 2.2089 2.9832 2.1772 2.7089 0.7460 2.6130 2.3925 3.1133 2.0740 2.3051 2.6214 1.8702 2.4890 2.3860 2.2252 2.1023 2.9126 2.4395 2.3354 2.3603 2.5885 2.6130 2.3292 2.3860 2.6641 2.8156 2.1617
HPHV_Hepatitis_GB_virus_B_E2_350-669_AlphaFold 2.1929 2.4124 2.3795 1.4247 2.1929 2.4258 2.3292 1.1554 2.5185 1.5778 1.9280 2.5185 1.4132 2.4124 1.2540 3.8639 2.7953 2.6998 2.6048 2.3292 2.5725 2.4604 2.4124 1.2070 3.1133 2.6641 1.9854 2.4963 1.5325 1.5642 2.7274 1.3323 3.4177 2.9591 2.4604 2.7274 2.2815 2.9126 2.7853 2.8683 2.4464 0.0000 2.4327 1.4363 2.3416 2.2197 2.6214 1.3116 2.3540 2.8363 1.2089 1.4293 2.9591 2.6130 2.6382 3.0461 1.2034 2.8469 1.3996 1.2387 1.5222 2.4818 2.6214 1.1961 1.2444 2.5490 1.7611 2.4258 2.4258 3.2309 2.7656 2.4746 3.2309 2.8575 2.6130 1.6224 2.8792 3.0724 2.2089 1.4293 1.3260 2.3540 2.4963 1.2598 1.1925 2.8469 3.1704 2.3795 1.1641 1.1782 2.4534 2.9241 2.2932 2.7368 3.5766 2.5110 2.9473 2.5490 3.0205 0.8788 2.5185 2.5966 1.2089 3.1273 1.2144 1.2274 2.9356 2.5413 1.6969 2.2529 3.7360 2.0556 2.0928 2.4124 2.1415 2.5336 1.3365 2.0242 3.2154 2.6382 2.2417 2.5336 2.3860 1.4819 1.3862 2.8902 3.2002 3.1852 2.4890 2.6214 2.7754 3.0592 1.6196 2.6998 2.4746 2.4818 2.8469 2.4395 3.1558 1.4132 2.4124 2.4675 2.7853 2.4327 2.4818 2.8683 2.4890 2.4746 1.1554 2.4327 1.3513 1.3428 2.5966 3.0205 2.5413 1.2559 2.9014 2.8156 1.2734 2.6382 3.2625 1.7711 2.5185 1.3751 3.4363 2.5413 2.1415 3.0995 1.3428 2.4124 2.3231 1.4155 2.9711 2.3667 3.0205 2.9241 2.7274 1.1747 2.9591 2.9126 2.0242 1.1554 1.4458 1.3929 2.4258 1.2973 2.5336 3.1273 2.3991
PLPV_Pronghorn_antelope_pestivirus_E2_688-1058_AlphaFold 3.0205 2.9591 2.7559 1.8815 2.9356 3.3812 2.8469 2.6998 2.7089 2.8054 2.7089 2.6641 2.7656 2.5185 2.5966 1.2034 0.8584 2.5646 2.9014 2.3795 1.9083 2.8575 2.6554 2.7853 3.6883 2.7559 3.0995 2.7853 2.4604 3.1704 3.0995 2.4675 1.3686 1.6224 2.6729 0.8251 2.7853 0.8447 2.4395 2.4327 3.0995 2.4327 0.0000 2.8054 2.8575 2.6382 2.1566 2.7368 2.5260 1.0822 2.9356 2.9356 1.2873 2.3051 2.4963 1.1818 2.6048 1.0024 2.9832 2.7656 3.3634 3.3459 2.6382 3.0995 2.6907 0.8970 2.4191 3.2951 2.7089 1.1818 3.5347 2.6907 2.7089 2.8156 2.7089 2.7181 2.9832 2.4604 2.5185 2.9591 2.4818 2.7559 2.4258 2.2700 2.7463 3.0724 2.5805 2.7463 2.6298 2.4534 3.0079 0.9636 2.1772 2.5413 1.1332 2.5413 0.8547 2.5260 2.4464 2.6048 2.6298 2.4963 2.8683 2.6818 2.4890 3.1133 0.9980 2.3795 2.3171 2.5646 1.1676 2.3292 2.9014 2.5185 2.2932 2.5646 2.3860 2.6641 2.5413 3.0332 1.7880 2.8683 3.0205 2.9014 2.8259 2.3991 0.7835 2.5185 2.8363 2.8469 2.6729 2.7559 3.3459 2.5805 2.8683 2.8792 2.3731 0.8348 0.9196 2.5036 2.7181 1.7157 2.8902 2.5036 2.8054 3.2466 2.8156 2.3667 2.7181 2.6298 2.4534 2.4746 2.2932 2.6298 2.4464 2.2035 2.4746 1.1961 2.6818 2.6214 0.8698 2.4057 2.9473 2.5567 2.7368 3.2002 3.0332 1.0710 2.9241 3.2625 2.9591 2.7274 0.7905 2.0787 2.6729 2.9711 3.0724 2.9126 1.1502 2.5260 2.6130 2.5110 2.7463 2.6998 2.8575 2.8054 2.3795 0.8547 2.1516
HPHV_Sifaka_hepacivirus_MH824541_E2_405-654_AlphaFold 1.9320 2.2815 2.7089 2.3171 2.5567 2.3111 2.2089 1.2520 2.3991 1.2873 1.9981 1.9400 1.2774 2.3478 1.3729 2.6907 2.5646 2.3416 2.3731 2.3416 2.4890 2.6382 2.1876 1.1065 1.9603 2.8792 2.0834 1.9854 1.2993 1.4505 2.5260 1.4041 2.1071 2.8363 2.1415 2.2586 1.9603 2.6998 1.4224 2.5646 2.0740 1.4363 2.8054 0.0000 2.2815 2.1929 2.3795 1.3951 2.6554 2.9832 1.0983 1.2793 2.5567 2.6641 2.2252 2.1365 1.1298 2.5725 1.2853 1.1114 1.4553 3.0592 2.2529 1.1365 1.0870 3.2625 1.3302 2.1415 2.4818 2.9241 2.2197 2.0556 2.6468 2.2362 2.3292 1.7252 2.5725 2.6214 2.2700 1.2913 1.0758 2.5646 1.9603 1.3281 1.2237 2.7953 2.0740 2.1217 1.2933 1.0838 2.2417 2.3603 2.2874 2.6818 3.5144 2.5185 2.3416 2.6382 2.4746 1.6196 2.0881 1.7479 1.3136 2.7754 1.5860 1.5351 2.9955 2.1720 1.2218 2.7368 2.5336 2.5567 1.9854 2.3478 2.5260 2.5036 1.7125 3.0079 2.7089 2.3416 2.4258 2.2874 2.4604 1.1979 1.2218 2.1516 2.5490 2.8156 2.4464 2.4675 2.5260 2.0331 1.6515 2.0286 2.2089 2.6382 2.2035 2.2197 2.4675 1.2016 2.1668 2.6554 2.2473 2.4746 3.0859 2.5336 2.1876 2.4464 1.0353 2.0976 0.1506 1.3095 2.5805 2.4124 2.5336 1.6785 1.9811 2.6998 1.2973 2.8469 2.5490 2.6729 2.4746 1.2617 2.5646 2.7089 2.2417 2.3111 1.3386 2.2932 2.5036 1.3323 2.8363 2.1465 1.9896 2.6382 2.1071 1.1979 2.2252 2.8054 2.6729 1.4770 1.2330 1.1315 2.4890 1.4178 2.1465 2.5185 2.5185
HPHV_Hepacivirus_J_isolate_Hepacivirus_RMU10-3382GER2010_E2_349-698_AlphaFold 0.8447 0.8762 2.2417 2.4191 2.4818 0.9304 0.8398 2.0375 2.4818 2.2643 1.9006 1.4340 2.2089 2.4534 2.2143 2.7559 2.2700 2.1929 2.1929 2.3111 2.6998 2.3416 2.2700 2.3667 2.2932 2.6298 2.2874 2.1824 2.3603 2.2529 2.3416 2.4604 2.6298 2.9832 2.2143 3.0859 2.2991 2.7274 2.0510 2.9591 0.7777 2.3416 2.8575 2.2815 0.0000 1.8088 2.4464 2.2529 2.3478 2.7559 2.3860 2.2815 2.7463 2.4604 2.5036 2.2473 2.5725 2.6298 2.5260 2.2932 2.3051 2.3292 2.3111 1.9280 2.4057 2.4675 1.9811 2.4124 2.3292 2.4464 2.5885 2.8156 2.5036 2.4057 2.4675 2.3231 2.6214 2.5036 2.3171 2.1217 2.1668 2.9014 1.9728 2.4327 2.2473 2.1566 1.8702 0.9023 2.0286 2.2700 2.7274 2.2529 2.3171 2.1365 2.9955 2.7274 2.4963 2.2089 1.7511 2.7463 2.5336 2.1365 2.2143 2.1516 2.1720 2.4534 3.0859 2.4818 2.1023 2.5646 3.4553 2.3860 2.5646 2.4534 2.2757 2.2143 2.3667 2.3171 2.6554 2.6468 2.0510 2.4818 1.8628 2.2473 2.2143 3.0079 2.6729 1.6082 2.6214 2.5110 2.3860 2.0834 2.1516 2.4818 2.6214 2.5260 2.5725 2.4963 2.3171 2.3111 0.8522 2.7953 2.5110 2.4818 2.4818 2.6554 1.8815 2.1217 2.5110 0.8801 2.3860 2.6907 2.3925 2.4746 2.4604 2.5646 2.6468 2.7754 2.5646 2.4057 2.5490 2.0740 2.5805 2.5885 2.4604 2.3540 0.8422 3.0995 2.1415 2.6298 2.2643 2.1415 3.0461 2.7853 1.9562 2.4191 2.7853 2.0331 2.2700 2.4675 2.3354 2.2362 2.1982 2.1566 2.6048 2.1668 2.5036 2.8259 2.4057
HPHV_Chinese_broad-headed_pond_turtle_hepacivirus_E2_495-722_AlphaFold 1.9645 1.5377 1.9122 1.5832 2.1071 1.9686 1.8591 2.2362 2.6048 2.7953 1.3795 1.5696 2.2643 2.1168 1.9006 3.0079 3.3634 2.3860 2.3171 2.3416 2.6998 2.8469 2.3354 2.4534 2.0556 2.0465 2.4395 1.6253 2.3171 2.2757 2.2757 2.1516 3.1558 2.5885 2.3231 2.7368 1.8665 2.5413 2.0648 2.7953 1.8665 2.2197 2.6382 2.1929 1.8088 0.0000 2.6130 1.8628 1.8777 3.0079 1.9400 2.3667 2.2252 2.3860 2.2143 2.7089 2.3231 2.6641 2.3171 2.5260 2.0740 2.1876 2.3540 2.1217 2.1824 2.8683 2.0976 2.1824 2.5036 2.6468 3.2466 2.1365 2.6907 2.4675 2.6214 2.1120 2.3416 2.5110 2.1415 2.1668 2.4963 2.8156 1.5247 2.3478 2.2757 1.8739 1.4993 1.8264 2.0976 2.0694 2.1120 2.8054 1.7846 1.8336 3.3287 2.3111 2.9014 2.3667 2.0740 2.2143 2.4258 1.9562 1.9896 2.4395 1.7677 2.2035 3.3634 2.3540 2.1465 2.1824 3.1704 1.8929 2.1168 2.1168 2.0286 2.5036 1.7479 1.9854 2.6130 2.0465 1.9854 2.1120 1.9939 2.6729 2.4675 2.5725 2.7463 1.4270 2.1023 2.1516 2.2362 2.0024 2.2252 2.1772 2.4124 2.2700 2.6554 2.6130 2.4604 2.3795 2.0331 2.6907 2.4464 2.0881 2.3478 2.2473 0.6074 1.9811 2.3051 1.7611 2.0787 2.0420 2.5413 2.3731 2.1617 2.3111 2.5805 2.7853 2.3354 2.3231 2.9955 1.7677 2.2932 3.0079 2.6048 2.1316 1.7914 2.9832 2.0881 2.1365 2.4746 1.9161 2.9591 2.2089 1.7349 2.6818 2.5885 2.0834 3.0995 2.4395 2.2529 1.9811 2.4395 2.2874 2.7853 2.4675 2.3171 3.1558 1.8517
PLPV_Zikole_virus_E2_710-948_AlphaFold 2.7089 2.2362 2.5413 1.8929 2.4191 2.6298 2.4395 2.5646 3.0205 2.6298 2.1023 2.6554 3.3118 2.9955 2.2815 1.9981 2.1316 2.3171 2.9955 2.3731 1.6574 2.3925 2.5110 2.4327 2.6048 2.8683 2.5260 2.2815 2.6641 2.7853 2.9473 2.3478 2.2757 2.1772 2.3925 2.0111 2.5805 2.0465 2.1982 3.8639 2.5567 2.6214 2.1566 2.3795 2.4464 2.6130 0.0000 2.1516 2.7368 2.4464 2.5036 3.0461 1.7094 3.0592 2.8259 1.9360 2.4746 1.5642 2.7463 2.3731 3.7119 2.7953 2.4464 2.5260 2.5036 1.9440 2.2362 2.2529 2.4191 2.3603 0.6507 2.5413 2.2991 2.4675 2.6729 3.0332 3.2154 2.6641 2.2815 2.6998 2.5036 2.8792 2.1316 2.6214 2.5725 2.1876 2.6907 2.5966 2.7181 2.1465 2.7274 1.9686 2.9955 2.2815 1.8591 3.4747 1.9603 2.4746 3.0205 2.4818 3.0079 2.4534 3.1558 2.7463 2.8363 2.5260 2.1982 2.5725 2.5966 2.7656 2.1023 2.7181 2.6818 2.9955 2.8363 2.6130 2.9832 2.5413 3.8373 2.5336 1.3535 2.6907 2.7953 2.9955 2.6468 2.5885 1.8300 2.6130 3.1273 2.8683 2.5725 2.7853 2.7953 2.9241 3.0995 3.2951 2.8156 1.8967 2.0331 2.7754 2.1617 1.7914 2.5805 3.1558 2.5260 2.7368 2.4818 2.3603 2.5725 2.3540 2.2700 2.4191 3.0332 2.5966 2.6641 2.2874 0.2458 2.2815 2.8363 2.9356 2.0648 3.0724 2.4746 3.0461 2.5805 2.5336 2.3111 2.1316 2.3925 3.0079 3.0859 2.5805 1.7157 2.2586 2.4464 3.7119 2.2252 2.5336 1.6815 2.6382 2.7089 2.3111 2.9241 2.1566 2.7368 2.4675 2.9126 1.7220 2.7953
HPHV_Guereza_hepacivirus_E2_393-653_AlphaFold 2.2700 2.2252 1.8967 1.3708 2.1316 4.0057 2.5110 1.2933 2.3051 1.5044 2.6818 2.0286 1.4270 2.3540 0.3084 2.4675 2.1772 2.6468 2.5036 2.4534 2.5567 2.2089 2.1617 1.4894 1.9562 1.7094 2.2932 2.4327 1.5723 1.4993 2.5725 1.4746 2.4746 3.0461 2.0928 2.2252 1.5615 2.0976 1.8702 2.1617 2.2757 1.3116 2.7368 1.3951 2.2529 1.8628 2.1516 0.0000 2.0154 2.6554 1.5535 1.5351 2.5110 2.7559 2.6214 2.4604 1.3449 2.3795 1.6846 1.5805 1.7778 2.2932 2.3354 1.2993 1.5998 2.3354 1.3116 2.6298 2.5185 2.9241 2.5490 2.2252 2.2362 2.6214 2.2197 1.8300 2.5185 2.0694 2.0740 1.4968 1.3729 2.5966 2.1316 1.3642 1.1889 1.9201 2.3051 2.2700 1.3116 1.1131 2.0111 2.4675 2.4191 1.6634 2.6907 2.0694 2.2932 2.2035 2.1217 1.4018 2.4258 1.7611 1.2893 3.0079 1.3302 1.4270 2.7368 2.3603 1.1997 2.2757 2.5966 1.8158 1.6456 2.3540 1.7157 2.7463 1.7094 1.7677 2.4963 2.0787 2.3051 1.6724 2.3354 1.5247 1.4505 2.5336 2.4890 2.6729 2.1772 2.1365 2.4963 1.8929 1.5482 2.5567 2.3603 1.6369 2.4057 2.5260 2.0242 1.5535 2.4890 2.6641 2.6048 1.8665 2.7559 2.0465 2.0834 1.6876 1.3973 2.3292 1.3906 1.3664 2.4258 2.3354 2.3478 1.4109 2.8792 2.6641 1.3664 2.8683 2.1465 1.8665 2.0976 1.6369 2.4675 1.6398 2.3292 2.7656 1.4918 2.3051 2.4057 1.4458 2.3603 2.1824 2.9014 2.5260 2.8469 1.3621 2.3731 2.6048 1.9981 1.2913 1.5535 1.4458 2.3860 1.5069 2.8156 2.1668 1.7611
HPHV_Mutant_Hepacivirus_clone_S83cc_E2_385-749_AlphaFold 2.4327 2.5885 0.3681 2.5567 2.8363 2.6048 2.2473 2.2306 2.6907 2.3354 1.9854 2.0928 2.2529 2.4057 1.7611 2.9832 2.5885 2.5110 2.7089 2.5646 2.5805 2.5567 2.6468 2.6382 2.6048 1.0806 2.2197 2.9241 2.4675 2.3111 2.7368 2.7181 2.5805 2.3795 2.5805 2.2757 1.6634 2.6907 2.5036 2.3540 2.5567 2.3540 2.5260 2.6554 2.3478 1.8777 2.7368 2.0154 0.0000 2.7853 2.6214 2.2035 2.6729 2.2035 2.6048 2.4464 2.3171 2.6907 2.5036 1.9240 2.2252 3.3812 2.3231 2.1217 1.9645 2.1772 2.2362 2.3540 2.5966 2.5966 3.0079 3.0461 2.3540 2.5885 2.5725 2.1316 2.6818 2.8575 2.4534 2.3667 2.1316 3.1414 2.4746 2.3991 2.4963 1.9006 2.5036 2.7274 2.2874 2.0420 2.3731 2.5110 2.4534 0.4177 3.0724 2.6048 2.6048 2.6554 2.7368 2.4675 2.5110 1.7677 2.7089 2.6298 2.1120 2.5725 2.5885 2.6907 2.3354 2.3540 2.4890 2.2089 0.3749 2.4057 0.3274 2.3731 1.9481 0.2290 2.2757 2.1929 1.9122 1.0399 2.1617 2.2417 2.5036 2.5805 2.0881 2.5260 2.4534 2.1415 2.4604 2.2252 1.9728 2.5725 2.5646 0.9778 2.7368 2.2932 2.4818 2.2417 2.7656 2.9014 2.3540 0.4193 2.3795 2.6382 2.0024 0.3778 2.0375 2.6298 2.9126 2.0198 2.4057 2.5805 2.6641 2.1929 2.3354 2.5567 1.9769 2.7181 2.9014 2.7656 2.3292 2.5185 2.4395 1.0647 2.5646 3.0461 2.4963 2.5805 2.4890 1.9981 2.7559 2.3111 2.5725 2.1982 2.4327 2.6048 2.1617 2.3354 0.1853 2.2700 2.3925 1.9603 2.9955 2.3171 2.5966 2.6130 0.4146
PLPV_Pangolin_pestivirus_strain_PPeVBIME3P019Tpangolin2018_E2_682-1049_AlphaFold 2.6818 3.4944 2.6382 1.8591 2.7853 3.2154 3.3118 2.5036 2.5885 2.4818 3.1704 2.7656 2.4890 2.8902 3.1704 0.3869 1.2578 2.9241 2.6214 2.8469 1.6026 3.0079 3.1558 2.6214 3.2154 2.8156 2.1365 2.7754 2.7463 2.6382 3.0461 2.8792 0.3869 1.7846 2.6907 1.0461 2.6641 1.1382 2.5036 2.8469 2.7853 2.8363 1.0822 2.9832 2.7559 3.0079 2.4464 2.6554 2.7853 0.0000 2.6998 2.4675 0.7110 2.8902 2.8683 1.1554 2.7089 1.2144 2.6468 3.0079 2.8363 2.8054 2.7953 2.2417 2.6382 1.2293 2.5413 2.9955 2.9832 1.4247 2.0694 2.8469 2.8469 2.8469 2.6998 2.9356 2.9014 2.7953 2.8902 2.4675 2.2932 3.2002 2.6729 2.4604 2.3795 2.1982 3.1414 2.8792 2.6641 2.8683 2.3292 1.3535 2.4464 2.5966 0.3667 2.9473 1.3281 2.7089 2.1217 3.0205 2.8054 2.8156 2.7089 2.8902 2.9241 3.2002 1.3449 2.7953 2.6729 2.6641 0.3541 2.4057 2.8054 2.8902 2.6298 2.6729 2.2932 2.4604 3.0461 3.1852 3.3812 2.9955 2.4604 2.4124 2.9126 2.7368 1.2425 2.4057 2.6729 3.0205 3.2466 2.6554 2.9014 3.0592 2.9955 2.8259 2.6641 1.2107 1.1818 2.4464 2.9241 1.5094 2.6130 3.0724 2.9711 3.3118 2.8683 2.6729 2.4057 3.4747 2.9711 2.4604 3.0461 2.7656 2.8259 2.5185 2.0420 0.3064 2.6818 3.1273 1.3686 2.4124 2.7754 2.7559 2.6554 2.5725 3.0995 0.2857 2.6130 2.7181 3.0859 2.4395 1.3492 2.4464 2.9014 2.8054 3.0079 2.1617 1.2715 2.3925 3.1273 2.5490 2.3991 2.1982 2.7089 2.3991 2.9014 1.1800 2.6641
HPHV_Rodent_hepacivirus_TA498-CTZA2013_E2_438-709_AlphaFold 2.4675 2.6048 2.0286 2.4395 2.8259 2.8259 2.6382 1.1694 2.2700 1.3302 2.5567 2.3860 1.2255 2.1516 1.4869 2.9591 2.3292 2.4258 2.3231 2.5646 2.9356 3.1414 2.3171 0.0826 2.1668 2.5413 2.0787 2.6641 1.3773 1.2311 2.4395 1.2715 2.7656 2.6048 2.3292 2.7853 2.1617 3.0859 1.6282 2.7559 2.4191 1.2089 2.9356 1.0983 2.3860 1.9400 2.5036 1.5535 2.6214 2.6998 0.0000 1.3239 2.7953 2.7953 2.6048 2.4327 1.1214 2.0602 1.0886 0.0610 1.5247 2.5490 2.3925 0.8584 0.0695 2.9711 0.9510 2.5490 2.7368 2.7274 2.4464 2.4191 2.4963 2.3731 2.6048 1.6664 2.5336 2.5336 1.9728 1.1747 1.0870 2.8259 2.1772 1.2853 0.8788 2.8156 2.1824 2.2932 0.8660 1.1298 2.2143 2.5490 2.5490 2.1168 2.8156 2.3731 2.4890 2.1071 2.8902 1.2993 2.3860 1.9083 1.1659 2.6468 1.2734 1.2993 2.5413 2.3795 0.9009 2.4604 2.5885 2.7656 2.0242 2.1516 2.0331 2.0375 1.4601 2.0881 2.6818 2.0976 2.5490 2.3667 2.5805 1.3884 1.4340 2.7559 2.6907 2.2874 2.3051 2.4963 2.1668 2.1316 1.4434 3.0079 2.4604 2.1168 2.6554 2.3860 2.3231 1.3260 2.4818 3.5981 2.5185 2.1168 2.9711 2.5490 2.3051 2.0154 0.9622 2.6729 1.1264 1.0143 2.3860 2.3478 2.3731 1.3535 2.3925 2.9473 1.2070 2.9711 2.7754 2.7368 2.3991 1.4844 2.6382 1.9981 2.4746 3.0079 1.1729 2.2362 2.3603 1.2656 2.5490 2.2417 2.3111 2.7853 1.9728 0.8724 2.3478 2.5966 2.2089 1.1365 1.4224 1.1537 2.4327 1.3729 2.6048 2.4746 2.2700
HPHV_Hepacivirus_F_isolate_NA_E2_368-647_AlphaFold 2.2529 2.3354 2.3860 2.0556 2.2362 2.3991 2.7656 1.3239 2.3354 0.4818 2.0331 2.1316 0.6876 2.3111 1.6938 2.6214 2.8575 2.9955 2.9711 2.3925 3.0592 1.9811 2.2306 1.2813 2.2252 2.3667 2.1023 2.1023 0.8373 0.7024 2.7181 1.6694 2.4191 3.1852 2.3540 2.6468 1.9686 2.6382 1.4553 2.2815 2.5110 1.4293 2.9356 1.2793 2.2815 2.3667 3.0461 1.5351 2.2035 2.4675 1.3239 0.0000 2.3354 2.5110 2.8902 2.4963 1.0631 2.6641 0.7929 1.3407 0.7460 2.3111 2.1876 1.1961 1.4625 2.5567 1.0967 2.4464 2.5185 2.5110 2.6048 1.8967 2.6729 2.5725 2.3292 1.9939 2.2643 2.2306 2.0375 0.6618 1.1434 2.2700 2.1929 1.2311 1.0128 1.9006 1.7381 2.5260 1.0790 1.1782 2.2417 2.5567 2.5646 2.4124 2.6729 2.0067 2.4604 2.0928 2.5110 1.7349 2.2700 2.0787 1.3996 2.3231 1.4943 1.5325 3.1133 2.3925 1.0838 2.2143 3.1704 3.0332 1.9240 2.3111 2.1120 2.4258 1.6456 2.3111 2.3051 2.1824 2.0648 2.2700 2.4327 0.0514 0.0631 2.2874 2.5413 2.1465 2.2643 2.6818 2.2874 2.0510 1.8815 2.5646 2.3111 2.4534 2.2643 2.4675 2.4746 0.0440 2.3991 2.6130 2.5885 2.4675 3.2625 3.0205 2.4604 2.3540 1.2125 2.5110 1.3014 1.3599 2.8575 2.4890 2.3925 1.6054 2.5490 2.7953 0.4885 2.6468 2.5490 2.4746 2.5646 0.4759 2.4675 2.3051 2.3416 2.3731 0.7035 2.2035 2.7754 0.6803 2.7953 2.5185 2.2757 2.8469 2.5260 1.0647 2.4963 2.8469 2.2932 1.4601 0.0367 1.2501 2.1516 0.6982 2.3171 2.4258 2.2815
PLPV_Pangolin_pestivirus_1_isolate_ZJ-F1_E2_706-1073_AlphaFold 2.8575 2.4818 2.5646 2.5966 2.4963 2.3667 2.9126 2.4258 2.7181 2.3731 2.7089 2.4746 2.5725 2.6048 2.7853 0.6084 0.9995 2.5567 2.5885 2.7953 1.6282 2.6729 2.9473 2.8575 2.4675 2.5805 2.8902 2.5805 2.5805 2.5336 2.3354 2.5490 0.6229 1.6486 2.7754 1.0083 2.4464 1.1782 2.4124 2.7559 2.9356 2.9591 1.2873 2.5567 2.7463 2.2252 1.7094 2.5110 2.6729 0.7110 2.7953 2.3354 0.0000 2.4675 2.8469 1.0726 2.4124 1.1164 2.8575 2.7656 2.8363 2.8469 2.5725 2.4890 2.6641 1.1365 2.9126 2.6214 2.4534 1.5120 1.8158 2.3667 2.3925 2.9126 2.6907 3.2466 2.8156 2.8575 2.9241 2.7953 2.6468 3.0461 2.3231 2.9711 2.6641 2.6130 2.4746 3.0205 3.2154 2.6130 2.4258 1.1659 2.6818 2.6382 0.5707 3.0859 1.0232 2.3603 2.6554 3.2787 2.3111 2.5336 3.1852 2.9955 2.1772 2.5885 1.2617 2.4464 2.6554 2.8469 0.6436 2.7181 2.6818 2.6048 2.8902 2.5336 2.3603 2.4818 2.7181 2.7089 1.5970 2.6998 3.0592 2.5646 2.4963 2.6468 0.9608 2.3354 2.7274 2.2932 2.8259 2.4258 3.0079 2.3478 2.8363 2.6130 2.5567 1.0069 1.1519 2.3925 3.1414 1.5535 2.7559 2.7181 2.4604 3.1273 2.6998 2.8792 2.5567 3.3634 2.7656 2.7181 2.6130 2.6998 2.9955 2.5646 1.7479 0.7685 2.5336 3.3812 1.2734 2.4464 2.6214 2.4464 2.8363 2.5413 2.8792 0.6803 3.0332 2.9126 2.8054 2.5567 1.1399 2.2700 2.6641 3.0079 2.3292 2.4464 1.0430 2.8363 2.6298 2.5036 2.3231 2.3354 2.8683 2.8156 2.7274 1.0934 2.6907
HPPV_Chimpanzee_GB_virus_C_E2_211-572_AlphaFold 2.2362 2.3478 2.5490 2.0331 1.9728 2.7181 2.9711 2.7754 2.0331 2.5036 2.3925 2.1217 2.0834 1.8628 2.8902 3.1558 2.6214 2.9014 2.0976 1.2617 2.7463 2.1071 1.9083 2.7559 1.7446 2.2417 2.0154 1.9562 2.2197 2.1365 1.9562 2.2932 2.7368 2.9955 1.9400 2.5646 2.1266 2.6729 2.4057 1.4201 2.1566 2.6130 2.3051 2.6641 2.4604 2.3860 3.0592 2.7559 2.2035 2.8902 2.7953 2.5110 2.4675 0.0000 1.7316 2.8156 2.5646 2.5110 2.3171 2.7853 2.5413 2.5966 1.9006 2.4963 2.5725 2.5185 2.1772 1.2774 1.9603 2.9014 2.8683 1.4132 2.0154 0.4520 1.3323 2.8054 1.1818 1.8702 1.8158 2.1217 2.9014 1.4387 2.1168 2.3111 2.1266 2.2586 1.9769 2.3667 2.1071 2.1617 2.1071 2.8363 1.7577 2.3731 2.4057 1.4601 2.4818 1.5222 2.3991 2.5646 0.4045 2.4057 2.6048 2.1720 2.3603 2.2417 2.8259 1.8018 2.1668 1.8444 3.1133 2.3795 2.2815 1.8628 2.3860 2.5260 2.4191 2.3354 1.4132 1.5377 2.4890 2.2874 2.0111 2.2991 2.7463 0.3907 2.5885 1.9280 1.2913 1.7031 1.7677 2.0648 2.3540 1.1554 0.4123 2.5336 0.3861 2.8792 2.8902 2.5490 2.7463 2.4818 0.3667 2.3860 2.5567 2.3540 2.5036 2.3860 2.5567 2.5336 2.3795 2.2991 0.6628 1.9006 0.1600 2.4124 2.5110 2.8792 2.5725 0.6929 2.8683 2.3731 1.1298 2.6382 1.3795 2.1316 2.3354 2.9711 2.2700 2.5185 1.8018 2.1071 2.4464 1.5325 2.3478 0.2342 2.4675 2.3354 2.7463 0.7077 2.1824 2.5567 2.5567 2.4818 2.0740 3.0079 0.3999 2.5336 2.5966
HPPV_Montifringilla_taczanowskii_pegivirus_E2_238-555_AlphaFold 2.3416 2.9955 2.4675 1.9981 2.5336 2.8054 2.4604 2.4890 2.3354 2.7463 2.5336 2.1876 2.5646 2.2473 2.3354 2.9473 2.5336 2.3416 2.1465 1.8088 2.7181 2.7274 2.2700 2.9014 1.2144 3.0205 2.2991 1.9201 2.6554 2.4604 2.2700 2.4604 2.6641 3.0332 2.3416 2.6818 2.4534 2.7181 2.7559 1.9360 2.4395 2.6382 2.4963 2.2252 2.5036 2.2143 2.8259 2.6214 2.6048 2.8683 2.6048 2.8902 2.8469 1.7316 0.0000 2.7853 2.8683 2.5567 2.3231 2.9126 2.3416 2.3991 2.0648 2.5646 2.8259 2.7559 2.4746 1.6311 2.0602 2.7754 3.4177 1.7880 2.1982 1.8929 2.0111 2.7089 1.8053 2.2815 2.0067 2.2757 2.3416 2.0154 2.3111 2.5567 2.4057 2.4258 2.4258 2.4534 2.3795 2.2362 2.1876 2.7559 0.3036 2.8259 2.8259 1.7157 2.9591 1.7446 2.8683 3.0205 1.7677 2.6048 2.6729 2.2362 2.0740 2.4746 2.6729 2.1316 2.4890 2.0602 2.9591 2.1824 2.5725 2.2473 2.3292 2.5036 2.3478 2.4746 2.1720 1.8739 1.6311 2.7463 2.4464 2.8902 2.4327 1.9360 3.0205 2.8902 2.4395 1.0476 2.0198 2.0740 2.4124 1.5696 1.7031 2.3667 1.9240 2.9356 2.6130 2.5185 2.4534 3.2309 1.8300 2.8054 2.3292 2.1316 2.3292 2.7181 2.5567 2.2362 2.2089 2.5805 1.9240 2.0834 1.8591 2.4963 2.5413 2.9473 2.6130 2.0331 2.8902 2.5567 1.6938 2.6907 1.8193 2.4124 2.4057 2.7559 2.5185 2.4395 2.1929 2.3795 2.7368 1.6815 2.6554 1.8480 2.0510 2.6048 2.7274 1.8193 2.7559 2.4464 2.5725 2.7559 2.3111 2.4963 1.8967 2.6298 2.2586
PLPV_Linda_virus_strain_Austria1_E2_703-1075_AlphaFold 2.9126 3.0592 2.4327 2.1415 2.5110 2.7274 2.6907 2.7656 2.5646 2.2306 2.4191 2.9126 2.3292 2.5567 2.2932 1.0902 0.9692 2.5805 2.7368 2.7463 1.6876 3.0332 2.8575 2.5490 2.6214 2.4818 2.2473 2.3991 2.1516 2.4746 2.4746 2.4746 0.9893 1.5509 3.0461 0.9331 2.5885 0.9807 2.3925 2.5805 2.8575 3.0461 1.1818 2.1365 2.2473 2.7089 1.9360 2.4604 2.4464 1.1554 2.4327 2.4963 1.0726 2.8156 2.7853 0.0000 2.1316 0.6960 2.2417 2.3860 2.6729 2.4534 2.5490 2.3540 2.5646 1.0774 2.8902 3.1414 2.7368 1.3449 2.0976 3.1852 3.1133 2.7463 2.7463 3.3459 2.4818 2.8259 2.9711 2.4818 2.6641 2.5885 2.2252 2.5336 2.5646 2.6641 2.6998 3.2787 2.3478 2.6130 2.2417 0.9893 2.4818 2.4395 1.1281 2.7953 0.9821 2.5413 2.5336 3.1273 2.5805 2.3478 2.9014 2.6729 2.3667 2.3795 0.8970 2.3667 2.5185 2.7754 1.0338 3.0079 2.3171 2.5567 2.5567 2.3111 2.2252 2.7368 2.5490 2.3795 2.0067 2.4534 3.0205 2.5260 2.6818 2.5805 1.0202 2.6729 2.7181 2.6641 2.4746 2.2089 2.8575 3.2951 2.7853 2.5646 2.7368 0.9951 1.0399 2.3354 2.4604 1.6634 2.5966 2.8054 2.5260 2.6907 3.9761 2.3603 2.5336 2.4890 2.4675 2.7368 2.9014 2.5110 2.6641 2.5966 1.7846 1.1298 2.5885 2.7656 0.9721 2.0465 3.0079 2.1120 2.5490 2.5646 3.4747 0.9980 2.4258 2.9711 2.5036 2.2932 1.0083 2.4818 2.5490 2.4191 2.9832 2.3111 0.4911 2.9711 2.8259 2.3860 2.5725 2.3731 2.7181 2.4534 2.5336 0.9290 2.8683
HPHV_Norway_rat_hepacivirus_2_E2_383-652_AlphaFold 3.8373 2.7754 2.4963 1.9440 2.6641 3.0995 2.8054 1.3535 2.7463 1.1247 2.3354 2.2306 1.1098 2.1772 1.2793 2.5110 2.1617 2.5805 2.7656 2.7463 2.7089 2.5336 2.3925 1.0918 2.3354 2.1617 2.5413 2.1516 1.2734 1.3323 2.5110 1.4481 2.3354 2.6907 2.5336 2.2991 1.8777 2.0242 1.3323 2.4057 2.6468 1.2034 2.6048 1.1298 2.5725 2.3231 2.4746 1.3449 2.3171 2.7089 1.1214 1.0631 2.4124 2.5646 2.8683 2.1316 0.0000 2.3478 1.1485 1.0854 1.1399 2.3292 2.8902 0.9622 1.0870 2.2757 0.8762 2.5110 2.8363 2.7181 2.3860 2.1023 2.5725 2.6818 2.4057 1.7711 2.3111 2.6818 2.1566 1.0983 1.1114 2.2306 2.1168 1.2444 1.0054 2.1720 2.0740 3.0859 1.0445 0.9980 2.6554 2.3991 2.5725 2.4124 2.6214 2.2362 2.2035 2.4124 2.8054 1.3281 2.9126 2.1071 1.3136 2.3540 1.2675 1.3664 2.4890 2.1929 0.8996 2.8363 2.4057 3.1558 1.8665 2.1772 2.2700 2.2197 1.5887 2.2035 2.2586 2.2991 2.4534 2.2529 2.4534 1.1048 1.1298 3.0995 2.2362 2.7559 2.5885 2.9591 2.4057 2.5646 1.6340 2.0331 2.5646 2.4534 3.2951 2.4818 2.1617 1.1197 2.2035 2.6298 2.7754 2.1415 2.4890 2.5036 2.2197 2.4327 0.9427 2.2529 1.1048 1.1764 2.5805 2.1772 2.3478 1.5094 2.3478 2.5490 1.1065 2.3795 2.3478 2.1316 2.3603 1.1659 2.2252 2.2757 2.7754 2.3111 1.1032 2.1217 2.4890 1.0951 2.6298 2.0024 2.5413 2.4604 2.4818 1.0069 2.2529 2.6048 2.1929 1.2181 1.1181 1.1048 2.9832 1.1065 3.0859 2.1824 2.5413
PLPV_Porcine_pestivirus_isolate_Bungowannah_E2_695-1070_AlphaFold 3.3287 3.0592 2.5805 2.3603 2.2306 2.9832 2.6468 2.1415 2.4057 1.9939 2.6214 3.3459 2.2143 2.5885 2.4258 1.1048 0.9922 2.8469 2.6818 2.6382 1.5642 2.7274 2.7953 2.2643 2.7181 2.4124 2.1566 2.6298 1.9769 2.4890 2.6130 2.2700 1.0886 1.3951 2.7559 0.9345 2.4604 1.0187 2.3292 2.5336 2.8792 2.8469 1.0024 2.5725 2.6298 2.6641 1.5642 2.3795 2.6907 1.2144 2.0602 2.6641 1.1164 2.5110 2.5567 0.6960 2.3478 0.0000 2.0881 2.3731 2.6382 2.3111 2.4890 2.1465 2.1668 0.9951 2.2991 2.6214 2.7754 1.1606 1.8300 2.3354 2.8259 2.7089 2.4395 2.9591 2.8683 2.8054 2.3478 2.3603 2.3292 2.6130 2.3991 2.5110 2.7656 2.3051 2.3795 2.8363 2.3603 2.5413 2.6214 0.9893 2.5725 2.9126 1.1181 3.2002 0.9908 2.2586 2.5185 2.7559 2.6382 2.3603 2.3603 2.7368 2.1566 2.2991 0.7835 2.5413 2.3478 2.3991 1.1747 2.6468 2.5260 2.5885 2.8469 2.1365 2.5567 2.6729 2.5036 2.8469 1.8053 2.3603 2.9014 2.3051 2.4327 2.6998 0.9115 2.1566 2.7953 2.6214 2.6554 2.1217 2.4534 2.6382 2.5885 2.6130 2.5885 1.0414 0.9821 2.3354 2.6048 1.4894 2.7089 2.6382 2.6907 2.6641 2.7953 2.6382 2.4963 2.4604 2.5110 2.5110 2.5725 2.5413 2.7368 2.5336 1.7846 1.3513 2.0286 2.6048 1.0491 2.2700 2.3540 2.1566 2.6554 2.3925 2.5110 1.0461 2.2586 2.9241 2.6468 2.2417 0.9075 2.2874 2.7853 2.2417 2.7181 1.9728 0.5781 2.5567 2.5413 2.3478 2.3540 2.1566 2.5885 2.0331 2.7089 0.9455 2.6298
HPHV_Wufeng_Typhlomys_cinereus_hepacivirus_2_E2_363-626_AlphaFold 2.4395 2.3051 2.5646 3.0724 2.0198 2.5036 2.4057 1.3449 2.3667 0.6971 2.3111 1.9645 0.7882 2.1617 1.5120 2.7181 2.4258 2.4604 2.7089 2.1168 2.8902 2.4604 2.1982 1.1164 2.3603 2.6818 2.2035 2.0024 0.8648 0.5762 2.4258 1.5669 2.9955 2.5413 2.1824 2.4464 2.0740 2.1929 1.4410 2.4327 2.4258 1.3996 2.9832 1.2853 2.5260 2.3171 2.7463 1.6846 2.5036 2.6468 1.0886 0.7929 2.8575 2.3171 2.3231 2.2417 1.1485 2.0881 0.0000 1.0918 0.8202 2.3860 2.4057 0.9062 1.0353 2.5260 0.9835 2.3991 2.9241 2.5336 2.5490 2.3731 2.4057 2.5413 2.5725 1.8229 2.5110 2.4604 2.3731 0.7437 1.1065 2.4604 1.9440 1.1332 0.9413 2.2757 1.7381 2.4395 0.9075 1.0726 2.2757 2.4534 2.2643 2.3292 2.5336 1.9006 2.1668 2.1929 2.8054 1.3973 2.6641 1.9981 1.4481 2.1824 1.3621 1.3840 2.4604 2.0420 0.9455 2.7559 2.5725 2.1071 2.4258 2.1617 2.3667 2.6468 1.5430 2.2874 2.0242 2.0375 1.4918 2.7181 2.5260 0.6960 0.7800 2.6048 2.2306 1.6515 2.1316 2.1365 2.3416 2.0881 1.4844 2.0694 2.4890 2.5336 2.5567 2.2417 2.2700 0.7606 2.1617 2.7463 2.5885 2.5725 2.7463 2.2143 2.3603 2.3925 1.1048 2.2362 1.3708 1.1979 2.4675 2.1023 2.0787 1.6876 2.3925 2.4818 0.7404 2.9014 2.2815 2.2643 2.4604 0.7999 2.5646 2.5260 2.3540 2.4057 0.7174 2.3231 2.1772 0.7504 2.5260 2.1217 2.1566 2.2089 2.6048 0.9413 2.2991 2.9356 2.2991 1.4340 0.7697 1.2463 2.2815 0.7893 2.5805 2.3231 2.7559
HPHV_Rodent_hepacivirus_CRT382COD2010_E2_439-714_AlphaFold 2.5036 2.4191 2.1668 2.0694 2.7274 3.1133 2.5110 1.2387 2.0465 1.2293 2.3991 2.3540 1.3449 2.4818 1.4918 2.7274 2.6382 2.2874 2.4464 2.4675 2.9832 2.5336 2.3354 0.0870 2.1566 2.5413 1.9440 2.4258 1.4201 1.1764 2.5336 1.2813 2.6729 2.7463 2.1929 2.6554 2.2815 3.0995 1.5562 2.8469 2.8054 1.2387 2.7656 1.1114 2.2932 2.5260 2.3731 1.5805 1.9240 3.0079 0.0610 1.3407 2.7656 2.7853 2.9126 2.3860 1.0854 2.3731 1.0918 0.0000 1.4722 2.2417 2.3860 0.8762 0.0969 2.9356 0.9250 2.5805 2.5413 2.9241 2.7181 2.3925 2.3667 2.6641 2.6468 1.6815 2.8363 2.2529 2.0881 1.3136 1.0870 2.8156 2.1617 1.1589 0.8673 2.8792 2.6818 2.4890 0.8827 1.1571 2.3667 2.4191 2.3111 2.2252 2.6382 2.3051 2.7368 1.8739 3.0592 1.4041 2.4057 1.7846 1.2070 2.8683 1.2444 1.3513 2.4746 2.4191 0.8957 2.6998 2.6468 2.6729 2.0648 2.4818 2.0331 2.1516 1.5642 2.0375 2.3991 2.0465 2.2035 2.5885 2.6382 1.3556 1.4178 2.6729 2.3925 2.1982 2.3171 2.2417 2.2932 1.9240 1.4363 2.6907 2.4057 2.5646 2.5336 2.7368 2.4963 1.2793 2.4604 2.9832 2.6130 2.1929 2.5567 2.4963 2.4818 2.0694 0.9036 2.4534 1.1231 1.0069 2.5110 2.2362 2.6554 1.2349 2.3925 2.5490 1.2052 2.7656 2.5260 2.4258 2.2586 1.5247 2.6641 2.0286 2.3540 2.9014 1.2255 2.3603 2.3860 1.2793 2.7754 2.2932 2.6298 2.6907 2.4818 0.8983 2.3051 2.6382 2.0375 1.1164 1.3795 1.1925 2.3925 1.3198 2.6998 2.4746 2.1720
HPHV_Rodent_hepacivirus_RO22799BeAn812052_E2_357-619_AlphaFold 2.3925 2.5260 2.6907 1.9240 2.2932 2.4464 2.4464 1.2406 2.9832 0.8263 2.4191 2.0834 1.0353 2.3292 1.7125 3.2625 2.6907 3.1558 3.0592 2.3991 2.4890 2.4258 2.6554 1.4869 2.0510 1.9896 2.3416 2.1516 0.5291 0.9399 2.7754 1.7479 2.2586 2.8683 2.3171 2.8792 2.3731 2.8259 1.6398 1.7983 2.6468 1.5222 3.3634 1.4553 2.3051 2.0740 3.7119 1.7778 2.2252 2.8363 1.5247 0.7460 2.8363 2.5413 2.3416 2.6729 1.1399 2.6382 0.8202 1.4722 0.0000 2.4191 2.5805 1.1979 1.5299 3.3287 1.3729 2.7656 2.5185 3.0592 2.7274 2.6298 2.5885 2.5725 2.5036 1.8929 2.3231 2.2197 2.3231 0.9455 1.2813 2.3860 1.8336 1.2520 1.3198 1.9440 2.1982 2.3925 1.2144 1.2715 2.2473 2.6729 2.2362 2.6130 3.2466 2.1516 2.8469 2.0881 2.6729 1.9280 2.8259 2.1071 1.4018 2.3991 1.5299 1.5145 2.8902 2.3540 1.3996 2.4746 2.9591 2.6382 2.3731 2.3292 2.3991 2.5413 1.6311 2.3731 1.9044 1.8444 2.3171 1.9811 2.1266 0.7283 0.8299 2.6214 2.2473 2.0881 2.0976 2.3051 2.2362 2.3231 1.5120 2.1772 2.5805 2.0286 2.6048 2.9832 2.8575 0.7371 2.0510 2.7274 2.8575 2.6130 2.5185 3.0859 2.3051 2.5413 1.4041 2.3111 1.3862 1.5069 3.8112 2.3231 2.3731 1.6369 3.2002 2.5260 0.8814 2.9711 2.5260 2.3051 2.2815 0.9115 2.6468 2.0111 2.4963 2.5260 0.8788 1.8777 2.7953 1.0054 3.0461 2.0420 2.4963 2.7754 2.5490 1.2107 2.4057 2.4963 2.5185 1.5044 0.7371 1.3599 3.0859 0.9538 2.5260 2.7953 2.4818
HPHV_Jogalong_virus_P1-10_E2_279-581_AlphaFold 2.4675 2.9473 4.0057 2.0694 3.0859 2.5725 2.4191 2.1266 2.7754 2.3795 2.8792 2.9711 2.1772 2.4534 2.1415 2.8054 2.9955 2.9832 2.7656 2.9832 3.2002 2.3478 2.4963 2.5185 2.2643 2.7853 2.3416 2.3478 2.8683 2.2815 2.5490 2.4604 2.3991 2.9126 2.3051 3.0461 2.7559 2.5336 2.9473 2.2473 2.6130 2.4818 3.3459 3.0592 2.3292 2.1876 2.7953 2.2932 3.3812 2.8054 2.5490 2.3111 2.8469 2.5966 2.3991 2.4534 2.3292 2.3111 2.3860 2.2417 2.4191 0.0000 2.6818 2.2874 2.5567 2.7368 2.3667 2.5567 2.5185 2.6554 3.4944 2.6641 2.6214 2.8469 2.5567 2.6641 2.8469 2.3795 2.7181 2.2035 2.6998 2.8683 1.9645 2.7559 2.3860 2.1120 2.2473 2.4818 2.2991 2.1772 1.6754 2.6468 2.3667 3.1704 3.1558 2.5490 2.5185 2.1168 1.9240 2.2529 2.8469 2.4746 2.1876 2.4327 2.2362 2.3111 2.8363 2.7656 2.2700 2.1516 2.8259 2.3603 2.9711 2.4534 2.7274 2.0787 2.0198 2.8683 2.7089 2.9591 1.5430 2.6907 2.4963 2.2252 2.7463 2.8259 3.0079 2.7368 2.7953 1.9240 2.2815 1.3621 2.5885 2.7181 2.9473 2.5185 3.0724 3.0859 2.6907 2.2643 2.5966 2.4818 2.7559 2.7089 2.2035 2.4675 1.9122 2.5805 2.5110 2.2991 2.5725 2.5567 3.0332 2.7368 2.5260 2.5567 2.5185 3.2002 2.2991 3.2002 2.9591 1.7446 2.6048 2.6907 2.6641 2.6641 2.5567 2.5885 2.3731 1.8336 2.4890 2.1465 3.2309 2.4395 2.3925 2.7656 1.9360 2.1668 3.0332 2.9126 2.9711 2.3731 2.5725 2.8054 2.5413 2.5036 2.6907 2.8054 2.4327
HPPV_Rodent_pegivirus_isolate_CC61_E2_412-781_AlphaFold 2.3667 2.5036 2.7754 2.4395 0.9209 2.5567 2.3925 2.2757 0.6992 2.4963 1.9728 2.4191 2.6214 0.6466 2.3731 2.6298 2.5885 2.6214 0.9721 1.9603 2.2089 2.6048 0.6113 2.8054 2.4604 2.3478 1.9645 1.9728 2.3111 2.2529 0.6507 2.3603 2.9356 2.7754 0.6690 2.4534 2.4963 2.4818 2.2197 1.8967 2.3860 2.6214 2.6382 2.2529 2.3111 2.3540 2.4464 2.3354 2.3231 2.7953 2.3925 2.1876 2.5725 1.9006 2.0648 2.5490 2.8902 2.4890 2.4057 2.3860 2.5805 2.6818 0.0000 2.2089 2.4818 2.4746 2.0787 1.8088 0.9594 2.6130 2.5336 2.1720 0.8996 2.0286 2.0787 2.8575 1.9728 0.6971 1.9044 2.7463 2.4395 2.1071 2.3111 2.3354 2.1415 2.1982 2.5567 2.3667 2.0602 2.0198 2.2932 2.6818 2.1415 2.6468 2.5646 2.3171 2.3603 1.8967 2.8902 2.3925 2.0375 2.1720 2.3860 1.1711 2.2529 2.3111 3.4363 0.7393 1.9686 2.0024 2.4327 2.1465 2.8792 0.6466 2.4963 2.1668 2.4534 2.6641 2.0602 1.9896 2.8683 2.0602 2.1217 2.2874 2.1720 1.8372 2.3991 1.6196 1.7413 2.3925 0.9995 1.9562 2.5036 1.8018 2.0111 2.0740 1.8591 2.4191 2.7463 2.1824 2.6729 2.3603 1.9240 2.3478 2.5885 0.9331 2.4963 2.6382 2.4818 2.4963 2.3416 2.5036 1.7983 0.7218 1.9562 2.3991 2.1929 2.9126 2.3731 1.9360 2.6048 2.3731 2.1071 2.5805 1.9769 2.1929 2.5110 2.5036 2.5725 2.6214 0.5082 2.6214 2.6998 1.7157 1.9939 1.9728 2.3925 2.2700 2.6048 1.8193 2.7368 2.3354 2.1824 2.4534 0.6527 2.2473 1.8628 2.3731 2.3603
HPHV_Norway_rat_hepacivirus_1_E2_451-719_AlphaFold 2.5805 2.4604 1.8554 2.3051 2.2417 2.5966 2.1120 0.9036 2.6554 0.9441 2.1617 2.0242 1.0967 2.4191 1.1818 2.3795 2.2991 2.3171 2.3171 2.5110 2.5490 2.4464 2.2143 0.8422 2.2586 2.3171 2.3051 2.5036 1.2734 1.0616 2.4327 1.3281 2.3416 2.2815 1.9360 2.4746 1.7914 2.1824 1.2617 2.2757 2.2089 1.1961 3.0995 1.1365 1.9280 2.1217 2.5260 1.2993 2.1217 2.2417 0.8584 1.1961 2.4890 2.4963 2.5646 2.3540 0.9622 2.1465 0.9062 0.8762 1.1979 2.2874 2.2089 0.0000 0.8853 2.2932 0.3884 2.5036 2.6998 2.7089 2.2529 2.0928 2.5413 2.2643 2.1929 1.4293 2.8575 2.1720 2.1824 1.0616 1.0742 2.6298 1.8739 1.0934 0.3490 2.2815 1.8264 2.2757 0.3831 1.0338 2.3231 2.3171 2.3925 2.0024 2.0154 2.2089 2.3051 2.0331 2.8054 1.1468 2.3231 1.5998 1.1907 2.0834 1.0902 1.1711 2.8156 2.3171 0.3831 2.0024 2.3171 2.4464 2.3603 2.4191 1.9603 2.1720 1.3198 2.0976 2.7656 2.4395 1.9280 2.0375 2.1120 1.2089 1.2255 2.1365 2.1415 2.4818 1.9854 2.0928 2.5490 1.9854 1.3664 2.3478 2.3354 2.1316 2.1365 2.5567 2.4057 1.2070 2.1876 2.3540 2.3795 2.6554 2.1617 3.4944 2.3354 2.0331 0.9538 2.3925 1.1485 1.2463 2.5110 2.3171 2.3231 1.2387 2.0694 2.7368 1.0742 2.5413 2.0556 2.0067 2.3171 1.1961 2.0154 2.2643 2.3540 2.3925 1.0726 1.9645 2.1929 1.1729 2.5490 2.2417 2.1772 2.2252 2.3051 0.0388 2.1929 2.1023 2.1720 1.0774 1.2070 0.9524 2.7274 1.1659 2.0740 2.0694 1.9440
HPHV_Rodent_hepacivirus_TA085TZA2013_E2_410-681_AlphaFold 2.2529 2.5336 1.9939 2.0602 2.8902 2.3478 2.5646 1.1871 2.3667 1.3621 2.5036 2.3171 1.2774 2.2089 1.5120 2.9955 2.5413 2.2757 2.5646 2.4258 2.8156 2.9955 2.3731 0.1081 2.1365 2.3111 1.9896 2.5725 1.4293 1.2953 2.4746 1.2913 2.7853 2.4534 2.3731 2.4258 1.7744 3.0461 1.5120 3.1133 2.1617 1.2444 2.6907 1.0870 2.4057 2.1824 2.5036 1.5998 1.9645 2.6382 0.0695 1.4625 2.6641 2.5725 2.8259 2.5646 1.0870 2.1668 1.0353 0.0969 1.5299 2.5567 2.4818 0.8853 0.0000 3.1414 0.8840 2.6382 2.3731 3.0332 2.3925 2.6298 2.5805 2.8054 2.5567 1.5273 2.6729 2.3292 2.1266 1.2199 1.0679 2.5646 2.2252 1.2873 0.8373 2.6214 1.7846 2.4604 0.8660 1.1889 2.3667 2.3925 2.4191 2.1876 2.7656 2.2143 2.8054 2.0510 2.5336 1.3177 2.5260 1.8815 1.2052 2.7181 1.2953 1.3157 2.6048 2.4057 0.8905 2.6130 2.7181 2.6130 2.0154 2.2089 1.9896 2.0420 1.5778 2.0198 2.8575 2.2473 2.2757 2.2991 2.4890 1.4109 1.3773 2.6641 2.5110 2.2306 2.2815 2.1876 2.2586 1.8967 1.4869 2.6998 2.3925 2.3111 2.6818 2.9832 2.3925 1.3449 2.3925 2.7953 2.4746 2.1982 2.6641 2.3292 2.3667 2.1071 1.0069 2.2143 1.1298 0.9807 2.2757 2.3860 2.6214 1.3302 2.2700 2.8575 1.1747 2.7656 2.5646 2.3860 2.4327 1.4722 2.4464 1.9686 2.4464 2.8054 1.1676 2.4464 2.1516 1.2540 2.5805 2.1217 2.5110 2.6729 2.1415 0.8648 2.3860 2.7853 2.0928 1.1231 1.3840 1.1315 2.4604 1.3302 2.6214 2.4327 2.1071
PLPV_Bovine_viral_diarrhea_virus_1_E2_693-1065_AlphaFold 2.3603 2.5185 2.7953 1.8193 2.8469 2.6214 2.9014 2.3416 3.0461 2.3925 2.5336 2.1720 2.9955 2.5966 2.8156 1.2070 0.4709 2.8575 2.5966 2.4327 1.6111 2.7656 3.0205 3.3287 2.6298 3.1273 2.2143 2.9591 2.1876 2.6382 2.6818 2.7089 1.0522 1.6969 2.6818 0.5056 2.6468 0.4818 2.9014 2.5567 2.6554 2.5490 0.8970 3.2625 2.4675 2.8683 1.9440 2.3354 2.1772 1.2293 2.9711 2.5567 1.1365 2.5185 2.7559 1.0774 2.2757 0.9951 2.5260 2.9356 3.3287 2.7368 2.4746 2.2932 3.1414 0.0000 2.2417 2.9014 2.6907 1.4722 2.1071 2.5260 2.4124 2.6818 2.7368 3.2309 3.1133 3.0859 2.3603 2.7181 2.5966 2.9356 2.3354 3.0461 2.0976 2.3925 2.4963 2.6468 2.1516 2.6554 2.5260 0.4569 3.0461 2.5185 1.0742 2.7181 0.4768 2.9126 3.0332 2.6554 3.1852 2.2757 2.7853 2.9832 2.9473 2.7853 0.8983 2.6818 2.3051 2.7559 1.1081 2.3231 2.6048 2.5966 2.8469 2.4890 2.7463 2.5336 2.5646 2.6729 2.3416 2.2089 2.5110 3.0332 2.3925 3.3118 0.4776 1.9769 2.7463 2.2586 3.2154 2.6998 3.1558 3.0461 2.5805 2.4890 2.9241 0.4936 0.5160 3.0995 3.0859 1.5723 2.8683 2.6641 3.1704 3.1133 3.3459 2.5885 2.2643 2.4604 2.7754 2.8469 2.8683 3.0461 2.8575 2.6048 2.0331 1.2656 2.4057 3.1558 0.5380 2.2932 2.5110 2.4534 2.5646 2.5646 2.4675 1.1181 2.5966 3.4944 2.6382 2.9711 0.5247 2.3731 2.1365 2.4464 2.6818 2.1668 0.9399 2.8575 2.6048 2.6214 3.0461 2.6130 3.1704 2.5567 3.0332 0.5195 2.8259
HPHV_Longquan_Niviventer_niviventer_hepacivirus_1_E2_462-730_AlphaFold 2.2362 2.2529 2.1720 1.7031 2.3111 2.3111 2.1168 1.0491 2.4534 1.0024 2.0067 2.0976 1.0039 2.3354 1.2695 2.4963 2.4675 2.3171 2.4746 1.9896 2.2417 2.5413 2.0976 0.8686 2.2643 1.8480 1.9939 1.9811 1.1943 1.1147 2.4464 1.2715 2.4057 2.5725 2.1415 2.1316 1.9686 2.1982 1.4918 2.4604 2.1617 1.7611 2.4191 1.3302 1.9811 2.0976 2.2362 1.3116 2.2362 2.5413 0.9510 1.0967 2.9126 2.1772 2.4746 2.8902 0.8762 2.2991 0.9835 0.9250 1.3729 2.3667 2.0787 0.3884 0.8840 2.2417 0.0000 2.1772 2.1217 2.9591 2.5966 2.1023 2.5110 2.3416 2.5567 1.8929 2.1982 2.1929 2.0976 1.0491 1.0323 2.7559 1.9939 1.1554 0.0903 2.0976 2.1023 2.0420 0.1036 1.0838 1.9896 3.0332 2.3925 2.4464 2.5966 2.2757 2.4746 2.3111 2.3354 1.0069 2.0787 1.7846 1.1711 2.2362 1.1048 1.1907 2.7754 2.0375 0.0202 2.4124 2.7463 2.0881 1.9854 2.3354 2.1465 2.0602 1.6340 2.0242 2.6729 2.2306 1.7252 1.9603 2.0787 1.1907 1.0553 2.2586 1.9854 2.2757 2.2586 2.0740 2.1824 1.8853 1.4625 2.2473 2.5260 1.9686 2.3051 2.1168 2.3540 1.1961 2.0242 2.5336 2.2143 1.8336 2.3603 2.2643 2.0465 2.5110 1.0491 2.0510 1.2636 1.1624 2.2197 2.0286 2.3540 1.4340 2.1929 2.5413 1.0338 2.4818 2.0510 2.0111 2.2306 1.0951 2.0881 2.1566 2.3991 2.6130 0.9864 2.1120 1.8739 1.0158 2.5567 2.0375 2.8259 2.2529 2.4963 0.3809 2.0286 1.7812 2.2417 1.3219 1.2107 0.9468 2.4604 1.2715 2.1566 1.9854 2.2143
HPPV_Hepatitis_GB_virus_A_E2_276-631_AlphaFold 2.5567 2.3667 3.3287 2.1720 1.9320 2.4675 2.6298 2.4191 2.0834 2.5885 2.5110 2.2815 2.1772 2.0602 2.5490 2.9832 2.5413 2.5966 2.2815 0.3771 2.4963 2.6907 1.9083 2.5336 1.6369 2.4746 2.3667 2.0242 2.7559 2.4818 2.0602 2.4963 2.6298 2.1982 1.9240 2.1465 2.0510 2.8054 2.1876 1.6604 2.2586 2.4258 3.2951 2.1415 2.4124 2.1824 2.2529 2.6298 2.3540 2.9955 2.5490 2.4464 2.6214 1.2774 1.6311 3.1414 2.5110 2.6214 2.3991 2.5805 2.7656 2.5567 1.8088 2.5036 2.6382 2.9014 2.1772 0.0000 2.0556 2.7463 2.9473 0.8801 2.4191 1.5247 0.8957 2.8792 0.9345 2.0286 1.9161 2.4327 3.3287 1.7000 2.1929 2.2932 2.7754 2.5567 2.0420 2.3731 2.8156 2.2586 2.4818 2.7853 1.6054 2.2306 2.9356 1.4041 2.3860 1.7220 2.2252 2.1023 1.3973 1.9645 2.5413 1.8554 2.0881 2.4191 3.0332 2.0067 2.7181 1.7220 2.8054 2.3111 2.5885 2.0602 2.4124 2.6048 2.6907 2.4818 1.8300 1.7880 2.5885 2.3603 2.0787 2.4534 2.4675 1.3599 2.6998 2.3111 1.6486 2.0834 2.2197 2.0556 2.8156 0.9089 1.5509 2.5336 1.3817 2.5885 2.4191 2.6298 2.3731 2.4675 1.3795 2.6554 2.6298 2.2252 2.4675 2.3231 2.4963 2.5490 2.4963 2.0740 1.2873 2.1120 1.2695 2.4534 2.2089 3.0724 2.2757 1.3642 2.6818 2.6214 0.8892 2.4124 1.5196 2.4395 2.2700 2.7559 2.6214 2.3925 2.0881 2.6818 2.8683 1.5832 1.9083 1.3428 2.5036 2.6130 3.1852 1.4270 2.7274 2.5805 2.5036 2.8575 2.0976 3.0332 1.4317 2.5567 2.2991
HPPV_Bat_pegivirus_PDB-1734_E2_348-709_AlphaFold 2.6048 2.7754 2.4746 2.3354 1.1747 2.7559 2.4675 2.5336 1.0098 2.2757 2.4395 2.2529 2.3354 0.8801 2.6382 2.9955 3.1414 2.7853 1.1853 2.0111 2.9711 2.5110 0.8522 2.2815 2.3231 2.5567 2.3416 2.3991 2.8575 2.5725 0.8931 2.3731 2.5413 3.0205 0.9155 2.6214 2.0881 3.4747 2.3991 1.9603 2.3667 2.4258 2.7089 2.4818 2.3292 2.5036 2.4191 2.5185 2.5966 2.9832 2.7368 2.5185 2.4534 1.9603 2.0602 2.7368 2.8363 2.7754 2.9241 2.5413 2.5185 2.5185 0.9594 2.6998 2.3731 2.6907 2.1217 2.0556 0.0000 2.3540 2.8683 2.3292 1.1451 2.2874 2.0375 3.1133 2.3354 0.8827 2.0740 2.2815 2.3354 2.5110 2.1929 2.7559 2.4534 2.5490 2.5036 2.3111 2.0740 1.9521 2.5260 2.7089 2.2874 2.5885 2.8054 2.1824 2.8259 1.8554 2.5490 2.8902 2.1071 2.1217 2.8902 1.2387 2.3991 2.2529 2.6214 0.8106 2.4604 1.7812 2.6907 2.2143 2.7656 0.8801 2.4327 2.4746 2.3231 2.6818 1.9769 1.9939 2.9955 2.2700 1.9811 2.4818 2.6048 2.1266 3.0205 2.5805 2.1415 2.3860 1.1979 2.2529 2.3991 1.9811 1.9240 2.5885 2.1365 3.2309 3.0724 2.6554 2.5567 2.8792 2.0242 2.6048 2.5646 0.9250 2.1772 2.5413 2.4534 2.3540 2.3860 2.5646 1.9728 0.8047 2.0198 2.3051 2.4395 2.8156 2.3991 2.1266 2.9711 2.4124 1.8444 2.7181 2.1617 2.4675 2.3860 2.7754 2.1929 2.6907 0.9566 2.1876 2.4963 2.0198 2.3111 2.0740 2.6729 2.5725 3.0332 1.9440 2.5490 2.8156 2.5567 2.2417 0.9413 2.5567 2.1217 2.9356 2.2197
PLPV_Jingmen_Crocidura_shantungensis_pestivirus_1_E2_528-896_AlphaFold 2.4191 2.9241 2.7089 1.7413 3.0859 2.7754 2.6907 2.6048 3.3812 2.2306 2.6048 2.2757 2.3925 2.3925 2.6130 1.3239 1.3621 2.2643 2.3051 2.6641 1.7846 2.8469 2.7463 3.1704 2.8575 2.8575 2.1824 2.5185 2.5567 2.5260 2.4191 4.0985 1.4625 1.5669 3.1558 1.2774 2.3051 1.2656 2.6468 2.4675 2.9126 3.2309 1.1818 2.9241 2.4464 2.6468 2.3603 2.9241 2.5966 1.4247 2.7274 2.5110 1.5120 2.9014 2.7754 1.3449 2.7181 1.1606 2.5336 2.9241 3.0592 2.6554 2.6130 2.7089 3.0332 1.4722 2.9591 2.7463 2.3540 0.0000 2.6298 2.7754 3.1414 2.4395 2.4675 2.6214 2.9241 3.0461 2.4534 2.6554 3.4363 2.8259 2.3925 2.8259 2.6729 2.4057 2.1772 2.9591 2.2197 2.5646 2.5413 1.5196 2.5646 2.7368 1.4968 2.6907 1.3973 2.3603 3.0995 2.9711 2.7559 2.2757 2.7953 2.7181 2.5260 3.8639 1.1835 2.7953 3.0592 2.4534 1.4363 2.7953 2.4191 2.3925 2.1982 2.1617 2.7656 2.7754 2.6729 2.5646 1.6139 2.8054 2.4818 2.6130 2.3603 2.5336 1.3951 2.3795 2.6641 2.6907 3.0332 2.3416 2.4604 2.8469 2.1982 2.9241 2.4890 1.3708 1.3198 2.8259 2.7559 1.6724 2.2991 3.0995 3.1558 2.6130 2.9955 2.4057 2.5885 2.6554 3.2951 2.2586 2.8683 2.7853 2.7953 2.7559 2.5036 1.4673 2.5805 2.8575 1.3840 2.4327 2.8683 2.5490 3.0332 2.8575 2.7368 1.2953 3.4747 2.8054 2.8902 2.8792 1.3664 2.3540 2.6554 2.8683 3.2309 2.5490 1.2016 2.5885 2.8259 2.7559 2.5567 2.5413 3.1852 2.5185 2.5966 1.3365 2.3231
PLPV_Atypical_porcine_pestivirus_E2_705-940_AlphaFold 2.3795 2.5260 2.8156 1.7677 2.5110 2.9832 2.4464 2.5646 2.8363 2.8469 2.7754 2.9126 2.6214 2.4890 2.5185 2.0154 2.1266 2.7368 2.8575 2.4746 1.8158 2.6554 2.5567 2.7754 2.4534 2.8156 2.6907 2.2143 2.5567 2.6818 2.9356 2.4464 2.0465 2.3171 2.6641 2.3603 2.5260 2.6729 2.4746 3.0592 2.9014 2.7656 3.5347 2.2197 2.5885 3.2466 0.6507 2.5490 3.0079 2.0694 2.4464 2.6048 1.8158 2.8683 3.4177 2.0976 2.3860 1.8300 2.5490 2.7181 2.7274 3.4944 2.5336 2.2529 2.3925 2.1071 2.5966 2.9473 2.8683 2.6298 0.0000 2.7853 3.1558 2.8054 2.8683 2.8575 2.5966 2.6907 2.4746 2.7656 2.8259 3.0079 1.8777 3.6651 2.2529 2.5036 2.5805 2.7274 2.2815 2.4818 2.6298 2.3991 3.5347 2.7089 1.8739 2.9711 2.0740 2.9591 2.6130 2.3171 2.9832 3.0461 2.5490 2.4464 2.4675 2.3292 2.3795 2.3111 2.5110 2.8575 1.8815 2.1266 2.9711 2.4890 2.9955 3.0205 2.5805 3.2309 3.0724 2.4675 1.4601 2.8259 2.5966 2.5110 2.7559 3.0332 1.9603 2.6048 2.6554 2.3478 2.7559 2.3171 3.0205 2.8469 2.6729 2.8575 3.0592 2.0154 2.1071 2.7089 2.6298 2.0375 2.8054 2.9241 2.4604 3.2309 2.6818 2.6907 2.7181 2.6298 2.1982 2.6382 2.9356 2.6729 2.8683 2.5567 0.6497 1.8408 2.4191 3.1558 2.2757 2.4746 2.4327 2.9473 2.2874 2.9711 2.3416 1.7812 2.4124 2.8902 2.7953 2.4963 2.3795 2.4327 2.6130 2.8363 3.0332 2.2306 1.9603 2.9832 3.2787 2.8683 2.8469 2.1982 2.6382 2.4746 2.9711 2.3231 3.0461
HPPV_Bat_pegivirus_PDB-24_E2_220-583_AlphaFold 2.7274 2.4963 2.5185 1.6634 2.3051 2.5805 3.0592 2.3111 2.2932 2.4464 2.2362 2.2586 2.3292 2.1266 2.3292 2.5725 2.8575 2.2874 1.9521 0.9062 2.9832 2.6468 2.5110 2.6130 1.6754 2.9014 2.3478 2.1516 2.4258 2.2362 2.1415 2.4327 2.4395 2.9473 2.1217 2.9356 2.2362 2.8902 2.4963 1.8300 2.3667 2.4746 2.6907 2.0556 2.8156 2.1365 2.5413 2.2252 3.0461 2.8469 2.4191 1.8967 2.3667 1.4132 1.7880 3.1852 2.1023 2.3354 2.3731 2.3925 2.6298 2.6641 2.1720 2.0928 2.6298 2.5260 2.1023 0.8801 2.3292 2.7754 2.7853 0.0000 2.2306 1.4041 0.8070 2.4890 0.5931 2.2991 2.2529 2.1120 2.2874 2.2874 2.6130 2.6048 2.2417 2.1071 2.3603 2.6298 1.9440 2.3860 2.2643 3.2154 1.7711 2.4258 2.5336 1.5562 2.4746 1.5430 2.4191 2.2143 1.3686 2.1316 2.1668 2.1720 2.2306 2.1217 2.7559 1.8853 2.0602 1.8929 2.7463 2.3667 2.6818 2.1266 2.3991 2.0111 1.8444 2.5110 1.7846 2.0375 2.2143 2.7181 2.0331 2.3051 2.2089 1.4041 2.8792 2.6130 1.5222 1.4993 2.3667 2.3354 2.7274 0.8853 1.5430 2.8469 1.3840 2.6998 3.0332 2.1365 2.6554 2.2473 1.3817 2.7274 2.2089 2.4746 2.8683 2.4963 2.2417 2.9241 2.2197 2.6214 1.3260 1.9360 1.3177 2.2991 2.8792 2.8469 2.0465 1.2695 2.5966 1.9521 0.8522 2.1668 1.6282 2.4464 2.5260 2.2757 2.0928 2.2035 2.3478 2.1720 2.4604 1.8665 2.3478 1.4086 2.4746 1.8929 3.0859 1.4340 2.3478 2.1465 2.1772 2.7953 2.4890 1.8123 1.3686 2.6641 2.3731
HPPV_Tree_shrew_pegivirus_E2_366-706_AlphaFold 2.3416 2.5036 2.6641 2.3478 0.9345 3.0205 2.3478 2.3540 1.0430 2.6382 2.7754 2.9356 2.5260 0.9622 2.5725 2.8792 2.4675 2.1720 0.8497 2.2362 2.6907 3.0859 0.9707 2.8363 2.3111 2.5725 1.9240 2.6729 2.5036 2.3860 0.8983 2.7656 2.6729 2.9473 0.9922 2.4890 2.4746 2.6641 3.3287 1.9981 2.3603 3.2309 2.7089 2.6468 2.5036 2.6907 2.2991 2.2362 2.3540 2.8469 2.4963 2.6729 2.3925 2.0154 2.1982 3.1133 2.5725 2.8259 2.4057 2.3667 2.5885 2.6214 0.8996 2.5413 2.5805 2.4124 2.5110 2.4191 1.1451 3.1414 3.1558 2.2306 0.0000 2.1876 2.2197 2.8259 1.9811 1.0522 2.3051 2.8575 2.5185 2.1365 2.0881 2.3795 2.6130 2.6214 2.1929 2.5036 2.1465 2.3292 2.1668 3.0079 1.9811 2.1168 3.0461 2.0602 2.6214 1.9083 2.5567 2.5036 2.2700 2.4395 2.6382 1.2578 2.3795 2.7274 2.6998 1.0187 2.3795 1.9240 3.1558 2.7754 2.5646 0.9622 2.6048 2.4124 2.4057 2.5885 2.1668 1.7479 2.1929 2.3111 1.9360 2.7368 2.6048 2.0834 3.0332 2.3111 1.9562 1.9400 0.8737 2.2757 2.8469 2.4395 2.2252 2.6048 2.0976 2.5490 2.7656 3.0859 2.4818 2.3354 2.2252 2.4604 2.7656 1.1065 2.1876 2.2417 2.4057 2.4534 2.9955 3.2787 2.0928 0.9792 2.1876 2.6298 3.1852 3.3459 2.1023 2.3925 3.0592 2.1772 2.0928 2.5036 2.0242 2.6048 2.4746 2.6048 2.1824 2.2417 0.9879 2.5646 2.5110 2.0510 2.3603 2.1266 2.8156 2.7274 2.6214 1.9481 2.2932 2.3795 2.7853 2.3171 0.9922 2.3478 2.2089 2.5185 2.6382
HPPV_Hepatitis_G_virus_AB021287.1_E2_208-572_AlphaFold 2.4191 2.4258 2.6729 2.0602 2.0648 2.4124 2.4395 2.3667 1.9811 2.5885 2.1617 2.1365 2.5885 2.1824 2.5567 3.0592 2.9832 2.7656 2.1824 1.3198 3.0461 2.4818 2.1316 2.4604 2.0881 2.4675 1.7349 2.0787 2.3416 2.3540 2.0694 2.2252 2.9126 3.0205 2.1772 2.2197 2.3991 2.7853 2.5805 1.4363 2.4191 2.8575 2.8156 2.2362 2.4057 2.4675 2.4675 2.6214 2.5885 2.8469 2.3731 2.5725 2.9126 0.4520 1.8929 2.7463 2.6818 2.7089 2.5413 2.6641 2.5725 2.8469 2.0286 2.2643 2.8054 2.6818 2.3416 1.5247 2.2874 2.4395 2.8054 1.4041 2.1876 0.0000 1.3840 2.4604 1.3840 2.1217 2.1168 2.6998 2.3231 1.6907 2.2417 2.5185 2.2757 2.2252 2.4395 2.5805 2.1365 2.1720 2.4057 2.9591 1.8891 2.5567 3.3993 1.4553 2.4675 1.6196 2.2306 2.2306 0.1137 2.3292 2.3991 2.1720 2.2932 2.2306 2.7559 1.8336 2.0648 1.9939 3.1852 2.4327 2.4464 2.1824 2.4057 2.4464 2.7463 2.6214 1.3492 1.7062 2.3416 2.6214 1.9603 2.3416 2.4604 0.0991 2.6641 2.8683 1.4505 1.8444 1.9044 2.0976 2.3416 1.3386 0.1159 2.6554 0.1114 2.7853 2.9241 2.5966 2.3860 2.5805 0.0771 2.3925 2.5036 1.9811 2.6998 2.3731 2.4604 2.2700 2.5260 2.5646 0.7415 1.8815 0.4520 2.2529 2.7656 3.0859 2.5185 0.7449 2.6048 2.1217 1.2873 2.5646 1.3862 2.6468 2.8156 2.5966 2.4746 2.3795 2.0286 2.6907 2.5490 1.5778 2.3416 0.4718 1.9320 2.2362 2.3478 0.7283 2.6048 2.4395 2.3667 2.8902 2.2757 2.4818 0.1148 3.1558 2.5413
HPPV_Bat_pegivirus_PDB-838_E2_294-654_AlphaFold 2.1566 2.1071 2.2417 2.0976 1.8264 2.4818 2.2143 2.6641 2.1071 2.7463 2.1772 2.1071 2.7368 1.9201 2.1120 2.7463 2.4534 2.5185 2.0465 0.8398 2.8363 2.4890 2.0375 2.4464 1.8408 2.9473 2.2757 2.1824 2.7181 2.2874 1.9481 2.3860 2.5725 3.2466 2.1465 2.8469 2.6641 2.8683 2.5646 1.3365 2.8363 2.6130 2.7089 2.3292 2.4675 2.6214 2.6729 2.2197 2.5725 2.6998 2.6048 2.3292 2.6907 1.3323 2.0111 2.7463 2.4057 2.4395 2.5725 2.6468 2.5036 2.5567 2.0787 2.1929 2.5567 2.7368 2.5567 0.8957 2.0375 2.4675 2.8683 0.8070 2.2197 1.3840 0.0000 2.1516 0.6679 1.9562 2.0602 2.3667 2.8683 1.5805 2.1316 2.2700 2.2700 2.4124 1.9240 2.2197 2.3231 2.3478 2.2991 2.9832 2.0420 2.5805 2.4191 1.5222 2.6130 1.6694 2.3795 2.4191 1.3729 2.1516 2.2757 2.0928 2.0928 2.6641 2.6641 2.0111 2.3667 1.8193 2.5805 2.1566 2.6641 1.9201 2.4395 2.3051 2.1217 2.4818 1.5170 1.8591 3.0724 2.5885 2.0556 2.3231 2.6468 1.3513 2.8259 2.1982 1.7744 1.9981 1.9854 1.9769 2.1876 0.7196 1.4086 2.2529 1.3621 2.8683 3.1852 2.6048 2.4963 3.0079 1.3840 2.3667 2.9356 1.9280 2.3991 2.5567 2.8363 2.3416 2.1120 1.9981 1.2675 1.9939 1.2052 2.5336 2.7274 2.9126 2.3111 1.2715 2.6130 2.0834 0.5318 2.4124 1.4697 2.6641 2.4464 2.6130 2.3667 2.0420 2.1415 2.1023 2.8792 1.6253 2.2252 1.2578 2.0928 2.1023 3.2309 1.3642 2.6048 2.5185 2.7368 3.0724 2.2306 2.6298 1.3556 2.8683 2.2143
HPHV_Hepacivirus_N_E2_348-612_AlphaFold 2.5646 2.6641 2.1566 1.9896 2.5567 1.9521 2.7274 1.6938 2.5413 2.2035 2.3292 1.9360 2.0976 2.6998 1.5562 2.9955 2.7463 2.5646 2.5805 2.9955 2.5885 2.1465 2.2252 1.5456 2.3795 2.3991 2.4124 2.2757 2.2529 2.0694 3.0592 1.8967 3.0461 3.0332 2.6641 3.0592 2.6130 2.8683 2.5413 2.5185 2.6130 1.6224 2.7181 1.7252 2.3231 2.1120 3.0332 1.8300 2.1316 2.9356 1.6664 1.9939 3.2466 2.8054 2.7089 3.3459 1.7711 2.9591 1.8229 1.6815 1.8929 2.6641 2.8575 1.4293 1.5273 3.2309 1.8929 2.8792 3.1133 2.6214 2.8575 2.4890 2.8259 2.4604 2.1516 0.0000 2.4675 2.9955 2.5805 2.0024 2.0602 2.6818 2.1023 2.0465 1.9562 2.2586 2.3478 2.8054 1.8665 1.5196 2.1720 3.2951 2.4464 2.2473 3.0724 2.2874 2.9591 2.4675 2.4818 1.6785 2.6998 2.2197 1.9562 2.4604 1.7711 1.8665 2.7089 2.7181 2.1465 2.5260 3.2154 2.3991 2.3603 2.6998 2.5036 2.2932 1.5562 2.9473 2.7181 2.2417 2.1720 1.9562 2.3416 1.8702 1.9320 2.7559 3.0332 2.4124 2.4746 2.4675 2.3795 2.0024 0.6710 2.3292 2.5885 2.2757 2.6298 3.2625 3.1133 2.0286 2.6818 3.3287 2.6641 3.1133 2.2089 2.4675 2.2417 2.2757 1.8480 2.8156 1.7000 1.7544 2.6907 2.6048 2.7853 2.0834 3.3993 3.0079 2.1465 3.9472 2.9591 3.0592 2.6298 2.3171 2.8469 2.1982 2.6130 2.7853 1.9044 2.9711 2.6641 1.8665 2.9014 2.4818 2.2815 2.9126 3.7360 1.5723 2.7853 2.7368 2.7853 1.9811 2.0286 1.9161 2.5336 2.1071 2.8469 2.9711 2.0111
HPPV_Bat_pegivirus_PDB-491.2_E2_289-656_AlphaFold 2.5336 2.3416 2.6298 2.4963 2.0834 2.7754 2.3795 2.5646 1.8739 2.4395 2.2035 2.2643 2.3111 1.8372 2.3354 2.5490 2.4464 2.4890 2.0198 0.9566 2.8902 2.9955 1.9481 2.4604 1.6907 2.6468 1.8739 2.3231 2.5036 2.5413 1.7677 2.1516 2.5110 2.8259 2.1120 2.6298 2.2815 2.6298 2.1617 1.7544 2.3231 2.8792 2.9832 2.5725 2.6214 2.3416 3.2154 2.5185 2.6818 2.9014 2.5336 2.2643 2.8156 1.1818 1.8053 2.4818 2.3111 2.8683 2.5110 2.8363 2.3231 2.8469 1.9728 2.8575 2.6729 3.1133 2.1982 0.9345 2.3354 2.9241 2.5966 0.5931 1.9811 1.3840 0.6679 2.4675 0.0000 2.0602 2.1316 2.6298 2.5336 1.9896 1.8158 2.5966 2.4746 2.1217 2.0067 2.4258 2.4818 2.6214 2.4746 2.4464 1.9603 2.5966 2.8792 1.4340 2.5110 1.4746 2.5805 2.3111 1.2636 2.0067 2.2035 1.7644 2.1929 2.1217 2.7089 2.0286 2.3925 1.9201 2.7853 2.3171 2.4464 1.8372 2.3111 2.2089 2.2473 2.8363 1.7479 1.6139 1.7062 2.3603 2.0420 2.4746 2.2306 1.3344 2.9014 2.2874 1.5943 1.6427 1.8628 2.1217 2.5185 0.7067 1.3177 2.2932 1.3751 2.2586 2.9356 2.2991 2.3292 2.8683 1.3116 2.4395 2.5036 2.0648 2.6729 2.5567 2.5490 2.5646 2.3478 2.4464 1.2695 1.9686 1.2873 2.7181 3.1273 2.2991 2.5413 1.2052 2.9955 1.9440 0.6897 2.5413 1.5377 2.6298 2.3354 2.7953 2.8902 2.3603 2.0286 2.5966 2.7754 1.6907 2.3354 1.2675 2.3540 2.2643 2.6554 1.2715 2.7754 2.4890 2.2874 2.6048 1.8517 2.4890 1.2853 2.4963 2.2362
HPPV_Wenzhou_Rattus_tanezumi_pegivirus_1_E2_415-767_AlphaFold 2.8792 2.5185 2.8259 2.0154 0.9749 2.6729 2.4604 2.3603 0.6971 2.6818 2.2035 2.2306 2.5885 0.5134 2.2143 3.1133 2.7754 2.9711 1.1197 1.8929 2.9473 2.5413 0.5940 2.3231 2.1217 2.4890 2.2757 2.0928 3.0461 2.2089 0.5353 2.6641 2.4963 3.2002 0.0295 2.5966 2.5413 2.6468 2.4124 1.9240 2.2143 3.0724 2.4604 2.6214 2.5036 2.5110 2.6641 2.0694 2.8575 2.7953 2.5336 2.2306 2.8575 1.8702 2.2815 2.8259 2.6818 2.8054 2.4604 2.2529 2.2197 2.3795 0.6971 2.1720 2.3292 3.0859 2.1929 2.0286 0.8827 3.0461 2.6907 2.2991 1.0522 2.1217 1.9562 2.9955 2.0602 0.0000 2.1120 2.2643 2.2815 2.0976 1.7949 2.0881 1.9562 2.7463 2.4534 2.6048 2.2252 2.3111 2.2197 2.9473 2.1365 2.6554 2.5805 2.4057 2.4124 1.8929 2.7656 2.5260 2.1168 2.0556 2.5567 1.2853 2.2757 2.2700 2.9832 0.8287 2.4675 1.7446 2.7181 2.0375 2.4395 0.5134 2.4746 2.1465 2.3991 2.7953 1.8517 1.9161 1.3708 2.4327 1.6427 2.3795 2.2700 2.0111 2.2700 2.3354 1.9044 2.4746 1.0647 2.3354 2.5036 2.1365 2.0740 2.3416 2.0198 2.3795 2.8363 2.3478 2.4534 2.7181 2.1023 2.7853 2.1876 0.9399 2.5885 3.0995 2.3231 2.6130 2.6818 2.3171 1.9896 0.8324 1.9122 2.4890 2.5110 3.3287 2.2143 2.0375 2.6818 2.2473 2.0881 2.5490 1.8480 2.4464 2.5567 2.3731 2.3731 2.4395 0.6866 2.4191 2.7089 2.0111 2.3292 2.0154 2.8575 2.4327 3.3812 1.8264 2.8054 2.3354 2.3354 2.1071 0.6659 2.4191 2.0067 2.2529 2.6729
HPPV_Equine_Pegivirus_E2_261-534_AlphaFold 2.7656 2.4675 2.6641 2.3603 2.0881 2.3603 2.4890 2.4963 2.2362 2.3292 2.2586 2.3354 2.0510 2.1668 2.6048 2.4124 2.6554 2.4746 1.6253 1.9240 2.4464 2.0740 2.0420 2.0648 2.0928 2.3991 2.1668 2.1365 2.1720 2.0556 2.1566 2.2932 2.6729 2.4746 1.9440 2.4057 2.2306 2.9591 2.0694 2.1071 2.1824 2.2089 2.5185 2.2700 2.3171 2.1415 2.2815 2.0740 2.4534 2.8902 1.9728 2.0375 2.9241 1.8158 2.0067 2.9711 2.1566 2.3478 2.3731 2.0881 2.3231 2.7181 1.9044 2.1824 2.1266 2.3603 2.0976 1.9161 2.0740 2.4534 2.4746 2.2529 2.3051 2.1168 2.0602 2.5805 2.1316 2.1120 0.0000 2.0286 2.1668 2.1516 2.3860 2.4258 2.0067 1.8739 2.1266 2.4258 1.9981 2.2529 2.2143 2.6468 2.2473 2.3603 2.7853 1.8517 2.5725 1.8123 2.7853 2.2417 1.9645 2.0375 2.1824 2.4191 2.2586 2.4464 2.4675 1.9481 2.0154 2.3795 2.7181 1.9603 2.4675 2.1668 2.6468 2.2991 2.1617 2.4395 2.2586 1.7778 1.8018 2.2035 2.2035 2.1465 2.2035 1.8815 2.5646 2.1415 1.9939 2.2417 2.2643 2.5490 2.2932 1.9603 1.7812 2.1876 1.9044 2.3860 2.9126 2.1365 2.6214 2.2306 1.8229 2.4395 2.5413 2.0024 2.6214 2.5885 1.8554 2.7559 2.3292 2.4327 2.1668 1.9400 1.8815 2.1720 2.8156 2.6998 1.9728 2.2197 2.9241 2.1168 1.9728 2.0067 2.1415 2.2815 2.1982 2.9014 2.2197 2.2362 2.1720 2.0331 2.7089 2.1071 1.9896 2.0694 2.4818 2.2586 2.4258 2.0111 2.9241 2.0420 2.1168 2.2529 2.1168 2.4464 1.8665 2.7181 2.4124
HPHV_Rhizomys_pruinosus_hepacivirus_E2_363-635_AlphaFold 2.1566 2.3292 2.8156 2.3292 2.3991 2.3540 2.5413 1.2617 2.5336 0.7294 2.1168 2.1720 0.1228 2.4124 1.4434 2.5413 2.5336 2.3171 3.0079 2.3292 3.0461 2.4395 2.6907 1.2520 2.2417 2.3991 2.8683 2.2643 0.8547 0.7720 2.2586 1.3578 2.4604 2.5966 2.4191 2.3478 1.9240 2.4057 1.5044 2.4395 2.3540 1.4293 2.9591 1.2913 2.1217 2.1668 2.6998 1.4968 2.3667 2.4675 1.1747 0.6618 2.7953 2.1217 2.2757 2.4818 1.0983 2.3603 0.7437 1.3136 0.9455 2.2035 2.7463 1.0616 1.2199 2.7181 1.0491 2.4327 2.2815 2.6554 2.7656 2.1120 2.8575 2.6998 2.3667 2.0024 2.6298 2.2643 2.0286 0.0000 1.0951 2.6818 2.3416 1.3095 1.1818 2.0111 2.0740 2.5413 1.0010 1.0663 2.2417 2.4890 2.4963 2.5567 2.9955 1.9122 2.3478 1.8517 2.7368 1.5403 2.3991 1.7413 1.3157 2.5260 1.3198 1.3365 2.6468 2.4818 1.1231 2.1824 3.0995 2.3603 2.0331 2.4124 2.3667 2.1316 1.6969 1.9521 2.4963 2.1217 1.4132 2.3478 2.5036 0.6971 0.7163 2.3925 2.3478 1.8517 2.1415 2.0834 2.2252 2.0740 1.6515 2.2643 2.2757 2.1465 2.5036 2.2815 2.4258 0.7088 2.4327 2.3860 2.6382 2.0976 2.1668 2.2874 1.9939 2.3478 1.0758 2.3925 1.2125 1.2540 2.4675 2.5885 2.1566 1.6224 2.7953 2.4963 0.6679 2.5413 2.6214 2.1465 2.4604 0.7858 2.3292 2.4191 2.2932 2.4327 0.0620 1.9981 2.3795 0.0739 2.4890 2.2757 2.5725 2.2815 2.3603 1.0999 2.6818 2.6214 2.2306 1.3817 0.7163 1.1835 2.4534 0.7708 2.5036 2.3667 2.3603
HPHV_Hepacivirus_P_E2_339-606_AlphaFold 2.0834 2.1772 2.1929 1.8929 2.7181 2.3925 2.2143 1.1399 2.3991 1.1164 2.3667 2.0834 1.0951 2.2874 1.6456 2.5260 2.6818 2.7089 2.3231 2.4746 3.3812 2.2197 2.5036 1.1147 2.4818 1.9686 1.9083 2.5110 1.0999 1.2913 2.5413 1.1332 2.5805 2.5413 2.5110 2.2874 2.1168 2.5490 1.7252 2.7368 2.2874 1.3260 2.4818 1.0758 2.1668 2.4963 2.5036 1.3729 2.1316 2.2932 1.0870 1.1434 2.6468 2.9014 2.3416 2.6641 1.1114 2.3292 1.1065 1.0870 1.2813 2.6998 2.4395 1.0742 1.0679 2.5966 1.0323 3.3287 2.3354 3.4363 2.8259 2.2874 2.5185 2.3231 2.8683 2.0602 2.5336 2.2815 2.1668 1.0951 0.0000 3.1704 2.2197 1.2933 1.0054 1.7677 1.9044 2.2035 1.0445 0.5336 2.3925 2.6468 2.3171 2.2991 2.9591 2.5885 2.4395 1.9280 2.6641 1.3817 3.2951 2.0465 1.2311 2.8469 1.1519 1.1214 5.0250 2.6214 0.9850 2.4675 2.5966 2.4191 2.6298 2.2874 1.9440 2.1516 1.6456 2.1982 3.0461 2.5336 1.8088 2.0976 2.3667 1.2144 1.1485 2.0834 2.6382 2.4746 2.3795 2.2932 2.6729 2.0242 1.5273 2.2643 2.1266 2.1120 2.3925 2.6468 2.5036 1.2089 2.0375 3.0592 1.9603 2.5646 2.2417 2.3478 2.6214 2.9711 0.8214 2.1316 1.0217 0.9009 2.6554 2.7559 2.6130 1.5535 2.5885 3.1273 1.0647 2.5805 2.5260 1.8665 2.3795 1.1907 2.3795 2.1266 2.3292 2.9241 1.1081 2.0834 2.5490 1.1399 2.3991 2.6998 2.0375 2.9955 2.6729 1.0902 2.8902 2.5336 2.2143 1.3708 1.2125 0.9821 2.7953 1.1298 2.6818 2.6729 2.1365
HPPV_Bat_pegivirus_PDB-303_E2_221-539_AlphaFold 2.4395 2.4191 2.7181 1.7983 1.9981 2.6641 2.6214 2.2529 2.3051 2.1824 2.1023 2.1876 2.3231 2.3795 2.7953 2.3925 2.7089 3.6423 2.3354 1.6545 2.6468 2.7274 2.0465 2.8575 1.6574 2.5646 2.0976 2.2757 2.3603 1.9645 2.6729 2.6130 2.6907 2.7463 2.2306 3.0724 2.4746 2.6130 2.6048 0.3064 2.2362 2.3540 2.7559 2.5646 2.9014 2.8156 2.8792 2.5966 3.1414 3.2002 2.8259 2.2700 3.0461 1.4387 2.0154 2.5885 2.2306 2.6130 2.4604 2.8156 2.3860 2.8683 2.1071 2.6298 2.5646 2.9356 2.7559 1.7000 2.5110 2.8259 3.0079 2.2874 2.1365 1.6907 1.5805 2.6818 1.9896 2.0976 2.1516 2.6818 3.1704 0.0000 2.5805 2.3667 2.7368 2.2757 2.8259 2.4395 2.5336 2.5966 2.3603 3.0859 1.9896 2.6048 2.8156 0.7976 2.7754 1.8264 2.9473 2.6214 1.5044 2.2757 2.8469 2.2473 2.2586 2.4746 2.5036 2.2197 2.3603 1.8372 2.9241 2.3231 2.8259 2.3795 2.8054 2.1772 2.0928 2.6048 0.2803 1.7157 2.6729 2.7754 2.4963 2.3795 2.3731 1.3386 2.9955 2.8902 1.8053 1.8739 1.9481 2.1617 2.5646 1.6634 1.7062 2.7368 1.3862 2.5805 2.7656 2.2197 2.3603 2.9241 1.6139 2.6298 2.6998 2.3416 2.6214 2.9711 2.5885 2.4675 2.2757 2.8792 1.6664 2.2473 1.4577 2.4327 3.3812 3.0332 2.6641 1.9562 2.9591 2.0465 1.5535 2.1365 1.5120 2.5413 2.5336 2.8054 2.2529 2.1168 2.1824 2.2306 3.2002 1.7778 2.5885 1.4625 2.3292 2.1720 2.4963 1.5044 2.7181 3.0724 2.1465 2.3478 2.3111 2.2643 1.3578 3.0079 2.5490
HPHV_Xiamen_guitarfish_hepacivirus_E2_623-791_AlphaFold 1.6282 1.9083 2.4124 2.1465 2.1720 1.8777 1.7577 2.2757 2.5110 2.6468 1.3471 1.9201 2.4963 2.2089 1.9521 2.1465 2.5336 2.3416 2.2874 2.1023 2.1415 2.4327 2.1465 2.2197 2.2874 2.3603 2.0834 1.9896 2.3292 2.0787 2.2089 2.0154 2.1772 2.2991 2.0067 2.7754 2.0286 2.6130 1.9562 2.1217 1.9320 2.4963 2.4258 1.9603 1.9728 1.5247 2.1316 2.1316 2.4746 2.6729 2.1772 2.1929 2.3231 2.1168 2.3111 2.2252 2.1168 2.3991 1.9440 2.1617 1.8336 1.9645 2.3111 1.8739 2.2252 2.3354 1.9939 2.1929 2.1929 2.3925 1.8777 2.6130 2.0881 2.2417 2.1316 2.1023 1.8158 1.7949 2.3860 2.3416 2.2197 2.5805 0.0000 2.3478 1.9044 1.4363 0.7437 1.7381 2.0067 2.3925 1.6907 2.3051 2.3478 2.1982 2.4258 2.3860 2.3292 1.9360 2.0976 2.2143 2.3111 2.1415 2.1415 2.1168 2.0375 1.8739 2.8259 2.0881 2.0024 1.8777 2.2586 1.2559 2.4818 2.2089 2.3603 1.6311 1.8300 2.2417 2.2089 2.0286 1.4869 2.5110 1.5273 2.1266 2.4258 2.2089 2.9591 1.5778 2.2586 2.4963 2.2473 1.6282 2.0694 2.5336 2.3231 2.1516 2.2089 2.5185 2.7656 2.1617 1.6846 2.1929 2.1465 2.7181 2.3860 2.3231 1.4529 2.1876 2.1120 1.6664 2.0740 2.3111 1.9854 2.3171 2.1365 2.1168 2.1023 2.3925 2.1415 2.0787 2.8259 1.3642 1.8815 1.9481 2.3731 2.3416 1.6846 2.5567 1.8702 2.0602 2.6818 2.3603 2.0602 2.2417 1.5299 2.3171 2.5725 1.9083 2.4258 2.1266 2.5185 2.1824 2.1929 2.1266 2.5336 2.4746 2.1720 2.4395 2.3540
HPHV_Sigmodontinae_hepacivirus_E2_368-633_AlphaFold 2.6641 2.8363 2.0976 2.3991 2.1023 3.1273 2.4746 1.2656 2.3925 1.5723 2.3603 2.1566 1.5615 2.2932 1.2933 2.6298 2.8054 2.2700 3.0079 2.6130 2.6998 2.6907 2.2035 1.2636 2.5805 2.8902 2.5490 2.4464 1.3973 1.4649 2.4464 1.3471 2.4604 2.6130 2.2874 2.6298 2.1617 2.4258 1.7094 2.5646 2.7559 1.2598 2.2700 1.3281 2.4327 2.3478 2.6214 1.3642 2.3991 2.4604 1.2853 1.2311 2.9711 2.3111 2.5567 2.5336 1.2444 2.5110 1.1332 1.1589 1.2520 2.7559 2.3354 1.0934 1.2873 3.0461 1.1554 2.2932 2.7559 2.8259 3.6651 2.6048 2.3795 2.5185 2.2700 2.0465 2.5966 2.0881 2.4258 1.3095 1.2933 2.3667 2.3478 0.0000 1.0369 2.5260 2.2643 2.2143 1.1764 1.1281 2.5413 2.6468 2.3478 2.4464 2.5490 1.9645 3.0461 2.2473 2.1617 1.6224 2.4464 2.1876 1.3884 2.5110 0.8931 1.2559 2.5567 2.1415 1.1197 2.4746 2.4818 2.1929 2.4124 2.2932 2.4604 2.3416 1.4894 2.1566 2.3667 2.6130 2.3991 2.4395 2.7089 1.2913 1.3492 2.1982 2.7559 3.1414 2.3860 2.3540 2.3540 2.1023 1.4943 2.7463 2.3540 2.2757 2.1772 3.0205 2.9955 1.2330 2.3795 2.9591 2.3731 2.2143 2.2932 2.4818 2.4604 2.3540 1.1818 2.5185 1.2330 1.4086 2.3540 2.0465 2.1668 1.0128 2.6298 2.6729 1.3795 2.2932 2.4746 2.5185 3.0205 1.5044 2.8902 2.3540 2.6214 2.5805 1.3365 2.2035 2.5885 1.3014 2.6641 2.2700 2.5185 2.3231 2.8683 0.9636 2.3667 2.6729 2.1720 1.2387 1.2425 1.3157 2.2757 1.7316 2.1929 2.6130 2.3292
HPHV_Wufeng_Niviventer_fulvescens_hepacivirus_1_E2_419-671_AlphaFold 1.9939 2.3051 2.0154 1.7479 2.4534 2.1876 2.0648 1.0822 2.5185 0.9524 1.8517 2.3111 0.9995 2.2529 1.3344 2.2529 2.7754 2.4675 2.3231 2.5260 2.6641 2.5646 2.2815 0.8312 2.2143 1.7880 2.5110 2.0242 1.1800 1.0538 2.4124 1.2734 2.2417 2.6641 2.0834 2.4534 2.0740 2.2252 1.4247 2.7953 2.1266 1.1925 2.7463 1.2237 2.2473 2.2757 2.5725 1.1889 2.4963 2.3795 0.8788 1.0128 2.6641 2.1266 2.4057 2.5646 1.0054 2.7656 0.9413 0.8673 1.3198 2.3860 2.1415 0.3490 0.8373 2.0976 0.0903 2.7754 2.4534 2.6729 2.2529 2.2417 2.6130 2.2757 2.2700 1.9562 2.4746 1.9562 2.0067 1.1818 1.0054 2.7368 1.9044 1.0369 0.0000 1.7031 2.1772 2.1668 0.0284 1.0069 1.9481 2.5725 2.1465 2.1566 2.4258 2.3667 2.4057 2.2197 2.5185 1.0806 2.8469 1.8336 1.1641 2.0024 1.1485 1.2774 2.5966 1.9240 0.1025 2.0286 2.8792 2.2643 2.1929 2.2529 2.4124 2.0694 1.5120 2.0465 2.3667 2.0556 1.7949 1.7880 2.1465 1.0822 1.0247 2.0976 2.0834 2.1566 2.1415 2.1772 2.1929 1.8665 1.4109 2.1365 2.8575 1.8158 2.0067 2.2700 2.2252 1.0217 2.1316 2.6298 2.1465 1.8591 2.2473 2.2874 2.3416 2.2815 1.0384 2.1217 1.2734 1.2617 1.9896 1.9769 2.2143 1.4201 2.0286 2.4258 1.1485 2.6382 2.3231 1.9122 2.6048 1.1281 2.2417 1.9645 2.2035 2.2874 1.0353 1.8193 1.9896 1.0445 2.0787 2.0420 2.3171 2.2197 2.0834 0.3704 2.3416 1.8853 2.0465 1.1800 1.0902 1.0128 2.9473 1.1519 1.9769 2.0881 2.3292
HPHV_Catfish_hepacivirus_E2_552-803_AlphaFold 2.4124 2.0648 2.1668 1.8229 2.3292 2.2586 2.2700 2.2197 2.5185 2.2035 1.4109 2.1772 1.7949 2.7181 2.0787 2.3731 2.3603 2.0602 2.3354 2.2643 2.7953 2.1120 2.1168 2.5725 1.9854 2.0510 1.1925 2.0976 2.0602 1.9854 2.5885 2.0154 2.9014 2.9126 2.6998 2.1365 2.2991 2.3795 2.3991 2.4675 1.8300 2.8469 3.0724 2.7953 2.1566 1.8739 2.1876 1.9201 1.9006 2.1982 2.8156 1.9006 2.6130 2.2586 2.4258 2.6641 2.1720 2.3051 2.2757 2.8792 1.9440 2.1120 2.1982 2.2815 2.6214 2.3925 2.0976 2.5567 2.5490 2.4057 2.5036 2.1071 2.6214 2.2252 2.4124 2.2586 2.1217 2.7463 1.8739 2.0111 1.7677 2.2757 1.4363 2.5260 1.7031 0.0000 1.5805 2.0787 1.8702 2.0510 2.0154 1.9006 2.4963 1.9400 2.5413 2.2991 2.0694 1.8300 2.2306 1.9240 2.1982 2.0834 2.0067 1.9811 2.1168 2.0286 2.6048 2.0694 1.8408 2.2643 2.3111 1.4041 1.8123 2.7181 1.9811 1.8628 2.1465 2.0420 2.1266 1.9645 1.8408 2.0740 1.5723 1.8408 1.9122 2.1217 2.3231 1.3996 2.3051 2.0375 2.4258 1.9854 2.2757 2.1023 2.4746 1.9645 2.1217 2.3051 2.5966 1.7413 1.9981 2.2932 2.1120 2.1982 2.1876 2.5805 1.9161 1.9240 2.0976 2.1824 3.0724 2.2252 2.3667 2.0694 2.0694 2.5490 2.2586 2.4746 1.9044 2.0465 2.4604 1.3599 2.1617 1.9481 2.3731 2.1365 2.2306 2.1465 2.0286 1.7846 2.4327 1.8480 2.5260 2.1120 1.6311 2.1217 2.1365 2.1516 2.5805 2.4890 1.8444 2.3231 1.8929 2.0740 2.5885 1.8815 2.2252 2.2874 1.8967
HPHV_Xiamen_sepia_Stingray_hepacivirus_E2_716-847_AlphaFold 1.8554 2.0556 2.4191 1.6082 2.2089 2.0024 1.9939 1.9981 2.3731 1.8628 1.5222 1.5832 2.0510 2.2089 2.7463 2.5260 2.5567 2.4191 2.4534 1.8815 2.6048 2.2143 2.2932 1.8665 1.8336 2.9955 1.7349 2.0694 1.8264 2.2252 2.4890 2.1023 2.0465 3.2002 2.4464 2.7853 2.1217 2.6818 2.1120 2.2643 1.9645 3.1704 2.5805 2.0740 1.8702 1.4993 2.6907 2.3051 2.5036 3.1414 2.1824 1.7381 2.4746 1.9769 2.4258 2.6998 2.0740 2.3795 1.7381 2.6818 2.1982 2.2473 2.5567 1.8264 1.7846 2.4963 2.1023 2.0420 2.5036 2.1772 2.5805 2.3603 2.1929 2.4395 1.9240 2.3478 2.0067 2.4534 2.1266 2.0740 1.9044 2.8259 0.7437 2.2643 2.1772 1.5805 0.0000 1.8665 2.1772 2.6214 1.7189 2.5490 1.8891 2.0510 3.4363 2.1929 2.6641 2.5966 2.4818 2.1668 2.4746 2.0198 2.3111 2.4534 2.1617 2.0556 3.0079 2.0648 2.2643 2.1982 2.9126 1.1214 1.9481 2.2089 2.4534 1.4770 1.8739 2.8683 2.5036 2.2815 2.9126 2.5725 1.4505 1.9320 1.9562 2.3731 2.7953 1.4722 2.0976 2.1929 2.2035 1.9939 2.5036 2.3478 2.3860 2.6998 2.3731 2.4057 2.9356 1.8229 2.0556 2.3925 2.2586 2.7953 2.2417 1.8967 1.7316 2.3231 2.2143 2.0465 2.2473 2.2197 2.5567 1.9360 2.1617 2.1168 2.4604 2.6907 2.4191 2.4963 2.9591 1.5377 2.1982 2.0881 2.8902 2.6554 1.9769 2.2252 2.0111 2.0465 2.6907 2.3354 2.5805 2.0740 1.6054 1.9044 2.0976 1.7577 2.2362 2.3292 2.5185 2.2700 1.8408 1.7349 2.1415 1.9161 2.2991 2.6130 2.0331
HPHV_Rodent_hepacivirus_CRT64-ACOD2010_E2_380-712_AlphaFold 0.1927 0.3175 2.3051 2.5805 2.3603 0.2994 0.1273 2.3171 2.4191 2.3540 2.0024 1.3621 2.5646 2.3111 2.5490 2.7463 2.5336 3.0995 2.4963 2.2306 2.5805 2.3991 2.3925 2.2700 2.2306 2.4746 2.7089 2.1617 2.5336 2.2643 2.3603 2.6818 2.7181 2.6048 2.1876 2.7274 2.4258 2.8259 2.2252 2.4464 0.7272 2.3795 2.7463 2.1217 0.9023 1.8264 2.5966 2.2700 2.7274 2.8792 2.2932 2.5260 3.0205 2.3667 2.4534 3.2787 3.0859 2.8363 2.4395 2.4890 2.3925 2.4818 2.3667 2.2757 2.4604 2.6468 2.0420 2.3731 2.3111 2.9591 2.7274 2.6298 2.5036 2.5805 2.2197 2.8054 2.4258 2.6048 2.4258 2.5413 2.2035 2.4395 1.7381 2.2143 2.1668 2.0787 1.8665 0.0000 2.0928 2.0648 2.2586 2.6298 2.4963 2.5567 2.8469 2.5805 2.0928 2.4327 2.1929 2.3603 2.6554 2.2417 2.1566 2.9711 2.7274 2.9591 2.6468 2.4604 2.1465 2.4057 2.8363 2.3292 2.4395 2.3111 2.2143 2.4191 2.3540 2.6048 2.6729 2.3478 1.8264 2.5885 2.1316 2.7953 2.6554 2.7089 2.6998 2.0465 2.4327 2.4890 2.4604 2.2306 2.7463 2.2586 2.3991 2.4395 2.6130 2.4327 2.3292 2.5885 0.1945 2.5185 2.3667 2.4057 2.3416 2.5567 1.9201 2.4818 2.2643 0.1354 2.3111 2.3731 2.4818 2.5336 2.3795 2.4604 2.2874 2.9473 2.3111 2.4327 2.5725 2.2252 2.2306 2.4963 2.5413 2.2815 0.1541 2.9356 2.4604 2.9014 2.2643 2.5805 3.0995 2.3540 2.2874 2.3051 2.4258 2.3731 2.9356 2.5490 2.2815 3.1704 2.5725 2.6468 2.6468 2.5413 2.3860 2.8792 2.4124
HPHV_Wufeng_Niviventer_niviventer_hepacivirus_1_E2_410-677_AlphaFold 1.9896 2.2874 2.1720 1.7157 2.3925 2.7274 2.0787 1.0384 2.6554 0.9304 1.7914 2.2417 0.9707 2.0787 1.2636 2.5260 2.4963 2.1168 2.3231 2.3354 2.3354 2.4057 2.3795 0.9399 2.4675 1.7949 2.5805 2.1824 1.1997 1.0491 2.1929 1.2463 2.2757 2.6048 2.3478 2.2874 1.7846 2.2700 1.4529 2.4191 2.1415 1.1641 2.6298 1.2933 2.0286 2.0976 2.7181 1.3116 2.2874 2.6641 0.8660 1.0790 3.2154 2.1071 2.3795 2.3478 1.0445 2.3603 0.9075 0.8827 1.2144 2.2991 2.0602 0.3831 0.8660 2.1516 0.1036 2.8156 2.0740 2.2197 2.2815 1.9440 2.1465 2.1365 2.3231 1.8665 2.4818 2.2252 1.9981 1.0010 1.0445 2.5336 2.0067 1.1764 0.0284 1.8702 2.1772 2.0928 0.0000 0.9792 2.1071 2.2700 2.2529 2.5110 2.4395 2.0154 2.1876 1.9481 2.1516 1.0710 2.4890 1.8018 1.1315 2.2143 1.1399 1.1676 2.4464 2.0154 0.1013 2.0928 3.0592 2.2757 2.0510 2.0787 2.0602 2.0881 1.5247 2.0465 2.1668 2.0242 1.8665 1.7711 2.1415 1.0726 1.0461 2.4818 2.1617 2.2757 1.8929 2.1720 2.3231 1.9400 1.4819 2.2529 2.1772 1.9769 2.4818 2.1617 2.2035 1.0918 2.0286 2.5805 2.1465 1.9562 2.6214 2.1071 2.1772 2.4963 0.9317 2.0740 1.3239 1.2734 2.3292 1.9854 2.3991 1.3344 2.1415 2.4963 1.0838 2.7274 2.1720 2.0111 2.2306 1.0647 2.1120 2.1982 2.2932 2.5413 0.9580 1.8300 1.9360 1.0232 2.1566 2.0420 2.3478 2.3667 2.9591 0.4209 2.1316 1.9603 2.0694 1.2993 1.0983 1.0414 2.2700 1.0886 2.2473 2.0602 2.1617
HPHV_Hepacivirus_sp._clone_B32_E2_340-608_AlphaFold 2.1566 2.5413 2.1120 2.0331 2.2473 2.3354 1.9083 1.0631 2.2089 1.1382 2.3416 2.1120 1.0143 2.1023 1.1065 2.4464 2.9473 2.2362 1.9854 2.7368 2.3051 1.9400 2.0465 1.1417 2.5805 2.3795 1.8929 2.8054 1.1485 1.3428 1.9728 1.2559 3.0079 2.6818 2.2815 2.8259 1.8264 2.5110 1.8777 2.4818 2.1415 1.1782 2.4534 1.0838 2.2700 2.0694 2.1465 1.1131 2.0420 2.8683 1.1298 1.1782 2.6130 2.1617 2.2362 2.6130 0.9980 2.5413 1.0726 1.1571 1.2715 2.1772 2.0198 1.0338 1.1889 2.6554 1.0838 2.2586 1.9521 2.5646 2.4818 2.3860 2.3292 2.1720 2.3478 1.5196 2.6214 2.3111 2.2529 1.0663 0.5336 2.5966 2.3925 1.1281 1.0069 2.0510 2.6214 2.0648 0.9792 0.0000 2.4057 2.3991 1.9122 1.9769 2.3111 2.0111 3.0592 2.0740 2.3416 1.3136 2.6998 1.7284 1.1764 2.0928 1.0232 1.2034 2.8792 2.0465 0.8866 2.3478 2.8363 2.1617 1.9044 2.1023 2.0067 2.3292 1.5273 1.8408 2.8683 2.3795 1.8591 2.1316 2.0881 1.1485 1.1835 1.9981 2.2197 2.3603 1.9896 2.1415 2.2932 1.8158 1.2793 2.6382 2.5413 2.3860 1.9122 2.1929 2.5490 1.1485 1.9686 2.6130 2.3540 1.9280 1.9854 2.2874 2.0154 1.9686 0.7415 2.2143 1.1048 1.0553 2.2700 2.1365 1.9981 1.2237 2.2197 3.0724 1.1298 2.7853 2.6214 2.0198 2.2035 1.2695 2.4818 2.0556 2.5336 2.6130 1.0679 2.0286 2.2643 1.0663 2.4890 2.1876 2.1168 2.2529 2.3292 1.1214 2.3667 2.6554 1.8193 1.2016 1.1537 0.9807 2.6907 1.1382 2.3925 1.9811 2.1168
HPHV_Bald_eagle_hepacivirus_E2_364-657_AlphaFold 2.3354 2.7463 2.1982 1.8264 2.6907 2.4124 2.3603 2.7656 2.2362 2.3231 2.0928 2.1982 2.4258 2.6298 2.6468 2.2306 2.5567 3.2466 2.3111 2.5110 2.5490 2.2417 2.3051 2.4963 2.3231 2.3231 1.5805 1.6311 2.1720 2.0694 2.5805 2.5490 2.5336 2.3478 2.1824 2.4327 2.0111 2.8902 2.2529 2.6554 2.5567 2.4534 3.0079 2.2417 2.7274 2.1120 2.7274 2.0111 2.3731 2.3292 2.2143 2.2417 2.4258 2.1071 2.1876 2.2417 2.6554 2.6214 2.2757 2.3667 2.2473 1.6754 2.2932 2.3231 2.3667 2.5260 1.9896 2.4818 2.5260 2.5413 2.6298 2.2643 2.1668 2.4057 2.2991 2.1720 2.4746 2.2197 2.2143 2.2417 2.3925 2.3603 1.6907 2.5413 1.9481 2.0154 1.7189 2.2586 2.1071 2.4057 0.0000 2.6298 1.8815 2.2932 2.7559 2.4258 2.6907 2.1168 1.8193 2.5646 2.1982 2.2757 2.3171 2.5885 2.5260 2.5567 3.1558 1.8891 1.8891 2.4675 2.2815 2.1516 2.4191 2.6298 2.4258 1.9083 2.1071 2.4675 2.6907 2.0375 2.4675 2.0602 2.7368 2.2932 2.3171 2.2473 2.5646 1.9939 2.5336 2.0694 2.6818 0.8801 2.4963 2.5490 2.3991 2.2473 2.3051 2.3795 2.2473 2.1266 2.3416 2.4395 2.2035 2.3354 2.1516 2.4258 2.2473 2.4746 2.2700 2.5885 2.4890 2.7656 2.2252 1.9006 2.1023 2.2643 2.6641 2.4124 2.1071 2.4124 2.7089 1.9769 2.2362 2.0556 2.4464 2.1217 2.3795 2.3354 2.4604 1.5094 2.3111 2.8575 2.5185 1.8929 1.6846 2.4534 1.7446 2.6468 2.5966 2.2932 2.3051 2.3603 2.1415 2.4746 2.1982 2.1365 2.2362 2.6998 2.5185
PLPV_Bovine_viral_diarrhea_virus_2_E2_693-1063_AlphaFold 3.2625 2.4191 2.7089 2.0648 2.8054 3.4363 2.6641 2.3991 2.7953 2.6048 2.8054 2.4057 2.3231 2.5185 2.7656 1.2274 0.6426 2.4963 2.3731 2.4057 1.9440 2.7953 2.3051 2.8054 2.6998 2.8902 2.7559 2.8469 2.4818 2.3925 2.8259 3.2154 1.1231 1.6369 2.6907 0.5624 2.9241 0.5533 3.5766 2.6298 2.6554 2.9241 0.9636 2.3603 2.2529 2.8054 1.9686 2.4675 2.5110 1.3535 2.5490 2.5567 1.1659 2.8363 2.7559 0.9893 2.3991 0.9893 2.4534 2.4191 2.6729 2.6468 2.6818 2.3171 2.3925 0.4569 3.0332 2.7853 2.7089 1.5196 2.3991 3.2154 3.0079 2.9591 2.9832 3.2951 2.4464 2.9473 2.6468 2.4890 2.6468 3.0859 2.3051 2.6468 2.5725 1.9006 2.5490 2.6298 2.2700 2.3991 2.6298 0.0000 2.3795 2.7089 1.2089 2.3231 0.6064 2.6554 2.4675 2.7463 3.1704 2.3795 2.7656 3.0079 2.2089 2.6468 1.0663 2.9591 2.4890 2.8575 1.2636 2.0881 2.9241 2.5185 2.6907 2.6214 2.8902 2.6554 2.3603 2.6907 2.0024 2.4818 2.5885 2.5725 2.6641 2.9241 0.6055 2.5567 2.4464 2.6998 2.6818 2.7853 2.7181 2.5185 2.9473 3.1273 3.0592 0.6357 0.6487 2.4604 2.3795 1.4770 3.2309 2.5490 2.2417 2.2757 2.9711 2.9126 2.3667 2.9126 3.1852 2.6998 2.7953 2.8902 2.7953 2.7274 1.8480 1.3323 2.2991 2.9126 0.6772 2.8683 2.4746 2.4191 2.1929 2.7853 2.7089 1.1943 2.5646 2.6907 2.5260 2.4818 0.6249 2.7754 2.3795 2.7754 2.4818 2.3991 0.9835 2.6382 2.7953 2.5966 2.5336 2.6130 2.9356 2.5260 3.7119 0.5688 2.8363
HPPV_Goose_pegivirus_2_E2_244-554_AlphaFold 2.1929 2.2586 2.4890 2.3354 2.6048 2.3603 2.5413 2.3416 2.0834 2.7559 3.1414 2.0331 2.3731 2.1668 2.1217 2.8156 2.1516 2.4963 1.9122 1.6082 2.8363 2.3603 2.0834 2.4963 1.1519 2.2417 1.8815 2.1316 2.6298 2.2362 2.1720 2.5885 2.9832 2.8902 2.1668 2.5336 2.1876 2.2362 2.3925 1.9240 2.1168 2.2932 2.1772 2.2874 2.3171 1.7846 2.9955 2.4191 2.4534 2.4464 2.5490 2.5646 2.6818 1.7577 0.3036 2.4818 2.5725 2.5725 2.2643 2.3111 2.2362 2.3667 2.1415 2.3925 2.4191 3.0461 2.3925 1.6054 2.2874 2.5646 3.5347 1.7711 1.9811 1.8891 2.0420 2.4464 1.9603 2.1365 2.2473 2.4963 2.3171 1.9896 2.3478 2.3478 2.1465 2.4963 1.8891 2.4963 2.2529 1.9122 1.8815 2.3795 0.0000 2.5110 2.5260 1.7544 2.6382 1.7220 1.9603 2.7754 1.7677 2.2991 2.7368 2.0740 2.2586 2.6729 2.2700 2.3354 2.2197 2.0067 2.4191 2.1772 2.3354 2.1668 2.2700 2.1982 2.1415 2.4258 1.9320 1.7778 2.4191 2.4057 2.0465 2.8054 2.6554 1.7446 2.4890 2.6382 1.9769 1.0870 2.2197 2.0242 2.6641 1.7479 1.7949 2.2362 1.7983 2.7953 2.6554 2.6214 2.3603 2.6214 1.8336 2.5110 2.2586 2.2586 2.0198 2.5567 1.9981 2.3231 2.4327 2.5805 1.8193 2.2874 1.8967 2.4395 2.9473 2.6214 2.3354 1.7711 2.9241 2.3540 1.7479 2.5646 1.9122 2.4191 2.1465 2.7559 2.5885 2.2035 2.1668 2.3111 2.4746 1.5887 2.3111 1.7413 2.3540 2.3603 2.8792 1.9939 2.2700 2.6382 2.6729 2.7559 2.0286 2.8054 1.7381 2.2529 2.5036
HPHV_Hepatitis_C_virus_genotype_5_E2_384-746_AlphaFold 2.5413 3.0079 0.3461 2.5110 2.6998 2.7089 2.4057 2.1720 2.7559 2.0648 2.1168 2.2874 2.3416 2.3171 2.0787 3.2002 2.7089 2.7953 2.3354 2.2306 2.5567 2.4191 2.7754 2.3603 2.7463 1.0647 2.8469 2.4258 2.3231 2.3051 2.3731 2.9955 2.8575 2.6382 3.0859 2.4604 1.6427 2.7656 2.4327 2.5036 2.7463 2.7368 2.5413 2.6818 2.1365 1.8336 2.2815 1.6634 0.4177 2.5966 2.1168 2.4124 2.6382 2.3731 2.8259 2.4395 2.4124 2.9126 2.3292 2.2252 2.6130 3.1704 2.6468 2.0024 2.1876 2.5185 2.4464 2.2306 2.5885 2.7368 2.7089 2.4258 2.1168 2.5567 2.5805 2.2473 2.5966 2.6554 2.3603 2.5567 2.2991 2.6048 2.1982 2.4464 2.1566 1.9400 2.0510 2.5567 2.5110 1.9769 2.2932 2.7089 2.5110 0.0000 2.4890 2.5885 2.9241 2.1617 2.9832 2.5567 2.5490 1.8193 2.6907 2.4963 2.3354 2.4746 2.6048 2.4963 2.4395 2.6048 2.6130 2.3292 0.3197 2.3171 0.3317 2.0111 2.4534 0.4545 2.5036 2.1566 1.6604 1.0187 2.2815 2.4604 2.3925 2.4746 2.6130 2.5413 2.5490 2.5110 2.7853 2.3731 2.2700 2.3478 2.5966 1.0158 2.5185 2.2089 2.4258 2.6641 3.0592 2.6641 2.5805 0.4351 2.2035 2.7559 1.7157 0.1262 1.8264 2.6214 2.2643 1.8628 2.1217 2.3478 2.8575 2.1168 2.9014 2.8363 2.0286 2.5966 2.6998 2.3795 2.5966 2.5185 2.6214 0.9966 2.4464 2.6818 2.3795 2.7656 2.6818 2.6130 2.5490 2.3540 2.4124 2.3292 2.8575 2.1668 2.8054 2.5110 0.4177 2.0286 2.4191 2.2197 2.9241 2.0420 2.6382 2.3416 0.4060
PLPV_Pangolin_pestivirus_strain_PPeVBIME6P226Tpangolin2018_E2_712-1078_AlphaFold 2.8259 2.8259 2.6998 2.0420 2.5805 2.9241 3.2951 2.4890 2.8792 2.5885 2.8902 2.5805 2.7463 2.8363 3.0332 0.1976 1.1382 2.4963 2.7754 2.7463 1.7157 2.3731 2.5725 2.7274 2.8259 2.7953 2.4534 2.6382 2.6048 2.5646 2.7274 3.1273 0.3154 1.5170 2.5490 1.1032 2.8259 1.1554 2.7274 2.6382 3.0461 3.5766 1.1332 3.5144 2.9955 3.3287 1.8591 2.6907 3.0724 0.3667 2.8156 2.6729 0.5707 2.4057 2.8259 1.1281 2.6214 1.1181 2.5336 2.6382 3.2466 3.1558 2.5646 2.0154 2.7656 1.0742 2.5966 2.9356 2.8054 1.4968 1.8739 2.5336 3.0461 3.3993 2.4191 3.0724 2.8792 2.5805 2.7853 2.9955 2.9591 2.8156 2.4258 2.5490 2.4258 2.5413 3.4363 2.8469 2.4395 2.3111 2.7559 1.2089 2.5260 2.4890 0.0000 3.0995 1.0631 2.5336 2.7463 3.2002 2.6130 2.7181 2.7853 2.8792 2.4818 3.2625 1.2656 2.5490 2.4963 3.0859 0.3317 2.4818 3.1273 2.8363 2.5413 2.3051 2.8156 2.8156 3.5766 2.6907 2.6382 2.8469 2.9591 2.5490 2.6130 2.4746 1.1399 3.4944 3.1273 2.9126 2.9241 2.2700 2.8575 2.4534 2.7368 2.7656 2.7853 1.1979 1.1485 2.5413 3.0461 1.7031 2.6998 2.5966 2.7656 2.8469 2.9126 2.9591 2.4464 2.8902 3.5347 2.2035 3.0205 2.6818 2.5490 2.5966 1.9521 0.4743 3.1558 3.0205 1.3556 2.4675 2.7181 2.4057 2.4746 3.1558 3.1273 0.3719 3.0079 2.9241 2.3667 2.9955 1.2520 2.0510 3.1273 2.5036 3.0592 2.0881 1.1554 3.0205 3.0461 2.3667 2.5260 2.6214 2.5036 2.4746 2.5966 1.1298 2.8683
HPPV_GB_virus_E2_255-581_AlphaFold 2.5885 2.3795 2.5805 2.1668 1.8300 2.5646 2.6554 2.2700 2.0881 2.1023 2.5805 2.4818 2.2473 2.1120 2.1415 3.3634 3.0592 2.3925 2.1982 1.2953 2.5260 2.1772 2.1071 2.2757 1.5562 2.7368 2.2197 2.1415 2.0834 2.1168 2.0154 2.2252 2.8792 3.1133 2.1929 2.4258 2.3860 2.7953 2.7559 0.7283 2.5036 2.5110 2.5413 2.5185 2.7274 2.3111 3.4747 2.0694 2.6048 2.9473 2.3731 2.0067 3.0859 1.4601 1.7157 2.7953 2.2362 3.2002 1.9006 2.3051 2.1516 2.5490 2.3171 2.2089 2.2143 2.7181 2.2757 1.4041 2.1824 2.6907 2.9711 1.5562 2.0602 1.4553 1.5222 2.2874 1.4340 2.4057 1.8517 1.9122 2.5885 0.7976 2.3860 1.9645 2.3667 2.2991 2.1929 2.5805 2.0154 2.0111 2.4258 2.3231 1.7544 2.5885 3.0995 0.0000 2.8792 1.5044 2.7559 2.2643 1.2255 2.2089 2.1415 2.0740 2.2417 2.1217 2.9591 2.1617 2.2197 1.7812 2.8469 2.3795 2.3667 2.1120 2.5260 2.3991 2.2252 2.5885 0.7538 1.4649 2.3603 2.7853 2.4963 2.0024 1.9320 1.2973 2.8902 2.3354 1.4770 1.6369 1.8300 1.8018 2.3795 1.4943 1.5069 2.5805 1.3302 2.7274 2.5966 2.0375 2.8156 2.4818 1.3556 2.5567 2.2362 2.0375 1.9280 2.4327 2.3416 2.3478 2.2643 2.2143 1.3014 2.1617 1.2933 2.6641 2.6382 3.3118 1.9481 1.3323 2.5336 2.4746 1.4869 2.2586 1.2559 2.5490 2.5413 2.8363 2.1071 2.1217 2.2035 2.0602 3.2002 1.8444 2.2586 1.4505 2.1516 2.2529 2.4746 1.3281 2.5805 2.3991 2.0067 2.2417 2.1824 1.9811 1.3817 2.2643 2.1824
PLPV_Tunisian_small_ruminant_pestivirus_strain_920192007AG_E2_690-1062_AlphaFold 2.4746 2.4191 2.8054 2.5966 3.4747 2.8469 2.5110 2.1929 2.7853 2.3540 2.6382 2.4675 2.4963 2.3416 2.5567 1.1764 0.3726 2.8259 2.2991 2.4746 1.6938 2.5646 2.6818 2.8902 2.3860 2.8792 2.4191 2.0787 2.6554 2.2991 2.4534 2.5413 1.0934 1.5535 2.9591 0.3968 2.4890 0.5389 2.7559 2.4746 2.6298 2.9473 0.8547 2.3416 2.4963 2.9014 1.9603 2.2932 2.6048 1.3281 2.4890 2.4604 1.0232 2.4818 2.9591 0.9821 2.2035 0.9908 2.1668 2.7368 2.8469 2.5185 2.3603 2.3051 2.8054 0.4768 2.4746 2.3860 2.8259 1.3973 2.0740 2.4746 2.6214 2.4675 2.6130 2.9591 2.5110 2.4124 2.5725 2.3478 2.4395 2.7754 2.3292 3.0461 2.4057 2.0694 2.6641 2.0928 2.1876 3.0592 2.6907 0.6064 2.6382 2.9241 1.0631 2.8792 0.0000 3.0859 3.2309 2.6641 2.5646 2.2252 2.4675 2.5185 2.3540 2.2815 0.9115 2.5036 2.2197 2.3111 1.0806 2.2473 3.3459 2.3416 3.0461 2.2815 2.5725 2.8156 2.7089 2.9014 2.3540 2.4604 2.1023 2.3354 2.4395 2.3925 0.3360 2.3925 2.3991 2.7181 2.8156 2.7089 2.5567 2.7463 2.4395 2.4124 2.2991 0.3432 0.4264 2.4963 2.2417 1.4041 2.6214 2.5725 2.6298 2.5490 2.8683 2.8792 2.5490 2.7754 2.2874 3.0079 2.5805 2.6382 2.2991 2.6998 1.7914 1.1764 2.5490 2.6048 0.5790 2.3292 2.5413 2.5260 2.4963 2.7274 2.2035 1.1048 2.6298 2.9591 2.7559 2.4464 0.3892 2.0154 2.6382 2.5885 2.4191 2.4395 0.9386 2.4057 2.7853 2.3478 2.4191 2.5413 2.9955 2.6907 2.4963 0.5203 2.5966
HPPV_Pegivirus_D_E2_207-521_AlphaFold 2.6130 2.2932 2.3991 3.0079 1.8815 2.6641 2.6729 2.1266 1.8408 2.4534 2.1566 2.2362 1.9521 1.8702 2.1824 2.6382 2.6382 2.6641 1.7284 1.5696 2.7181 2.2143 2.1120 2.0976 1.6427 2.3478 2.0024 2.1365 2.2035 2.0286 1.8815 1.9939 2.5110 2.8575 1.8815 2.6468 2.2035 2.4818 2.1566 1.6340 2.3478 2.5490 2.5260 2.6382 2.2089 2.3667 2.4746 2.2035 2.6554 2.7089 2.1071 2.0928 2.3603 1.5222 1.7446 2.5413 2.4124 2.2586 2.1929 1.8739 2.0881 2.1168 1.8967 2.0331 2.0510 2.9126 2.3111 1.7220 1.8554 2.3603 2.9591 1.5430 1.9083 1.6196 1.6694 2.4675 1.4746 1.8929 1.8123 1.8517 1.9280 1.8264 1.9360 2.2473 2.2197 1.8300 2.5966 2.4327 1.9481 2.0740 2.1168 2.6554 1.7220 2.1617 2.5336 1.5044 3.0859 0.0000 2.4534 1.9645 1.6253 2.0154 2.0648 1.7880 1.8408 2.0648 2.3416 2.0024 1.9360 1.8444 2.3731 2.1516 2.4191 1.8702 2.5413 2.0602 2.0024 2.5336 1.6846 1.3075 1.9122 2.4258 1.9122 2.0154 2.1120 1.6224 2.3795 2.2197 1.5377 1.7094 1.8336 1.9939 2.6382 1.5403 1.6282 2.2700 1.6224 2.5185 2.6214 2.1465 2.7181 2.7368 1.7000 2.4604 2.1415 2.1365 2.4604 2.4191 1.9645 2.4057 2.3540 2.2252 1.4270 1.9440 1.5170 2.2586 2.3991 2.5413 2.0198 1.4746 2.3731 2.1266 1.6938 2.2362 1.3795 2.3540 2.6130 2.2643 2.1465 2.1516 2.0286 1.9769 2.6554 1.6311 2.3171 1.7252 1.9481 1.9122 2.2991 1.4270 2.7953 1.9400 2.2089 2.1071 1.8815 2.3354 1.6167 2.4258 2.4604
HPHV_Yili_teratoscincus_roborowskii_hepacivirus_E2_865-1097_AlphaFold 2.1876 2.4604 2.6130 1.5456 2.8363 2.4327 2.0787 2.4963 2.5490 2.6468 3.9761 2.4746 2.2089 2.7089 2.3603 2.4675 2.6818 3.0461 2.8156 2.4057 2.7181 0.8226 2.6907 3.0592 2.6382 2.2991 2.2197 1.6846 2.3111 2.4258 2.3667 2.4327 3.0995 3.0724 2.4464 2.6641 2.5490 2.3171 2.2991 1.8554 2.2473 3.0205 2.4464 2.4746 1.7511 2.0740 3.0205 2.1217 2.7368 2.1217 2.8902 2.5110 2.6554 2.3991 2.8683 2.5336 2.8054 2.5185 2.8054 3.0592 2.6729 1.9240 2.8902 2.8054 2.5336 3.0332 2.3354 2.2252 2.5490 3.0995 2.6130 2.4191 2.5567 2.2306 2.3795 2.4818 2.5805 2.7656 2.7853 2.7368 2.6641 2.9473 2.0976 2.1617 2.5185 2.2306 2.4818 2.1929 2.1516 2.3416 1.8193 2.4675 1.9603 2.9832 2.7463 2.7559 3.2309 2.4534 0.0000 2.8792 2.3860 2.3051 2.4818 2.5413 2.3795 2.5805 3.0724 2.3292 1.9769 2.5805 2.6214 2.1929 2.3540 2.7089 2.2932 2.4464 2.6818 2.9473 2.0198 2.5413 1.8628 2.5185 2.6907 2.3171 2.3991 2.2700 3.2154 2.2991 2.3667 2.2932 2.2197 2.2932 2.7463 2.6298 2.3416 2.7368 2.4057 3.0592 2.4818 2.4890 2.1982 2.5805 2.1120 2.3231 0.9778 2.0834 2.6382 3.0592 2.7953 2.2362 2.3925 2.3354 3.4363 2.2306 2.2815 2.6907 2.8156 2.6382 2.3416 2.5413 2.7368 2.3731 2.0740 2.5336 2.7089 2.9473 1.9896 3.0205 2.5036 2.2874 2.2035 2.5036 2.7274 2.5646 2.1772 2.2757 1.4722 2.7656 3.2951 2.6907 2.9014 2.6468 2.4327 2.2757 2.8054 5.2581 2.2586 2.7953 2.7463
HPHV_Bat_hepacivirus_BK013349_E2_357-614_AlphaFold 2.6468 2.3991 2.5885 1.5589 2.6214 2.6298 2.2932 1.2540 2.5490 1.6634 2.0834 2.4890 1.6026 2.5725 1.2953 2.9126 2.5110 2.3292 2.5336 1.9521 2.0976 2.6214 2.4963 1.2162 2.4890 2.4675 2.1465 2.1824 1.5145 1.6574 2.2089 1.4178 3.0995 2.4963 2.5036 2.6214 2.0111 2.4395 2.2306 2.3603 2.3860 0.8788 2.6048 1.6196 2.7463 2.2143 2.4818 1.4018 2.4675 3.0205 1.2993 1.7349 3.2787 2.5646 3.0205 3.1273 1.3281 2.7559 1.3973 1.4041 1.9280 2.2529 2.3925 1.1468 1.3177 2.6554 1.0069 2.1023 2.8902 2.9711 2.3171 2.2143 2.5036 2.2306 2.4191 1.6785 2.3111 2.5260 2.2417 1.5403 1.3817 2.6214 2.2143 1.6224 1.0806 1.9240 2.1668 2.3603 1.0710 1.3136 2.5646 2.7463 2.7754 2.5567 3.2002 2.2643 2.6641 1.9645 2.8792 0.0000 2.5036 1.9603 1.1164 2.1876 1.3795 1.3621 2.5646 2.3051 1.0967 2.1876 3.0859 1.9360 2.4818 2.5725 2.5567 2.1566 1.3407 2.2586 2.9241 2.4327 1.5970 2.1772 2.5567 1.6938 1.5970 2.4395 2.8469 2.2815 2.4534 2.3231 2.4604 2.1120 1.5615 2.7463 2.4675 2.2197 2.4258 2.9014 2.4746 1.6545 2.3478 2.4890 2.2991 2.2143 2.1876 2.0024 1.9686 2.8363 1.2675 2.4534 1.4770 1.3973 2.5185 2.4675 2.5805 1.7479 2.2643 3.5347 1.6846 2.3731 2.5725 1.8300 2.3051 1.5998 2.8469 2.0834 2.4395 2.8469 1.7413 2.3416 2.6818 1.5377 2.7559 2.2757 1.9360 2.9014 2.4395 1.1365 2.9591 2.2932 2.7274 1.1032 1.7744 1.3708 2.6382 1.3862 2.5885 2.5260 2.4534
HPPV_Hepatitis_G_virus_U94695.1_E2_239-603_AlphaFold 2.3603 2.1668 2.5110 1.9122 1.9044 2.9126 2.5260 2.6214 1.9400 2.6214 2.4258 2.3478 2.2991 2.0024 2.6998 2.8363 2.7274 2.5725 1.9320 1.3177 2.9955 2.1824 1.8967 2.7754 1.6340 2.5805 1.8665 2.1217 2.4604 2.2197 2.0375 2.5646 2.8363 3.0461 2.1876 2.8054 2.3603 2.7463 2.4464 1.5482 2.6818 2.5185 2.6298 2.0881 2.5336 2.4258 3.0079 2.4258 2.5110 2.8054 2.3860 2.2700 2.3111 0.4045 1.7677 2.5805 2.9126 2.6382 2.6641 2.4057 2.8259 2.8469 2.0375 2.3231 2.5260 3.1852 2.0787 1.3973 2.1071 2.7559 2.9832 1.3686 2.2700 0.1137 1.3729 2.6998 1.2636 2.1168 1.9645 2.3991 3.2951 1.5044 2.3111 2.4464 2.8469 2.1982 2.4746 2.6554 2.4890 2.6998 2.1982 3.1704 1.7677 2.5490 2.6130 1.2255 2.5646 1.6253 2.3860 2.5036 0.0000 2.4534 2.7754 2.0834 2.5413 2.3171 2.5567 1.8554 2.4890 1.9769 2.6554 2.3478 2.5185 2.0024 2.7463 1.9083 2.2757 3.2466 1.5805 1.6340 2.6641 2.4675 1.9521 2.2143 2.4464 0.0771 2.5185 2.1415 1.3929 1.8967 1.7062 2.1168 2.5036 1.1451 0.1342 2.5490 0.0804 2.6130 2.7368 2.5805 2.2252 2.8054 0.0804 2.3731 2.4746 1.9769 2.6298 2.6130 2.5725 2.3051 2.8054 2.7656 0.7572 1.9006 0.4343 2.4675 3.1414 3.2309 2.2089 0.7437 2.6130 2.4124 1.2734 2.4258 1.3239 2.5490 2.4534 2.5646 2.3478 2.6130 1.8853 2.1876 2.6130 1.5509 2.2362 0.4668 2.6214 2.3860 2.8469 0.7283 2.7463 2.6298 2.7656 2.4890 2.0331 2.6641 0.0870 2.7559 2.6641
HPHV_Hepacivirus_M_E2_383-702_AlphaFold 2.3354 2.2529 1.8264 2.8575 2.3991 2.3111 2.0787 1.7711 2.2197 1.9240 1.9400 2.3354 1.6604 2.3171 1.8967 2.4191 2.5490 2.3292 2.7181 2.4258 2.4057 2.4675 2.0510 1.8372 2.3231 1.6724 1.9686 1.8702 2.2932 1.8408 2.1720 1.9006 2.1772 2.8156 2.1465 2.5885 0.8447 3.0592 2.0465 2.2757 2.0602 2.5966 2.4963 1.7479 2.1365 1.9562 2.4534 1.7611 1.7677 2.8156 1.9083 2.0787 2.5336 2.4057 2.6048 2.3478 2.1071 2.3603 1.9981 1.7846 2.1071 2.4746 2.1720 1.5998 1.8815 2.2757 1.7846 1.9645 2.1217 2.2757 3.0461 2.1316 2.4395 2.3292 2.1516 2.2197 2.0067 2.0556 2.0375 1.7413 2.0465 2.2757 2.1415 2.1876 1.8336 2.0834 2.0198 2.2417 1.8018 1.7284 2.2757 2.3795 2.2991 1.8193 2.7181 2.2089 2.2252 2.0154 2.3051 1.9603 2.4534 0.0000 2.0024 2.4746 1.9440 1.7031 2.2417 2.2143 1.7349 2.1415 2.3925 1.9562 1.7677 2.3171 1.6282 2.4890 1.8554 1.9481 2.1120 2.0648 2.1023 1.5069 2.0154 1.9728 2.0834 2.6048 2.2757 1.7284 2.1929 2.2362 2.3051 2.2089 2.1365 2.1772 2.2700 1.4293 2.6468 2.1365 2.4604 1.9769 2.2757 2.4057 2.4818 1.5998 2.3731 2.0787 1.7094 1.7284 2.0881 2.3795 1.8739 2.1316 2.2306 2.2643 2.2473 2.2197 2.6382 2.2757 1.9521 2.4963 2.6554 2.3231 2.0602 2.3478 2.3540 1.4673 2.1415 2.5646 1.7220 2.3231 2.0881 1.7446 2.3111 2.1465 2.1772 2.1465 2.2362 1.7316 2.6468 2.1365 1.7031 1.8777 2.0465 1.9603 2.2197 1.8517 2.6048 2.1720 1.6815
HPHV_Hepacivirus_L_E2_365-629_AlphaFold 2.3354 2.8156 2.3925 1.9161 2.1876 2.1929 2.4395 0.4154 2.4534 1.3599 1.9201 2.1566 1.3302 2.7181 1.2734 2.7368 2.9711 2.1415 2.5966 2.3667 2.7853 2.3667 2.3860 1.1979 2.5646 3.2466 2.2529 2.1668 1.4410 1.2675 2.9126 1.2853 2.5966 2.9473 2.6130 2.6298 2.0375 2.9356 1.9201 2.2197 2.3292 1.2089 2.8683 1.3136 2.2143 1.9896 3.1558 1.2893 2.7089 2.7089 1.1659 1.3996 3.1852 2.6048 2.6729 2.9014 1.3136 2.3603 1.4481 1.2070 1.4018 2.1876 2.3860 1.1907 1.2052 2.7853 1.1711 2.5413 2.8902 2.7953 2.5490 2.1668 2.6382 2.3991 2.2757 1.9562 2.2035 2.5567 2.1824 1.3157 1.2311 2.8469 2.1415 1.3884 1.1641 2.0067 2.3111 2.1566 1.1315 1.1764 2.3171 2.7656 2.7368 2.6907 2.7853 2.1415 2.4675 2.0648 2.4818 1.1164 2.7754 2.0024 0.0000 2.6468 1.2813 1.2482 2.7368 2.2757 1.2578 2.5260 2.6468 2.2417 2.3925 2.7181 2.4746 1.9521 1.7577 2.3731 2.0286 2.4124 1.5351 2.4818 2.5567 1.4363 1.4155 2.3478 2.2362 2.3354 2.2473 2.7754 2.5336 2.1772 1.4943 2.2306 2.4534 3.0859 2.4890 2.2643 2.4057 1.4270 2.1316 2.3111 2.1516 2.2815 2.3667 2.3731 2.3051 2.7463 1.1016 2.3991 1.3973 1.2675 2.7853 2.3354 2.1668 1.4293 2.6298 2.9832 1.3996 2.7953 2.7559 2.1617 2.4057 1.4109 3.0332 2.3860 2.3171 2.2143 1.4722 2.1824 2.4191 1.2349 2.5885 2.1720 2.3171 2.2306 2.3416 1.2636 2.5260 2.3111 2.3860 0.4162 1.4201 1.4086 2.4395 1.3795 2.7089 2.0787 2.6641
HPPV_Human_hepegivirus_E2_316-669_AlphaFold 2.6298 2.6048 2.6729 1.9981 1.2520 2.6998 2.6907 2.5646 1.2617 2.5490 2.5036 2.5966 2.3111 1.1694 2.5413 3.2625 3.1704 2.5646 1.2734 1.9939 2.6818 2.3925 1.2893 2.7463 2.2473 2.5646 2.3540 2.1876 2.9832 2.3416 1.1048 2.7559 2.8902 2.8683 1.2444 2.8054 2.6554 2.7274 2.8902 2.0928 2.6554 3.1273 2.6818 2.7754 2.1516 2.4395 2.7463 3.0079 2.6298 2.8902 2.6468 2.3231 2.9955 2.1720 2.2362 2.6729 2.3540 2.7368 2.1824 2.8683 2.3991 2.4327 1.1711 2.0834 2.7181 2.9832 2.2362 1.8554 1.2387 2.7181 2.4464 2.1720 1.2578 2.1720 2.0928 2.4604 1.7644 1.2853 2.4191 2.5260 2.8469 2.2473 2.1168 2.5110 2.0024 1.9811 2.4534 2.9711 2.2143 2.0928 2.5885 3.0079 2.0740 2.4963 2.8792 2.0740 2.5185 1.7880 2.5413 2.1876 2.0834 2.4746 2.6468 0.0000 2.2473 3.2466 2.9473 1.1997 2.3292 1.9440 2.9014 2.0510 2.4890 1.1694 2.5185 2.4890 2.2757 2.5646 2.1365 2.0331 1.7157 2.7089 2.3171 2.5646 2.2362 1.9645 3.1558 2.2197 1.8967 2.3540 1.2973 2.2643 2.4746 1.8628 2.0648 2.6907 1.9400 2.8156 2.6130 2.4604 2.4746 3.3118 2.0024 2.4604 2.2089 1.2016 2.3731 2.4124 2.7089 2.4327 2.5036 2.3540 1.9320 1.2144 2.0465 2.2815 2.4327 2.7559 2.2991 2.0465 3.0332 2.3603 2.0024 2.5110 2.1120 2.6729 2.4395 2.8575 2.3540 3.0592 1.2540 2.4327 3.0079 1.8739 2.2874 1.9521 2.5885 2.0648 2.7181 1.8300 2.7559 2.4675 2.3231 2.9591 1.2162 2.5567 2.0375 2.7274 2.6907
HPHV_Hepacivirus_I_E2_370-623_AlphaFold 2.4604 2.4395 1.9201 1.6139 2.2991 2.9241 2.9126 1.2406 2.2143 1.3365 2.5646 1.7062 1.3281 2.1266 1.2734 2.8363 2.5110 2.4746 2.1168 2.3860 2.6554 2.3603 2.3051 1.2162 2.4327 1.9854 2.1720 2.0834 1.5018 1.3302 2.8259 1.5044 2.5567 2.6998 2.0976 2.7754 1.7125 2.4258 1.6054 2.3795 2.4191 1.2144 2.4890 1.5860 2.1720 1.7677 2.8363 1.3302 2.1120 2.9241 1.2734 1.4943 2.1772 2.3603 2.0740 2.3667 1.2675 2.1566 1.3621 1.2444 1.5299 2.2362 2.2529 1.0902 1.2953 2.9473 1.1048 2.0881 2.3991 2.5260 2.4675 2.2306 2.3795 2.2932 2.0928 1.7711 2.1929 2.2757 2.2586 1.3198 1.1519 2.2586 2.0375 0.8931 1.1485 2.1168 2.1617 2.7274 1.1399 1.0232 2.5260 2.2089 2.2586 2.3354 2.4818 2.2417 2.3540 1.8408 2.3795 1.3795 2.5413 1.9440 1.2813 2.2473 0.0000 1.3578 2.5725 2.2197 1.1048 2.3051 2.3292 2.7181 1.8018 2.1266 1.9440 2.1465 1.6111 2.2417 2.2362 2.3667 1.9811 1.9811 2.3292 1.5562 1.5247 2.3540 2.3111 2.3795 2.3667 2.1071 2.3731 2.2643 1.6224 2.3292 2.7089 1.9320 2.4464 2.5725 2.2874 1.5562 2.2874 2.7559 2.5110 1.8444 2.2815 1.9981 1.9481 2.0787 1.1835 2.6130 1.4625 1.4746 2.4191 2.1668 2.3231 1.1048 2.7754 2.4604 1.2598 2.5260 2.2035 2.0976 2.0198 1.4673 2.3925 1.9981 2.7368 2.4604 1.3795 1.9044 2.7754 1.3884 2.3667 2.0834 2.2815 2.4963 2.1566 1.2052 2.0928 2.2306 2.2306 1.3177 1.6224 1.3386 2.2643 1.3492 2.2757 2.5260 1.9686
HPHV_Wenzhou_Suncus_murinus_hepacivirus_1_E2_359-595_AlphaFold 2.6998 2.4464 2.5036 1.7125 2.7853 3.3459 2.5036 1.3471 2.8259 1.6754 2.2643 2.2815 1.4317 2.4327 1.3664 2.6130 2.6130 2.2035 2.6298 2.5966 2.2643 2.7368 2.6907 1.3428 2.4890 2.2035 1.9521 1.9122 1.5325 1.4770 2.5110 0.0440 3.0461 2.6818 2.2035 2.8259 1.8702 2.3795 1.8018 2.4890 2.3795 1.2274 3.1133 1.5351 2.4534 2.2035 2.5260 1.4270 2.5725 3.2002 1.2993 1.5325 2.5885 2.2417 2.4746 2.3795 1.3664 2.2991 1.3840 1.3513 1.5145 2.3111 2.3111 1.1711 1.3157 2.7853 1.1907 2.4191 2.2529 3.8639 2.3292 2.1217 2.7274 2.2306 2.6641 1.8665 2.1217 2.2700 2.4464 1.3365 1.1214 2.4746 1.8739 1.2559 1.2774 2.0286 2.0556 2.9591 1.1676 1.2034 2.5567 2.6468 2.6729 2.4746 3.2625 2.1217 2.2815 2.0648 2.5805 1.3621 2.3171 1.7031 1.2482 3.2466 1.3578 0.0000 2.4963 2.1120 1.1624 2.5110 2.3478 2.0694 2.5885 2.4327 2.6298 2.2932 1.5145 2.3416 2.0881 2.1720 1.8628 2.1316 2.5490 1.6724 1.5696 2.2473 2.3603 2.0465 2.3795 2.3051 2.5725 2.0787 1.4224 2.6554 2.3795 2.1266 2.1929 2.2197 2.7089 1.6167 2.4818 2.4057 2.3731 2.2874 2.3111 2.3731 2.1120 2.6907 1.3535 2.6729 1.3664 1.6724 2.2529 2.1023 2.1982 1.3428 2.5490 2.6048 1.3729 2.6818 2.5413 2.1929 2.1217 1.6545 2.3603 2.1982 2.7089 2.4258 1.3578 2.4746 2.5725 1.3239 2.5336 2.2252 2.2643 2.3860 2.5490 1.1537 2.5260 2.3667 2.6998 1.3281 1.6167 1.3642 2.4191 1.4746 1.9769 2.4327 3.0332
PLPV_Phocoena_pestivirus_isolate_NS170386_E2_539-915_AlphaFold 2.7953 3.0995 2.9832 2.0694 2.7463 2.9955 2.6729 2.6130 2.7953 2.4675 2.6818 2.6554 2.6818 3.0461 2.5646 1.2218 0.9749 2.9126 2.8363 2.7754 1.6846 2.7463 3.1704 2.8902 2.5966 2.9014 2.1465 2.9711 2.4258 2.5413 3.7360 2.6554 1.0338 1.4795 3.0592 0.8484 3.0461 0.8918 3.2002 2.8259 2.9711 2.9356 0.9980 2.9955 3.0859 3.3634 2.1982 2.7368 2.5885 1.3449 2.5413 3.1133 1.2617 2.8259 2.6729 0.8970 2.4890 0.7835 2.4604 2.4746 2.8902 2.8363 3.4363 2.8156 2.6048 0.8983 2.7754 3.0332 2.6214 1.1835 2.3795 2.7559 2.6998 2.7559 2.6641 2.7089 2.7089 2.9832 2.4675 2.6468 5.0250 2.5036 2.8259 2.5567 2.5966 2.6048 3.0079 2.6468 2.4464 2.8792 3.1558 1.0663 2.2700 2.6048 1.2656 2.9591 0.9115 2.3416 3.0724 2.5646 2.5567 2.2417 2.7368 2.9473 2.5725 2.4963 0.0000 2.3478 2.3667 2.4604 1.2463 2.3795 2.3991 3.0461 2.7656 2.3478 2.8575 2.9014 2.9126 3.2787 1.4770 2.9126 3.0995 2.9473 3.3993 2.5567 0.8673 2.5036 2.8156 2.6130 2.7853 2.6214 2.8469 3.0205 2.7656 2.7953 2.4675 0.8944 0.9608 3.8373 2.8054 1.7644 2.5805 2.7274 2.5413 3.2625 3.3634 2.4534 2.4963 2.8363 2.9711 2.5336 2.5805 2.7463 2.6818 2.6048 1.8444 1.3599 2.8792 3.2787 0.9524 2.1982 3.0079 2.3292 2.7181 2.7181 2.9955 1.1231 2.9356 2.4258 2.7181 2.7754 0.8983 2.7559 2.6729 3.3118 2.9832 2.4534 0.8373 2.4963 2.9955 2.8259 3.8112 2.3478 2.8363 2.7853 2.8363 0.9692 2.4327
HPPV_Wufeng_Crocidura_attenuata_pegivirus_1_E2_349-700_AlphaFold 2.2991 2.4258 2.4890 2.3231 1.0414 2.6048 2.4191 2.0375 0.9155 2.1465 2.2473 2.5725 2.1720 0.7766 2.4675 2.7559 2.6468 2.2035 1.0553 1.8372 2.4675 2.3540 0.6547 2.2529 2.0420 2.3051 2.4258 2.1316 2.6907 2.1982 0.7283 2.2473 2.8054 2.8363 0.8737 2.3991 2.3111 2.7089 2.8575 1.9481 2.7274 2.5413 2.3795 2.1720 2.4818 2.3540 2.5725 2.3603 2.6907 2.7953 2.3795 2.3925 2.4464 1.8018 2.1316 2.3667 2.1929 2.5413 2.0420 2.4191 2.3540 2.7656 0.7393 2.3171 2.4057 2.6818 2.0375 2.0067 0.8106 2.7953 2.3111 1.8853 1.0187 1.8336 2.0111 2.7181 2.0286 0.8287 1.9481 2.4818 2.6214 2.2197 2.0881 2.1415 1.9240 2.0694 2.0648 2.4604 2.0154 2.0465 1.8891 2.9591 2.3354 2.4963 2.5490 2.1617 2.5036 2.0024 2.3292 2.3051 1.8554 2.2143 2.2757 1.1997 2.2197 2.1120 2.3478 0.0000 1.9161 1.6167 2.6554 2.0024 2.4191 0.7766 2.3603 2.0465 2.6130 2.6554 1.8815 1.8702 2.0976 2.3231 2.3795 2.8156 2.3925 1.7252 2.1929 2.2815 1.9939 2.5260 1.0098 2.4818 2.5725 1.8053 1.7062 2.3991 1.6907 2.5036 2.6998 2.7181 2.1071 2.4604 1.7031 2.4746 2.4258 0.9075 2.4675 2.4890 2.3231 2.6554 2.3991 2.4124 1.7349 0.0151 1.8018 2.1720 2.3667 2.6641 2.1415 1.9645 2.5413 2.1876 1.8372 2.7754 1.9006 2.4395 2.4395 2.6468 2.1876 2.5036 0.7327 2.2473 2.4258 1.8777 2.0420 1.8229 2.3991 2.2700 2.3603 1.5887 2.5805 2.2252 2.3925 2.4890 0.8106 2.3925 1.8300 2.4675 2.6048
HPHV_Longquan_Niviventer_fulvescens_hepacivirus_1_E2_470-733_AlphaFold 2.1465 2.0976 2.1120 1.7000 2.2362 2.1824 2.2417 1.0399 2.6907 0.9893 1.9769 2.0198 1.0854 2.2417 1.2387 2.1465 2.5260 2.4675 2.4604 2.1566 2.3292 2.3416 2.0198 0.8522 2.2757 1.8853 2.0928 2.1217 1.1925 1.0999 2.5646 1.2675 2.4534 2.6818 2.7089 2.2991 1.8591 2.2473 1.4109 2.5336 2.0286 1.6969 2.3171 1.2218 2.1023 2.1465 2.5966 1.1997 2.3354 2.6729 0.9009 1.0838 2.6554 2.1668 2.4890 2.5185 0.8996 2.3478 0.9455 0.8957 1.3996 2.2700 1.9686 0.3831 0.8905 2.3051 0.0202 2.7181 2.4604 3.0592 2.5110 2.0602 2.3795 2.0648 2.3667 2.1465 2.3925 2.4675 2.0154 1.1231 0.9850 2.3603 2.0024 1.1197 0.1025 1.8408 2.2643 2.1465 0.1013 0.8866 1.8891 2.4890 2.2197 2.4395 2.4963 2.2197 2.2197 1.9360 1.9769 1.0967 2.4890 1.7349 1.2578 2.3292 1.1048 1.1624 2.3667 1.9161 0.0000 2.1415 2.6382 2.2197 2.0976 2.2417 2.5260 2.0834 1.4746 2.0242 2.4746 1.9981 1.7744 1.8891 2.1023 1.1164 1.0616 2.1824 1.9811 1.9521 1.8891 2.0331 2.4057 1.8628 1.4577 2.3795 2.5567 1.8229 2.1023 2.1617 2.0331 1.1231 2.0242 3.1414 1.9769 1.9006 2.1566 2.3925 1.9686 2.5646 1.0293 2.1516 1.2125 1.2636 2.1824 2.0976 2.6554 1.4697 2.1720 2.5805 1.0600 2.5966 2.1071 1.8967 2.2815 1.0774 2.0111 1.9161 2.1876 2.5567 0.9864 1.7220 2.0375 1.2016 2.0420 1.9686 2.3731 2.2874 2.4604 0.3756 2.1217 1.7316 2.2417 1.3116 1.1332 0.9386 2.4258 1.1889 2.1668 1.9728 2.2143
HPPV_Dolphin_pegivirus_E2_219-562_AlphaFold 2.2473 2.1023 2.2586 3.0592 1.9603 2.2473 2.5885 2.0420 1.7880 2.7089 2.2700 2.4258 2.2143 1.6969 2.4191 2.9473 2.6907 2.0602 1.6111 1.9320 2.5413 2.5725 1.7846 2.3354 2.0881 2.1465 2.0067 2.1772 2.2586 2.1772 1.7511 2.4534 2.5490 2.5966 1.8193 2.4124 2.2306 2.4746 2.4746 1.6785 2.4395 2.2529 2.5646 2.7368 2.5646 2.1824 2.7656 2.2757 2.3540 2.6641 2.4604 2.2143 2.8469 1.8444 2.0602 2.7754 2.8363 2.3991 2.7559 2.6998 2.4746 2.1516 2.0024 2.0024 2.6130 2.7559 2.4124 1.7220 1.7812 2.4534 2.8575 1.8929 1.9240 1.9939 1.8193 2.5260 1.9201 1.7446 2.3795 2.1824 2.4675 1.8372 1.8777 2.4746 2.0286 2.2643 2.1982 2.4057 2.0928 2.3478 2.4675 2.8575 2.0067 2.6048 3.0859 1.7812 2.3111 1.8444 2.5805 2.1876 1.9769 2.1415 2.5260 1.9440 2.3051 2.5110 2.4604 1.6167 2.1415 0.0000 2.7754 2.2815 2.2586 1.6969 2.1720 2.1566 2.1772 2.1023 1.8372 1.9201 2.0375 2.1720 2.0881 2.2700 2.3478 1.8372 2.3731 2.3540 1.8193 1.6664 1.6111 2.1929 2.4890 1.7778 1.8929 2.1824 1.8739 2.3795 2.5336 2.1168 2.3667 2.6382 2.0928 2.6818 2.2874 1.7846 2.4675 2.5567 2.3795 2.2529 2.5646 2.2143 1.9044 1.7284 1.7744 2.2473 2.9356 3.1558 2.5036 1.7094 3.0724 2.0834 1.7220 2.6214 1.7062 2.2143 2.2991 2.6998 2.3991 2.3051 2.0242 2.2362 2.4191 2.0198 2.1071 2.0111 2.5646 2.1168 2.2643 1.9360 2.1929 2.1516 2.2700 2.6641 1.6815 2.5110 2.0111 2.2089 2.0881
PLPV_Pangolin_pestivirus_strain_PPeVBIME5P141Tpangolin2018_E2_683-1048_AlphaFold 2.8259 2.5036 2.8575 1.8665 3.1558 2.6998 2.7559 2.3540 3.5555 2.5260 2.5336 2.7181 2.9356 2.7559 2.6382 0.3310 1.1871 2.9126 2.6729 2.7559 1.6785 2.5490 2.7274 2.7181 2.8575 2.7463 2.7754 3.3812 2.4327 2.4890 2.7853 2.5725 0.3317 1.6754 2.6214 1.1519 2.8683 1.1399 2.6554 2.6641 2.8259 3.7360 1.1676 2.5336 3.4553 3.1704 2.1023 2.5966 2.4890 0.3541 2.5885 3.1704 0.6436 3.1133 2.9591 1.0338 2.4057 1.1747 2.5725 2.6468 2.9591 2.8259 2.4327 2.3171 2.7181 1.1081 2.7463 2.8054 2.6907 1.4363 1.8815 2.7463 3.1558 3.1852 2.5805 3.2154 2.7853 2.7181 2.7181 3.0995 2.5966 2.9241 2.2586 2.4818 2.8792 2.3111 2.9126 2.8363 3.0592 2.8363 2.2815 1.2636 2.4191 2.6130 0.3317 2.8469 1.0806 2.3731 2.6214 3.0859 2.6554 2.3925 2.6468 2.9014 2.3292 2.3478 1.2463 2.6554 2.6382 2.7754 0.0000 2.6998 2.4124 2.7559 2.5966 2.3478 2.4818 2.9591 3.3118 2.2932 2.1516 2.4818 2.9591 3.0592 3.4553 2.8259 1.0967 2.4818 2.6998 2.8575 3.2309 2.1120 3.2309 2.5490 3.3459 2.6382 2.8469 1.2368 1.3239 3.4553 2.7089 1.8815 2.8792 2.9126 3.5347 3.0079 2.3478 3.3459 2.3478 3.2625 3.1414 3.1273 2.5413 3.1852 2.4124 2.4890 2.2306 0.3741 2.7463 2.6468 1.2774 2.1720 2.6729 2.6130 2.8575 2.6468 2.9356 0.4280 2.9955 3.0724 2.5885 2.8363 1.1871 2.3416 2.8363 2.6907 2.6382 2.5110 1.1048 2.9832 2.7089 2.3795 3.6651 2.4395 2.9955 2.5036 2.8363 1.1907 2.7463
HPHV_Western_African_lungfish_hepacivirus_E2_573-809_AlphaFold 2.4057 2.5725 2.0787 1.8264 2.1217 2.7463 2.5260 2.1617 2.0420 2.3603 1.6545 2.0331 2.6818 2.3292 1.9240 2.8792 2.2035 2.1023 2.3731 2.1668 3.0332 2.2991 2.2035 2.9014 2.0602 1.9854 1.5860 2.3292 2.2932 2.5725 2.3231 1.9521 2.8792 2.6998 2.2143 2.1617 2.3111 1.9280 2.4191 2.2417 2.5646 2.0556 2.3292 2.5567 2.3860 1.8929 2.7181 1.8158 2.2089 2.4057 2.7656 3.0332 2.7181 2.3795 2.1824 3.0079 3.1558 2.6468 2.1071 2.6729 2.6382 2.3603 2.1465 2.4464 2.6130 2.3231 2.0881 2.3111 2.2143 2.7953 2.1266 2.3667 2.7754 2.4327 2.1566 2.3991 2.3171 2.0375 1.9603 2.3603 2.4191 2.3231 1.2559 2.1929 2.2643 1.4041 1.1214 2.3292 2.2757 2.1617 2.1516 2.0881 2.1772 2.3292 2.4818 2.3795 2.2473 2.1516 2.1929 1.9360 2.3478 1.9562 2.2417 2.0510 2.7181 2.0694 2.3795 2.0024 2.2197 2.2815 2.6998 0.0000 2.0694 2.3292 2.2143 2.0648 2.6907 2.2874 2.4057 2.1120 1.8123 2.3051 1.8053 2.6468 2.1772 1.9686 2.4057 1.3471 2.0602 2.0198 2.5725 2.2932 2.1566 2.4464 2.3292 2.1266 1.9686 2.1982 2.3111 2.4890 2.6298 2.3416 2.1120 2.3731 2.0024 2.4057 1.9360 2.4258 2.2815 2.3416 2.2700 2.3416 2.3354 2.1876 2.1217 2.2143 2.4534 3.0205 2.4534 2.6998 1.9728 1.7744 2.5036 2.1982 2.1668 2.3731 2.3925 2.6907 2.6554 1.9044 2.1071 2.4818 2.0928 1.7711 2.0420 2.1929 2.6130 2.3416 2.4746 1.9562 2.3860 2.3171 2.9241 2.7853 2.2874 2.5110 2.2143 2.2874 2.1266
HPHV_Hepatitis_C_virus_genotype_1_E2_384-745_AlphaFold 2.4534 2.7656 0.3375 2.2089 2.5646 2.6382 2.8363 2.4534 2.3416 2.2700 2.1316 2.2757 2.0198 2.3354 1.6427 3.0461 2.8902 2.7089 2.8054 2.2991 2.5725 2.2089 2.5646 2.2874 2.3478 1.0647 2.4675 3.0461 2.3603 2.1772 2.2643 2.3991 2.7656 2.4818 2.1617 2.6298 1.7252 2.8575 2.3171 2.7181 2.1023 2.0928 2.9014 1.9854 2.5646 2.1168 2.6818 1.6456 0.3749 2.8054 2.0242 1.9240 2.6818 2.2815 2.5725 2.3171 1.8665 2.5260 2.4258 2.0648 2.3731 2.9711 2.8792 2.3603 2.0154 2.6048 1.9854 2.5885 2.7656 2.4191 2.9711 2.6818 2.5646 2.4464 2.6641 2.3603 2.4464 2.4395 2.4675 2.0331 2.6298 2.8259 2.4818 2.4124 2.1929 1.8123 1.9481 2.4395 2.0510 1.9044 2.4191 2.9241 2.3354 0.3197 3.1273 2.3667 3.3459 2.4191 2.3540 2.4818 2.5185 1.7677 2.3925 2.4890 1.8018 2.5885 2.3991 2.4191 2.0976 2.2586 2.4124 2.0694 0.0000 2.3354 0.3204 2.2035 2.0740 0.3953 2.8156 2.2529 1.8480 0.9538 2.4395 2.0648 2.0510 2.5966 2.4746 1.9645 2.5805 2.4191 2.8683 2.2700 2.1720 2.5646 2.7853 1.0445 2.5646 2.5490 2.3231 2.1120 2.5646 2.7754 2.5260 0.2967 2.0740 2.6298 1.8628 0.3022 1.9006 2.7181 2.4746 2.0787 2.6554 2.4746 2.4327 2.1720 2.8683 2.3478 1.9280 2.8259 2.7953 2.2815 2.3860 2.2252 2.4464 1.0507 2.6641 3.3459 2.1566 2.6554 2.5110 2.0556 2.6818 2.4818 2.5725 2.6641 2.6214 2.0787 2.4963 2.4057 0.3267 2.2252 2.0976 2.0787 2.6818 2.1316 2.6214 2.2932 0.3382
HPPV_Longquan_Niviventer_fulvescens_pegivirus_E2_426-778_AlphaFold 2.3540 2.5110 2.6998 1.9440 0.8931 2.3171 2.5725 2.3292 0.5256 2.3731 2.0465 2.3603 2.2089 0.0000 2.2700 2.7754 2.4395 2.4395 1.0522 1.9854 2.8792 2.3860 0.5125 2.2035 2.2700 2.2815 2.3292 2.4124 2.5185 2.3416 0.0503 2.4818 2.6818 2.8259 0.5013 3.1558 2.1465 2.4746 2.7089 1.8591 2.2362 2.4124 2.5185 2.3478 2.4534 2.1168 2.9955 2.3540 2.4057 2.8902 2.1516 2.3111 2.6048 1.8628 2.2473 2.5567 2.1772 2.5885 2.1617 2.4818 2.3292 2.4534 0.6466 2.4191 2.2089 2.5966 2.3354 2.0602 0.8801 2.3925 2.4890 2.1266 0.9622 2.1824 1.9201 2.6998 1.8372 0.5134 2.1668 2.4124 2.2874 2.3795 2.2089 2.2932 2.2529 2.7181 2.2089 2.3111 2.0787 2.1023 2.6298 2.5185 2.1668 2.3171 2.8363 2.1120 2.3416 1.8702 2.7089 2.5725 2.0024 2.3171 2.7181 1.1694 2.1266 2.4327 3.0461 0.7766 2.2417 1.6969 2.7559 2.3292 2.3354 0.0000 2.1982 2.5036 2.2643 2.5646 1.9562 2.0331 2.6468 2.3925 1.9728 2.3354 2.1876 1.9603 2.4191 1.9603 1.9769 2.1876 1.0128 2.0420 2.5413 2.2700 2.0024 2.2757 2.0242 2.6641 3.0332 2.3603 2.1465 2.6907 1.9400 2.5490 2.4818 0.8361 2.6048 2.4057 2.3925 2.4675 2.5646 2.3111 2.2417 0.8324 2.0067 2.7181 2.7274 2.9473 2.5260 1.9240 2.8054 2.8156 2.1168 2.3354 2.0111 2.2252 2.4124 2.5725 2.6130 2.4534 0.6132 2.3111 2.8363 1.8123 2.2417 1.9122 2.6468 2.2874 2.5966 1.8053 2.5885 2.6998 2.2586 2.2932 0.5212 2.1617 1.8702 2.5567 2.2991
HPHV_Hepatitis_C_virus_genotype_7_E2_384-749_AlphaFold 2.1876 2.6641 0.3411 2.7368 2.4258 2.6382 2.3478 2.2197 2.6554 2.3416 2.3292 2.1566 2.2757 2.1982 1.8853 3.1414 2.9591 2.1023 2.2529 2.2362 2.7656 2.4057 2.9473 1.9939 2.6998 0.9169 2.5036 2.5567 2.6048 2.1617 2.2035 2.6998 2.7559 2.8575 2.3478 2.9356 1.7062 2.6818 2.6907 2.2643 2.4258 2.1415 2.2932 2.5260 2.2757 2.0286 2.8363 1.7157 0.3274 2.6298 2.0331 2.1120 2.8902 2.3860 2.3292 2.5567 2.2700 2.8469 2.3667 2.0331 2.3991 2.7274 2.4963 1.9603 1.9896 2.8469 2.1465 2.4124 2.4327 2.1982 2.9955 2.3991 2.6048 2.4057 2.4395 2.5036 2.3111 2.4746 2.6468 2.3667 1.9440 2.8054 2.3603 2.4604 2.4124 1.9811 2.4534 2.2143 2.0602 2.0067 2.4258 2.6907 2.2700 0.3317 2.5413 2.5260 3.0461 2.5413 2.2932 2.5567 2.7463 1.6282 2.4746 2.5185 1.9440 2.6298 2.7656 2.3603 2.5260 2.1720 2.5966 2.2143 0.3204 2.1982 0.0000 2.1720 2.1516 0.3549 2.0242 1.9562 1.6282 0.9995 2.1365 2.2362 2.1023 2.2757 2.8363 2.6907 2.3051 2.5966 2.6818 2.1982 2.3731 2.4890 2.3667 0.9636 2.2815 2.6048 2.7463 2.1071 2.4124 2.6214 2.7181 0.3846 2.2473 2.8259 2.0242 0.2912 1.9939 2.2932 2.6907 2.3795 2.3795 2.3416 2.3478 2.1720 2.6907 2.8683 1.8853 2.6214 2.7853 2.7953 2.6048 2.7463 2.6048 0.9980 2.4057 2.8363 2.1982 2.2417 2.5185 2.1772 2.7754 2.3231 2.4327 2.5336 3.0995 1.9603 2.7559 2.4191 0.3175 2.2035 2.1465 2.1316 2.3354 2.5185 2.6048 2.5966 0.3541
HPHV_Cyprichromis_hepacivirus_E2_337-528_AlphaFold 2.4604 2.7274 2.2252 2.0787 2.7181 2.5185 2.1566 2.2089 2.6382 2.1266 2.0111 1.8193 2.0834 2.5036 2.5336 2.8469 2.6214 2.1415 2.2700 1.9360 1.9769 2.5260 1.9161 2.1516 2.3795 2.5185 1.3281 2.1266 2.2874 2.4604 2.2197 2.1668 2.4675 2.8363 2.1929 2.2473 3.1414 2.3171 2.2143 2.3540 2.3171 2.5336 2.5646 2.5036 2.2143 2.5036 2.6130 2.7463 2.3731 2.6729 2.0375 2.4258 2.5336 2.5260 2.5036 2.3111 2.2197 2.1365 2.6468 2.1516 2.5413 2.0787 2.1668 2.1720 2.0420 2.4890 2.0602 2.6048 2.4746 2.1617 3.0205 2.0111 2.4124 2.4464 2.3051 2.2932 2.2089 2.1465 2.2991 2.1316 2.1516 2.1772 1.6311 2.3416 2.0694 1.8628 1.4770 2.4191 2.0881 2.3292 1.9083 2.6214 2.1982 2.0111 2.3051 2.3991 2.2815 2.0602 2.4464 2.1566 1.9083 2.4890 1.9521 2.4890 2.1465 2.2932 2.3478 2.0465 2.0834 2.1566 2.3478 2.0648 2.2035 2.5036 2.1720 0.0000 2.7559 3.0205 2.1217 2.0510 2.4057 2.5413 2.1516 2.4327 2.6130 1.9280 2.3111 1.8891 2.3667 2.4327 2.3171 2.2932 2.4963 2.5805 2.1168 2.1023 1.9280 2.4534 2.2815 2.3354 2.6554 1.9981 2.1566 2.4327 2.2089 2.3231 2.5885 2.0510 2.0111 2.3925 2.5260 1.8554 2.0928 2.2874 2.2473 2.5966 2.9473 2.6298 2.2035 2.6214 2.8469 1.6196 2.3171 2.3354 2.4191 2.2757 2.3540 2.1982 2.4327 2.5490 2.1168 1.9360 2.1365 2.5725 1.8018 2.6554 2.4395 2.2815 2.2035 2.5490 2.4464 2.3051 2.3731 2.1617 2.5260 2.0740 1.9686 2.2252 2.4675
HPHV_Bat_hepacivirus_TA166TZA2013_E2_328-576_AlphaFold 2.4258 2.5260 2.6048 1.7511 2.3171 2.2586 2.2757 1.7220 2.3603 1.7157 2.6554 2.2252 1.8229 2.2643 1.5562 2.4818 2.2529 2.7853 2.1824 2.0976 2.5966 2.3171 2.4258 1.4993 2.0602 2.5490 2.2252 1.8591 1.6282 1.5750 2.4395 1.5696 2.6048 2.8259 2.4191 2.2874 1.6664 2.6382 1.6754 2.4258 2.6907 1.3365 2.3860 1.7125 2.3667 1.7479 2.9832 1.7094 1.9481 2.2932 1.4601 1.6456 2.3603 2.4191 2.3478 2.2252 1.5887 2.5567 1.5430 1.5642 1.6311 2.0198 2.4534 1.3198 1.5778 2.7463 1.6340 2.6907 2.3231 2.7656 2.5805 1.8444 2.4057 2.7463 2.1217 1.5562 2.2473 2.3991 2.1617 1.6969 1.6456 2.0928 1.8300 1.4894 1.5120 2.1465 1.8739 2.3540 1.5247 1.5273 2.1071 2.8902 2.1415 2.4534 2.8156 2.2252 2.5725 2.0024 2.6818 1.3407 2.2757 1.8554 1.7577 2.2757 1.6111 1.5145 2.8575 2.6130 1.4746 2.1772 2.4818 2.6907 2.0740 2.2643 2.1516 2.7559 0.0000 2.0331 2.2991 2.0465 1.3177 2.4963 2.5110 1.5915 1.6111 2.5885 2.7656 2.0648 2.3478 2.1929 2.5036 1.9122 1.5860 1.9481 2.4395 2.3478 2.5336 2.4464 2.5725 1.5860 2.1316 2.8363 2.5036 2.0242 2.7274 2.4746 1.6724 2.1266 1.5750 2.3051 1.7157 1.8088 2.1566 2.7559 2.6382 1.8480 2.5036 2.3171 1.6724 2.2143 2.8259 1.8891 1.9981 1.8053 2.0067 2.5185 2.4327 2.5725 1.6486 1.9440 2.9711 1.7812 2.4327 1.9981 2.2700 2.3603 2.5567 1.3177 2.7754 2.3231 2.0242 1.4673 1.5696 1.5832 2.6729 1.6515 2.6382 2.7853 2.1929
HPHV_Hepatitis_C_virus_genotype_2_E2_384-749_AlphaFold 2.3925 2.6998 0.4154 2.2991 2.7181 2.2991 2.7754 2.2306 2.5646 2.3292 2.0198 2.0881 1.9981 2.5646 1.5915 2.7656 2.7368 2.5805 2.6729 2.2586 2.5805 2.3991 2.8792 1.9521 2.5490 1.0854 2.2586 2.7089 2.3354 2.5567 2.8902 2.6641 2.9014 2.6907 2.6554 2.4818 1.6754 2.5413 2.4327 2.5725 2.4057 2.0242 2.6641 3.0079 2.3171 1.9854 2.5413 1.7677 0.2290 2.4604 2.0881 2.3111 2.4818 2.3354 2.4746 2.7368 2.2035 2.6729 2.2874 2.0375 2.3731 2.8683 2.6641 2.0976 2.0198 2.5336 2.0242 2.4818 2.6818 2.7754 3.2309 2.5110 2.5885 2.6214 2.4818 2.9473 2.8363 2.7953 2.4395 1.9521 2.1982 2.6048 2.2417 2.1566 2.0465 2.0420 2.8683 2.6048 2.0465 1.8408 2.4675 2.6554 2.4258 0.4545 2.8156 2.5885 2.8156 2.5336 2.9473 2.2586 3.2466 1.9481 2.3731 2.5646 2.2417 2.3416 2.9014 2.6554 2.0242 2.1023 2.9591 2.2874 0.3953 2.5646 0.3549 3.0205 2.0331 0.0000 2.9711 2.4746 1.9044 1.0553 2.4890 2.2473 2.2143 2.7368 2.5110 2.7656 2.4327 2.3603 2.6382 2.6818 2.1465 2.4057 2.4395 1.0399 3.3634 2.5413 2.5036 2.3416 2.6130 2.9356 2.8683 0.4343 2.3171 3.0205 2.0111 0.3976 1.9400 2.6298 2.9126 2.0976 2.3925 2.6298 2.7754 2.2991 2.8259 2.6818 2.2362 2.5646 2.6641 2.6468 2.5646 2.4604 2.7754 1.1048 2.3860 2.7368 2.2197 2.6048 2.4124 2.0242 2.7559 2.2197 2.7754 2.2306 2.5646 2.4818 2.9955 2.2874 0.1696 2.0834 2.0976 2.0242 2.8575 2.4963 2.9356 2.2932 0.4319
HPPV_Bat_GB-like_virus_E2_219-535_AlphaFold 2.4395 2.4191 2.3860 2.1465 2.0556 2.7181 2.7754 2.1365 2.0242 2.2643 2.5336 2.2586 2.3925 1.9562 1.9562 2.9955 2.6048 1.9686 2.0928 1.6082 2.9014 2.1617 2.0881 2.5966 1.7000 2.5567 2.4464 2.2586 3.7605 2.5185 2.2874 2.4890 2.7274 3.3459 1.9728 2.6468 2.4890 2.7089 2.3540 0.1285 2.8363 3.2154 2.5413 2.7089 2.6554 2.6130 3.8373 2.4963 2.2757 3.0461 2.6818 2.3051 2.7181 1.4132 2.1720 2.5490 2.2586 2.5036 2.0242 2.3991 1.9044 2.7089 2.0602 2.7656 2.8575 2.5646 2.6729 1.8300 1.9769 2.6729 3.0724 1.7846 2.1668 1.3492 1.5170 2.7181 1.7479 1.8517 2.2586 2.4963 3.0461 0.2803 2.2089 2.3667 2.3667 2.1266 2.5036 2.6729 2.1668 2.8683 2.6907 2.3603 1.9320 2.5036 3.5766 0.7538 2.7089 1.6846 2.0198 2.9241 1.5805 2.1120 2.0286 2.1365 2.2362 2.0881 2.9126 1.8815 2.4746 1.8372 3.3118 2.4057 2.8156 1.9562 2.0242 2.1217 2.2991 2.9711 0.0000 2.0067 4.0669 2.5567 2.7368 2.3795 2.4464 1.3344 2.5260 2.2362 1.7983 1.7949 1.8158 2.2991 2.4327 1.4795 1.5970 2.3925 1.5750 2.3416 2.2473 2.4057 2.5966 2.6998 1.3795 2.2932 2.2143 2.1617 2.1168 2.4746 2.1465 2.5413 2.2035 2.3231 1.6253 1.9320 1.5094 2.6641 2.6214 3.1133 2.7181 1.5943 3.1273 1.9811 1.5145 2.5966 1.4363 2.7463 2.5885 2.6298 2.3478 2.1465 1.9686 2.4395 2.4258 1.6574 2.3292 1.2833 2.6554 2.2757 2.6382 1.5970 2.6130 2.4464 2.0740 2.5185 2.1217 2.2306 1.3795 2.4464 2.1824
HPPV_Feline_pegivirus_E2_220-528_AlphaFold 2.2362 2.3603 2.1120 2.4191 1.8891 2.4963 2.4534 2.1566 1.7611 2.0375 2.3540 2.1668 2.0465 2.0331 2.1365 2.9473 2.9832 2.1023 1.7880 1.7349 3.1852 2.2815 1.8336 1.9440 1.6340 2.4534 1.7949 2.0242 1.9645 1.9044 2.0556 2.4327 2.8469 3.0724 1.7381 2.3111 2.2932 2.9126 2.0286 1.8300 2.3991 2.6382 3.0332 2.3416 2.6468 2.0465 2.5336 2.0787 2.1929 3.1852 2.0976 2.1824 2.7089 1.5377 1.8739 2.3795 2.2991 2.8469 2.0375 2.0465 1.8444 2.9591 1.9896 2.4395 2.2473 2.6729 2.2306 1.7880 1.9939 2.5646 2.4675 2.0375 1.7479 1.7062 1.8591 2.2417 1.6139 1.9161 1.7778 2.1217 2.5336 1.7157 2.0286 2.6130 2.0556 1.9645 2.2815 2.3478 2.0242 2.3795 2.0375 2.6907 1.7778 2.1566 2.6907 1.4649 2.9014 1.3075 2.5413 2.4327 1.6340 2.0648 2.4124 2.0331 2.3667 2.1720 3.2787 1.8702 1.9981 1.9201 2.2932 2.1120 2.2529 2.0331 1.9562 2.0510 2.0465 2.4746 2.0067 0.0000 2.3731 2.3731 2.2143 2.2815 2.1876 1.5669 2.5567 1.9521 1.9122 1.5170 1.6907 2.0694 2.5885 1.7778 1.6815 2.6048 1.5696 2.8363 2.6907 2.1217 2.2417 3.0592 1.6224 2.4258 2.3478 2.3111 2.0648 2.3540 2.4534 2.4258 2.1982 2.3731 1.5860 1.9360 1.5377 2.2991 2.7754 2.6554 2.1168 1.8628 2.3231 2.1120 1.7189 1.9686 1.4770 2.9711 2.3991 2.4124 1.9280 2.0420 1.8444 1.9240 3.2309 2.1120 2.1929 1.7446 1.9728 2.1266 2.8156 1.5299 2.2529 2.2473 2.0465 2.1023 1.7949 2.2473 1.6111 2.5185 2.1720
PLPV_Frog_pestivirus_E2_1517-1614_AlphaFold 1.5750 1.6082 1.9481 2.0198 2.3231 1.6340 1.8158 2.1876 2.1120 1.5456 1.0098 2.1266 1.6876 2.6468 1.9521 1.5750 1.7252 2.4818 1.5247 2.1465 1.5170 2.2757 2.7089 2.2417 2.8363 2.0881 2.3292 2.6214 1.7381 1.6815 2.5036 2.4124 1.5589 1.4529 1.5273 2.3051 1.9400 1.7846 1.5562 4.4579 1.9562 2.2417 1.7880 2.4258 2.0510 1.9854 1.3535 2.3051 1.9122 3.3812 2.5490 2.0648 1.5970 2.4890 1.6311 2.0067 2.4534 1.8053 1.4918 2.2035 2.3171 1.5430 2.8683 1.9280 2.2757 2.3416 1.7252 2.5885 2.9955 1.6139 1.4601 2.2143 2.1929 2.3416 3.0724 2.1720 1.7062 1.3708 1.8018 1.4132 1.8088 2.6729 1.4869 2.3991 1.7949 1.8408 2.9126 1.8264 1.8665 1.8591 2.4675 2.0024 2.4191 1.6604 2.6382 2.3603 2.3540 1.9122 1.8628 1.5970 2.6641 2.1023 1.5351 1.7157 1.9811 1.8628 1.4770 2.0976 1.7744 2.0375 2.1516 1.8123 1.8480 2.6468 1.6282 2.4057 1.3177 1.9044 4.0669 2.3731 0.0000 1.5430 2.0834 2.0648 2.0648 2.3231 1.6724 2.1168 2.2143 3.2309 2.4395 2.9955 1.9562 1.3840 2.4395 1.7949 2.3231 1.7157 1.6724 2.0648 2.0740 1.4481 2.4395 1.9645 1.7284 1.6785 2.0881 1.7711 1.8628 1.7914 1.4746 2.0834 2.7089 2.4963 2.3231 2.1415 1.2218 1.9728 1.7349 2.6641 1.5430 2.4258 2.2473 1.6456 2.6907 1.7949 1.6167 1.2034 1.4041 2.2700 3.0592 1.7744 1.5723 1.7577 3.5555 2.2197 1.5145 1.8891 1.7611 2.7953 1.8628 1.5299 2.0648 1.5970 2.1120 1.7511 2.3416 1.5589 1.7544
HPHV_Non-primate_hepacivirus_NZP1_E2_402-724_AlphaFold 2.3292 2.5336 0.9922 2.1071 2.6382 2.5036 2.5036 2.5966 2.3354 2.2932 2.2700 2.2874 2.2089 2.3925 1.9320 2.7559 2.3478 2.5885 2.7181 2.3416 2.6818 2.0834 2.1824 2.1071 2.4464 0.0578 2.3860 2.6214 2.2197 2.2757 2.4604 2.4604 2.7368 2.4890 2.4890 3.1133 1.5456 2.6214 2.4675 2.8259 3.3287 2.5336 2.8683 2.2874 2.4818 2.1120 2.6907 1.6724 1.0399 2.9955 2.3667 2.2700 2.6998 2.2874 2.7463 2.4534 2.2529 2.3603 2.7181 2.5885 1.9811 2.6907 2.0602 2.0375 2.2991 2.2089 1.9603 2.3603 2.2700 2.8054 2.8259 2.7181 2.3111 2.6214 2.5885 1.9562 2.3603 2.4327 2.2035 2.3478 2.0976 2.7754 2.5110 2.4395 1.7880 2.0740 2.5725 2.5885 1.7711 2.1316 2.0602 2.4818 2.4057 1.0187 2.8469 2.7853 2.4604 2.4258 2.5185 2.1772 2.4675 1.5069 2.4818 2.7089 1.9811 2.1316 2.9126 2.3231 1.8891 2.1720 2.4818 2.3051 0.9538 2.3925 0.9995 2.5413 2.4963 1.0553 2.5567 2.3731 1.5430 0.0000 2.4818 2.0976 2.2417 2.5805 2.2473 2.4464 2.6048 2.5036 2.7754 2.3991 2.4604 2.4534 2.4818 0.0914 2.5036 2.7754 2.2197 2.0881 2.9473 3.2154 2.6130 1.0143 2.3292 2.8156 2.2417 0.9223 2.2932 2.4464 2.3354 2.4258 2.5725 2.4258 2.5036 2.1566 2.9832 3.3287 2.2757 2.7181 2.7463 3.1558 2.4191 2.4890 2.4124 0.0782 2.5185 2.7181 2.7463 2.4963 2.4258 2.3991 2.8792 2.3925 2.8792 2.4057 3.2309 2.0242 2.5966 2.3991 1.0585 2.2643 2.0420 2.3991 2.2306 2.1668 2.7181 2.7559 1.1131
HPHV_Wenling_shark_virus_E2_495-708_AlphaFold 2.3111 2.2757 2.3540 1.7094 2.3292 2.4464 2.5260 2.7089 2.2473 2.3603 1.0742 2.1465 2.3051 1.9728 2.2643 3.0332 2.7463 1.9769 1.9006 2.0242 2.3292 2.3925 2.1168 2.8683 1.8628 2.5336 1.7094 2.1217 2.3051 2.3354 2.0024 2.0881 3.5347 2.8054 1.9360 2.9473 2.2815 2.6298 2.8259 2.4534 2.2035 2.3860 3.0205 2.4604 1.8628 1.9939 2.7953 2.3354 2.1617 2.4604 2.5805 2.4327 3.0592 2.0111 2.4464 3.0205 2.4534 2.9014 2.5260 2.6382 2.1266 2.4963 2.1217 2.1120 2.4890 2.5110 2.0787 2.0787 1.9811 2.4818 2.5966 2.0331 1.9360 1.9603 2.0556 2.3416 2.0420 1.6427 2.2035 2.5036 2.3667 2.4963 1.5273 2.7089 2.1465 1.5723 1.4505 2.1316 2.1415 2.0881 2.7368 2.5885 2.0465 2.2815 2.9591 2.4963 2.1023 1.9122 2.6907 2.5567 1.9521 2.0154 2.5567 2.3171 2.3292 2.5490 3.0995 2.3795 2.1023 2.0881 2.9591 1.8053 2.4395 1.9728 2.1365 2.1516 2.5110 2.4890 2.7368 2.2143 2.0834 2.4818 0.0000 2.4675 2.4464 2.0976 2.8683 1.4178 2.0602 2.0976 2.2143 2.1465 2.4395 2.2197 2.1720 2.6214 2.0976 2.9711 2.6298 2.5413 2.3991 2.4604 2.0881 2.5490 2.2089 2.1668 2.1266 2.4395 2.9955 2.5036 2.2991 2.8259 2.1720 2.3540 2.0787 2.7656 3.4177 3.0332 2.4327 2.2529 2.3292 1.8264 1.9083 1.9939 2.2757 2.7853 2.5646 2.7754 2.3416 2.1720 2.2197 2.4604 3.0461 2.0111 0.9850 2.1266 2.0834 2.2700 2.7953 2.3354 2.0976 2.3925 2.4124 2.1876 2.3231 2.5110 2.0648 2.5966 2.3925
HPHV_Hepacivirus_F_E2_340-619_AlphaFold 2.4746 2.4746 2.2700 2.0834 2.1929 2.4191 2.7274 1.3973 2.3292 0.5047 2.0286 2.1316 0.7516 2.3354 1.6876 2.5646 2.6554 2.6907 2.5966 2.2529 2.9591 2.5185 2.6382 1.3239 2.1720 2.5260 2.2932 2.0928 0.8559 0.6803 2.5805 1.8408 2.5885 2.8259 2.5805 2.7181 2.1023 2.4057 1.4819 2.1316 2.5185 1.4819 2.9014 1.1979 2.2473 2.6729 2.9955 1.5247 2.2417 2.4124 1.3884 0.0514 2.5646 2.2991 2.8902 2.5260 1.1048 2.3051 0.6960 1.3556 0.7283 2.2252 2.2874 1.2089 1.4109 3.0332 1.1907 2.4534 2.4818 2.6130 2.5110 2.3051 2.7368 2.3416 2.3231 1.8702 2.4746 2.3795 2.1465 0.6971 1.2144 2.3795 2.1266 1.2913 1.0822 1.8408 1.9320 2.7953 1.0726 1.1485 2.2932 2.5725 2.8054 2.4604 2.5490 2.0024 2.3354 2.0154 2.3171 1.6938 2.2143 1.9728 1.4363 2.5646 1.5562 1.6724 2.9473 2.8156 1.1164 2.2700 3.0592 2.6468 2.0648 2.3354 2.2362 2.4327 1.5915 2.2473 2.3795 2.2815 2.0648 2.0976 2.4675 0.0000 0.0782 2.2529 2.9955 2.1516 2.2089 2.4534 2.2362 2.3171 1.7479 2.2874 2.5490 2.2815 2.2932 2.5260 2.2252 0.0367 2.6729 3.3634 2.5036 2.3478 2.7181 3.3459 2.6382 2.2197 1.2444 2.5413 1.2695 1.2052 2.5336 2.7754 2.6907 1.7000 2.5567 2.8683 0.5425 2.5966 2.1876 2.3416 2.3416 0.4743 2.2473 2.2417 2.3795 2.5413 0.7013 2.1217 2.9126 0.7305 2.7368 2.3051 2.9126 2.6298 2.2586 1.1485 2.4963 2.4963 2.2815 1.4649 0.0409 1.2237 2.3478 0.7482 2.4124 2.4258 1.9686
HPHV_Hepacivirus_F_isolate_MgHV4_E2_334-613_AlphaFold 2.5413 2.5885 2.3925 2.1982 2.2473 2.3795 2.5646 1.4086 2.3416 0.5479 2.1217 2.0881 0.7382 2.1876 1.4247 2.7656 2.9711 2.2874 3.0079 2.3540 3.3812 2.4818 2.8156 1.3386 2.1516 2.3603 1.9645 2.1668 0.9102 0.7035 2.5567 1.7284 2.7754 3.3812 2.4534 2.5490 1.9603 2.6382 1.4481 2.4258 2.8054 1.3862 2.8259 1.2218 2.2143 2.4675 2.6468 1.4505 2.5036 2.9126 1.4340 0.0631 2.4963 2.7463 2.4327 2.6818 1.1298 2.4327 0.7800 1.4178 0.8299 2.7463 2.1720 1.2255 1.3773 2.3925 1.0553 2.4675 2.6048 2.3603 2.7559 2.2089 2.6048 2.4604 2.6468 1.9320 2.2306 2.2700 2.2035 0.7163 1.1485 2.3731 2.4258 1.3492 1.0247 1.9122 1.9562 2.6554 1.0461 1.1835 2.3171 2.6641 2.6554 2.3925 2.6130 1.9320 2.4395 2.1120 2.3991 1.5970 2.4464 2.0834 1.4155 2.2362 1.5247 1.5696 3.3993 2.3925 1.0616 2.3478 3.4553 2.1772 2.0510 2.1876 2.1023 2.6130 1.6111 2.2143 2.4464 2.1876 2.0648 2.2417 2.4464 0.0782 0.0000 2.5805 2.6130 2.1617 2.3667 2.3860 2.3171 2.1516 1.9811 2.5646 2.5110 2.2089 2.4258 2.4963 2.3416 0.0514 2.9241 2.9473 2.4890 2.4124 2.6998 2.6298 3.1852 2.1266 1.1889 2.6998 1.2715 1.3795 2.5413 2.3603 2.6214 1.5094 3.0205 2.8054 0.5336 2.6468 2.4818 2.3416 2.6554 0.4835 2.2473 2.2643 2.5185 2.3991 0.7261 2.2089 2.7274 0.7067 2.8156 2.4818 2.3731 2.9473 2.4818 1.2520 2.6818 2.5725 2.2586 1.4894 0.0409 1.3535 2.1720 0.7035 2.4675 2.5110 2.3603
HPPV_Hepatitis_G_virus_HGV-T55875_E2_239-603_AlphaFold 2.2700 2.2306 2.5490 2.0881 1.9400 2.8363 2.5490 2.0602 1.9854 2.4057 2.3603 2.1720 2.5336 1.9603 2.3667 3.2466 2.6130 2.6048 1.8053 1.2695 2.8054 2.1217 1.8853 2.6048 1.9083 2.4395 1.7446 2.0881 2.3603 2.2815 1.9939 2.3292 2.8902 2.8792 1.9603 2.1316 2.4746 2.5490 2.5725 1.3817 2.7274 2.8902 2.3991 2.1516 3.0079 2.5725 2.5885 2.5336 2.5805 2.7368 2.7559 2.2874 2.6468 0.3907 1.9360 2.5805 3.0995 2.6998 2.6048 2.6729 2.6214 2.8259 1.8372 2.1365 2.6641 3.3118 2.2586 1.3599 2.1266 2.5336 3.0332 1.4041 2.0834 0.0991 1.3513 2.7559 1.3344 2.0111 1.8815 2.3925 2.0834 1.3386 2.2089 2.1982 2.0976 2.1217 2.3731 2.7089 2.4818 1.9981 2.2473 2.9241 1.7446 2.4746 2.4746 1.2973 2.3925 1.6224 2.2700 2.4395 0.0771 2.6048 2.3478 1.9645 2.3540 2.2473 2.5567 1.7252 2.1824 1.8372 2.8259 1.9686 2.5966 1.9603 2.2757 1.9280 2.5885 2.7368 1.3344 1.5669 2.3231 2.5805 2.0976 2.2529 2.5805 0.0000 2.2991 2.2252 1.3773 1.7349 1.7284 2.1316 2.5413 1.2199 0.1228 2.8683 0.0172 2.6818 3.1133 2.3171 2.5567 2.6382 0.0685 2.9241 2.0286 1.9939 2.5725 2.4890 2.8363 2.4395 2.3925 2.5260 0.6618 1.7644 0.4185 2.3354 3.2787 2.4258 2.4258 0.7583 2.2874 2.0510 1.2540 2.3795 1.2559 2.5885 2.3860 2.6554 2.2586 2.5110 1.8628 2.2473 2.3860 1.4064 2.1415 0.4545 2.0242 2.0067 2.5036 0.6982 2.5725 2.4604 2.6048 2.4464 1.9400 2.4963 0.0223 2.2529 2.5966
PLPV_Pestivirus_Burdur05-TR_E2_691-1062_AlphaFold 2.7368 2.5490 2.9591 2.0067 2.5885 2.8902 2.6554 2.5646 2.5646 2.3231 3.2625 2.6214 2.4675 2.4191 2.5260 1.1382 0.1459 2.6818 2.2529 2.4675 1.5669 3.0724 2.4534 2.4890 2.8902 2.9832 2.6641 2.1772 2.4818 2.5567 2.6818 2.3860 1.0822 1.7157 2.5646 0.3461 2.7853 0.5230 2.7181 2.2991 2.4746 3.2002 0.7835 2.5490 2.6729 2.7463 1.8300 2.4890 2.0881 1.2425 2.6907 2.5413 0.9608 2.5885 3.0205 1.0202 2.2362 0.9115 2.2306 2.3925 2.2473 3.0079 2.3991 2.1415 2.5110 0.4776 1.9854 2.6998 3.0205 1.3951 1.9603 2.8792 3.0332 2.6641 2.8259 3.0332 2.9014 2.2700 2.5646 2.3478 2.6382 2.9955 2.9591 2.7559 2.0834 2.3231 2.7953 2.6998 2.1617 2.2197 2.5646 0.6055 2.4890 2.6130 1.1399 2.8902 0.3360 2.3795 3.2154 2.8469 2.5185 2.2757 2.2362 3.1558 2.3111 2.3603 0.8673 2.1929 1.9811 2.3731 1.0967 2.4057 2.4746 2.4191 2.8363 2.3111 2.7656 2.5110 2.5260 2.5567 1.6724 2.2473 2.8683 2.9955 2.6130 2.2991 0.0000 2.0375 2.4746 2.5036 2.8902 2.4124 2.8363 2.5413 2.9832 2.1824 2.2362 0.3317 0.3756 2.8792 2.6554 1.4247 2.4963 2.7274 2.7953 2.5185 2.5725 2.6048 2.4818 2.6382 2.5185 3.0332 2.8683 2.3416 2.6130 3.0079 2.0740 1.2973 2.3478 2.8902 0.5931 1.9645 2.6382 2.4675 2.5725 2.1876 2.5885 1.1131 2.4464 2.7463 3.0995 2.6130 0.4288 2.2252 2.3667 2.5885 2.5260 2.0881 0.9455 2.2473 2.2874 2.4746 2.8469 2.3354 2.5185 2.6729 2.3231 0.4868 2.6382
HPHV_Nanhai_ghost_shark_hepacivirus_1_E2_208-359_AlphaFold 2.1266 2.1824 2.1772 1.2933 2.3111 2.2306 1.7744 2.3731 1.8739 2.5185 0.4248 1.8702 2.0976 1.9603 2.3991 3.4553 2.8054 2.5885 2.6729 2.1365 2.2143 2.8259 2.2874 2.2417 2.1023 2.5567 1.9521 1.8372 2.2252 1.9939 1.9562 2.2874 2.5260 3.4363 2.0648 2.9591 2.0694 2.3354 2.2473 2.4890 2.0465 3.1852 2.5185 2.8156 1.6082 1.4270 2.6130 2.6729 2.5260 2.4057 2.2874 2.1465 2.3354 1.9280 2.8902 2.6729 2.7559 2.1566 1.6515 2.1982 2.0881 2.7368 1.6196 2.4818 2.2306 1.9769 2.2757 2.3111 2.5805 2.3795 2.6048 2.6130 2.3111 2.8683 2.1982 2.4124 2.2874 2.3354 2.1415 1.8517 2.4746 2.8902 1.5778 3.1414 2.1566 1.3996 1.4722 2.0465 2.2757 2.3603 1.9939 2.5567 2.6382 2.5413 3.4944 2.3354 2.3925 2.2197 2.2991 2.2815 2.1415 1.7284 2.3354 2.2197 2.3795 2.0465 2.5036 2.2815 1.9521 2.3540 2.4818 1.3471 1.9645 1.9603 2.6907 1.8891 2.0648 2.7656 2.2362 1.9521 2.1168 2.4464 1.4178 2.1516 2.1617 2.2252 2.0375 0.0000 2.1617 2.2417 2.1365 1.5509 2.7181 2.1168 2.6130 2.0834 2.2252 3.1273 3.3459 2.2362 1.9603 2.4327 2.3925 2.2586 1.7744 1.9161 1.7031 2.1876 2.5336 2.0286 2.1516 2.5336 1.8408 2.2757 2.1516 2.4818 2.4464 2.8792 1.8891 2.2586 2.9591 1.4722 2.1465 2.5110 2.1617 2.5336 1.9360 2.4818 1.8777 2.5413 1.6815 1.8739 2.5885 1.7544 1.4201 2.0556 2.3292 2.9126 2.5885 1.8264 2.5036 2.5966 2.0881 2.1316 1.6846 2.6382 2.2757 2.5336 1.9811
HPPV_Pegivirus_K_E2_213-557_AlphaFold 2.5490 2.0375 2.3991 2.0420 1.9400 2.3231 2.4057 1.9939 2.1120 2.0881 2.3354 2.1929 2.2529 1.9769 2.1266 2.8575 2.4534 2.4258 1.8088 1.8408 2.5260 2.4395 1.9240 2.1982 1.7511 2.5413 2.0286 2.0881 2.2143 2.3171 1.9811 2.5036 2.9955 2.9832 1.8777 3.0592 2.2874 3.0332 2.1516 2.1365 2.2586 2.4890 2.8363 2.4464 2.6214 2.1023 3.1273 2.1772 2.4534 2.6729 2.3051 2.2643 2.7274 1.2913 2.4395 2.7181 2.5885 2.7953 2.1316 2.3171 2.0976 2.7953 1.7413 1.9854 2.2815 2.7463 2.2586 1.6486 2.1415 2.6641 2.6554 1.5222 1.9562 1.4505 1.7744 2.4746 1.5943 1.9044 1.9939 2.1415 2.3795 1.8053 2.2586 2.3860 2.1415 2.3051 2.0976 2.4327 1.8929 1.9896 2.5336 2.4464 1.9769 2.5490 3.1273 1.4770 2.3991 1.5377 2.3667 2.4534 1.3929 2.1929 2.2473 1.8967 2.3667 2.3795 2.8156 1.9939 1.8891 1.8193 2.6998 2.0602 2.5805 1.9769 2.3051 2.3667 2.3478 2.4327 1.7983 1.9122 2.2143 2.6048 2.0602 2.2089 2.3667 1.3773 2.4746 2.1617 0.0000 1.7611 1.9645 2.1465 2.7463 1.7644 1.4625 2.3991 1.3840 2.5336 2.3111 2.3478 2.3292 2.5567 1.3556 2.6554 2.4746 2.2932 2.2757 2.5725 2.5646 2.3860 2.4534 2.7463 1.4064 2.0154 1.2813 2.5567 3.1852 2.5036 2.1720 1.4086 2.7559 2.0510 1.6026 2.3795 1.3281 2.6907 2.5336 2.7181 2.2991 2.3991 2.0198 2.0648 2.8792 2.0928 2.2991 1.5196 2.2815 2.1023 3.0995 1.5196 2.5885 2.0787 2.3231 1.9811 2.1023 2.3731 1.3929 2.9014 2.6048
HPPV_Passer_montanus_pegivirus_GXN_E2_302-574_AlphaFold 2.1982 2.4818 2.3795 1.9896 2.5966 2.5336 2.5336 2.0286 2.0510 2.4464 2.7656 2.2932 2.4327 2.1876 1.9083 3.0205 2.7754 2.2757 1.9122 1.6515 2.7953 2.3231 2.2306 2.3860 0.2246 2.4124 2.0067 1.7611 2.3991 2.1566 2.2306 2.2815 2.6382 3.5555 2.3925 2.3354 2.2874 2.3731 2.4464 1.6785 2.1876 2.6214 2.8469 2.4675 2.5110 2.1516 2.8683 2.1365 2.1415 3.0205 2.4963 2.6818 2.2932 1.7031 1.0476 2.6641 2.9591 2.6214 2.1365 2.2417 2.3051 1.9240 2.3925 2.0928 2.1876 2.2586 2.0740 2.0834 2.3860 2.6907 2.3478 1.4993 1.9400 1.8444 1.9981 2.4675 1.6427 2.4746 2.2417 2.0834 2.2932 1.8739 2.4963 2.3540 2.1772 2.0375 2.1929 2.4890 2.1720 2.1415 2.0694 2.6998 1.0870 2.5110 2.9126 1.6369 2.7181 1.7094 2.2932 2.3231 1.8967 2.2362 2.7754 2.3540 2.1071 2.3051 2.6130 2.5260 2.0331 1.6664 2.8575 2.0198 2.4191 2.1876 2.5966 2.4327 2.1929 2.3603 1.7949 1.5170 3.2309 2.5036 2.0976 2.4534 2.3860 1.7349 2.5036 2.2417 1.7611 0.0000 2.3171 1.8739 2.1566 1.7446 1.8517 2.5966 1.7316 2.6907 2.3991 2.6641 2.2252 2.5336 1.7983 2.2643 2.2700 2.3231 2.1120 2.5336 2.1266 2.7181 3.0724 2.3231 1.7846 2.4191 1.7094 2.5036 2.5185 2.7656 2.0242 1.8123 2.5646 2.1071 1.5430 2.2089 1.7094 2.2932 2.3171 2.4746 2.3416 2.2586 2.3416 2.4191 2.3860 1.8444 2.0881 1.7511 2.0024 2.1516 2.7853 1.6846 2.1168 2.1668 2.8156 2.1316 2.0976 2.0834 1.8336 2.4464 2.0976
HPPV_Pegivirus_G_E2_478-828_AlphaFold 2.3991 2.2700 2.9591 2.5885 0.9129 2.4534 2.3667 2.5260 1.0113 2.7656 2.4604 2.4464 2.4963 1.0128 2.4746 2.9356 2.8683 2.4963 0.6436 2.0331 2.6468 2.5885 1.0369 2.2197 2.2197 2.7754 2.1772 2.9473 2.4675 2.6818 0.9580 2.8902 3.1273 3.1704 1.0445 2.6729 2.4395 3.0205 2.4057 2.0111 2.5413 2.7754 2.6729 2.5260 2.3860 2.2362 2.5725 2.4963 2.4604 3.2466 2.1668 2.2874 2.8259 1.7677 2.0198 2.4746 2.4057 2.6554 2.3416 2.2932 2.2362 2.2815 0.9995 2.5490 2.2586 3.2154 2.1824 2.2197 1.1979 3.0332 2.7559 2.3667 0.8737 1.9044 1.9854 2.3795 1.8628 1.0647 2.2643 2.2252 2.6729 1.9481 2.2473 2.3540 2.1929 2.4258 2.2035 2.4604 2.3231 2.2932 2.6818 2.6818 2.2197 2.7853 2.9241 1.8300 2.8156 1.8336 2.2197 2.4604 1.7062 2.3051 2.5336 1.2973 2.3731 2.5725 2.7853 1.0098 2.4057 1.6111 3.2309 2.5725 2.8683 1.0128 2.6818 2.3171 2.5036 2.6382 1.8158 1.6907 2.4395 2.7754 2.2143 2.2362 2.3171 1.7284 2.8902 2.1365 1.9645 2.3171 0.0000 2.1772 2.4818 1.8891 1.9939 2.8259 1.7381 2.6382 2.7559 2.2362 2.4124 2.6998 1.7949 2.8469 2.5110 1.2311 2.5805 2.8156 2.5646 2.3925 2.5260 2.3731 1.9686 1.0278 1.8264 2.1516 2.5185 2.9711 2.3416 2.0286 2.7463 2.8259 1.9686 2.4604 2.1465 2.8259 2.1824 2.8902 2.4395 2.3354 0.9864 2.6214 2.5805 1.8628 1.8300 1.7284 2.3354 2.6468 3.3634 1.6340 3.1133 2.3416 2.3540 2.7853 0.9735 2.4191 1.7000 2.5885 2.4604
HPHV_Hepacivirus_Q_strain_GDZQ-15_E2_431-644_AlphaFold 2.2035 2.2252 2.3860 1.9320 2.2143 2.4963 2.1266 2.1720 2.0154 1.9562 1.8967 1.8517 2.0111 2.0420 1.9854 2.1266 2.1316 2.6641 2.0111 2.1120 2.7181 2.3292 2.3925 2.1168 1.7778 2.7754 1.8702 1.4770 2.4604 2.2815 2.1168 1.9440 2.1772 2.9126 2.3478 2.5185 2.2362 2.0602 2.2306 2.1876 1.8777 3.0592 2.7559 2.0331 2.0834 2.0024 2.7853 1.8929 2.2252 2.6554 2.1316 2.0510 2.4258 2.0648 2.0740 2.2089 2.5646 2.1217 2.0881 1.9240 2.3231 1.3621 1.9562 1.9854 1.8967 2.6998 1.8853 2.0556 2.2529 2.3416 2.3171 2.3354 2.2757 2.0976 1.9769 2.0024 2.1217 2.3354 2.5490 2.0740 2.0242 2.1617 1.6282 2.1023 1.8665 1.9854 1.9939 2.2306 1.9400 1.8158 0.8801 2.7853 2.0242 2.3731 2.2700 1.8018 2.7089 1.9939 2.2932 2.1120 2.1168 2.2089 2.1772 2.2643 2.2643 2.0787 2.6214 2.4818 1.8628 2.1929 2.1120 2.2932 2.2700 2.0420 2.1982 2.2932 1.9122 2.6818 2.2991 2.0694 2.9955 2.3991 2.1465 2.3171 2.1516 2.1316 2.4124 1.5509 2.1465 1.8739 2.1772 0.0000 2.6468 2.1824 2.3603 2.6130 1.7949 2.5336 2.3171 2.1566 2.2252 2.7853 2.2700 2.2197 1.8229 2.4746 1.9521 2.4395 2.1668 2.5185 2.0881 2.6907 2.7181 2.4124 2.1316 2.1617 2.6130 2.8902 2.2197 2.3540 2.3925 1.9686 2.2815 2.2417 2.5413 2.3795 2.0881 2.2700 1.9562 1.3973 2.3171 2.0787 2.7089 2.0976 2.1023 2.3354 1.8853 1.9896 2.5725 2.1168 3.1414 1.8264 2.1316 2.2874 2.0198 1.9083 2.1929 2.2197 2.9473
HPHV_Hepacivirus_N_isolate_IME_BovHep_01_E2_358-611_AlphaFold 2.6130 2.5490 2.2089 1.4132 2.2815 2.3731 2.6998 1.3686 2.3925 1.9645 2.4258 2.2700 1.6111 2.5413 1.3951 2.9955 2.5036 2.4675 2.5646 2.4818 2.4818 2.0067 2.5260 1.4869 2.2643 2.8902 1.9201 2.1516 1.8480 2.0881 2.3991 1.5456 2.7274 2.9591 2.7656 2.9356 2.2143 3.0461 2.0928 2.4258 2.1365 1.6196 3.3459 1.6515 2.1516 2.2252 2.7953 1.5482 1.9728 2.9014 1.4434 1.8815 3.0079 2.3540 2.4124 2.8575 1.6340 2.4534 1.4844 1.4363 1.5120 2.5885 2.5036 1.3664 1.4869 3.1558 1.4625 2.8156 2.3991 2.4604 3.0205 2.7274 2.8469 2.3416 2.1876 0.6710 2.5185 2.5036 2.2932 1.6515 1.5273 2.5646 2.0694 1.4943 1.4109 2.2757 2.5036 2.7463 1.4819 1.2793 2.4963 2.7181 2.6641 2.2700 2.8575 2.3795 2.5567 2.6382 2.7463 1.5615 2.5036 2.1365 1.4943 2.4746 1.6224 1.4224 2.8469 2.5725 1.4577 2.4890 3.2309 2.1566 2.1720 2.5413 2.3731 2.4963 1.5860 2.1465 2.4327 2.5885 1.9562 2.4604 2.4395 1.7479 1.9811 2.5413 2.8363 2.7181 2.7463 2.1566 2.4818 2.6468 0.0000 2.7274 2.3667 2.9711 2.4890 2.9126 2.4327 2.1876 2.4258 2.6818 2.2700 2.0375 2.1415 2.3416 2.2815 2.3171 1.3556 2.7754 1.7611 1.3386 2.6907 2.6298 2.3795 1.7611 2.4464 2.8469 1.9083 2.6554 3.2466 2.3416 2.2874 1.9811 2.8683 2.5805 2.4534 2.9126 1.8053 2.5490 2.4746 1.6369 2.9241 2.7754 2.6998 2.4604 2.4963 1.2675 2.4604 2.4395 2.1668 1.5723 2.0067 1.6369 2.4395 1.7983 2.4963 2.7656 2.5646
HPPV_Southwest_bike_trail_virus_E2_365-727_AlphaFold 2.3603 2.3540 2.6641 1.8018 2.0602 2.4464 2.4675 2.5805 1.8018 2.2991 2.3860 2.4258 2.2874 2.2700 2.2529 3.0205 2.5036 2.6729 1.8853 0.9263 2.9591 2.7368 1.8628 2.8902 1.8193 2.7089 1.9122 2.4327 2.7953 2.9014 2.3667 2.4327 3.0592 2.6214 2.4746 2.9126 2.1824 2.6729 2.2643 1.4673 2.2529 2.6998 2.5805 2.0286 2.4818 2.1772 2.9241 2.5567 2.5725 3.0592 3.0079 2.5646 2.3478 1.1554 1.5696 3.2951 2.0331 2.6382 2.0694 2.6907 2.1772 2.7181 1.8018 2.3478 2.6998 3.0461 2.2473 0.9089 1.9811 2.8469 2.8469 0.8853 2.4395 1.3386 0.7196 2.3292 0.7067 2.1365 1.9603 2.2643 2.2643 1.6634 2.5336 2.7463 2.1365 2.1023 2.3478 2.2586 2.2529 2.6382 2.5490 2.5185 1.7479 2.3478 2.4534 1.4943 2.7463 1.5403 2.6298 2.7463 1.1451 2.1772 2.2306 1.8628 2.3292 2.6554 3.0205 1.8053 2.3795 1.7778 2.5490 2.4464 2.5646 2.2700 2.4890 2.5805 1.9481 2.4057 1.4795 1.7778 1.3840 2.4534 2.2197 2.2874 2.5646 1.2199 2.5413 2.1168 1.7644 1.7446 1.8891 2.1824 2.7274 0.0000 1.3556 2.5260 1.2598 2.5413 2.6382 2.4604 2.5185 2.6468 1.3095 2.8683 2.8902 2.0602 2.7089 2.4395 2.7953 2.4746 2.0331 2.2197 1.2144 1.7744 1.1659 3.0332 3.6200 2.7274 2.4258 1.2444 2.9955 2.3354 0.7218 3.0332 1.5860 2.6998 2.2815 2.5966 2.2932 2.2252 1.8372 2.5336 2.8054 1.5970 2.3111 1.1961 2.6554 2.5490 3.0079 1.2754 2.4327 2.3925 2.6729 2.2417 1.7677 2.3478 1.2444 2.4124 2.3231
HPPV_Hepatitis_G_virus_AB018667.1_E2_208-572_AlphaFold 2.5725 2.5413 2.8054 2.1772 2.0154 2.5490 2.2529 2.1668 2.0556 2.2306 2.1876 2.1929 2.2932 2.0024 2.4258 3.0079 2.5725 2.4534 1.9481 1.2617 2.9711 2.1071 1.9006 2.5567 1.9728 2.3795 2.1316 2.2035 2.2700 2.6554 2.2035 2.3231 3.6651 2.8156 1.9603 2.4124 2.1120 2.5260 2.4057 1.5509 2.2874 2.4746 2.8683 2.2089 2.6214 2.4124 3.0995 2.3603 2.5646 2.9955 2.4604 2.3111 2.8363 0.4123 1.7031 2.7853 2.5646 2.5885 2.4890 2.4057 2.5805 2.9473 2.0111 2.3354 2.3925 2.5805 2.5260 1.5509 1.9240 2.1982 2.6729 1.5430 2.2252 0.1159 1.4086 2.5885 1.3177 2.0740 1.7812 2.2757 2.1266 1.7062 2.3231 2.3540 2.8575 2.4746 2.3860 2.3991 2.1772 2.5413 2.3991 2.9473 1.7949 2.5966 2.7368 1.5069 2.4395 1.6282 2.3416 2.4675 0.1342 2.2700 2.4534 2.0648 2.7089 2.3795 2.7656 1.7062 2.5567 1.8929 3.3459 2.3292 2.7853 2.0024 2.3667 2.1168 2.4395 2.4395 1.5970 1.6815 2.4395 2.4818 2.1720 2.5490 2.5110 0.1228 2.9832 2.6130 1.4625 1.8517 1.9939 2.3603 2.3667 1.3556 0.0000 2.4963 0.1194 2.6998 2.9126 2.4464 2.4191 2.5185 0.0947 2.5725 2.4327 2.3111 2.2089 2.4258 2.2700 2.6382 2.3416 2.3051 0.7987 1.6846 0.4618 2.3354 3.2625 2.6729 2.5646 0.8509 2.5885 1.9201 1.4553 2.5185 1.4844 2.3292 2.7559 2.5336 2.3231 2.2362 1.9811 2.4464 2.5725 1.5998 2.2757 0.4962 2.5185 2.2197 2.8156 0.8866 2.4746 2.0286 2.4818 3.2002 2.1566 2.2362 0.1262 2.5036 2.2700
HPHV_Hepacivirus_horseDH1HUN2013_E2_403-724_AlphaFold 2.2417 2.4191 0.9721 2.1668 2.8469 2.5966 2.3795 2.4675 2.0694 2.2586 2.0111 2.3051 2.1071 2.2757 1.8815 2.9241 2.2417 2.5413 2.5567 2.5567 2.2035 2.3991 2.0787 2.3731 2.9126 0.0652 2.2874 2.6998 2.1982 2.1824 2.4963 2.1617 2.6641 2.7089 2.4890 2.2417 1.6253 2.7656 2.4963 3.0859 2.5260 2.4818 2.8792 2.6382 2.5260 2.2700 3.2951 1.6369 0.9778 2.8259 2.1168 2.4534 2.6130 2.5336 2.3667 2.5646 2.4534 2.6130 2.5336 2.5646 2.0286 2.5185 2.0740 2.1316 2.3111 2.4890 1.9686 2.5336 2.5885 2.9241 2.8575 2.8469 2.6048 2.6554 2.2529 2.2757 2.2932 2.3416 2.1876 2.1465 2.1120 2.7368 2.1516 2.2757 1.8158 1.9645 2.6998 2.4395 1.9769 2.3860 2.2473 3.1273 2.2362 1.0158 2.7656 2.5805 2.4124 2.2700 2.7368 2.2197 2.5490 1.4293 3.0859 2.6907 1.9320 2.1266 2.7953 2.3991 1.8229 2.1824 2.6382 2.1266 1.0445 2.2757 0.9636 2.1023 2.3478 1.0399 2.3925 2.6048 1.7949 0.0914 2.6214 2.2815 2.2089 2.8683 2.1824 2.0834 2.3991 2.5966 2.8259 2.6130 2.9711 2.5260 2.4963 0.0000 2.9014 2.0976 2.3231 2.4675 3.0859 2.9955 2.7274 1.0054 2.3667 2.4534 2.0510 0.9372 2.1617 2.5260 2.3292 2.4675 2.9126 2.4963 2.3478 2.1465 2.7853 2.8259 2.1071 3.2787 2.4818 2.5336 2.3925 2.5260 2.4675 0.0859 2.3731 2.6729 2.5885 2.4818 2.4534 2.4534 2.5185 2.6907 2.2362 2.2362 3.0995 1.9854 2.4327 2.6641 1.0822 2.6382 2.4395 1.9896 2.2874 1.9728 2.9014 2.8259 1.1065
HPPV_Hepatitis_G_virus_isolate_765_E2_276-640_AlphaFold 2.5805 2.2932 2.8683 2.0881 1.9769 2.8363 2.4057 2.2643 1.9562 2.4675 2.7181 2.1720 2.6818 2.0242 2.3416 3.0592 2.5567 2.6214 1.7949 1.2501 3.0205 2.1217 1.8591 2.3416 1.9320 2.5185 1.7446 2.0881 2.3540 2.3111 2.0111 2.2529 2.8054 2.5966 1.8665 2.0420 2.3731 2.7754 2.5646 1.3973 2.7274 2.8469 2.3731 2.2035 2.5725 2.6554 2.8156 2.4057 2.7368 2.6641 2.6554 2.2643 2.5567 0.3861 1.9240 2.7368 3.2951 2.5885 2.5567 2.5336 2.6048 3.0724 1.8591 2.1365 2.6818 2.9241 2.3051 1.3817 2.1365 2.4890 3.0592 1.3840 2.0976 0.1114 1.3621 2.6298 1.3751 2.0198 1.9044 2.5036 2.3925 1.3862 2.2089 2.1772 2.0067 2.1217 2.3731 2.6130 2.4818 1.9122 2.3051 3.0592 1.7983 2.5185 2.7853 1.3302 2.2991 1.6224 2.4057 2.4258 0.0804 2.6468 2.4890 1.9400 2.4464 2.1929 2.4675 1.6907 2.1023 1.8739 2.8469 1.9686 2.5646 2.0242 2.2815 1.9280 2.5336 3.3634 1.5750 1.5696 2.3231 2.5036 2.0976 2.2932 2.4258 0.0172 2.2362 2.2252 1.3840 1.7316 1.7381 1.7949 2.4890 1.2598 0.1194 2.9014 0.0000 2.8363 3.2787 2.3731 2.2643 2.7559 0.0685 2.5966 2.0198 2.0331 2.6641 2.5805 2.4124 2.6048 2.2815 2.5260 0.6557 1.7189 0.4216 2.2815 2.5885 2.5110 2.4258 0.7471 2.4746 2.0510 1.2482 2.5185 1.2656 2.6554 2.4258 2.7656 2.2700 2.4818 1.8229 2.4818 2.4191 1.4064 2.1415 0.4768 2.0198 2.0067 2.6048 0.6793 2.5805 2.5110 2.4191 2.4395 2.0154 2.4963 0.0223 2.2306 2.5567
PLPV_Pestivirus_sp._isolate_ovineIt338710-32017_E2_690-1061_AlphaFold 2.6298 2.6298 2.7853 1.8967 2.8363 2.8156 2.6468 2.5646 2.7089 2.4191 2.0740 2.3111 2.1617 2.6641 2.4890 1.2482 0.4264 3.3118 3.0461 2.4327 1.6054 3.2154 2.7089 3.2466 2.5646 2.8054 2.6048 2.5725 2.3478 2.6729 2.3667 2.1415 1.0774 1.6634 2.3925 0.3846 2.7656 0.5461 2.6641 2.4963 2.9473 2.4395 0.8348 2.2197 2.4963 2.6130 1.8967 2.5260 2.2932 1.2107 2.3860 2.4675 1.0069 2.8792 2.9356 0.9951 2.4818 1.0414 2.2417 2.7368 2.9832 3.0859 2.4191 2.5567 2.9832 0.4936 2.1168 2.5885 3.2309 1.3708 2.0154 2.6998 2.5490 2.7853 2.8683 3.2625 2.2586 2.3795 2.3860 2.2815 2.6468 2.5805 2.5185 3.0205 2.2700 2.3051 2.4057 2.4327 2.1617 2.1929 2.3795 0.6357 2.7953 2.2089 1.1979 2.7274 0.3432 2.5185 3.0592 2.9014 2.6130 2.1365 2.2643 2.8156 2.5725 2.2197 0.8944 2.5036 2.1617 2.3795 1.2368 2.1982 2.5490 2.6641 2.6048 2.4534 2.4464 2.5413 2.3416 2.8363 1.7157 2.7754 2.9711 2.5260 2.4963 2.6818 0.3317 3.1273 2.5336 2.6907 2.6382 2.5336 2.9126 2.5413 2.6998 2.0976 2.8363 0.0000 0.2926 2.5805 2.4818 1.4819 2.7953 2.4258 2.5805 2.3603 3.0205 2.3292 3.0724 2.6382 2.1316 2.8792 2.9014 2.8054 2.5725 2.8259 1.7381 1.2125 2.5110 2.6298 0.5903 2.1516 2.5185 2.5110 2.9591 2.5966 2.7656 1.1589 2.2932 2.7181 2.8054 2.3731 0.4851 2.1876 2.6818 2.6641 2.3354 2.7853 0.9721 2.5966 2.4675 2.4124 2.3731 2.3292 2.6998 2.7274 2.7559 0.5707 2.7089
PLPV_Classical_swine_fever_virus_E2_690-1062_AlphaFold 2.3231 2.8054 2.4890 2.2089 3.2154 2.5036 2.2089 2.3540 2.4124 2.4124 2.1168 2.4675 2.2757 3.0332 2.5885 1.1747 0.4264 2.5110 2.5185 2.2991 1.7914 3.0859 2.7754 2.2991 2.6907 2.7274 2.7368 2.5036 2.6468 2.3416 2.5336 2.5885 1.1729 1.5642 2.6048 0.4488 2.3731 0.6210 2.3860 2.4464 2.9356 3.1558 0.9196 2.4675 2.3171 2.4604 2.0331 2.0242 2.4818 1.1818 2.3231 2.4746 1.1519 2.8902 2.6130 1.0399 2.1617 0.9821 2.2700 2.4963 2.8575 2.6907 2.7463 2.4057 2.3925 0.5160 2.3540 2.4191 3.0724 1.3198 2.1071 3.0332 2.7656 2.9241 3.1852 3.1133 2.9356 2.8363 2.9126 2.4258 2.5036 2.7656 2.7656 2.9955 2.2252 2.5966 2.9356 2.3292 2.2035 2.5490 2.2473 0.6487 2.6554 2.4258 1.1485 2.5966 0.4264 2.6214 2.4818 2.4746 2.7368 2.4604 2.4057 2.6130 2.2874 2.7089 0.9608 2.6998 2.0331 2.5336 1.3239 2.3111 2.3231 3.0332 2.7463 2.2815 2.5725 2.5036 2.2473 2.6907 1.6724 2.2197 2.6298 2.2252 2.3416 3.1133 0.3756 3.3459 2.3111 2.3991 2.7559 2.3171 2.4327 2.6382 2.9126 2.3231 3.2787 0.2926 0.0000 2.2529 2.6641 1.5615 3.3118 2.4191 2.3354 2.8469 2.3860 2.5646 2.5036 2.2815 2.3416 2.5725 2.8575 2.8469 2.5336 2.6907 1.7252 1.4293 2.4395 2.8902 0.6950 2.1929 2.4746 2.5725 2.5185 2.2643 2.0602 1.1298 2.4124 3.0332 2.5110 2.3860 0.4801 2.1465 2.2252 2.5885 2.6130 2.5260 0.9510 2.6214 3.1852 2.5036 2.2197 2.5646 2.7181 2.7656 3.1273 0.5515 2.4675
HPHV_Hepacivirus_F_isolate_MgHV2_E2_334-613_AlphaFold 2.2089 2.3603 2.2874 2.0556 2.2035 2.3860 2.7089 1.3407 2.3991 0.5265 2.0834 1.9122 0.7305 2.3603 1.6082 2.9356 2.7853 2.4675 2.7656 2.1266 3.7605 2.7463 2.5110 1.2016 2.1824 2.6641 2.0976 2.1772 0.8459 0.6638 2.7656 1.7778 2.6382 2.5490 2.4818 2.6468 1.9854 2.6907 1.4481 2.2089 2.5646 1.4132 2.5036 1.2016 2.3111 2.3795 2.7754 1.5535 2.2417 2.4464 1.3260 0.0440 2.3925 2.5490 2.5185 2.3354 1.1197 2.3354 0.7606 1.2793 0.7371 2.2643 2.1824 1.2070 1.3449 3.0995 1.1961 2.6298 2.6554 2.8259 2.7089 2.1365 3.0859 2.5966 2.6048 2.0286 2.2991 2.3478 2.1365 0.7088 1.2089 2.2197 2.1617 1.2330 1.0217 1.7413 1.8229 2.5885 1.0918 1.1485 2.1266 2.4604 2.6214 2.6641 2.5413 2.0375 2.4963 2.1465 2.4890 1.6545 2.5805 1.9769 1.4270 2.4604 1.5562 1.6167 3.8373 2.7181 1.1231 2.1168 3.4553 2.4890 2.1120 2.3603 2.1071 2.3354 1.5860 2.3416 2.4057 2.1217 2.0648 2.0881 2.5413 0.0367 0.0514 2.3171 2.8792 2.2362 2.3478 2.6641 2.2362 2.1566 2.1876 2.4604 2.4464 2.4675 2.3731 2.5805 2.2529 0.0000 2.7953 3.0079 2.5885 2.4258 2.9356 3.2154 2.4124 2.1516 1.2218 2.4124 1.2482 1.3817 2.7754 2.7181 2.7463 1.6846 2.4890 2.5413 0.5615 2.6382 2.4258 2.4258 2.4124 0.4851 2.4395 2.4534 2.1365 2.4818 0.7045 2.1465 3.0332 0.7338 2.5805 2.4327 3.8639 2.7754 2.3667 1.2559 2.5805 2.6907 2.5110 1.4293 0.0151 1.2199 2.2586 0.7527 2.4258 2.4963 2.1566
HPHV_Rodent_hepacivirus_CRT490-BCOD2010_E2_377-715_AlphaFold 0.1804 0.2290 2.7181 2.3231 2.8469 0.2953 0.1506 2.4191 2.5885 2.4746 2.3354 1.2368 2.4124 2.1465 2.2089 2.7274 2.7754 2.7559 2.5110 2.7368 3.2002 2.1876 2.4746 2.3416 2.0556 2.5110 2.3051 2.1120 2.3991 2.1824 2.3667 2.8259 2.2700 2.8902 2.4258 2.8259 2.2757 2.8156 2.0976 2.4395 0.7527 2.4124 2.7181 2.1668 0.8522 2.0331 2.1617 2.4890 2.7656 2.9241 2.4818 2.3991 3.1414 2.7463 2.4534 2.4604 2.2035 2.6048 2.1617 2.4604 2.0510 2.5966 2.6729 2.1876 2.3925 3.0859 2.0242 2.3731 2.5567 2.7559 2.6298 2.6554 2.4818 2.3860 2.4963 2.6818 2.3292 2.4534 2.6214 2.4327 2.0375 2.3603 1.6846 2.3795 2.1316 1.9981 2.0556 0.1945 2.0286 1.9686 2.3416 2.3795 2.3603 3.0592 3.0461 2.8156 2.2417 2.7181 2.1982 2.3478 2.2252 2.2757 2.1316 2.4746 2.2874 2.4818 2.8054 2.1071 2.0242 2.3667 2.7089 2.6298 2.5646 2.1465 2.4124 2.6554 2.1316 2.6130 2.5966 2.2417 2.0740 2.9473 2.3991 2.6729 2.9241 2.5567 2.6554 1.9603 2.3292 2.2252 2.4124 2.2252 2.4258 2.5185 2.4191 3.0859 2.2643 2.4818 2.6641 2.7953 0.0000 3.0461 2.3416 2.4818 2.3354 2.5966 1.7220 2.7089 2.4818 0.1612 2.0740 2.4327 2.6130 2.3416 2.4890 2.2473 2.2035 3.0079 2.5646 2.5567 2.6818 2.3292 2.3731 2.6641 2.3603 2.7274 0.1756 3.4553 2.3731 2.4890 2.7463 2.4327 2.8469 2.2089 2.5966 2.5490 2.3171 2.1316 2.7559 2.6818 2.4604 2.2197 2.7089 2.5036 2.5260 2.3540 2.5725 2.6641 2.5966
PLPV_Norway_rat_pestivirus_isolate_NrPVNYC-D23_E2_836-1212_AlphaFold 2.9241 2.5646 2.6298 2.0648 2.5725 2.8156 2.2815 2.3795 2.2874 2.7853 2.5260 3.4747 2.7368 2.6907 2.5110 1.5998 1.4625 2.1982 2.6382 2.9014 0.2537 2.6130 2.8902 3.2309 2.9473 2.9955 2.3111 2.5336 3.9761 2.5036 2.5336 2.5490 1.4529 0.7527 3.0205 1.4064 2.5110 1.5805 2.7463 2.8575 2.7463 2.4675 1.7157 2.6554 2.7953 2.6907 1.7914 2.6641 2.9014 1.5094 3.5981 2.6130 1.5535 2.4818 3.2309 1.6634 2.6298 1.4894 2.7463 2.9832 2.7274 2.4818 2.3603 2.3540 2.7953 1.5723 2.5336 2.4675 2.8792 1.6724 2.0375 2.2473 2.3354 2.5805 3.0079 3.3287 2.8683 2.7181 2.2306 2.3860 3.0592 2.9241 2.1929 2.9591 2.6298 2.2932 2.3925 2.5185 2.5805 2.6130 2.4395 1.4770 2.6214 2.6641 1.7031 2.4818 1.4041 2.7368 2.5805 2.4890 2.8054 2.4057 2.3111 3.3118 2.7559 2.4057 1.7644 2.4604 3.1414 2.6382 1.8815 2.3416 2.7754 2.6907 2.6214 1.9981 2.8363 2.9356 2.6998 3.0592 1.4481 3.2154 2.4604 3.3634 2.9473 2.6382 1.4247 2.4327 2.5567 2.5336 2.6998 2.7853 2.6818 2.6468 2.5185 2.9955 2.7559 1.4819 1.5615 3.0079 3.0461 0.0000 2.8575 2.9473 2.5725 2.7089 2.6048 3.1133 2.3171 2.3478 3.2466 3.3118 2.4124 2.6468 2.6998 2.5260 1.5377 1.6026 2.9241 2.9473 1.6253 2.2991 2.6641 3.0592 3.0995 3.1133 2.5805 1.4041 2.6298 3.6883 2.4258 2.9356 1.4247 2.6048 2.6998 3.0995 2.2473 2.5885 1.4086 2.5966 2.8363 2.6998 2.7853 2.4746 2.7181 2.3416 2.6048 1.4795 2.6554
HPPV_Pegivirus_A_56330218_E2_208-572_AlphaFold 2.5567 2.2035 2.4675 2.0024 2.0787 2.2586 2.4464 2.4327 2.0881 2.5413 2.1415 2.4258 2.5885 1.9400 2.2991 2.6818 3.0859 2.1772 1.9521 1.2913 2.7089 2.2197 2.1071 2.3991 1.8665 2.6998 1.8123 1.9896 2.3292 2.1720 2.0648 2.3731 2.8054 3.0461 2.1023 3.2154 2.2700 2.3991 2.4464 1.4410 2.4191 2.7853 2.8902 2.2473 2.5110 2.4464 2.5805 2.6048 2.3540 2.6130 2.5185 2.5885 2.7559 0.3667 1.8300 2.5966 2.7754 2.7089 2.5885 2.6130 2.8575 2.7559 1.9240 2.3795 2.4746 2.8683 2.2143 1.3795 2.0242 2.2991 2.8054 1.3817 2.2252 0.0771 1.3840 2.6641 1.3116 2.1023 1.8229 2.6382 1.9603 1.6139 2.1465 2.3731 2.1465 2.1120 2.2586 2.3667 2.1465 2.3540 2.2035 3.2309 1.8336 2.5805 2.6998 1.3556 2.6214 1.7000 2.1120 2.2991 0.0804 2.4818 2.1516 2.0024 2.5110 2.3731 2.5805 1.7031 1.9769 2.0928 2.8792 2.1120 2.5260 1.9400 2.7181 2.1566 2.5036 2.8683 1.3795 1.6224 2.4395 2.6130 2.0881 2.5036 2.4890 0.0685 2.4963 2.3925 1.3556 1.7983 1.7949 2.2700 2.2700 1.3095 0.0947 2.7274 0.0685 2.7953 3.3118 2.5885 2.3416 2.8575 0.0000 2.3795 2.2991 2.0602 2.7463 2.6382 2.5185 2.6468 2.4890 2.4464 0.6377 1.7381 0.4311 2.3231 2.6214 2.7089 2.2757 0.7504 2.5413 2.2143 1.2656 3.1704 1.3513 2.6641 2.3354 2.5725 2.2197 2.6998 1.8739 2.3667 2.6298 1.4722 2.4890 0.4375 2.3991 2.2529 2.9832 0.7327 2.5490 2.4675 2.6298 2.5966 2.1876 2.5260 0.0782 2.6048 2.7754
HPHV_Hepatitis_C_virus_genotype_4_E2_384-745_AlphaFold 2.7754 2.4327 0.3711 2.3292 2.5336 2.7181 2.4258 2.3051 2.8575 2.2643 1.9769 2.3731 2.1929 2.5490 1.7189 2.6130 2.9241 2.6641 3.2951 2.4963 3.4747 2.3731 2.5110 2.2586 2.6729 1.0918 2.3111 2.6729 2.1566 2.1023 2.3416 2.4191 2.7274 3.0859 2.2932 2.5885 1.8480 3.4747 2.3354 2.3991 2.5260 2.4327 2.5036 2.4746 2.4818 2.0881 3.1558 1.8665 0.4193 3.0724 2.1168 2.4675 2.7181 2.3860 2.8054 2.8054 2.1415 2.6382 2.5725 2.1929 2.6130 2.7089 2.3478 2.6554 2.1982 2.6641 1.8336 2.6554 2.6048 3.0995 2.9241 2.7274 2.4604 2.3925 2.3667 3.1133 2.4395 2.7853 2.4395 2.0976 2.5646 2.6298 2.7181 2.2143 1.8591 2.1982 2.7953 2.4057 1.9562 1.9280 2.3354 2.5490 2.5110 0.4351 2.5966 2.5567 2.5725 2.4604 2.3231 2.2143 2.3731 1.5998 2.2815 2.4604 1.8444 2.2874 2.7274 2.4746 1.9006 2.6818 2.9126 2.3731 0.2967 2.5490 0.3846 2.4327 2.0242 0.4343 2.2932 2.4258 1.9645 1.0143 2.5490 2.3478 2.4124 2.9241 2.7274 2.2586 2.6554 2.2643 2.8469 2.2197 2.0375 2.8683 2.5725 1.0054 2.5966 2.4258 2.4191 2.4258 2.4818 2.9473 2.3795 0.0000 2.1516 2.5885 1.7949 0.3704 1.9728 2.8902 2.4746 2.0286 2.6729 2.3860 2.6468 2.1929 3.0461 2.6998 1.8777 3.2787 2.6130 2.2417 2.6998 2.2035 2.3991 0.9650 2.4675 2.9955 2.5036 2.3925 2.3991 2.0465 2.7274 2.3731 2.1168 2.5413 2.9955 2.2932 2.4395 2.5885 0.4030 2.5567 2.6641 2.0067 2.5725 2.1120 2.4327 2.5805 0.3593
HPHV_Gecko_hepacivirus_E2_504-775_AlphaFold 2.5646 2.7181 2.2143 1.7413 2.2089 2.3731 2.2089 2.1929 2.4258 2.1982 4.3039 2.4534 2.1168 2.4818 2.2473 2.9711 2.6998 2.9126 2.5110 2.2586 2.6130 0.7393 2.2035 2.3603 2.3540 2.5567 1.9440 1.8967 2.5490 2.8054 2.3231 2.1982 2.7656 3.7119 2.1516 2.7754 2.0420 2.5885 2.5413 2.3292 2.2815 2.4818 2.8054 3.0859 2.4818 2.3478 2.5260 2.7559 2.3795 2.9711 2.9711 3.2625 2.4604 2.5567 2.3292 2.5260 2.4890 2.6907 2.7463 2.5567 2.5185 2.2035 2.5885 2.1617 2.6641 3.1704 2.3603 2.6298 2.5646 3.1558 2.4604 2.2089 2.7656 2.5036 2.9356 2.2089 2.5036 2.1876 2.5413 2.1668 2.2417 2.6998 2.3860 2.2932 2.2473 2.1876 2.2417 2.3416 2.6214 1.9854 2.1516 2.2417 2.2586 2.2035 2.7656 2.2362 2.6298 2.1415 0.9778 2.1876 2.4746 2.3731 2.3667 2.2089 2.2815 2.3111 2.5413 2.4258 2.1566 2.2874 3.5347 2.0024 2.0740 2.4818 2.2473 2.2089 2.7274 2.3171 2.2143 2.3478 1.7284 2.3292 2.2089 2.7181 2.6998 2.0286 2.7953 1.7744 2.4746 2.2700 2.5110 1.8229 2.1415 2.8902 2.4327 2.3667 2.0198 2.5805 2.3354 2.9356 2.3354 2.5725 2.2991 2.1516 0.0000 2.4534 2.4057 1.9320 2.3171 2.5413 2.2035 1.9686 3.2002 2.3292 2.3540 2.2417 2.5646 3.0205 2.3478 2.5646 2.8575 2.5490 2.1720 2.2143 2.5260 2.3667 2.3860 3.3812 2.1824 1.9603 2.2473 2.0111 2.7368 2.5805 2.4604 2.5567 1.4894 1.9896 2.5646 2.8259 2.2815 2.8683 3.0461 2.2035 2.7089 2.3231 2.1168 2.2586 2.0331
HPPV_Dremomys_pernyi_pegivirus_isolate_SC_C7-54.2_2022_E2_388-745_AlphaFold 2.7559 2.4604 2.9014 2.8683 1.1181 2.6641 2.4395 2.1824 0.9980 2.6641 2.7368 2.4604 2.4395 0.8361 2.3860 3.0332 2.6818 2.7853 1.2181 2.1617 2.4604 2.4604 0.9182 2.5567 2.2932 2.8792 2.2306 2.2306 2.8575 2.6214 0.8287 2.3416 2.1071 2.9711 0.9236 3.5347 2.5725 3.0461 2.5036 2.2529 2.4258 2.8683 3.2466 2.5336 2.6554 2.2473 2.7368 2.0465 2.6382 3.3118 2.5490 3.0205 3.1273 2.3540 2.1316 2.6907 2.5036 2.6641 2.2143 2.4963 3.0859 2.4675 0.9331 3.4944 2.3292 3.1133 2.2643 2.2252 0.9250 2.6130 3.2309 2.4746 1.1065 1.9811 1.9280 2.4675 2.0648 0.9399 2.0024 2.2874 2.3478 2.3416 2.3231 2.4818 2.2874 2.5805 1.8967 2.5567 2.1071 2.2874 2.4258 2.2757 2.2586 2.7559 2.8469 2.0375 2.5490 2.1365 2.0834 2.0024 1.9769 2.0787 2.3731 1.2016 1.9981 2.3731 3.2625 0.9075 2.3925 1.7846 3.0079 2.4057 2.6298 0.8361 2.8259 2.3231 2.4746 3.0205 2.1617 2.3111 1.6785 2.8156 2.1668 3.3459 2.6298 1.9939 2.5185 1.9161 2.2932 2.3231 1.2311 2.4746 2.3416 2.0602 2.3111 2.4534 2.0331 2.3603 2.8469 3.2154 2.5966 2.7089 2.0602 2.5885 2.4534 0.0000 2.4395 2.7656 2.6214 2.5036 2.5885 2.6214 1.9854 0.8957 2.1982 2.6298 2.6298 3.1414 2.3795 2.3171 3.5981 2.2529 2.1415 2.8054 2.0881 2.3231 2.2362 2.5260 2.8902 2.8363 0.9937 2.3731 3.6651 2.1217 2.4534 2.2417 2.3925 2.7368 2.8792 2.1415 2.7368 2.3231 3.4944 2.6382 1.0445 2.3731 2.0242 2.7181 2.5336
HPHV_Chinese_softshell_turtle_hepacivirus_E2_501-725_AlphaFold 1.8123 1.6724 1.9122 1.7983 2.5110 2.0834 1.8193 2.2362 2.4963 2.8363 1.7644 1.9161 2.3478 2.6048 1.9083 2.5567 3.6423 2.5490 2.5646 2.3860 2.4464 2.8259 2.4890 2.3925 1.8053 2.4327 1.7846 1.7778 2.8469 2.8792 2.4604 2.1566 2.5413 3.2466 2.3478 2.6729 2.1120 2.6818 2.2643 2.2757 2.0834 2.4890 2.8156 2.1876 1.8815 0.6074 2.4818 2.0834 2.0024 2.8683 2.3051 2.4604 2.6998 2.5036 2.3292 3.9761 2.2197 2.7953 2.3603 2.4818 2.3051 1.9122 2.4963 2.3354 2.3667 3.3459 2.0465 2.4675 2.1772 2.9955 2.6818 2.8683 2.1876 2.6998 2.3991 2.2417 2.6729 2.5885 2.6214 1.9939 2.6214 2.6214 1.4529 2.4604 2.3416 1.9161 1.7316 1.9201 2.1772 2.0154 2.2473 2.9711 2.0198 1.7157 2.9126 1.9280 2.8683 2.4604 2.6382 1.9686 2.6298 1.7094 2.3051 2.3731 1.9481 2.1120 3.3634 2.4675 1.9686 2.4675 2.3478 1.9360 1.8628 2.6048 2.0242 2.5885 1.6724 2.0111 2.1168 2.0648 2.0881 2.2417 2.1266 2.6382 3.1852 2.5725 2.5725 1.7031 2.2757 2.1120 2.5805 1.9521 2.2815 2.7089 2.2089 2.0510 2.6641 3.0205 2.3860 2.4124 1.7220 2.6048 2.7463 1.7949 2.4057 2.4395 0.0000 1.6724 2.4395 1.8967 1.9728 2.3731 2.5036 2.2815 2.3860 2.4191 2.9832 2.7274 2.3354 2.6130 3.2787 1.6082 2.5966 3.0332 2.6998 2.0286 1.6634 2.5413 2.0648 1.8517 2.3925 2.0242 2.5260 1.7949 1.9769 2.2417 2.2991 2.4124 3.4363 2.4604 2.0602 1.7544 2.3991 1.8480 2.4746 2.2874 2.5336 2.3925 1.9481
HPHV_Recombinant_Hepacivirus_E2_388-746_AlphaFold 2.4191 2.5110 0.3211 2.3051 2.6130 2.5336 2.5567 2.0928 2.5036 2.1876 2.2473 2.3667 2.1316 2.4057 1.6634 3.0332 3.6200 2.5966 2.5725 2.1516 2.6130 2.4327 2.7463 2.2035 2.2874 0.9510 2.8469 2.9473 2.3231 2.2089 2.6214 2.8259 2.7754 2.7368 3.0332 2.6130 1.5860 2.7953 2.4818 2.5036 2.6048 2.4746 2.3667 2.4464 2.1217 1.9811 2.3603 1.6876 0.3778 2.6729 2.0154 2.3540 2.8792 2.3860 2.7181 2.3603 2.4327 2.6382 2.3925 2.0694 2.5413 2.5805 2.6382 2.0331 2.1071 2.5885 2.5110 2.3231 2.5413 2.4057 2.6907 2.4963 2.2417 2.3731 2.5567 2.2757 2.5567 3.0995 2.5885 2.3478 2.9711 2.9711 2.1876 2.3540 2.2815 1.9240 2.3231 2.4818 2.4963 1.9686 2.4746 2.9126 2.5567 0.1262 2.9591 2.4327 2.8792 2.4191 3.0592 2.8363 2.6130 1.7284 2.7463 2.4124 2.0787 2.6907 2.4534 2.4890 2.5646 2.5567 3.3459 2.4258 0.3022 2.4057 0.2912 2.0510 2.1266 0.3976 2.4746 2.3540 1.7711 0.9223 2.4395 2.2197 2.1266 2.4890 2.6048 2.1876 2.5725 2.5336 2.8156 2.4395 2.3171 2.4395 2.4258 0.9372 2.5805 2.3292 2.5646 2.1516 2.7089 3.1133 2.6382 0.3704 1.9320 2.7656 1.6724 0.0000 1.8967 2.9832 2.5413 1.9360 2.2306 2.7181 2.7181 2.0928 2.7463 2.7463 2.0420 2.6818 2.2700 2.3795 2.5567 2.5413 2.2757 0.9169 2.4057 2.6214 2.5885 2.7089 2.7368 2.3416 2.6382 2.3416 2.4057 2.0787 2.5413 2.3051 2.7853 2.5805 0.3534 2.2197 2.1566 2.0375 3.0205 2.2643 2.5036 2.4327 0.3600
HPHV_Northern_treeshrew_hepacivirus_E2_369-627_AlphaFold 2.6130 2.3860 1.9161 1.6785 2.4258 2.4818 2.5110 1.0983 2.3540 1.1782 2.3292 2.1071 1.0263 2.3925 1.3884 2.3603 2.5490 2.6130 2.2529 2.3731 2.7559 2.2306 2.1316 0.9075 2.1929 2.0928 2.6130 2.0648 1.3157 1.2617 2.2306 1.2993 2.4963 2.9473 2.3925 2.3231 1.5943 2.4818 1.5430 2.2815 2.4464 1.1554 2.7181 1.0353 2.5110 2.3051 2.5725 1.3973 2.0375 2.4057 0.9622 1.2125 2.5567 2.5567 2.5567 2.5336 0.9427 2.4963 1.1048 0.9036 1.4041 2.5110 2.4818 0.9538 1.0069 2.2643 1.0491 2.4963 2.4534 2.5885 2.7181 2.2417 2.4057 2.4604 2.8363 1.8480 2.5490 2.3231 1.8554 1.0758 0.8214 2.5885 2.1120 1.1818 1.0384 2.0976 2.2143 2.2643 0.9317 0.7415 2.2700 2.3667 1.9981 1.8264 2.4464 2.3416 2.5490 1.9645 2.7953 1.2675 2.5725 2.0881 1.1016 2.7089 1.1835 1.3535 2.4963 2.3231 1.0293 2.3795 2.3478 2.2815 1.9006 2.3925 1.9939 2.0111 1.5750 1.9400 2.1465 2.4534 1.8628 2.2932 2.9955 1.2444 1.1889 2.8363 2.4818 2.5336 2.5646 2.1266 2.5646 2.1668 1.3556 2.7953 2.2700 2.1617 2.4124 3.0724 2.5036 1.2218 2.4818 2.3171 2.5185 1.9728 2.3171 2.6214 2.4395 1.8967 0.0000 2.8259 1.0054 0.9102 2.7853 2.2197 2.4818 1.1624 2.4818 2.9356 1.0491 2.2362 2.2991 2.1668 2.2035 1.1519 2.3860 2.1120 2.6382 2.5885 1.1907 2.0787 2.0694 1.0886 2.4327 2.2362 2.4534 2.1415 2.3731 0.9594 2.0375 2.6554 1.9686 1.2444 1.1747 0.9764 2.4124 1.0663 2.3603 2.3925 1.9686
HPHV_Rodent_hepacivirus_TA498-ATZA2013_E2_405-745_AlphaFold 0.1624 0.2803 2.6907 2.5413 2.6298 0.2656 0.1262 2.5646 2.5725 2.3991 2.0067 1.3302 2.3795 2.4675 2.5260 3.0332 2.5185 2.4675 2.6214 2.6048 3.0592 2.4124 2.5110 2.3731 2.2757 2.6729 2.6998 2.4191 2.6998 2.2991 2.4604 2.4675 2.7089 3.0859 2.8363 2.5185 2.4057 2.8575 1.9603 2.5805 0.7294 2.4327 2.6298 2.0976 0.8801 1.7611 2.3540 2.3292 2.6298 3.4747 2.6729 2.5110 3.3634 2.5336 2.2362 2.4890 2.2529 2.4604 2.2362 2.4534 2.3111 2.2991 2.4963 2.3925 2.2143 2.4604 2.0510 2.5490 2.3540 2.6554 2.6298 2.9241 2.4534 2.2700 2.3416 2.8156 2.5646 2.6130 2.7559 2.3925 2.1316 2.4675 1.6664 2.5185 2.1217 2.1824 2.0465 0.1354 2.0740 2.2143 2.5885 2.9126 2.3231 2.6214 2.8902 2.3478 2.7754 2.4057 2.2362 2.4534 2.3051 2.3795 2.3991 2.4327 2.6130 2.6729 2.8363 2.6554 2.1516 2.2529 3.2625 2.3416 2.7181 2.4675 2.2932 2.3925 2.3051 2.6298 2.5413 2.4258 1.7914 2.4464 2.5036 2.5413 2.6998 2.4395 2.6382 2.0286 2.3860 2.7181 2.3925 2.5185 2.7754 2.4746 2.6382 2.5260 2.6048 2.6382 2.2815 2.4124 0.1612 2.3478 2.6468 2.8902 2.5413 2.5036 1.8967 2.9832 2.8259 0.0000 2.2417 2.3540 2.4963 2.4327 2.5885 2.5805 2.3667 3.0724 2.5036 2.4746 2.3667 2.3354 2.4191 2.6048 2.5336 2.6048 0.1494 2.7853 2.4818 2.4604 2.3540 2.3731 2.8575 2.2874 2.6468 2.5646 2.4464 2.1668 2.9356 2.6818 2.5036 2.5567 2.3603 2.6554 2.5646 2.6214 2.5646 2.6214 2.5036
HPHV_Sifaka_hepacivirus_MT371438_E2_397-657_AlphaFold 2.2035 2.3416 3.0332 2.1824 2.6729 2.6214 2.1982 1.2444 2.4124 1.2559 2.2417 2.1071 1.2125 2.5646 1.5069 2.6298 2.8259 2.6214 2.7368 2.3731 2.6382 2.4258 2.4191 1.0902 2.2089 2.1023 2.3731 2.0375 1.5273 1.3344 2.7853 1.3054 2.9473 2.7089 2.5413 2.3478 2.0740 2.5185 1.5018 1.9122 2.1929 1.3513 2.4534 0.1506 2.3860 2.0787 2.2700 1.3906 2.9126 2.9711 1.1264 1.3014 2.7656 2.3795 2.2089 2.4675 1.1048 2.5110 1.3708 1.1231 1.3862 2.5725 2.3416 1.1485 1.1298 2.7754 1.2636 2.4963 2.3860 3.2951 2.1982 2.2197 2.9955 2.5260 2.1120 1.7000 2.3478 2.6818 2.3292 1.2125 1.0217 2.2757 2.0740 1.2330 1.2734 3.0724 2.2473 2.3111 1.3239 1.1048 2.4890 3.1852 2.4327 2.2643 3.5347 2.2643 2.2874 2.3540 2.3925 1.4770 2.8054 1.8739 1.3973 2.5036 1.4625 1.3664 2.9711 2.3991 1.2125 2.5646 3.1414 2.2700 2.4746 2.5646 2.6907 2.5260 1.7157 2.9126 2.2035 2.1982 1.4746 2.3354 2.2991 1.2695 1.2715 2.3925 2.5185 2.1516 2.4534 3.0724 2.5260 2.0881 1.7611 2.0331 2.3416 2.3292 2.2815 2.1316 2.3416 1.2482 2.0740 3.2466 2.4890 2.4746 2.2035 2.5885 1.9728 2.5413 1.0054 2.2417 0.0000 1.2501 2.9591 2.6818 2.8902 1.3556 2.4191 2.9241 1.2598 2.9241 2.5490 2.8575 2.1566 1.4086 2.3292 2.1772 2.1023 2.6130 1.2754 2.3731 2.7089 1.2349 2.5966 2.3667 2.4191 2.7181 2.3603 1.1502 2.7754 2.6298 2.2529 1.4770 1.3014 1.1641 2.6214 1.3599 2.3603 2.5490 2.6468
HPHV_Rodent_hepacivirus_CRT682COD2010_E2_390-643_AlphaFold 2.5110 2.2306 2.1415 2.1720 2.3667 2.1824 2.3111 1.3973 2.4818 1.1434 1.6969 2.2473 1.2406 2.3111 1.4819 2.7953 3.2951 2.6729 2.4890 2.1982 2.5490 2.3111 2.6998 1.0278 2.5260 2.4124 2.8575 2.4327 1.1247 1.3198 2.2306 1.5723 1.9981 2.5567 2.0740 2.5490 1.7220 2.7559 1.7125 2.2252 2.3795 1.3428 2.4746 1.3095 2.6907 2.0420 2.4191 1.3664 2.0198 2.4604 1.0143 1.3599 2.7181 2.2991 2.5805 2.7368 1.1764 2.5110 1.1979 1.0069 1.5069 2.5567 2.5036 1.2463 0.9807 2.8469 1.1624 2.0740 2.5646 2.2586 2.6382 2.6214 3.2787 2.5646 1.9981 1.7544 2.4464 2.3171 2.4327 1.2540 0.9009 2.8792 2.3111 1.4086 1.2617 2.2252 2.2197 2.3731 1.2734 1.0553 2.7656 2.6998 2.5805 1.8628 2.2035 2.2143 3.0079 2.2252 2.3354 1.3973 2.7656 2.1316 1.2675 2.3540 1.4746 1.6724 2.5336 2.4124 1.2636 2.2143 3.1273 2.3416 2.0787 2.3111 2.3795 1.8554 1.8088 2.0976 2.3231 2.3731 2.0834 2.4258 2.8259 1.2052 1.3795 2.5260 3.0332 2.5336 2.7463 2.3231 2.3731 2.6907 1.3386 2.2197 2.3051 2.4675 2.5260 2.8792 2.5725 1.3817 2.4327 3.3118 2.4464 2.0286 1.9686 2.6214 2.3731 1.9360 0.9102 2.3540 1.2501 0.0000 2.6907 3.1704 2.7463 1.3729 2.1720 2.3540 1.2501 2.8259 2.5036 2.6818 2.0024 1.4918 2.6907 2.3925 2.2586 2.4534 1.3664 2.1982 2.2932 1.2973 2.7853 2.0648 2.5336 2.4327 2.5966 1.2444 2.2306 2.9014 2.1566 1.2873 1.3795 1.2016 2.3667 1.2754 2.6048 2.7656 2.2586
HPPV_Simian_pegivirus_myb_M77_E2_209-569_AlphaFold 2.5260 2.4327 2.2700 2.7368 1.9854 2.3925 2.5567 2.1720 1.9201 2.4818 2.0928 2.3667 2.7274 2.2417 2.5185 3.9188 2.5260 2.2252 1.8053 1.2387 3.0724 2.7274 1.8628 2.8259 1.6311 2.4604 1.7479 2.0881 3.1414 2.4534 2.2306 2.2417 2.7181 2.8792 1.9006 2.6998 2.4258 2.9356 2.8902 1.6456 2.3603 2.5966 2.2932 2.5805 2.3925 2.5413 3.0332 2.4258 2.4057 3.0461 2.3860 2.8575 2.6130 0.6628 1.9240 2.9014 2.5805 2.5725 2.4675 2.5110 3.8112 3.0332 1.7983 2.5110 2.2757 2.8683 2.2197 1.2873 1.9728 2.8683 2.9356 1.3260 2.0928 0.7415 1.2675 2.6907 1.2695 1.9896 2.1668 2.4675 2.6554 1.6664 1.9854 2.3540 1.9896 2.3667 2.5567 2.4818 2.3292 2.2700 2.2252 2.7953 1.8193 2.1217 3.0205 1.3014 2.5805 1.4270 3.4363 2.5185 0.7572 2.2306 2.7853 1.9320 2.4191 2.2529 2.5805 1.7349 2.1824 1.9044 2.5413 2.3354 2.6554 2.2417 2.3795 2.0928 2.1566 2.3925 1.6253 1.5860 2.7089 2.5725 2.1720 2.5336 2.5413 0.6618 2.8683 1.8408 1.4064 1.7846 1.9686 2.7181 2.6907 1.2144 0.7987 2.9126 0.6557 2.9014 2.8575 2.7754 2.6130 2.4124 0.6377 2.6729 3.2002 1.9854 2.5036 2.2306 2.7853 2.4963 2.9591 2.6907 0.0000 1.8702 0.6939 2.3416 2.9014 2.3925 2.5036 0.2796 3.0461 2.2529 1.2520 2.9241 1.3323 2.4818 2.5110 2.6048 2.7559 2.6998 2.0024 2.8575 2.9711 1.6604 2.3051 0.7708 2.7089 2.2700 2.8575 0.3771 2.3051 2.5336 2.7853 2.3860 1.9481 2.5885 0.6507 2.7953 2.4890
HPPV_Wufeng_Blarinella_griselda_pegivirus_1_E2_353-706_AlphaFold 2.3231 2.3354 2.6907 2.5413 1.0158 2.4327 2.4191 2.3111 0.8853 2.1516 2.0928 2.5185 2.2252 0.8324 2.8792 3.0859 2.7559 2.1824 1.0710 1.8372 2.8259 2.3478 0.6731 2.2991 2.1566 2.4464 2.2362 2.1929 2.6554 2.4890 0.7847 2.3051 2.8156 2.5646 0.8866 2.7089 2.4675 2.9832 2.9014 1.9201 2.4604 3.0205 2.6298 2.4124 2.4746 2.3731 2.5966 2.3354 2.5805 2.7656 2.3478 2.4890 2.6998 1.9006 2.0834 2.5110 2.1772 2.5413 2.1023 2.2362 2.3231 2.7368 0.7218 2.3171 2.3860 3.0461 2.0286 2.1120 0.8047 2.7853 2.6729 1.9360 0.9792 1.8815 1.9939 2.6048 1.9686 0.8324 1.9400 2.5885 2.7559 2.2473 2.3171 2.0465 1.9769 2.0694 1.9360 2.5336 1.9854 2.1365 1.9006 2.8902 2.2874 2.3478 2.6818 2.1617 2.6382 1.9440 2.2306 2.4675 1.9006 2.2643 2.3354 1.2144 2.1668 2.1023 2.7463 0.0151 2.0976 1.7284 3.1852 2.1876 2.4746 0.8324 2.3416 2.2874 2.7559 2.6298 1.9320 1.9360 2.4963 2.4258 2.3540 2.7754 2.3603 1.7644 2.3416 2.2757 2.0154 2.4191 1.0278 2.4124 2.6298 1.7744 1.6846 2.4963 1.7189 2.8054 2.8469 2.7181 2.3416 2.6468 1.7381 2.3860 2.3292 0.8957 2.2815 2.7181 2.2197 2.4327 2.6818 3.1704 1.8702 0.0000 1.7511 2.1566 2.4963 3.2466 2.2700 2.0111 2.5725 2.2529 1.8815 2.5185 1.8517 2.4191 2.4963 2.7853 2.3667 2.4464 0.7294 2.1929 2.5966 1.8591 2.0154 1.8480 2.4057 2.3416 2.5646 1.6340 2.6048 2.3860 2.3991 2.4890 0.8324 2.4395 1.8702 2.6998 2.4818
HPPV_Nabpantry_virus_9_E2_208-571_AlphaFold 2.0602 2.2362 2.2197 1.8123 2.0465 2.8156 2.8469 2.2417 2.2252 2.4534 2.2529 2.1982 2.1929 2.0067 2.3991 3.1273 2.9014 2.6130 2.2143 1.2833 2.7656 1.9280 2.0024 2.4963 1.7252 2.2362 1.9896 2.0067 2.2089 2.1668 2.1516 2.1668 2.4604 2.9591 1.8336 2.5036 2.3171 2.5490 2.3478 1.3862 2.5110 2.5413 2.4464 2.5336 2.4604 2.1617 2.6641 2.3478 2.6641 2.8259 2.3731 2.3925 2.9955 0.1600 1.8591 2.6641 2.3478 2.7368 2.0787 2.6554 2.3731 2.5260 1.9562 2.3231 2.6214 2.8575 2.3540 1.2695 2.0198 2.7953 2.8683 1.3177 2.1876 0.4520 1.2052 2.7853 1.2873 1.9122 1.8815 2.1566 2.6130 1.4577 2.1365 2.1668 2.2143 2.0694 2.1617 2.3795 2.3991 1.9981 2.1023 2.7953 1.8967 2.8575 2.5490 1.2933 2.2991 1.5170 2.2815 2.5805 0.4343 2.2473 2.1668 2.0465 2.3231 2.1982 2.6818 1.8018 2.6554 1.7744 2.4124 2.1217 2.4327 2.0067 2.3478 2.2473 2.6382 2.7754 1.5094 1.5377 2.3231 2.5036 2.0787 2.6907 2.6214 0.4185 2.6130 2.1516 1.2813 1.7094 1.8264 2.1316 2.3795 1.1659 0.4618 2.3478 0.4216 2.5725 2.5336 2.7463 2.4890 2.6998 0.4311 2.6468 2.3540 2.1982 2.3860 2.7181 2.4818 2.5885 2.8902 2.7463 0.6939 1.7511 0.0000 2.2529 2.3991 2.9711 2.1365 0.7305 2.6130 2.3731 1.1606 2.2700 1.2330 2.3991 2.5036 2.8683 2.2529 2.3171 1.8665 2.1516 2.4746 1.5778 2.3731 0.2763 2.6130 2.5260 2.8259 0.7294 2.8902 2.5185 3.0332 2.4464 2.1566 2.3860 0.4327 2.3667 2.7754
HPHV_Wufeng_Typhlomys_cinereus_hepacivirus_1_E2_369-639_AlphaFold 2.3354 2.5805 2.1365 1.5325 2.5567 3.2002 2.7463 1.5778 2.1415 1.7949 2.4963 2.6729 1.5943 2.7181 1.3817 3.3812 2.8575 2.4395 2.7274 2.6818 2.5567 2.6641 2.3354 1.2993 2.3667 2.2252 2.4395 2.5885 1.5196 1.5562 2.6048 1.4270 2.6130 2.8363 2.5260 2.9014 2.0510 2.6554 1.9280 2.5185 2.5490 1.2559 2.2035 1.6785 2.5646 2.3111 2.2874 1.4109 2.1929 2.5185 1.3535 1.6054 2.5646 2.4124 2.4963 2.5966 1.5094 2.5336 1.6876 1.2349 1.6369 2.5567 2.3991 1.2387 1.3302 2.6048 1.4340 2.4534 2.3051 2.7559 2.5567 2.2991 2.6298 2.2529 2.5336 2.0834 2.7181 2.4890 2.1720 1.6224 1.5535 2.4327 2.1168 1.0128 1.4201 2.5490 2.1168 2.4604 1.3344 1.2237 2.2643 2.7274 2.4395 2.1168 2.5966 2.6641 2.6998 2.2586 2.6907 1.7479 2.4675 2.2197 1.4293 2.2815 1.1048 1.3428 2.6048 2.1720 1.4697 2.2473 2.4890 2.2143 2.1720 2.7181 2.1720 2.5966 1.8480 2.2991 2.6641 2.2991 2.1415 2.1566 2.7656 1.7000 1.5094 2.3354 3.0079 2.4818 2.5567 2.5036 2.1516 2.1617 1.7611 3.0332 2.3354 2.1465 2.2815 2.8259 2.6907 1.6846 2.2473 2.5260 2.3231 2.1929 2.2417 2.6298 2.4191 2.0928 1.1624 2.5805 1.3556 1.3729 2.3416 2.1566 2.2529 0.0000 3.0859 2.5885 1.5145 2.7463 2.8792 2.2197 2.2700 1.9044 2.5885 2.2252 2.5413 2.5110 1.5247 2.2252 2.2362 1.5535 2.5336 2.2815 2.6130 2.2035 2.7953 1.2636 2.6818 2.0928 2.1168 1.5299 1.7220 1.4869 2.3171 1.6907 2.2991 2.5885 2.1720
PLPV_Bat_pestivirus_BtSk-PestV-1GX2017_E2_724-948_AlphaFold 2.4191 2.1266 2.9241 2.3171 2.2991 2.4464 2.1566 2.7463 2.6468 2.5885 2.2143 2.7089 2.8156 2.7274 2.3111 2.1316 1.9400 2.3795 2.1465 2.5036 1.7446 2.9832 2.4675 2.7368 2.8792 2.6818 2.2306 2.4395 3.0205 2.5413 3.2309 2.6214 1.8193 2.0286 2.4191 1.6846 2.8469 1.9521 2.1516 2.6130 2.5725 2.9014 2.4746 1.9811 2.6468 2.5805 0.2458 2.8792 2.3354 2.0420 2.3925 2.5490 1.7479 2.5110 2.5413 1.7846 2.3478 1.7846 2.3925 2.3925 3.2002 2.5185 2.1929 2.0694 2.2700 2.0331 2.1929 2.2089 2.4395 2.5036 0.6497 2.8792 3.1852 2.7656 2.7274 3.3993 3.1273 2.5110 2.8156 2.7953 2.5885 3.3812 2.1023 2.6298 2.0286 2.2586 2.4604 2.2874 2.1415 2.2197 2.6641 1.8480 2.9473 2.9014 1.9521 2.6382 1.7914 2.3991 2.8156 2.2643 3.1414 2.6382 2.6298 2.4327 2.7754 2.5490 1.8444 2.3667 2.1720 2.9356 2.2306 2.4534 2.8683 2.7274 2.6907 2.9473 2.5036 2.8259 2.6214 2.7754 1.2218 2.9832 3.4177 2.5567 3.0205 3.2787 2.0740 2.4464 3.1852 2.5185 2.5185 2.6130 2.4464 3.6200 3.2625 2.7853 2.5885 1.7381 1.7252 2.4890 2.2035 1.5377 2.6214 3.0461 2.5646 2.6298 2.9832 2.7463 2.4818 2.3667 2.4191 2.1720 2.9014 2.4963 2.3991 3.0859 0.0000 2.3667 2.6214 2.9356 1.9481 2.4464 2.5110 2.7953 2.6729 2.7559 2.2143 1.8372 2.6382 3.8373 3.1414 2.8792 1.8408 2.4258 2.2089 2.9126 2.2932 2.3111 1.7949 2.6214 3.2466 2.2252 2.6468 2.3416 2.9591 2.4057 3.2154 1.8336 2.5336
PLPV_Dongyang_pangolin_virus_isolate_DYCS_E2_679-1040_AlphaFold 3.2309 3.3459 2.6818 2.2143 3.1273 3.5766 2.9955 2.7656 3.0461 2.5805 2.7853 2.4534 2.6998 2.9473 2.7559 0.5142 1.4064 2.7368 3.5766 2.4604 1.6196 3.2787 3.0724 2.8259 3.4747 2.8259 2.3111 2.6214 2.6554 2.2643 3.3634 2.5185 0.3869 1.5915 2.6907 1.0934 2.7181 1.1349 2.6130 2.8575 3.2951 2.8156 1.1961 2.6998 2.7754 2.7853 2.2815 2.6641 2.5567 0.3064 2.9473 2.7953 0.7685 2.8792 2.9473 1.1298 2.5490 1.3513 2.4818 2.5490 2.5260 3.2002 2.9126 2.7368 2.8575 1.2656 2.5413 3.0724 2.8156 1.4673 1.8408 2.8469 3.3459 3.0859 2.9126 3.0079 2.2991 3.3287 2.6998 2.4963 3.1273 3.0332 2.3925 2.6729 2.4258 2.4746 2.6907 2.9473 2.4963 3.0724 2.4124 1.3323 2.6214 2.8363 0.4743 3.3118 1.1764 2.5413 2.6382 3.5347 3.2309 2.2757 2.9832 2.7559 2.4604 2.6048 1.3599 2.6641 2.5805 3.1558 0.3741 3.0205 2.3478 2.9473 2.8683 2.6298 2.3171 2.6818 3.1133 2.6554 1.9728 3.3287 3.0332 2.8683 2.8054 2.4258 1.2973 2.8792 2.5036 2.7656 2.9711 2.8902 2.8469 2.7274 2.6729 2.8259 2.5110 1.2125 1.4293 2.5413 3.0079 1.6026 2.7089 2.6998 3.0205 3.1414 2.7274 2.7463 2.9356 3.0724 2.9241 2.3540 2.3925 3.2466 2.9711 2.5885 2.3667 0.0000 2.6998 3.1273 1.2501 2.2362 2.5725 2.5646 2.5805 2.7853 2.9473 0.4045 2.9591 2.3051 3.2154 2.7656 1.4625 2.8363 3.0332 3.1704 2.5336 2.4675 1.1332 2.7953 2.4746 2.6468 2.5413 2.5413 3.8911 2.6554 2.6298 1.3054 2.8156
HPHV_Rodent_hepacivirus_E2_355-633_AlphaFold 2.1217 2.5725 2.1982 1.7381 2.4124 2.4963 2.7089 1.3664 2.8156 0.5661 2.5110 2.1465 0.7045 2.5260 1.3642 2.3731 2.4464 2.1316 2.3540 2.3416 2.6048 2.6729 2.4124 1.1365 2.1516 2.2417 2.1668 2.2991 0.8724 0.7218 2.3111 1.4697 2.5413 2.4395 2.2252 2.4534 1.7316 2.3603 1.6311 2.6818 2.1566 1.2734 2.6818 1.2973 2.5646 2.3354 2.8363 1.3664 1.9769 2.6818 1.2070 0.4885 2.5336 2.5725 2.6130 2.5885 1.1065 2.0286 0.7404 1.2052 0.8814 2.2991 2.3731 1.0742 1.1747 2.4057 1.0338 2.2757 2.3991 2.5805 2.4191 2.0465 2.1023 2.5185 2.3111 2.1465 2.5413 2.2143 1.9728 0.6679 1.0647 2.6641 2.1415 1.3795 1.1485 1.9044 2.4191 2.3111 1.0838 1.1298 2.1071 2.2991 2.3354 2.0286 3.1558 1.9481 2.5490 2.0198 2.3416 1.6846 2.2089 1.9521 1.3996 2.2991 1.2598 1.3729 2.8792 2.1415 1.0600 2.5036 2.7463 2.4534 1.9280 2.5260 1.8853 2.2035 1.6724 2.2362 2.7181 2.1168 1.7349 2.2757 2.4327 0.5425 0.5336 2.4258 2.3478 1.8891 2.1720 2.0242 2.3416 2.2197 1.9083 2.4258 2.5646 2.1071 2.4258 2.5110 2.4395 0.5615 2.5646 2.9241 2.2757 1.8777 2.3478 2.3795 2.3354 2.0420 1.0491 2.5036 1.2598 1.2501 2.5036 2.2700 2.1365 1.5145 2.6214 2.6998 0.0000 2.3795 2.3231 2.5490 2.2991 0.6456 3.0079 2.4258 2.1071 2.7559 0.6762 2.0024 2.5185 0.6929 2.3667 2.4124 2.1023 2.1465 2.8363 1.0838 2.3111 2.5260 2.1365 1.4746 0.5615 1.2501 2.5567 0.7674 2.4191 2.5966 2.1982
HPPV_Simian_pegivirus_SPgVkrc_RC08_E2_209-569_AlphaFold 2.5885 3.1414 2.8363 2.2700 2.0694 2.8575 2.4124 2.2252 2.2473 2.3354 2.1720 2.3292 2.7089 1.9240 2.4818 2.8792 3.1273 2.6729 2.1168 1.2387 2.4604 2.3925 2.1465 3.1414 1.6139 2.6554 1.9240 2.0556 2.7656 2.4963 1.9981 2.9356 2.7181 3.0461 2.1415 2.9241 2.7368 2.7181 2.3795 1.5832 2.4818 2.6382 2.6214 2.8469 2.4057 2.3231 2.9356 2.8683 2.7181 3.1273 2.9711 2.6468 3.3812 0.6929 2.0331 2.7656 2.3795 2.6048 2.9014 2.7656 2.9711 3.2002 1.9360 2.5413 2.7656 3.1558 2.4818 1.3642 2.1266 2.8575 3.1558 1.2695 2.3925 0.7449 1.2715 3.9472 1.2052 2.0375 2.2197 2.5413 2.5805 1.9562 2.0787 2.2932 2.6382 2.0465 2.4963 2.4327 2.7274 2.7853 2.4124 2.9126 1.7711 2.5966 3.0205 1.3323 2.6048 1.4746 2.5413 2.3731 0.7437 2.4963 2.7953 2.0465 2.5260 2.6818 3.2787 1.9645 2.5966 1.7094 2.6468 2.6998 2.8259 1.9240 2.6214 2.6214 2.2143 2.5646 1.5943 1.8628 2.6641 2.7181 2.2529 2.5966 2.6468 0.7583 2.8902 2.2586 1.4086 1.8123 2.0286 2.3540 2.6554 1.2444 0.8509 3.2787 0.7471 2.6298 2.8902 2.6382 2.5567 2.9473 0.7504 3.2787 2.5646 2.3171 2.6130 2.6818 2.2362 2.4746 2.9241 2.8259 0.2796 2.0111 0.7305 2.7463 2.9356 3.1273 2.3795 0.0000 2.9955 2.6641 1.3751 2.9356 1.2913 2.3111 2.5260 2.4534 2.6298 2.9126 1.9440 2.8792 2.7853 1.5832 2.2473 0.7617 2.5185 2.4534 3.0592 0.4877 2.6818 2.5885 2.7463 2.8054 2.4818 2.9711 0.7449 2.5490 2.6554
PLPV_Pestivirus_giraffe-1_H138_E2_689-1061_AlphaFold 2.9832 2.6998 3.5144 1.6427 3.0995 3.2466 2.6130 2.5413 2.5885 2.2874 2.4890 2.7089 2.3925 2.8054 2.4746 1.4340 0.5697 2.9473 2.3540 2.8363 2.0375 2.9241 3.0461 2.6998 3.0859 2.8575 2.5966 2.5185 2.2143 2.2586 2.8902 2.8363 1.2107 1.7094 2.7853 0.5651 2.5725 0.2170 3.1852 2.4746 3.2154 3.2625 0.8698 2.5490 2.5490 2.9955 2.0648 2.1465 2.9014 1.3686 2.7754 2.5490 1.2734 2.8683 2.8902 0.9721 2.3478 1.0491 2.2815 2.5260 2.5260 2.9591 2.6048 2.0556 2.5646 0.5380 2.0510 2.6818 2.9711 1.3840 2.2757 2.5966 3.0592 2.6048 2.6130 2.9591 2.9955 2.6818 2.9241 2.6214 2.5260 2.9591 2.8259 2.4746 2.3231 2.4604 2.9591 2.5725 2.1720 2.6214 2.7089 0.6772 2.9241 2.6998 1.3556 2.5336 0.5790 2.3731 2.7368 2.5725 2.6130 2.6554 2.7559 3.0332 2.2035 2.5413 0.9524 2.5413 2.1071 3.0724 1.2774 1.9728 2.7953 2.8054 2.7853 2.8469 2.8259 2.6641 3.1273 2.3231 1.5430 2.7463 2.3292 2.1876 2.4818 2.2874 0.5931 2.9591 2.7559 2.5646 2.7463 2.3925 3.2466 2.9955 2.5885 2.4818 2.4746 0.5903 0.6950 2.4258 2.6818 1.6253 2.5413 2.6130 2.8575 3.5981 3.2787 2.2700 2.2991 2.3667 2.5490 2.5036 3.0461 2.5725 2.6130 2.8792 1.9481 1.2501 2.3231 2.9955 0.0000 2.1772 2.5725 2.4124 2.4963 2.4890 2.5725 1.1997 2.1929 2.2700 2.5885 2.2932 0.6426 2.4534 2.3667 3.2309 2.7853 2.3925 1.0247 2.6130 3.5766 2.7274 2.3731 2.4464 2.7754 2.3991 2.5646 0.6074 2.9014
HPHV_White_sucker_hepacivirus_E2_670-820_AlphaFold 2.4327 2.5110 2.5725 1.5970 2.8156 3.0995 2.4057 2.7559 2.5646 2.4327 1.7316 2.2932 2.0331 2.8156 1.9440 2.3111 2.0976 1.4481 2.2815 2.2643 3.3634 2.4258 2.0881 2.6382 2.7089 2.7274 1.4918 1.9006 2.1982 2.4746 2.7089 2.2815 2.4604 2.6382 2.3354 2.1668 2.0111 2.4534 2.3231 2.5885 2.6818 1.7711 2.4057 2.6729 2.0740 1.7677 3.0724 1.8665 2.7656 2.4124 2.7368 2.4746 2.4464 2.3731 2.5567 2.0465 2.1316 2.2700 2.2643 2.4258 2.3051 1.7446 2.3731 2.0067 2.3860 2.2932 2.0111 2.6214 2.4124 2.4327 2.4746 1.9521 2.1772 2.1217 2.0834 3.0592 1.9440 2.2473 2.1168 2.1465 1.8665 2.0465 1.3642 2.5185 1.9122 1.3599 1.5377 2.2252 2.0111 2.0198 1.9769 2.8683 2.3540 2.3795 2.4675 2.4746 2.3292 2.1266 2.3731 1.8300 2.4124 2.3231 2.1617 2.3603 2.0976 2.1929 2.1982 2.1876 1.8967 2.0834 2.1720 1.7744 2.2815 2.8156 2.7953 1.6196 1.8891 2.6468 1.9811 2.1120 2.4258 3.1558 1.8264 2.3416 2.3416 2.0510 1.9645 1.4722 2.0510 2.1071 2.8259 1.9686 2.3416 2.3354 1.9201 2.5336 2.0510 2.1516 2.1929 2.4258 2.3292 2.2991 2.2143 2.2417 2.5490 2.2529 1.6082 2.3795 2.1668 2.3354 2.8575 2.6818 2.2529 2.2529 2.3731 2.2197 2.4464 2.2362 2.5490 2.6641 2.1772 0.0000 2.1266 2.3603 2.2362 2.3603 2.4890 2.1266 2.2991 2.0420 1.8123 2.3731 2.5885 2.2473 1.9939 1.9562 3.0332 1.9896 2.1982 2.0375 2.5646 2.6818 2.7089 1.9769 2.7368 2.1876 2.3354 2.1071 2.4818
HPPV_Bat_pegivirus_PDB-737B_E2_247-610_AlphaFold 2.4604 2.4534 2.3795 2.4675 2.0242 2.4191 2.3051 2.1824 1.9481 2.9473 2.5885 1.9939 2.2643 2.1168 2.1720 2.6554 2.4675 2.6729 2.0787 0.8879 2.6729 2.5567 2.0556 2.8469 1.7611 2.5110 2.4746 1.8408 2.3478 2.3795 2.1071 2.4464 2.7089 2.7656 1.9400 2.6298 2.2815 2.3540 2.4057 1.4722 2.2089 2.5185 2.9473 2.4746 2.5805 2.2932 2.4746 2.0976 2.3292 2.7754 2.3991 2.5646 2.6214 1.1298 1.6938 3.0079 2.3603 2.3540 2.4604 2.2586 2.2815 2.6048 2.1071 2.3171 2.4327 2.5110 2.2306 0.8892 1.8444 2.8683 2.4327 0.8522 2.0928 1.2873 0.5318 2.6298 0.6897 2.0881 1.9728 2.4604 2.3795 1.5535 1.8815 3.0205 2.6048 2.1617 2.1982 2.2306 2.2306 2.2035 2.2362 2.4746 1.7479 2.5966 2.7181 1.4869 2.5413 1.6938 2.0740 2.3051 1.2734 2.0602 2.4057 2.0024 2.0198 2.1217 3.0079 1.8372 2.2815 1.7220 2.6729 2.5036 2.3860 2.1168 2.6048 2.3171 1.9981 2.5646 1.5145 1.7189 2.2473 2.4191 1.9083 2.3416 2.6554 1.2540 2.6382 2.1465 1.6026 1.5430 1.9686 2.2815 2.2874 0.7218 1.4553 2.3925 1.2482 2.5185 2.4746 2.4124 2.3731 2.6641 1.2656 2.6998 2.1720 2.1415 2.5966 2.5567 2.2035 2.4191 2.1566 2.0024 1.2520 1.8815 1.1606 2.2700 2.5110 2.5725 2.2991 1.3751 2.5725 2.1266 0.0000 2.5646 1.4132 2.4746 2.1668 2.6729 2.1516 1.9981 2.0420 2.4258 2.4818 1.6515 2.7953 1.1231 2.3111 2.3354 2.5805 1.3513 2.6298 2.3991 2.4963 2.8469 2.2197 2.3603 1.2520 2.3860 2.4890
HPHV_Rodent_hepacvirus_RtMc-HCVTibet2014_E2_332-607_AlphaFold 2.2089 2.7181 2.6641 2.1168 2.7274 2.5260 2.5885 1.4529 2.7089 0.5353 2.0556 2.3478 0.8094 2.3354 1.7094 2.6554 2.7181 2.1929 2.6298 2.4395 2.2529 2.8259 2.8683 1.4041 2.0740 2.7089 1.9044 2.4818 0.9807 0.6618 2.7754 1.7220 2.3354 2.6048 2.4746 2.5646 2.1415 2.6048 1.6139 2.4395 2.9832 1.3751 2.5567 1.2617 2.5885 3.0079 3.0461 1.6369 2.5185 2.7559 1.4844 0.4759 2.4464 2.6382 2.6907 2.1120 1.1659 2.1566 0.7999 1.5247 0.9115 2.6907 2.5805 1.1961 1.4722 2.4534 1.0951 2.4124 2.7181 2.5490 2.9473 2.1668 2.5036 2.5646 2.4124 2.3171 2.5413 2.5490 2.0067 0.7858 1.1907 2.1365 1.9481 1.5044 1.1281 1.9481 2.0881 2.4963 1.0647 1.2695 2.0556 2.4191 2.5646 2.5185 2.4057 2.2586 2.5260 2.2362 2.5336 1.5998 2.4258 2.3478 1.4109 2.5110 1.4673 1.6545 2.3292 2.7754 1.0774 2.6214 2.6130 2.1982 2.2252 2.3354 2.7463 2.3354 1.8053 2.4604 2.5966 1.9686 1.6456 2.4890 1.9939 0.4743 0.4835 2.3795 2.4675 2.5110 2.3795 2.2089 2.4604 2.2417 1.9811 3.0332 2.5185 2.5260 2.5185 2.5110 2.5725 0.4851 2.6641 3.0592 3.1704 2.2035 2.2143 2.8054 3.0332 2.5413 1.1519 2.6048 1.4086 1.4918 2.9241 2.5185 2.2700 1.9044 2.7953 2.5646 0.6456 2.9356 2.4124 2.3603 2.5646 0.0000 2.6130 2.5185 2.5036 2.4746 0.7685 2.3540 2.4395 0.7549 2.8902 2.3603 2.4124 2.7853 2.2197 1.0308 2.6729 2.5110 2.3111 1.4869 0.4851 1.3344 2.5885 0.8154 2.5805 2.1929 2.2473
HPPV_Pegivirus_I_E2_213-556_AlphaFold 2.2586 2.2757 2.5805 1.8665 2.0976 2.3667 2.7559 2.1617 2.0928 2.3925 2.5336 2.0556 2.2991 2.0111 2.3795 2.9591 2.6554 2.4057 2.2757 1.4293 2.8469 2.5646 1.8967 2.7754 1.7094 2.5185 2.0787 2.6214 2.2874 2.3860 2.2252 2.5260 2.5966 2.3416 1.9603 2.6382 2.6998 2.5413 2.7754 1.4746 2.1772 3.4363 2.7368 2.5646 2.4604 2.6048 2.5805 2.4675 2.4395 2.6554 2.6382 2.4675 2.8363 1.3795 1.8193 2.5490 2.2252 2.6554 2.5646 2.6641 2.6468 2.6641 1.9769 2.0154 2.4464 2.5646 2.0881 1.5196 2.1617 3.0332 2.2874 1.6282 2.0242 1.3862 1.4697 2.8469 1.5377 1.8480 2.1415 2.3292 2.3795 1.5120 2.3731 2.8902 2.2417 2.3731 2.8902 2.5413 2.1120 2.4818 2.4464 2.1929 1.9122 2.6214 2.4746 1.2559 2.4963 1.3795 2.7089 2.8469 1.3239 2.3540 3.0332 2.1120 2.3925 2.3603 2.7181 1.9006 2.0111 1.7062 2.8575 2.1668 2.4464 2.0111 2.6048 2.4191 2.0067 2.7754 1.4363 1.4770 2.6907 2.4124 2.2757 2.2473 2.2473 1.2559 2.5725 2.1617 1.3281 1.7094 2.1465 2.5413 2.8683 1.5860 1.4844 2.4675 1.2656 2.9591 2.5185 2.4395 2.3603 3.0995 1.3513 2.3991 2.5260 2.0881 2.6998 2.2757 2.3860 2.5336 2.3292 2.6907 1.3323 1.8517 1.2330 2.5885 2.6729 2.5805 3.0079 1.2913 2.4963 2.2362 1.4132 2.6130 0.0000 2.5490 2.2252 2.8054 2.4890 2.6048 2.0154 2.3991 2.7368 1.8193 2.5725 1.4481 2.7754 2.0740 2.6382 1.2463 2.7656 2.3925 2.3991 2.3925 2.7656 2.1465 1.2444 2.5413 2.6818
HPHV_Non-primate_hepacivirus_strain_CU_isolate_III_E2_408-727_AlphaFold 2.8156 2.5413 1.1032 1.9161 2.6468 2.5725 2.6298 2.2815 2.2417 2.3795 2.2035 2.2417 1.9896 2.2252 1.8480 2.8054 2.0740 2.3171 2.5725 2.4534 2.2700 2.2932 2.1982 2.3051 2.3111 0.0652 2.1876 2.5110 2.2529 2.2362 2.5413 2.3860 2.9473 2.9591 2.3051 2.4258 1.5915 2.5260 3.0461 2.5110 2.7089 2.5413 3.2002 2.7089 2.3540 2.1316 2.5336 1.6398 1.0647 2.5725 1.9981 2.3051 2.5413 2.1316 2.4124 2.5646 2.2757 2.3925 2.5260 2.0286 2.0111 2.6641 2.1929 2.2643 1.9686 2.5646 2.1566 2.4395 2.4675 2.8575 2.9711 2.4464 2.6048 2.6468 2.6641 2.1982 2.6298 2.4464 2.2815 2.4191 2.1266 2.5413 2.3416 2.3540 1.9645 2.1365 2.6554 2.2815 2.1982 2.0556 2.1217 2.7853 2.4191 0.9966 3.1558 2.5490 2.7274 2.3540 2.9473 2.0834 2.5490 1.4673 2.3860 2.6729 1.9981 2.1982 2.7181 2.4395 1.9161 2.2143 2.6468 2.3731 1.0507 2.2252 0.9980 2.2757 2.5185 1.1048 2.7463 2.9711 1.7949 0.0782 2.7853 2.2417 2.2643 2.5885 2.1876 2.5336 2.6907 2.2932 2.8259 2.3795 2.5805 2.6998 2.3292 0.0859 2.6554 2.5966 2.2643 2.4534 2.7274 3.1133 2.6641 0.9650 2.3667 2.3231 2.0286 0.9169 2.1120 2.6048 2.1772 2.3925 2.4818 2.4191 2.3991 2.2252 2.7559 2.7853 2.4258 2.3111 2.4890 2.3603 2.4746 2.5185 2.5490 0.0000 2.3667 2.6468 2.8054 2.6130 2.4464 2.4818 2.9126 2.5336 2.3354 2.3925 5.0809 2.1929 2.4604 2.6641 1.0461 2.5110 2.3416 2.0834 2.1668 1.9360 2.5966 2.8469 1.0647
HPHV_Rodent_hepacivirus_TA100-ATZA2013_E2_369-696_AlphaFold 0.1182 0.2749 2.7368 2.8575 2.5725 0.2642 0.1354 2.5885 2.8156 2.2362 1.8967 1.2444 2.8054 2.4124 2.3231 2.7656 2.5490 2.3667 2.7089 2.4818 2.7089 2.1929 2.4395 2.4124 2.0694 2.2932 2.3416 2.2529 2.5885 2.2932 2.5567 2.3416 2.8363 2.2874 2.4464 2.7089 2.4124 2.8363 2.0740 2.7463 0.7460 2.1415 3.0332 2.2417 0.8422 1.7914 2.3111 2.3292 2.5646 3.0995 2.4746 2.3416 2.8792 2.3354 2.4057 3.4747 2.7754 2.5110 2.3540 2.3540 2.4963 2.5567 2.5110 2.3540 2.4464 2.4675 2.3991 2.2700 2.3860 2.7368 2.3416 2.5260 2.4746 2.8156 2.4464 2.6130 2.3354 2.5567 2.1982 2.2932 2.3292 2.5336 1.6846 2.6214 2.2035 2.2306 1.9769 0.1541 2.2932 2.5336 2.3795 2.7089 2.1465 2.4464 3.1273 2.5413 2.2035 2.6130 1.9896 2.4395 2.4534 2.1415 2.3171 2.4395 2.7368 2.7089 2.9955 2.4395 2.1876 2.2991 2.9356 2.3925 2.6641 2.4124 2.4057 2.3540 2.4327 2.3860 2.5885 2.3991 1.6167 2.5185 2.5646 2.3795 2.5185 2.3860 2.5885 1.9360 2.5336 2.3171 2.1824 2.0881 2.4534 2.2815 2.7559 2.3731 2.4258 2.7656 2.0602 2.1365 0.1756 2.5805 2.3354 2.4675 2.3860 2.2362 1.6634 2.4057 2.6382 0.1494 2.1023 2.2586 2.5110 2.4963 2.5036 2.5413 2.2143 2.9473 2.1071 2.5260 2.5725 2.4890 2.1668 2.5036 2.2252 2.3667 0.0000 2.9241 2.3603 2.8792 2.3731 2.3231 2.4327 2.2815 2.3795 2.4604 2.2143 2.5110 2.4534 2.6130 2.6641 2.6554 2.2815 2.6907 2.8683 2.5036 2.5260 2.4818 3.2466
PLPV_Pangolin_pestivirus_strain_PPeVBIME1P019Tpangolin2018_E2_681-1046_AlphaFold 2.9126 2.5336 2.8259 2.1876 2.2529 3.3459 2.8469 2.8902 3.2951 2.2757 2.4890 2.4191 2.5336 2.5725 2.6382 0.3884 1.1231 2.6298 2.4327 2.5725 1.5750 3.0332 2.5413 2.9473 2.5260 2.5490 2.5185 2.6818 2.4818 2.5336 2.5336 2.3231 0.3296 1.4505 2.4057 1.0399 2.7181 1.0338 2.3603 2.0740 2.6130 3.0995 1.0710 2.3111 3.0995 2.9832 2.1316 2.7656 3.0461 0.2857 3.0079 2.3731 0.6803 2.9711 2.7559 0.9980 2.3111 1.0461 2.4057 2.9014 2.5260 2.5885 2.5036 2.3925 2.8054 1.1181 2.6130 2.7559 2.7754 1.2953 1.7812 2.2757 2.6048 2.5966 2.6130 2.7853 2.7953 2.3731 2.9014 2.4327 2.9241 2.8054 2.5567 2.5805 2.2874 2.1465 2.2252 2.9356 2.5413 2.6130 2.3354 1.1943 2.7559 2.6818 0.3719 2.8363 1.1048 2.2643 3.0205 2.8469 2.5646 2.5646 2.2143 2.8575 2.4604 2.4258 1.1231 2.6468 2.5567 2.6998 0.4280 2.6907 3.3459 2.5725 2.8363 2.1982 2.5725 2.7368 2.6298 2.4124 1.2034 2.7181 2.7754 2.5413 2.3991 2.6554 1.1131 2.4818 2.7181 2.4746 2.8902 2.2700 2.9126 2.5966 2.5336 2.6729 2.7656 1.1589 1.1298 2.4818 3.4553 1.4041 2.5725 2.9955 3.3812 2.5260 2.5413 2.6214 2.5885 2.7853 2.6130 2.4534 2.6048 2.7853 2.8683 2.5110 1.8372 0.4045 2.7559 2.4534 1.1997 2.1266 2.6729 2.4746 2.8054 2.6468 2.9241 0.0000 2.6554 3.0859 2.6298 2.6048 1.1264 2.5646 2.7181 2.5036 2.4057 2.2306 1.0414 2.6554 3.1273 2.4258 2.4191 2.5885 2.5567 2.4818 2.7368 1.1164 3.0461
HPHV_Bamboo_rat_hepacivirus_OM451124_E2_367-619_AlphaFold 2.0928 2.4191 2.9014 2.4464 2.1365 2.4191 2.4746 1.2016 2.4746 0.6731 2.0834 2.1876 0.1047 2.6130 1.6224 2.5490 2.4464 2.1876 2.5185 2.3540 2.5646 2.6298 2.4258 1.1606 2.3292 2.5110 2.0834 2.3111 0.8226 0.8648 2.6382 1.4481 2.7368 2.5336 2.4604 2.5805 2.0375 2.6554 1.5299 2.1316 2.3925 1.3428 2.9241 1.3386 2.1415 2.0881 2.3925 1.4918 2.4963 2.6130 1.1729 0.7035 3.0332 2.2700 2.5185 2.4258 1.1032 2.2586 0.7174 1.2255 0.8788 2.3731 2.5725 1.0726 1.1676 2.5966 0.9864 2.6214 2.1929 3.4747 2.4124 2.0928 2.1824 2.4746 2.3667 1.9044 2.8902 2.3731 2.2197 0.0620 1.1081 2.2529 1.8702 1.3365 1.0353 2.0286 2.0111 2.4604 0.9580 1.0679 2.4604 2.5646 2.5885 2.3795 3.0079 2.1071 2.6298 2.1465 2.5036 1.7413 2.3478 1.7220 1.4722 2.3540 1.3795 1.3578 2.9356 2.1876 0.9864 2.3991 2.9955 2.6554 2.1566 2.6130 2.1982 2.4327 1.6486 2.2197 2.3478 1.9280 1.4041 2.7463 2.3416 0.7013 0.7261 2.2586 2.4464 1.8777 2.2991 2.3416 2.4395 1.9562 1.8053 2.2932 2.3231 2.5885 2.2700 2.2932 2.4124 0.7045 2.3731 2.6298 2.2197 2.5036 2.1824 2.8902 2.0648 2.5885 1.1907 2.4818 1.2754 1.3664 2.7559 2.3667 2.2529 1.5247 2.6382 2.9591 0.6762 2.6298 2.1929 2.2991 2.1516 0.7685 2.4890 2.8054 2.3603 2.6554 0.0000 2.2757 2.2197 0.0535 2.4675 2.4057 2.1217 2.5885 2.4675 1.1197 2.4604 2.4818 2.3731 1.4722 0.7013 1.2425 2.6298 0.7583 2.3111 2.1465 2.5413
HPHV_Duck_hepacivirus_HCL-1_E2_483-754_AlphaFold 2.9014 2.6998 2.4818 1.5018 2.3667 2.4327 2.5490 1.9603 2.3478 1.9044 2.3111 2.3667 2.0602 2.4534 2.2473 2.8259 2.6214 2.2815 2.5260 2.5725 2.6641 1.8628 2.5413 2.1668 2.1365 2.5036 1.6369 1.9122 2.2197 2.0976 2.6641 2.5185 3.4944 2.8575 2.5966 2.9014 2.0286 2.3231 2.5966 2.2143 3.1133 2.4124 3.2625 2.2932 2.6298 2.1365 3.0079 2.3051 2.5805 2.7181 2.2362 2.2035 2.9126 2.5185 2.4395 2.9711 2.1217 2.9241 2.3231 2.3603 1.8777 1.8336 2.6214 1.9645 2.4464 3.4944 2.1120 2.3925 2.6907 2.8054 2.8902 2.2035 2.2417 2.3795 2.0420 2.9711 2.3603 2.4395 2.2362 1.9981 2.0834 2.1168 2.0602 2.2035 1.8193 1.7846 2.0465 2.9014 1.8300 2.0286 1.5094 2.6907 2.2035 2.7656 2.9241 2.1217 2.9591 2.1516 2.2874 2.3416 2.6130 2.3231 2.1824 3.0592 1.9044 2.4746 2.4258 2.5036 1.7220 2.3051 3.0724 1.9044 2.6554 2.4534 2.2417 2.5490 1.9440 2.6048 2.1465 2.0420 2.2700 2.4963 2.1720 2.1217 2.2089 2.5110 2.7463 2.5413 2.3991 2.2586 2.3354 1.3973 2.5490 2.2252 2.2362 2.4818 2.4818 2.7181 3.0332 2.1465 2.4890 3.6883 2.6998 2.3925 1.9603 2.8363 1.8517 2.7089 2.0787 2.4604 2.3731 2.1982 2.6998 2.4464 2.3171 2.2252 3.8373 2.3051 2.0024 2.9126 2.2700 2.0420 1.9981 2.3540 2.6048 2.6130 2.8792 3.0859 2.2757 0.0000 2.2529 2.0111 2.1876 1.9562 2.0465 2.3795 1.9201 1.9521 2.3354 2.3478 2.4963 2.2529 2.2143 2.4534 2.2932 1.9400 2.7368 2.7559 2.6382
HPPV_Phaiomys_leucurus_pegivirus_E2_436-802_AlphaFold 2.3171 2.2306 2.7754 2.0787 0.9566 2.2362 2.3051 2.4327 0.6950 2.7181 2.1120 2.2757 2.6130 0.6132 2.3051 2.9832 2.6468 2.5260 1.1114 1.9481 2.5036 2.1824 0.6308 2.4890 2.3292 2.6298 2.4327 2.0556 2.1217 2.2035 0.5959 2.7368 3.0332 2.9126 0.7110 2.6907 2.5185 2.8575 2.4057 1.8554 2.0740 2.3231 2.9591 2.5036 2.2643 2.4746 3.0859 2.4057 2.4890 3.0859 2.3603 2.7754 2.8054 1.8018 2.1929 2.5036 2.4890 2.6468 2.1772 2.3860 2.7953 2.4890 0.5082 2.1929 2.1516 2.6382 1.8739 2.0881 0.9566 2.8902 2.7953 2.3478 0.9879 2.0286 2.1415 2.6641 2.0286 0.6866 2.1720 2.3795 2.5490 2.1824 2.6818 2.5885 1.9896 2.4327 2.6907 2.2643 1.9360 2.2643 2.3111 2.5260 2.1668 2.6818 2.3667 2.2035 2.7559 2.0286 2.2035 2.6818 1.8853 2.0881 2.4191 1.2540 2.7754 2.5725 2.7181 0.7327 2.0375 2.0242 2.5885 2.1071 2.5110 0.6132 2.5185 2.1168 2.9711 2.4124 1.9686 1.8444 3.0592 2.4258 2.2197 2.9126 2.7274 1.8628 3.0995 1.6815 2.0198 2.3416 0.9864 2.3171 2.4746 1.8372 1.9811 2.4534 1.8229 2.8054 2.5110 3.0332 2.7463 2.4258 1.8739 2.3991 2.2473 0.9937 2.3925 2.7368 2.0694 2.3540 2.7089 2.2932 2.0024 0.7294 1.8665 2.2362 3.1414 3.2154 2.5185 1.9440 2.5885 1.8123 2.0420 2.4395 2.0154 2.4464 2.3731 2.6298 2.2197 2.2529 0.0000 2.2757 2.6907 1.6969 2.1266 1.9083 2.6130 2.2991 2.5885 1.8158 2.5885 2.5725 2.8469 2.9014 0.6517 2.4395 1.8088 2.8469 2.8683
HPHV_Bamboo_rat_hepacivirus_OM480528_E2_358-622_AlphaFold 2.3416 2.2932 2.6214 2.2089 2.2417 2.5805 2.4191 1.3054 2.7181 0.7003 2.1071 2.4963 0.0969 2.3111 1.4625 2.7953 2.5885 2.1876 2.5805 2.5805 2.7559 2.3667 2.6468 1.3177 2.3354 2.7953 2.6468 2.5413 0.8497 0.7561 2.2932 1.3365 2.7754 2.4057 2.3416 2.4327 1.9562 2.6382 1.5325 2.4464 2.3051 1.4155 2.7274 1.3323 2.1415 1.9161 2.5805 1.4458 1.9981 2.4395 1.2656 0.6803 2.5567 2.1071 2.3795 2.2932 1.0951 2.2417 0.7504 1.2793 1.0054 2.1465 2.6214 1.1729 1.2540 2.9711 1.0158 2.6818 2.1876 2.8792 2.4963 2.1720 2.5646 2.6907 2.1023 1.8665 2.5966 2.4191 2.0331 0.0739 1.1399 2.2306 2.3603 1.3014 1.0445 1.8480 2.3354 2.5805 1.0232 1.0663 2.8575 2.4818 2.3111 2.6130 2.9955 2.0602 2.4464 1.9769 2.5036 1.5377 2.1876 1.7446 1.2349 2.4327 1.3884 1.3239 2.7754 2.2473 1.2016 2.2362 2.8363 2.4818 2.0556 2.3111 2.1772 1.9360 1.7812 2.0242 2.4395 1.9240 1.7744 2.3991 2.4604 0.7305 0.7067 2.2473 2.6130 1.8739 2.0648 2.4191 2.6214 2.0787 1.6369 2.5336 2.4464 2.4534 2.4818 2.3731 2.3860 0.7338 2.4327 2.9356 2.3667 2.0465 2.0111 2.3731 2.0242 2.3416 1.0886 2.3731 1.2349 1.2973 2.8575 2.1929 2.1516 1.5535 2.8792 2.7656 0.6929 2.8792 2.2932 2.3731 2.4258 0.7549 2.3991 2.4818 2.3231 2.6048 0.0535 2.0111 2.2757 0.0000 2.3795 2.2306 2.5336 2.4675 2.1720 1.0934 2.3603 2.7181 1.9896 1.4201 0.7527 1.2218 2.6298 0.7917 2.3354 2.3991 2.4395
PLPV_Border_disease_virus_X818_E2_691-1063_AlphaFold 2.6214 2.5413 2.8575 1.8264 2.6907 2.6382 2.7853 2.7656 2.9955 2.7181 2.8469 2.6729 2.4327 2.8363 2.8792 1.2501 0.3922 2.4746 2.6554 2.8683 1.7000 3.2309 2.5725 2.5646 2.6130 2.9711 1.9122 2.5646 2.5260 2.5336 3.2951 2.8575 1.2052 1.7252 2.4534 0.2763 2.6214 0.5716 2.6554 2.7089 2.6214 2.9711 0.7905 2.8363 3.0461 2.9591 1.7157 2.3603 2.7559 1.3492 2.5490 2.7953 1.1399 2.4464 2.7368 1.0083 2.6298 0.9075 2.5260 2.7754 3.0461 3.2309 2.6998 2.5490 2.5805 0.5247 2.5567 2.8683 2.4963 1.3664 2.3795 2.4604 2.5110 2.5490 2.8792 2.9014 2.7754 2.7089 2.7089 2.4890 2.3991 3.2002 2.0602 2.6641 2.0787 2.5260 2.5805 3.0995 2.1566 2.4890 2.5185 0.6249 2.4746 2.5490 1.2520 3.2002 0.3892 2.6554 2.7274 2.7559 2.6130 2.3111 2.5885 3.0079 2.3667 2.5336 0.8983 2.4258 2.0420 2.4191 1.1871 2.0928 2.6818 2.8363 2.7754 2.1365 2.4327 2.7559 2.4258 3.2309 1.5723 2.8792 3.0461 2.7368 2.8156 2.3860 0.4288 2.5885 2.8792 2.3860 2.5805 2.7089 2.9241 2.8054 2.5725 2.5185 2.4191 0.4851 0.4801 2.5805 2.8469 1.4247 2.6298 2.7274 2.7368 3.6651 2.5260 2.6382 2.4327 2.8575 2.5966 2.7853 2.9711 2.5966 2.4746 2.5336 1.8408 1.4625 2.3667 2.7853 0.6426 2.5885 2.4818 2.8902 2.7368 2.9126 2.4327 1.1264 2.4675 2.1876 2.6907 2.3795 0.0000 2.8156 2.2874 2.5110 2.8792 2.7656 0.9807 2.7853 2.8054 2.6048 2.7181 2.8259 2.7089 2.5490 2.4818 0.6497 2.4675
HPPV_Goose_pegivirus_1_E2_339-580_AlphaFold 2.5336 2.4534 2.8792 4.1308 1.8123 2.4258 2.5567 2.1876 1.8967 2.5646 2.1824 2.1720 2.4395 1.8123 2.0024 2.2035 2.1720 2.9955 1.8372 1.4770 2.5336 2.4604 1.7511 2.2417 1.7316 2.5185 1.8336 2.2362 1.9645 2.1465 1.9360 2.2757 2.3231 2.7181 1.9896 2.2874 2.0787 2.4534 2.3111 2.0242 1.8702 2.3667 2.0787 2.1465 2.7853 2.2089 2.2586 2.1824 2.3111 2.4464 2.2417 2.5185 2.2700 1.5325 1.6815 2.4818 2.0024 2.2874 2.1217 2.2932 2.0420 2.4395 1.7157 2.2417 2.1217 2.3731 2.0375 1.5832 2.0198 2.3540 2.4327 1.8665 2.0510 1.5778 1.6253 2.4818 1.6907 2.0111 2.1071 2.2757 2.6998 1.7778 2.2417 2.2700 2.0420 2.1120 2.0740 2.3540 2.0420 2.1876 1.8929 2.7754 1.5887 2.3540 2.0510 1.8444 2.0154 1.6311 2.5646 2.2757 1.5509 2.1465 2.1720 1.8739 2.0834 2.2252 2.7559 1.8777 1.9686 2.0198 2.3416 1.7711 2.4818 1.8123 2.3231 2.5725 1.9981 2.2197 1.6574 2.1120 1.7577 2.3925 2.0111 2.3051 2.4818 1.4064 2.2252 1.7544 2.0928 1.8444 1.8628 2.0976 2.7754 1.5970 1.5998 2.6907 1.4064 2.1876 2.1465 2.4327 2.2089 2.6048 1.4722 2.3731 2.5805 2.1217 1.7949 2.3416 2.2362 2.2874 2.3667 2.0648 1.6604 1.8591 1.5778 2.2815 2.4258 2.8363 2.4124 1.5832 2.4534 2.2473 1.6515 2.3603 1.8193 2.5336 2.2815 2.5646 2.4057 1.9562 1.6969 2.2306 2.8156 0.0000 2.1316 1.4993 2.3925 2.1516 2.6214 1.7284 2.7274 2.1516 2.2586 2.2089 1.8193 2.4604 1.4340 2.2874 2.7656
HPHV_Guangxi_houndshark_hepacivirus_E2_538-759_AlphaFold 2.2586 2.5413 2.3731 1.7349 2.1982 2.4191 2.6298 2.2362 2.2417 2.2143 1.3198 2.0465 2.7656 2.2417 2.6468 2.5805 2.9832 1.9939 2.3354 2.2874 2.4057 2.6214 2.3111 2.4124 2.3603 2.4818 1.6486 2.1266 2.7368 2.4534 2.2197 2.5805 3.2002 2.9241 2.2700 2.6048 2.4890 2.5336 2.1120 2.6554 2.4890 3.0205 2.6729 1.9896 1.9562 1.7349 2.4464 2.9014 2.5725 2.9014 2.3111 2.2757 2.6641 2.3478 2.6554 2.5490 2.5413 2.7853 2.1566 2.6298 2.4963 2.3925 1.9939 2.1772 2.5110 2.1365 2.8259 1.9083 2.3111 2.6554 2.6130 2.3478 2.3603 2.3416 2.2252 2.2815 2.3354 2.3292 1.9896 2.5725 2.0375 2.5885 1.5299 2.5185 2.3171 1.6311 1.6054 2.2874 2.3478 2.1168 1.6846 2.3795 2.3111 2.4124 3.1273 2.2586 2.6382 2.3171 2.1772 1.9360 2.2362 2.1772 2.3171 2.2874 2.2815 2.2643 2.6729 2.0420 2.3731 2.1071 2.8363 2.0420 2.5725 2.2417 2.4327 1.8018 2.2700 2.7754 2.3292 2.1929 3.5555 2.8792 0.9850 2.9126 2.3731 2.1415 2.3667 1.4201 2.2991 2.0881 1.8300 2.1023 2.6998 2.3111 2.2757 2.2362 2.1415 2.6818 2.2252 3.8639 2.5966 2.6998 2.4890 2.1168 2.4604 2.4534 1.9769 2.4057 2.4534 2.6468 2.4191 2.5336 2.3051 2.0154 2.3731 2.6130 2.2089 3.0332 2.1023 2.2473 2.3667 1.9939 2.7953 2.4124 2.5725 2.3354 2.3795 2.7181 2.1217 2.0465 2.1266 2.5336 2.2874 2.1316 0.0000 2.1720 2.4191 2.2932 2.3667 2.2197 2.5260 2.5490 3.8639 2.4327 2.2473 2.1617 2.1772 2.4057 2.1824
HPPV_Ticpantry_virus_3_E2_289-654_AlphaFold 2.5490 2.3860 2.2035 2.6382 2.0154 2.4191 2.4258 2.5185 2.0286 2.7853 2.6298 2.3795 2.2991 1.9122 2.6468 2.6729 3.1273 2.3731 1.9686 1.2774 3.0332 2.2643 1.9006 2.5110 1.7577 2.5725 1.9854 1.9562 2.7368 2.1617 1.9645 2.4746 2.9591 3.1273 1.9400 2.6298 2.3231 2.6554 2.6298 1.4293 2.3860 2.9241 2.9711 2.6382 2.4191 2.6818 3.7119 2.5260 2.1982 2.8054 2.7853 2.8469 3.0079 0.2342 1.8480 2.4191 2.4604 2.2417 2.2089 2.6907 2.7754 2.7656 1.9728 2.2252 2.6729 2.4464 2.2529 1.3428 2.0740 2.8683 2.8363 1.4086 2.1266 0.4718 1.2578 2.9126 1.2675 2.0154 2.0694 2.2815 2.9955 1.4625 2.3171 2.3231 2.2197 2.1217 1.9044 2.3051 2.3667 2.2529 2.4534 2.7754 1.7413 2.3292 2.5036 1.4505 2.5885 1.7252 2.2757 2.9014 0.4668 2.1465 2.2306 1.9521 2.4963 2.3860 3.3118 1.8229 2.2874 2.0111 2.6907 2.1929 2.6641 1.9122 2.5336 2.6554 2.3603 2.2306 1.2833 1.7446 2.2197 2.4057 2.1266 2.6298 2.9473 0.4545 2.5885 2.0556 1.5196 1.7511 1.7284 2.3354 2.4604 1.1961 0.4962 2.2362 0.4768 2.6641 2.5885 2.7754 2.5490 3.0995 0.4375 2.5413 2.5567 2.2417 2.2417 2.0787 2.1415 2.5646 2.7181 2.4327 0.7708 1.8480 0.2763 2.2035 2.9126 3.1704 2.1465 0.7617 3.2309 1.9562 1.1231 2.7853 1.4481 2.3925 2.4604 2.5036 2.5885 2.3795 1.9083 2.4675 2.5110 1.4993 2.1720 0.0000 2.4258 2.0556 2.7368 0.8648 2.2306 2.1876 3.0332 2.6907 2.3171 3.3993 0.4296 2.9126 2.7953
HPHV_Guangxi_chinese_leopard_gecko_hepacivirus_E2_984-1226_AlphaFold 2.4057 2.1415 2.5646 2.4124 2.0976 2.4258 2.1982 2.1516 2.9832 2.3354 2.5805 2.6298 2.4327 2.6468 3.2951 2.3860 2.8902 2.3354 2.4327 2.1876 2.8259 1.2598 2.3354 2.2089 2.1071 2.8902 2.2757 2.1516 2.9832 2.5110 2.5490 2.6048 2.1772 3.1273 2.6907 2.3603 2.2932 2.7853 2.1876 2.1668 2.2252 2.7274 3.0724 2.1071 2.7853 2.5885 2.2252 2.8469 2.4327 3.0079 1.9728 2.5260 2.3292 2.4675 2.0510 2.9832 2.4818 2.7181 2.6048 2.4818 2.5490 1.9360 2.3925 2.3051 2.1415 2.6818 2.4963 2.5036 2.6729 3.2309 3.0332 2.4746 2.8156 1.9320 2.0928 3.7360 2.3540 2.8575 2.4818 2.3603 2.6729 2.3292 2.5725 2.8683 2.0834 2.1365 2.0976 2.4258 2.9591 2.3292 1.7446 2.4818 2.3540 2.8575 3.0592 2.1516 2.4191 1.9481 1.4722 2.4395 2.6214 2.2362 2.3416 2.5885 2.1566 2.5490 2.9832 2.3991 2.4604 2.5646 2.6382 2.6130 2.6214 2.6468 3.0995 2.4395 2.5567 2.5646 2.6554 1.9728 1.5145 3.2309 2.0834 2.2586 2.4818 2.0242 2.5260 2.3292 2.2815 2.0024 2.3354 1.8853 2.4963 2.6554 2.5185 3.0995 2.0198 2.3354 2.6130 2.3667 2.3171 2.2473 2.3991 2.9955 1.4894 2.3925 2.2991 2.5413 2.3731 2.4464 2.3603 2.5966 2.7089 2.4057 2.6130 2.7953 2.2932 2.5336 2.8363 2.5185 2.7853 3.0332 2.3111 2.2197 2.7754 5.0809 2.2143 2.4057 2.4675 1.9201 2.6130 2.1720 2.8792 2.3925 2.4191 2.4258 0.0000 2.3292 2.6298 2.9711 2.4258 2.3540 2.4818 2.4395 2.5110 2.4604 2.2417 2.4534 2.4191
HPHV_Rodent_hepacivirus_rn-1_E2_451-719_AlphaFold 2.4464 2.2643 2.0881 1.9320 2.2700 2.5185 2.1071 0.9908 3.4177 0.9735 2.0154 2.1168 1.1434 2.2874 1.1747 2.3051 2.3478 2.3111 2.5966 2.6818 2.4534 2.4675 2.1120 0.8597 2.3667 2.4327 2.5036 2.3111 1.2578 1.1298 2.6998 1.4577 2.2932 2.4258 1.9811 2.1365 2.1720 2.1316 1.2349 1.9981 2.1023 1.1747 2.9126 1.1979 2.0331 2.0834 2.5336 1.3621 2.6048 2.1617 0.8724 1.0647 2.4464 2.3354 2.6048 2.3111 1.0069 1.9728 0.9413 0.8983 1.2107 2.1668 2.2700 0.0388 0.8648 2.1668 0.3809 2.6130 2.5725 2.5490 2.2306 1.8929 2.7274 2.2362 2.1023 1.5723 2.2643 2.4327 2.2586 1.0999 1.0902 2.1720 1.9083 0.9636 0.3704 2.1516 1.7577 2.3731 0.4209 1.1214 2.6468 2.3991 2.3603 2.1668 2.0881 2.2529 2.4395 1.9122 2.7656 1.1365 2.3860 1.7316 1.2636 2.0648 1.2052 1.1537 2.4534 2.2700 0.3756 2.1168 2.5110 2.3416 2.0787 2.2874 1.9603 2.2815 1.3177 2.4818 2.2757 2.1266 1.8891 2.0242 2.2700 1.1485 1.2520 2.0067 2.0881 2.9126 2.1023 2.1516 2.6468 1.9896 1.2675 2.5490 2.2197 1.9854 2.0067 2.7853 2.5260 1.2559 2.1316 2.5885 2.2529 2.2932 1.9896 2.7368 2.4124 2.3051 0.9594 2.1668 1.1502 1.2444 2.2700 2.3416 2.5260 1.2636 2.3111 2.4675 1.0838 2.4534 2.3925 1.9896 2.3354 1.0308 2.0740 2.1929 2.5110 2.2306 1.1197 1.9521 2.2991 1.0934 2.7656 2.1516 2.2932 2.0556 2.3292 0.0000 2.4124 2.0111 2.5490 1.0983 1.2387 0.9721 2.4963 1.2144 1.9728 2.0375 2.1266
PLPV_Wenzhou_Pipistrellus_abramus_pestivirus_1_isolate_YJB_Pabr_E2_700-1071_AlphaFold 2.6907 2.5966 2.5260 2.2197 2.8156 2.7181 3.6883 2.3231 3.0592 2.2252 2.3795 2.7368 2.3667 2.5966 2.9473 1.0758 1.0232 2.2362 2.5260 2.6641 1.5430 2.4963 3.2154 2.8363 2.7853 2.5490 2.1720 2.4327 2.0420 2.4124 2.5036 2.3231 1.0278 1.5069 3.1273 0.9331 2.8363 0.9735 2.7368 2.6130 2.9126 2.9591 1.1502 2.2252 2.2700 3.0995 1.6815 2.3731 2.1617 1.2715 2.3478 2.4963 1.0430 2.7463 2.7274 0.4911 2.2529 0.5781 2.2991 2.3051 2.4057 3.0332 2.6048 2.1929 2.3860 0.9399 2.0286 3.1852 3.0332 1.2016 1.9603 3.0859 2.6214 2.3478 3.2309 2.7853 2.6554 3.3812 2.4258 2.6818 2.8902 2.4963 2.4258 2.3667 2.3416 2.5805 2.2362 2.9356 2.1316 2.3667 2.5966 0.9835 2.8792 2.8054 1.1554 2.4746 0.9386 2.2991 3.2951 2.9591 2.8469 2.6468 2.5260 2.7181 2.0928 2.5260 0.8373 2.3603 2.1217 2.2643 1.1048 2.4746 2.4963 2.5966 2.7559 2.2035 2.7754 2.9955 2.6382 2.8156 1.7611 2.5966 2.7953 2.4963 2.6818 2.5036 0.9455 2.5885 3.0995 2.7853 3.3634 2.5725 2.4604 3.0079 2.8156 2.4327 2.6048 0.9721 0.9510 2.5805 2.7559 1.4086 2.9832 2.4395 2.5646 2.8792 3.4363 2.7853 2.0375 2.9356 2.7754 2.2306 2.8575 2.5646 2.8259 2.6818 1.7949 1.1332 2.3111 3.0592 1.0247 2.1982 2.5805 2.6729 2.6382 2.4604 2.4534 1.0414 2.4604 2.3354 2.5885 2.3603 0.9807 2.6214 2.3667 2.7368 2.6298 2.4124 0.0000 2.6048 2.3292 2.1668 2.5413 2.5646 2.9832 2.5885 2.8792 0.8597 2.4675
HPPV_Simian_pegivirus_VGA00020_E2_208-566_AlphaFold 2.5725 2.4057 2.5725 2.5260 1.5377 2.4395 2.5490 2.4057 1.7220 2.6729 2.6554 2.6298 2.4746 1.8053 2.6907 2.6468 2.5336 2.5490 1.7880 1.2598 3.2309 2.1929 1.9083 2.7853 1.8967 2.6907 2.0510 1.9083 2.8054 2.4604 1.6694 2.5567 2.7089 3.0859 1.7220 2.5185 2.4057 2.6818 2.5646 1.5589 2.4395 2.9126 2.5260 2.8054 2.4675 2.4395 2.6382 2.6048 2.3354 2.3925 2.5966 2.8469 2.8363 0.7077 1.8193 2.9711 2.6048 2.5567 2.9356 2.6382 2.4963 2.9126 1.8193 2.1023 2.7853 2.8575 1.7812 1.4270 1.9440 2.5885 2.9832 1.4340 1.9481 0.7283 1.3642 2.7368 1.2715 1.8264 2.0111 2.6214 2.5336 1.5044 2.1266 2.6729 1.8853 2.4890 2.3292 2.5490 1.9603 2.6554 2.2932 2.6382 1.9939 2.5110 3.0205 1.3281 2.4057 1.4270 2.6907 2.2932 0.7283 2.1365 2.3111 1.8300 2.2306 2.3667 2.4963 1.5887 1.7316 1.9360 2.9832 1.9562 2.4057 1.8053 2.4191 2.5490 2.3231 2.2874 1.5970 1.5299 2.7953 2.3991 2.3354 2.4963 2.5725 0.6982 2.2473 1.8264 1.5196 1.6846 1.6340 2.1168 2.4395 1.2754 0.8866 2.6641 0.6793 2.5966 2.6214 2.6907 2.6818 2.5966 0.7327 2.5885 2.8259 2.1415 2.4604 2.5805 2.6554 2.6818 2.6298 2.9014 0.3771 1.6340 0.7294 2.0928 2.6214 2.7953 2.5260 0.4877 2.6130 2.0375 1.3513 2.5110 1.2463 2.6641 2.6130 2.6554 2.4818 2.3478 1.8158 2.7181 2.7853 1.7284 2.2197 0.8648 2.9711 2.0111 2.6048 0.0000 2.3478 2.4604 2.6214 2.6214 1.6311 2.5413 0.6824 2.5966 2.6907
HPHV_Mutant_Hepacivirus_clone_T9cc_E2_385-749_AlphaFold 2.7463 2.4963 0.3461 1.9440 2.5260 2.5185 2.4258 2.2362 3.0332 2.1929 2.4191 2.3231 2.3416 2.5885 1.8853 3.1704 2.5185 2.5567 2.6298 2.4746 2.6554 2.6130 2.9955 2.0787 2.6554 0.9345 2.4057 2.7181 2.4057 2.4057 2.5413 2.7463 2.9241 2.8259 3.2787 2.5725 1.5094 2.7656 2.4258 2.6998 2.3354 2.0242 2.6130 2.6729 2.3354 2.2529 2.7089 1.9981 0.1853 3.1273 2.2089 2.2932 2.6298 2.1824 2.7559 2.8259 2.1929 2.5413 2.2991 2.0375 2.5185 2.9711 2.7368 2.1720 2.0928 2.6048 2.2417 2.7274 2.5490 2.8259 3.2787 2.3478 2.2932 2.6048 2.6048 2.7853 2.7754 2.8054 2.9241 2.2306 2.2143 2.7181 2.5185 2.1720 2.0465 1.8444 2.5185 2.2815 2.0694 1.8193 2.3051 2.7953 2.2700 0.4177 3.0461 2.5805 2.7853 2.7953 2.9014 2.7274 2.7463 1.7031 2.3860 2.7559 2.2306 2.6998 2.9955 2.5805 2.2417 2.1929 2.7089 2.3860 0.3267 2.5885 0.3175 2.4464 2.0242 0.1696 2.6130 2.2529 1.8628 1.0585 2.0976 2.2815 2.2586 2.5725 2.2874 2.5036 2.5885 2.1168 3.1133 3.1414 2.1668 2.4327 2.4746 1.0822 2.5805 2.4675 3.1852 2.5110 2.4604 2.8363 2.5490 0.4030 2.2815 2.7368 2.0602 0.3534 1.9686 2.5036 2.2529 2.1566 2.3051 2.6048 2.8902 2.1168 3.2466 2.4746 2.1365 2.6818 3.5766 2.5646 2.6298 2.3111 2.7656 1.0461 2.6641 3.1273 2.3731 2.4963 2.5885 1.9896 2.8054 2.7274 2.5260 2.2306 2.4258 2.5490 2.3292 2.3478 0.0000 2.0928 2.2306 1.8891 3.0724 2.1720 2.5336 2.2757 0.4303
HPHV_Jingmen_Rhinolophus_sinicus_hepacivirus_E2_363-616_AlphaFold 2.4534 2.2991 2.3051 1.8336 2.2252 2.1772 2.9591 0.3239 2.7853 1.2482 2.1720 2.3111 1.3817 2.6998 1.1589 2.4327 2.5966 2.3292 2.3171 1.8591 2.2586 2.2417 2.7463 1.1032 2.3171 2.2757 2.4604 2.5966 1.4577 1.3054 2.7953 1.3840 2.3795 2.6907 2.3603 2.4818 1.9728 2.1465 1.6340 2.9014 2.3603 1.1554 2.5110 1.4770 2.2362 1.9811 2.3111 1.2913 2.2700 2.5490 1.1365 1.4601 2.5036 2.5567 2.4464 2.3860 1.2181 2.3478 1.4340 1.1164 1.5044 2.3731 2.3354 1.0774 1.1231 2.6214 1.3219 2.5805 2.8156 2.7559 2.8683 2.1465 2.3795 2.4395 2.5185 1.9811 2.4890 2.3354 2.0420 1.3817 1.3708 3.0724 2.1824 1.2387 1.1800 2.3231 2.2700 3.1704 1.2993 1.2016 2.3603 2.5966 2.6382 2.0286 2.3667 2.3991 2.3478 1.9400 2.6468 1.1032 2.6298 1.8777 0.4162 2.4675 1.3177 1.3281 2.8259 2.2252 1.3116 2.1516 2.3795 2.3171 2.2252 2.6998 2.2035 2.3051 1.4673 2.0834 2.4464 2.2473 1.5299 2.2643 2.3925 1.4649 1.4894 2.4604 2.4746 2.5966 2.0787 2.1668 2.3416 1.8264 1.5723 2.3925 2.0286 2.6382 2.5110 2.4124 2.5036 1.4293 2.2197 2.6998 2.4675 2.5567 2.8683 2.3231 1.7544 2.2197 1.2444 2.5567 1.4770 1.2873 2.5336 2.3860 2.5185 1.5299 2.2252 2.6468 1.4746 2.5885 2.7274 2.6818 2.3991 1.4869 2.3925 2.5110 2.6554 2.4258 1.4722 2.2529 2.5725 1.4201 2.6048 2.1516 2.5490 2.1876 2.3540 1.0983 2.1668 2.4604 2.0928 0.0000 1.4481 1.3773 3.3634 1.4673 2.5036 2.4890 2.2252
HPHV_Hepacivirus_F_isolate_MgHV3_E2_334-613_AlphaFold 2.2586 2.3540 2.4464 2.1120 2.1876 2.3111 2.7368 1.3365 2.3354 0.5716 2.1516 1.9360 0.7382 2.2586 1.7062 2.6214 3.0332 2.5725 2.8156 2.1365 3.4944 2.6048 2.6554 1.3751 2.2473 2.4746 2.2473 2.1617 0.8724 0.6950 2.6907 1.8229 2.3667 2.6468 2.3860 2.7853 2.3795 2.6554 1.4601 2.1720 2.5885 1.4458 2.7463 1.2330 2.1982 2.4395 2.9241 1.5535 2.3925 2.3991 1.4224 0.0367 2.3231 2.5567 2.5725 2.5725 1.1181 2.3540 0.7697 1.3795 0.7371 2.5725 2.1824 1.2070 1.3840 3.0461 1.2107 2.5036 2.5567 2.5567 2.8469 2.1772 2.7853 2.3667 2.7368 2.0286 2.2874 2.3354 2.1168 0.7163 1.2125 2.1465 2.1929 1.2425 1.0902 1.8929 1.8408 2.5725 1.0983 1.1537 2.1415 2.5336 2.6729 2.4191 2.5260 2.0067 2.4191 2.2089 2.4327 1.7744 2.7656 2.0465 1.4201 2.3231 1.6224 1.6167 3.8112 2.3925 1.1332 2.2700 3.6651 2.9241 2.0976 2.2586 2.1465 2.3731 1.5696 2.0976 2.0740 2.0465 2.0648 2.0420 2.4124 0.0409 0.0409 2.6048 2.8469 2.0881 2.3231 2.8156 2.3540 2.1316 2.0067 2.6729 2.4818 2.4395 2.4191 2.3731 2.2197 0.0151 2.7089 2.7853 2.6298 2.6641 3.0461 3.4944 2.3991 2.1566 1.1747 2.3603 1.3014 1.3795 2.7853 2.3991 3.0332 1.7220 2.6468 2.5413 0.5615 2.7463 2.3731 2.7089 2.4963 0.4851 2.3991 2.3416 2.2815 2.4191 0.7013 2.2143 2.8469 0.7527 2.7181 2.2586 3.8639 3.0332 2.4818 1.2387 2.5413 2.6214 2.2306 1.4481 0.0000 1.3260 2.2586 0.7743 2.5036 2.4890 2.3171
HPHV_Ringtail_hepacivirus_E2_356-639_AlphaFold 2.4890 2.2252 2.0694 2.0510 2.4963 2.8054 2.8054 1.2973 2.5567 1.3198 2.1982 2.6729 1.1835 2.2932 1.4201 2.7089 2.4746 3.0205 2.6907 2.4818 2.6641 3.2466 2.4818 1.1485 2.0648 2.1929 2.6468 2.0556 1.3840 1.3386 2.7463 1.4041 2.2586 2.2306 2.1168 2.4327 2.1217 2.8469 1.5120 2.2757 2.6130 1.3929 2.6998 1.1315 2.1566 2.2874 2.1566 1.4458 1.9603 2.1982 1.1537 1.2501 2.3354 2.4818 2.7559 2.3731 1.1048 2.1566 1.2463 1.1925 1.3599 2.8054 2.4534 0.9524 1.1315 2.6130 0.9468 2.8575 2.2417 2.5413 2.1982 2.7953 2.3171 2.8902 3.0724 1.9161 2.6048 2.1071 2.2529 1.1835 0.9821 2.3478 2.1266 1.3157 1.0128 2.0740 1.7349 2.6468 1.0414 0.9807 2.4746 2.6130 2.7559 2.2197 2.6214 2.2417 2.5413 2.1071 2.2757 1.3708 2.4890 1.9603 1.4086 2.9591 1.3386 1.3642 2.3478 2.4890 0.9386 2.6641 2.4395 2.7853 2.0787 2.2932 2.1316 2.1617 1.5832 2.0242 2.5185 2.1023 1.5970 2.3991 2.1876 1.2237 1.3535 2.4464 2.3354 2.1316 1.9811 2.1316 2.7853 2.2874 1.6369 2.2417 3.2002 1.9896 2.4395 2.3292 2.5646 1.2199 2.5036 2.4746 2.5966 2.0067 2.2035 2.6382 1.8480 2.0375 0.9764 2.6554 1.1641 1.2016 2.3860 2.4890 2.4464 1.4869 2.3416 2.5413 1.2501 2.8054 2.4464 1.9769 2.8469 1.3344 2.3925 2.0834 2.6907 2.5885 1.2425 2.4534 2.9014 1.2218 2.8259 2.2089 2.4327 2.6907 2.4395 0.9721 2.5646 2.6214 1.8891 1.3773 1.3260 0.0000 2.4818 1.3708 2.7559 2.2643 2.0740
HPPV_Rodent_pegivirus_RPgV-IND079_E2_428-773_AlphaFold 2.5036 2.5036 2.8469 2.4963 1.0293 2.4534 2.7656 2.3171 0.0980 2.2306 2.2815 2.5110 2.3171 0.5212 2.5260 2.6468 2.9126 2.5885 1.1624 2.1668 2.4818 2.5725 0.6288 2.4746 2.1668 2.5646 2.4395 2.3171 2.4890 2.5567 0.5212 2.7463 2.4464 3.0205 0.6669 3.1273 2.4604 2.6468 2.9473 2.0834 2.3292 2.4258 2.8575 2.4890 2.6048 2.7853 2.7368 2.3860 2.9955 2.7089 2.4327 2.1516 2.8683 2.0740 2.3111 2.7181 2.9832 2.5885 2.2815 2.3925 3.0859 2.5413 0.6527 2.7274 2.4604 3.1704 2.4604 2.0976 0.9413 3.1852 2.6382 2.4890 0.9922 2.2757 2.2306 2.5336 1.8517 0.6659 2.1168 2.4534 2.7953 2.3111 2.5336 2.2757 2.9473 2.5885 2.1415 2.6468 2.2700 2.6907 2.1982 2.9356 2.0286 2.9241 2.5036 2.1824 2.9955 1.8815 2.8054 2.6382 2.0331 2.2197 2.4395 1.2162 2.2643 2.4191 2.8363 0.8106 2.4258 1.6815 2.9955 2.2874 2.6818 0.5212 2.3354 2.5260 2.6729 2.8575 2.1217 1.7949 2.1120 2.2306 2.3231 2.3478 2.1720 1.9400 2.5185 1.6846 2.1023 2.0976 0.9735 2.0198 2.4395 1.7677 2.1566 2.2874 2.0154 2.6998 2.7181 2.2586 2.5260 2.7181 2.1876 2.5725 2.7089 1.0445 2.4746 3.0205 2.4124 2.5646 2.6214 2.3667 1.9481 0.8324 2.1566 2.3171 2.9591 3.8911 2.5567 2.4818 2.7754 2.7368 2.2197 2.5885 2.7656 2.1668 2.8683 2.5567 2.6298 2.2932 0.6517 2.6298 2.7089 1.8193 2.2473 2.3171 2.5110 2.4963 2.9832 1.6311 3.0724 3.3634 2.2586 2.4818 0.0000 2.5185 2.0067 2.5966 2.9126
HPHV_Rodent_hepacivirus_TZ25757TZA2011_E2_368-646_AlphaFold 2.8575 2.7089 2.5036 1.8702 2.5260 2.6641 2.5413 1.4178 2.3051 0.6720 2.2991 2.0694 0.8497 2.1617 1.3795 2.2586 2.7181 2.3231 2.7656 2.4464 2.8259 2.9832 2.7181 1.2695 2.1316 2.2815 1.7157 2.3603 1.0158 0.5846 2.2815 1.3996 2.5646 2.9955 2.3603 2.5805 1.8193 2.5567 1.9320 2.5036 2.3860 1.2973 2.8054 1.4178 2.1668 2.4675 2.4675 1.5069 2.3171 2.3991 1.3729 0.6982 2.8156 3.0079 2.4963 2.4534 1.1065 2.0331 0.7893 1.3198 0.9538 2.5036 2.2473 1.1659 1.3302 2.5567 1.2715 3.0332 2.5567 2.5185 2.4746 1.8123 2.3478 2.4818 2.6298 2.1071 2.4890 2.4191 2.4464 0.7708 1.1298 2.2643 2.4746 1.7316 1.1519 1.8815 1.9161 2.5413 1.0886 1.1382 2.1365 2.5260 2.8054 2.0420 2.4746 1.9811 2.6907 2.3354 5.2581 1.3862 2.6641 1.8517 1.3795 2.5567 1.3492 1.4746 2.7853 2.3925 1.1889 2.5110 2.5036 2.5110 2.1316 2.1617 2.5185 2.0740 1.6515 2.4963 2.2306 2.2473 1.7511 2.1668 2.5110 0.7482 0.7035 2.4963 2.6729 2.6382 2.3731 2.0834 2.4191 1.9083 1.7983 2.3478 2.2362 1.9728 2.4963 2.7274 2.7656 0.7527 2.3540 2.3416 2.5260 2.1120 2.3231 2.3731 2.2874 2.2643 1.0663 2.6214 1.3599 1.2754 2.5885 2.4395 2.3860 1.6907 2.4057 2.6554 0.7674 2.9711 2.3991 2.1876 2.3603 0.8154 2.1465 1.9360 2.5036 2.4818 0.7583 1.9400 2.4395 0.7917 2.5490 2.4604 2.1617 3.3993 2.4604 1.2144 2.5885 2.5413 2.1720 1.4673 0.7743 1.3708 2.5185 0.0000 2.3795 2.5413 2.5966
HPPV_Pegivirus_A_89859249_E2_254-617_AlphaFold 2.2252 2.4818 2.5490 2.0881 1.9728 2.5336 2.3051 2.0976 1.9728 2.3231 2.3925 2.2252 2.5567 1.8702 2.3925 2.9473 2.6048 2.6298 1.7812 1.2873 2.6818 2.1876 1.9122 2.7754 1.7062 2.6214 1.9686 2.0465 2.2874 2.3231 1.9280 2.0331 2.8259 2.7368 1.8702 2.0881 2.3667 2.3540 2.5336 1.3929 2.6641 2.5336 2.3795 2.1465 2.5036 2.3171 2.9126 2.8156 2.5966 2.9014 2.6048 2.3171 2.7274 0.3999 1.8967 2.5336 3.0859 2.7089 2.5805 2.6998 2.5260 2.6907 1.8628 2.0740 2.6214 3.0332 2.1566 1.4317 2.1217 2.5966 2.9711 1.3686 2.2089 0.1148 1.3556 2.8469 1.2853 2.0067 1.8665 2.5036 2.6818 1.3578 2.1720 2.1929 1.9769 2.2252 2.2991 2.3860 2.2473 2.3925 2.2362 3.7119 1.7381 2.6382 2.5966 1.3817 2.4963 1.6167 2.2586 2.5885 0.0870 2.6048 2.7089 2.0375 2.2757 1.9769 2.8363 1.8300 2.1668 2.0111 2.8363 2.2143 2.6214 1.8702 2.6048 1.9686 2.6382 2.9356 1.3795 1.6111 2.3416 2.7181 2.0648 2.4124 2.4675 0.0223 2.3231 2.2757 1.3929 1.8336 1.7000 2.1929 2.4963 1.2444 0.1262 2.9014 0.0223 2.7559 3.1273 2.4258 2.5725 2.6048 0.0782 2.4327 2.1168 2.0242 2.5336 2.5036 2.3603 2.5646 2.3603 2.6048 0.6507 1.8702 0.4327 2.2991 3.2154 2.6298 2.4191 0.7449 2.5646 2.3354 1.2520 2.5805 1.2444 2.5966 2.5260 2.7368 2.3111 2.7368 1.8088 2.3354 2.4818 1.4340 2.1772 0.4296 2.2417 1.9728 2.8792 0.6824 2.5336 2.5036 2.5036 2.7559 2.0067 2.3795 0.0000 2.4746 2.5336
PLPV_Bovine_viral_diarrhea_virus_3_Th04_KhonKaen_E2_692-1060_AlphaFold 2.5413 2.3603 2.6130 1.8300 2.3925 2.9955 2.3860 2.3795 2.7181 2.3667 2.3171 2.4464 2.3991 2.5567 2.5966 1.2774 0.6122 2.4534 2.3292 2.5490 1.7157 2.7656 2.5490 2.5185 2.7754 2.8259 2.2932 2.0556 2.4464 2.6554 2.5185 2.6130 1.1624 1.5273 2.3354 0.5497 2.6130 0.5753 2.7463 2.5413 2.8156 3.1273 0.8547 2.5185 2.8259 3.1558 1.7220 2.1668 2.6130 1.1800 2.4746 2.4258 1.0934 2.5336 2.6298 0.9290 2.1824 0.9455 2.3231 2.4746 2.7953 2.8054 2.3731 2.0694 2.4327 0.5195 1.9854 2.5567 2.9356 1.3365 2.3231 2.6641 2.5185 3.1558 2.8683 2.9711 2.4963 2.2529 2.7181 2.3667 2.6729 3.0079 2.4395 2.6130 2.0881 2.2874 2.6130 2.8792 2.0602 1.9811 2.6998 0.5688 2.2529 2.3416 1.1298 2.2643 0.5203 2.4258 2.7953 2.5260 2.7559 2.1720 2.0787 2.7274 2.5260 2.4327 0.9692 2.4675 1.9728 2.2089 1.1907 2.2874 2.2932 2.5567 2.5966 2.2252 2.7853 2.2932 2.4464 2.5185 1.5589 2.7559 2.5966 2.4258 2.5110 2.2529 0.4868 2.5336 2.9014 2.4464 2.5885 2.2197 2.7656 2.4124 2.5036 2.8259 2.2306 0.5707 0.5515 2.4963 2.6641 1.4795 2.6048 2.5805 2.2586 2.7181 2.3925 2.4327 2.3925 2.6214 2.5490 2.7656 2.7953 2.6998 2.3667 2.5885 1.8336 1.3054 2.5966 2.5490 0.6074 2.1071 2.3860 2.1929 2.5413 2.8469 2.4818 1.1164 2.1465 2.7559 2.8469 2.3991 0.6497 2.2874 2.4057 2.9126 2.4534 2.0375 0.8597 2.5966 2.2757 2.4890 2.4890 2.2643 2.5966 2.5413 2.4746 0.0000 2.6468
HPHV_Hepatitis_C_virus_genotype_3_E2_384-752_AlphaFold 2.1876 2.4534 0.3512 2.3540 2.3731 2.6130 2.6382 2.4746 2.9955 2.1266 2.2529 2.1316 2.5805 2.2991 1.9122 2.6998 2.9832 2.8156 2.5567 2.4191 2.7953 2.1023 2.4327 2.3478 2.9014 1.1131 2.5567 2.8683 2.7181 2.5185 2.2757 2.9014 3.0461 2.3478 2.6907 2.5885 1.5943 2.6998 2.4963 2.2473 2.1617 2.3991 2.1516 2.5185 2.4057 1.8517 2.7953 1.7611 0.4146 2.6641 2.2700 2.2815 2.6907 2.5966 2.2586 2.8683 2.5413 2.6298 2.7559 2.1720 2.4818 2.4327 2.3603 1.9440 2.1071 2.8259 2.2143 2.2991 2.2197 2.3231 3.0461 2.3731 2.6382 2.5413 2.2143 2.0111 2.2362 2.6729 2.4124 2.3603 2.1365 2.5490 2.3540 2.3292 2.3292 1.8967 2.0331 2.4124 2.1617 2.1168 2.5185 2.8363 2.5036 0.4060 2.8683 2.1824 2.5966 2.4604 2.7463 2.4534 2.6641 1.6815 2.6641 2.6907 1.9686 3.0332 2.4327 2.6048 2.2143 2.0881 2.7463 2.1266 0.3382 2.2991 0.3541 2.4675 2.1929 0.4319 2.1824 2.1720 1.7544 1.1131 2.3925 1.9686 2.3603 2.5966 2.6382 1.9811 2.6048 2.0976 2.4604 2.9473 2.5646 2.3231 2.2700 1.1065 2.5567 2.7089 2.4675 2.1566 2.5966 2.6554 2.7754 0.3593 2.0331 2.5336 1.9481 0.3600 1.9686 2.5036 2.6468 2.2586 2.4890 2.4818 2.7754 2.1720 2.5336 2.8156 2.1982 2.6554 2.9014 2.4818 2.4890 2.2473 2.6818 1.0647 3.2466 3.0461 2.5413 2.6382 2.8683 2.4395 2.4675 2.7656 2.1824 2.7953 2.4191 2.1266 2.4675 2.6907 0.4303 2.2252 2.3171 2.0740 2.9126 2.5966 2.5336 2.6468 0.0000
